raw_affiliation,DOI
"Hospital del Mar, Barcelona, Spain",41
"Hospital Universitario 12 de Octubre, Madrid, Spain",13
"Department of Dermatology, Hospital del Mar, Barcelona, Spain",13
"Hospital Universitario Central de Asturias, Oviedo, Spain",12
"Medical Oncology Department, Hospital del Mar, Barcelona, Spain",11
"Department of Dermatology, Hospital del Mar-Parc de Salut Mar, Barcelona, Spain",11
"Hospital de la Santa Creu i Sant Pau, Barcelona, Spain",11
"Hospital Universitario Son Espases, Palma de Mallorca, Spain",10
"Barcelonaβeta Brain Research Center (BBRC), Pasqual Maragall Foundation, Barcelona, Spain",10
"Hospital Arnau de Vilanova, Valencia, Spain",10
"Universitat Pompeu Fabra, Barcelona, Spain",10
"Nephrology Department, Hospital del Mar, Barcelona, Spain",9
"Hospital del Mar Research Institute, Barcelona, Spain",9
"Hospital Universitario La Princesa, Madrid, Spain",9
"Department of Nephrology, Hospital del Mar, Barcelona, Spain",9
"Department of Preventive Medicine, University of Valencia, Valencia, Spain",8
"Servicio de Nefrología, Hospital del Mar, Barcelona, Spain",8
"Hospital Universitario Virgen Macarena, Sevilla, Spain",8
"Department of Dermatology, Hospital Universitario 12 de Octubre, Madrid, Spain",8
"Complejo Hospitalario de Navarra, Pamplona, Spain",8
"Hospital Universitario Puerta de Hierro, Madrid, Spain",8
"Hospital Universitario La Fe, Valencia, Spain",8
"Hospital Universitario de la Princesa, Madrid, Spain",7
"Pathology Department, Hospital del Mar, Barcelona, Spain",7
Hospital del Mar,7
"Department of Hematology, Hospital del Mar, Barcelona, Spain",7
"Hospital Universitario de Burgos, Burgos, Spain",6
"Centro de Investigación Biomédica en Red de Enfermedades Cardiovasculares (CIBERCV), Spain",6
"Hospital Universitario Infanta Leonor, Madrid, Spain",6
"Hospital Universitario de Guadalajara, Guadalajara, Spain",6
"Hospital General Universitario Gregorio Marañón, Madrid, Spain",6
"Hospital Ruber Internacional, Madrid, Spain",6
"Department of Surgery, Hospital del Mar, Barcelona, Spain",6
"Department of Dermatology, Hospital de la Santa Creu i Sant Pau, Barcelona, Spain",6
"Hospital General Universitario de Elche, Elche, Spain",5
"Servicio de Dermatología, Hospital del Mar, Barcelona, España",5
"Complejo Asistencial Universitario de Burgos, Burgos, Spain",5
"Hospital del Mar, 08003 Barcelona, Spain",5
"Hospital de Sant Pau, Barcelona, Spain",5
"Hospital Da Costa, Burela, Lugo, Spain",5
"Hospital Universitario Clínico San Carlos, Madrid, Spain",5
"Hospital Clinic de Barcelona, Barcelona, Spain",5
"Hospital Universitario de Salamanca, Salamanca, Spain",5
"Hospital Universitario La Paz, Madrid, Spain",5
"Hospital Universitario Lucus Augusti, Lugo, Spain",5
"Medical Oncology Department, Hospital Universitario Central de Asturias, ISPA, Oviedo, Spain",5
"Hospital Universitario Marqués de Valdecilla, Santander, Spain",5
"Department of Dermatology, Hospital General Universitario de Valencia, Valencia, Spain",5
"Spine Center, Hospital Del Mar, Barcelona, Spain",5
"Department of Nephrology, Hospital Universitario 12 de Octubre, Madrid, Spain",5
"Hospital del Mar, Barcelona, España",5
"Complejo Hospitalario Universitario de Orense (CHUO), Orense, Spain",5
"Hospital del Mar, Barcelona, Spain.",5
"Complejo Hospitalario Universitario de Pontevedra (CHOP), Pontevedra, Spain",5
"Instituto Hospital del Mar de Investigaciones Médicas (IMIM), Barcelona, Spain",5
"Complejo Hospitalario de Toledo, Toledo, Spain",5
"Hospital Clínico San Carlos, Madrid, Spain",5
"Nephrology Department, Hospital del Mar, 08003 Barcelona, Spain",4
"Department of Gastroenterology, Hospital del Mar, Barcelona, Spain",4
"Hospital Universitario de Cruces, Barakaldo, Spain",4
Department of Dermatology Complejo Asistencial Universitario de León  León Spain,4
"Hospital Universitario de Cruces, Bilbao, Spain",4
"Medical Oncology Department, Hospital Universitario Marqués de Valdecilla, IDIVAL, Santander, Spain",4
"Department of Hematology, Hospital del Mar, 08003 Barcelona, Spain",4
Rheumatology,4
"Pharmacy Department, Hospital del Mar, Barcelona, Spain",4
"Hospital Clínic de Barcelona, Barcelona, Spain",4
"Department of Radiology, Hospital del Mar, Barcelona, Spain",4
"Medical Oncology Department, Hospital Universitario El Mar, Barcelona, Spain",4
"Hospital General de Segovia, Segovia, Spain",4
"Hospital Rey Juan Carlos, Madrid, Spain",4
Hospital de Cabueñes  Gijón Spain,4
"Dermatology Department, Complejo Hospitalario Universitario de Toledo, Toledo, Spain",4
"Hospital Universitario de Basurto, Bilbao, Spain",4
"Department of Dermatology, Hospital Universitario de Guadalajara, Guadalajara, Spain",4
"Hospital de Galdakao, Galdakao, Spain",4
"Department of Rheumatology, Hospital del Mar, Barcelona, Spain",4
"Dermatology Department, Hospital Universitario de Guadalajara, Guadalajara, Spain",4
"Department of Dermatology, Hospital Universitario de Fuenlabrada, Fuenlabrada, Spain",4
"Hospital Universitario Virgen del Rocío, Sevilla, Spain",4
"Department of Pathology, Hospital del Mar, Barcelona, Spain",4
"Hospital Universitario Ramón y Cajal, Madrid, Spain",4
"Department of Didactics of Language, Arts and Physical Education, Universidad Complutense de Madrid, 28040 Madrid, Spain",4
"Medical Oncology Department, Hospital Universitario de Canarias, Tenerife, Spain",4
"Karolinska Institutet, Centre for Psychiatric Research and Education, Department of Clinical Neuroscience, Stockholm, Sweden",4
"Hospital Universitario Donostia, San Sebastián, Spain",4
"Consortium for Biomedical Research in Epidemiology and Public Health (CIBERESP), Madrid, Spain",4
"Department of Pulmonary Medicine, Hospital del Mar, Barcelona, Spain",4
"Institut d'Investigació Sanitària Pere Virgili (IISPV), Reus, Spain",4
"Department of Endocrinology and Nutrition, Instituto de Investigación Sanitaria Hospital Clínico San Carlos (IdISSC), Madrid, Spain",4
"Complejo Asistencial Universitario de León, León, Spain",4
"Hospital Infanta Sofía, Madrid, Spain",4
"Hospital Miguel Servet, Zaragoza, Spain",4
"Dermatology Department, Hospital Universitario 12 de Octubre, Madrid, Spain",4
"Centro de Investigación Biomédica en Red Fisiopatología de la Obesidad y la Nutrición (CIBEROBN), Institute of Health Carlos III, 28029 Madrid, Spain",4
"Hepatobiliary and Pancreatic Surgery Unit, Hospital del Mar. Universitat Pompeu Fabra, Barcelona, Spain",4
"Medical Oncology Department, Hospital General Universitario de Elche, Elche, Spain",4
"Hospital La Paz, Madrid, Spain",4
"Medical Oncology Department, Hospital General Universitario de Ciudad Real, Ciudad Real, Spain",4
"Colorectal Surgery, Vall d'Hebron University Hospital, Barcelona, Spain",4
"CIBER Diabetes y Enfermedades Metabólicas (CIBERDEM), Instituto de Salud Carlos III (ISCIII), Madrid, Spain",4
"Department of Orthopedics, Hospital del Mar, Parc de Salut Mar, Passeig Marítim 25-29, 08003, Barcelona, Spain",4
"Hospital Manises, Valencia, Spain",4
"Hospital Universitari Mutua de Terrassa, Terrassa, Barcelona, Spain",4
"University of Navarra, Mind-Brain Group, Institute for Culture and Society (ICS), Pamplona, Spain",4
"Complexo Universitario Hospitalario Pontevedra, Pontevedra, Spain",4
"University of Southampton, Centre for Innovation in Mental Health, Southampton, United Kingdom",4
"Department of Dermatology, Hospital Universitario San Cecilio, Granada, Spain",4
"Department of Medicine and Life Sciences, Universitat Pompeu Fabra, Barcelona, Spain",3
Hospital Universitario de Canarias,3
"Hospital Clínico Universitario Virgen de la Arrixaca, Murcia, Spain",3
"IMIM (Hospital Del Mar Medical Research Institute), Barcelona, Spain",3
"Hematology and Medical Oncology Department, Hospital Universitario Morales Meseguer, University of Murcia, IMIB, Murcia, Spain",3
"Complejo Hospitalario Universitario de Santiago, Santiago de Compostela, Spain",3
"Health Research Institute of the Balearic Islands (IdISBa), 07120 Palma de Mallorca, Spain",3
"Hospital Universitario Doce de Octubre, Madrid, Spain",3
"Servicio de Reumatología, Hospital del Mar, Barcelona, Spain",3
"Rheumatology Department, Hospital del Mar, Barcelona, Spain",3
"Dermatology Department, Hospital Universitario de Fuenlabrada, Madrid, Spain",3
"Hospital de Bellvitge, Barcelona, Spain",3
"Department of Obstetrics and Gynecology, Del Mar University Hospital, Barcelona, Spain",3
"Department of Dermatology, Complejo Hospitalario de Toledo, Toledo, Spain",3
"Department of Dermatology, Complejo Hospitalario de Navarra, Pamplona, Spain",3
"Hospital Universitario de Mostoles, Madrid, Spain",3
"Department of Nephrology, Hospital Universitario Puerta del Mar, Cádiz, Spain",3
"Fundación Hospital de Alcorcón, Madrid, Spain",3
"Geriatrics Department, Hospital Universitario de Getafe, Madrid, Spain",3
"Hospital Arnau de Vilanova, Lleida, Spain",3
"Health Services Research Group, Hospital del Mar Research Institute, Barcelona, Spain",3
"Department of Dermatology, Complejo Hospitalario Universitario de Toledo, Toledo, Spain",3
"Dermatology Department, Complejo Hospitalario de Navarra, Pamplona, Spain",3
"Servicio de Cardiología, Hospital Universitario La Paz, Madrid, España",3
"Rheumatology Department, Hospital Universitario Central de Asturias, Oviedo, Spain",3
"Hospital Clínico Universitario de Valladolid, Valladolid, Spain",3
"Hospital Clínico Universitario de Valencia, Valencia, Spain",3
"Medical Oncology Department, Hospital Universitario 12 de Octubre, Madrid, Spain",3
"Complejo Hospitalario Universitario de Guadalajara, Guadalajara, Spain",3
"Dermatology Department, Hospital Universitario Insular de Gran Canaria, Universidad de Las Palmas de Gran Canaria, Las Palmas de Gran Canaria, Spain",3
"Medical Oncology Department, Hospital Universitario La Paz, CIBERONC CB16/12/00398, Madrid, Spain",3
"GEICAM Spanish Breast Cancer Group, Madrid, Spain",3
"Rheumatology Department, Hospital Regional Universitario de Málaga, Málaga, Spain",3
"Servicio de Otorrinolaringología, Hospital del Mar, Barcelona, Spain",3
Hospital Clínic de Barcelona  Barcelona Spain,3
"Medical Oncology Department, Hospital General Universitario de Alicante, Alicante, Spain",3
"Department of Radiology, Hospital del Mar, 08003 Barcelona, Spain",3
"Rheumatology Department, Hospital de la Santa Creu i Sant Pau, Barcelona, Spain",3
"Department of Dermatology, Hospital del Mar, Parc de Salut Mar, Barcelona, Spain",3
"Hospital Universitario la Paz, Madrid, Spain",3
Institut d'Investigacions Biomèdiques August Pi i Sunyer (IDIBAPS)  Barcelona Spain,3
"Hospital Clinico Universitario, INCLIVA, Valencia, Spain",3
"Dermatology Department, Hospital Universitario De Araba, Vitoria, Spain",3
"Dermatology Department, Hospital General Universitario Jose Ma Morales Meseguer, Murcia, Spain",3
"Gastroenterology Department, Hospital Universitario Central de Asturias, Oviedo, Spain",3
"Hospital Clinico San Carlos, Madrid, Spain",3
"Institut d'Investigacions Biomèdiques August Pi i Sunyer (IDIBAPS), Barcelona, Spain",3
"Centro de Investigación Biomédica en Red de Salud Mental (CIBERSAM), Instituto Carlos III, Madrid, Spain",3
"Nephrology Department, Fundació Puigvert, 08025 Barcelona, Spain",3
"Department of Hematology, Vall d'Hebron Institute of Oncology (VHIO), Vall d'Hebron Hospital Universitari, Vall d'Hebron Barcelona Hospital Campus, C/ Natzaret, 115-117, 08035, Barcelona, Spain",3
"Global Research on Wellbeing (GRoW), Blanquerna Faculty of Health Sciences, Ramon Llull University, 08022 Barcelona, Spain",3
"CIBER de Enfermedades Respiratorias (CIBERES), Instituto de Salud Carlos III, Madrid, Spain",3
"Hospital Universitario Fundación Alcorcón, Madrid, Spain",3
"Servicio de Cirugía Torácica, Hospital Universitario Ramón y Cajal, Madrid, Spain",3
"Hospital Universitario Principe de Asturias, Alcalà de Henares, Madrid, Spain",3
"Hospital Universitario Miguel Servet, Zaragoza, Spain",3
"Department of Dermatology, Hospital General Universitario de Alicante, Alicante, Spain",3
"Hospital Universitario de Cruces, Barakaldo, España",3
"Centro de Investigación Biomédica en Red Fisiopatología de la Obesidad y la Nutrición (CIBEROBN), Institute of Health Carlos III, Madrid, Spain",3
"CIBER de Enfermedades Infecciosas (CIBERINFEC), Instituto de Salud Carlos III, Madrid, Spain",3
Complejo Hospitalario de Navarra,3
"GREpS, Health Education Research Group, Nursing and Physiotherapy Department, University of Lleida, 25008 Lleida, Spain",3
"Medical Oncology Department, Hospital Universitario Clínico San Carlos, Madrid, Spain",3
"Research Institute of Biomedical and Health Sciences (IUIBS), University of Las Palmas de Gran Canaria, 35016 Las Palmas, Spain",3
"Dermatology Department, Hospital General Universitario de Valencia, Valencia, Spain",3
Hospital Universitario Marqués de Valdecilla  Santander Spain,3
"ICO Girona Hospital Josep Trueta, Girona, Spain",3
"CSMIJ Ciutat Vella. Consorci Parc de Salut Mar, Barcelona, Spain",3
"Hospital Álvaro Cunqueiro, Complejo Hospitalario Universitario de Vigo (CHUVI), Vigo, Spain",3
"ImFINE Research Group, Department of Health and Human Performance, Universidad Politécnica de Madrid, 28040 Madrid, Spain",3
"Consorci Sanitari Integral, Hospital Moisés Broggi, Sant Joan Despí, Barcelona, Spain",3
"Hospital de Tortosa Verge de la Cinta (HTVC), Tortosa, Tarragona, Spain",3
"Hospital General Universitario de Albacete, Albacete, Spain",3
"Department of Nephrology, Hospital Universitario La Paz, Madrid, Spain",3
"Cardiology Department, Hospital del Mar, Barcelona, Spain",3
"Microbiology Service, Laboratori de Referència de Catalunya, Hospital del Mar, Barcelona, Spain",3
"ICO L'Hospitalet-Hospital Moises Broggi, Sant Joan Despì, Barcelona, Spain",3
"Universitat Autònoma de Barcelona, Barcelona, Spain",3
Hospital Germans Trias i Pujol,3
"Hospital del Mar Research Institute, Barcelona, Spain.",3
"Department of Experimental and Health Sciences, Faculty of Medicine, Universitat Pompeu Fabra, 08002 Barcelona, Spain",3
"Department of Preventive Medicine, University of Valencia, 46100 Valencia, Spain",3
"Department of Internal Medicine, Hospital del Mar-IMIM, Autonomous University of Barcelona and CIBERFES, Instituto Carlos III, Barcelona, Spain",3
"Gastroenterology Department, Hospital Universitario Ramón y Cajal , Madrid , Spain",3
"Department of Neurosurgery, Hospital Universitario del Mar, Barcelona, Spain",3
"Department of Gastroenterology, Hospital Universitario Central de Asturias, Oviedo, Spain",3
Hospital Universitari Mútua Terrassa  Terrassa Spain,3
"Department of Dermatology, Hospital Universitario Araba, Vitoria, Spain",3
"Hospital Ramon y Cajal, IRYCIS, Madrid, Spain",3
"Gastroenterology Department, Hospital Universitario de Salamanca , Salamanca , Spain",3
"Medical Oncology Department, Hospital del Mar, 08003 Barcelona, Spain",3
"Hematology Department, Hospital Vall d'Hebron, Barcelona, Spain",3
"Servicio de Cardiología, Hospital del Mar, Barcelona, Spain",3
"Hospital Universitari Vall d'Hebron, Barcelona, Spain",3
"Clínica Universidad de Navarra, Pamplona, Spain",3
Dermatology Department Complejo Asistencial Universitario de León  León Spain,3
"Department of Evolutionary Biology, Ecology and Environmental Sciences, Faculty of Biology, University of Barcelona, Biomedicine Institute of the University of Barcelona (IBUB), Barcelona, Spain",3
"Faculty of Sport Sciences, San Antonio Catholic University of Murcia, 30107 Murcia, Spain",3
"Hospital del Mar, Barcelona",3
"Department of Dermatology, Hospital Universitario Infanta Leonor, Madrid, Spain",3
"Hematology Department, Hospital del Mar, 08003 Barcelona, Spain",3
"Hospital General Universitario de Valencia, Valencia, Spain",3
"Hematology Department, Hospital del Mar, Barcelona, Spain",3
"Department of Neurology, Hospital del Mar, Barcelona, Spain",3
"CIBER of Epidemiology and Public Health (CIBERESP), Madrid, Spain",3
"Hospital Doce de Octubre, Madrid, Spain",3
"Hospital Universitario Araba, Vitoria, Spain",3
"Stroke Unit, Department of Neurology, Santa Creu i Sant Pau Hospital, Barcelona, Spain",3
"Department of Dermatology, Hospital Universitario de Fuenlabrada, Madrid, Spain",3
"Department of Dermatology, Hospital Universitario La Fe, Valencia, Spain",3
"Cancer Research Program, Hospital del Mar Research Institute, Barcelona, Spain",3
"Stroke Unit, Department of Neurology, Mar Hospital, Barcelona, Spain",3
"Department of Physiology, University of Valencia, 46010 Valencia, Spain",3
"Mental Health Department, Servicio Navarro de Salud, Pamplona, Spain",3
"Hospital Universitari Germans Trias i Pujol, Badalona, Spain",3
"Cancer Research Program, IMIM (Hospital del Mar Research Institute), 08003 Barcelona, Spain",3
"Parc de Salut Mar, Barcelona, España",3
"Gastroenterology Department, Hospital Clínico Universitario de Valladolid , Valladolid , Spain",3
"Servicio de Medicina Intensiva, Hospital Universitario Marqués de Valdecilla, Santander, Spain",3
Complejo Asistencial Universitario de Leon,3
"Servicio de Urgencias, Hospital del Mar, Barcelona, España",3
"Consorci Sanitari Integral, Hospital General de L´Hospitalet, L´Hospitalet de Llobregat, Barcelona, Spain",3
"Preventive Medicine Service, Centro Hospitalario Universitario Insular Materno Infantil (CHUIMI), Canarian Health Service, 35016 Las Palmas, Spain",3
"Department of Nursing and Physiotherapy, University of Lleida, Lleida, Spain",3
"Red de Salud Mental de Álava, Vitoria-Gasteiz, Spain",3
"Department of Dermatology, Hospital Universitari Germans Trias i Pujol, Badalona, Spain",3
"Universitario Lucus Augusti (HULA), Lugo, Spain",3
"Centro Médico Teknon, Barcelona, Spain",2
"Department of Radiation Oncology, Hospital Ruber Internacional, Madrid 28034, Spain.",2
"Medical Oncology Department, Hospital de la Santa Creu i Sant Pau, Barcelona, Spain",2
Fundación Hospital de Alcorcón  Madrid Spain,2
"Outcomes'10, Castellón de La Plana, Spain",2
"Hospital Universitario Vall d´Hebron, Barcelona, Spain",2
"Medical Oncology Department, Hospital Universitario Gregorio Marañón, Madrid, Spain",2
"Department of Surgery, Hospital Universitario La Paz, Madrid, Spain",2
"Centre for Biomedical Research in Epidemiology and Public Health (CIBERESP), Madrid, Spain",2
"Department of Hematology, Hospital Universitario de Burgos, Burgos, Spain",2
"Complexo Hospitalario Universitario de Vigo, Vigo, Spain",2
"Department of Hematology, Hospital General Universitario, Valencia, Spain",2
"Faculty of Medicine and Health Sciences, Medicine and Medical Specialties Department Universidad de Alcalá  Alcalá de Henares Spain",2
Dermatology Department Hospital Universitario Infanta Sofía  Madrid Spain,2
"IMIM-Hospital del Mar (Parc de Recerca Biomèdica de Barcelona C/ Doctor Aiguader, 88 08003 Barcelona - Spain)",2
"Department of Dermatology, Hospital del Mar Research Institute, Barcelona, Spain",2
"Hospital Universitario Vall d'Hebron, Barcelona, Spain",2
"IMIM-Hospital del Mar (Parc de Recerca Biomèdica de Barcelona C/ Doctor Aiguader, 88 08003 Barcelona - Espagne)",2
"Stroke Unit, Department of Neurology, Bellvitge Hospital, Barcelona, Spain",2
"Gastroenterology Department, Hospital Universitario Fundación de Alcorcón , Alcorcón , Spain",2
"Stroke Unit, Department of Neurology, Clinic Hospital, Barcelona, Spain",2
"Department of Surgery, Vall d’Hebron University Hospital , Barcelona , Spain",2
"Stroke Unit, Department of Neurology, Girona Biomedical Research Institute (IDIBGI), Doctor Josep Trueta Hospital, Girona, Spain",2
"IMIM, Barcelona, Spain",2
Dermatology Department Hospital Universitario Fundación Alcorcón  Madrid Spain,2
"Department of Surgery, Hospital Universitario La Paz, 28046 Madrid, Spain",2
"Stroke Program/Agency for Health Quality and Assessment of Catalonia, Barcelona, Spain",2
"Complejo Hospitalario de Navarra, 31008 Pamplona, Spain",2
"Medical Oncology Department, Hospital Universitario Nuestra Señora de la Candelaria, Tenerife, Spain",2
"Pathology Department, Vall d'Hebron University Hospital, Barcelona, Spain",2
Hematology Department Hospital Clínic  Barcelona Spain,2
"Parc de Salut MAR, Barcelona, Spain",2
"Department of Dermatology, Hospital Virgen de los Lirios, Alcoy, Spain",2
"Department of Surgery, Hospital Universitario Fundación Alcorcón, Madrid, Spain",2
"Hospital del Mar-CIBERONC, IMIM Research Institute, Barcelona, Spain",2
"Farmacia Hospitalaria. H. de Sagunto, Valencia, Spain",2
"Medical Oncology Department, Hospital Universitario Virgen del Rocío, Seville, Spain",2
"Gastroenterology Department, Hospital Universitario Infanta Leonor , Madrid , Spain",2
"Department of Infectious Diseases, Hospital del Mar-IMIM, Barcelona, Spain",2
"Laboratorio de Nutrición y RCV, UGC de Bioquímica clínica, Hospital Virgen Macarena, Sevilla, España",2
"Department of Dermatology, Hospital Universitario de Salamanca, Salamanca, Spain",2
"Medical Oncology Department, Hospital Universitario Virgen del Rocío, Sevilla, Spain",2
"Cardiovascular Risk and Nutrition Research Group, Hospital del Mar Institute for Medical Research, 08003 Barcelona, Spain",2
"Department of Infectious Diseases, Hospital del Mar, Parc de Salut Mar, Barcelona, Spain",2
"Hospital Universitario de Bellvitge, Barcelona, Spain",2
"Cardiovascular Risk and Nutrition Research Group (CARIN), Hospital del Mar Research Institute (IMIM), 08003 Barcelona, Spain",2
"Fundación Hospital de Alcorcón, 28922 Madrid, Spain",2
"Department of Dermatology, Hospital Universitario de La Princesa, Madrid, Spain",2
"Department of Psychiatry, University of Oviedo, Oviedo, Spain",2
"Medical Oncology Department, Hospital Universitario Vall d’Hebron, Barcelona, Spain",2
"Cardiovascular Risk and Nutrition (Regicor Study Group), Hospital del Mar Research Institute (IMIM), 08003 Barcelona, Spain",2
"Cardiovascular Risk and Nutrition (Regicor Study Group), Hospital del Mar Research Institute (IMIM), Barcelona, Spain",2
"Department of Dermatology, Hospital Universitario de la Princesa, Madrid, Spain",2
"Hospital Universitario Virgen Macarena, 41009 Sevilla, Spain",2
"Department of Dermatology, Hospital Universitario Sagrat Cor, Barcelona, Spain",2
"Servicio de Cardiología, Hospital del Mar, Barcelona, España",2
Department of Gastroenterology Hospital de Mataró  Mataró Spain,2
Department of Gastroenterology Hospital Universitario de La Princesa  Madrid Spain,2
"PAFS Research Group, Faculty of Sports Sciences, La Mancha-Toledo Campus, University of Castilla, 45071 Toledo, Spain",2
"Medical Oncology Department, Hospital Universitario Insular de Gran Canaria, Las Palmas de Gran Canaria, Spain",2
Fundació Institut Universitari per a la recerca a l'Atenció Primària de Salut Jordi Gol i Gurina (IDIAPJGol)  Barcelona Spain,2
"Department of Hematology, Hospital Universitario de Álava, Vitoria-Gasteiz, Spain",2
"Centre Fòrum Research Unit, Institute of Neuropsychiatry and Addiction (INAD), Parc de Salut Mar, Barcelona, Spain",2
"HPB Surgery Unit, Hospital del Mar, Barcelona, Spain",2
"Medical Oncology Department, Hospital Virgen del Rocío, Sevilla, Spain",2
"Cardiology Department, Hospital del Mar, 08003 Barcelona, Spain",2
"Medical Oncology Department, Hospital Universitario La Paz, Madrid, Spain",2
"Complexo Hospitalario Universitario de Santiago, Santiago Compostela, Spain",2
"Department of Dermatology, Hospital Universitario Virgen de la Arrixaca, Murcia, Spain",2
"Department of Pulmonology, Hospital del Mar, Barcelona, Spain",2
"Parc Sanitari Sant Joan de Déu, Barcelona, Spain",2
"Hospital Universitario de Canarias, Tenerife, Spain",2
"Hospital Universitario de Canarias, Santa Cruz de Tenerife, Spain.",2
"IdiSNA, Navarra Institute for Health Research, Pamplona, Spain",2
"Pathology Service, Hospital del Mar, Barcelona, Spain",2
"Hospital Universitario de Canarias, San Cristóbal de la Laguna, Santa Cruz de Tenerife, Spain",2
"Department of Psychiatry, Hospital Universitario de Navarra, Pamplona, Spain",2
Internal Medicine,2
"Centre Fòrum Research Unit, Hospital del Mar Research Institute, Barcelona, Spain",2
"Department of Endocrinology and Nutrition, Joan XXIII University Hospital, Pere Virgili Institute of Health Investigations (IISPV), Tarragona, Spain",2
"Gastroenterology Department, Hospital General San Jorge , Huesca , Spain",2
"Department of Endocrinology and Nutrition, Parc Taulí University Hospital, Institute of Investigation and Innovation Parc Tauli (I3PT), Sabadell, Spain",2
Hospital de Sant Pau  Barcelona Spain,2
"Department of Surgery, Clínica Universitaria de Navarra, Pamplona, Spain",2
"Gastroenterology Department, Hospital General Universitario de Ciudad Real , Ciudad Real , Spain",2
"Department of Surgery, Hospital Universitario de Bellvitge, Hospitalet de Llobregat, Spain",2
"Consulta de Riesgo Cardiovascular, Servicio de Medicina Interna, Complejo Asistencial Universitario de Palencia, Palencia, España",2
"Stroke Unit, Department of Neurology, Vall d’Hebron Hospital, Barcelona, Spain",2
"Gastroenterology Department, Hospital General de Granollers , Granollers , Spain",2
"Consorcio Hospital General Universitario de Valencia, Valencia, Spain",2
"Hospital de Valme, Sevilla, Spain",2
Hospital de la Santa Creu i Sant Pau,2
"Consorcio CIBER, M.P. Fisiopatología de la Obesidad y Nutrición (CIBERObn), Instituto de Salud Carlos III (ISCIII), Madrid, Spain",2
"Department of Gastroenterology, Hospital de Viladecans, Viladecans, Spain",2
"Department of Gastroenterology, Hospital Universitario de La Princesa, Madrid, Spain",2
"Hospital de la Santa Creu i Sant Pau, Barcelona, España",2
"Hospital de Tortosa Verge de La Cinta (HTVC), Tortosa, Tarragona, Spain",2
"Interventional Neuroradiology Unit, Hospital Universitario Vithas Madrid Arturo Soria, Madrid, Spain",2
"Gastroenterology Department, Complexo Hospitalario Universitario de Ourense , Ourense , Spain",2
"Gastroenterology Department, Hospital Universitario Puerta de Hierro, Madrid, Spain",2
Hospital de Basurto,2
"Hospital de Cabueñes, 33394 Gijón, Spain",2
"Hospital de Cabueñes, Gijón, Spain",2
"Critical Care Department, Hospital del Mar, Barcelona, Spain",2
"Department of Surgery, Hospital de la Santa Creu i Sant Pau, Barcelona, Spain",2
"Gastroenterology Department, Hospital Clínico Universitario Lozano Blesa, Zaragoza, Spain",2
"Research Center for High Performance Sport, San Antonio Catholic University of Murcia, 30107 Murcia, Spain",2
"Medical Department, Pfizer Oncology, Madrid, Spain",2
Department of Gastroenterology Hospital Universitario Arnau de Vilanova &amp; Hospital Universitario Santa María  Lérida Spain,2
"Complejo Hospitalario Universitario de Albacete, Albacete, Spain",2
"Hospital de La Princesa, Madrid, Spain",2
"Hospital de La Santa Creu I Sant Pau, Barcelona, Spain",2
"Hospital de La Santa Creu i San Pau, Barcelona, Spain",2
"Department of Geriatric Medicine, Parc de Salut Mar, Barcelona, Spain",2
"Pompeu Fabra University, Barcelona, Spain",2
"Hospital de Galdakao, Bilbao, Spain",2
"Hospital del Mar Research Institute, 08003 Barcelona, Spain",2
"Colorectal Surgery, Vall d’Hebron University Hospital , Barcelona, Spain",2
"Colorectal Surgery, Vall d’Hebron University Hospital, Barcelona, Spain",2
"Gastroenterology Department, Hospital Universitario de Fuenlabrada , Fuenlabrada , Spain",2
"Complejo Asistencial Universitario de Burgos, 09006 Burgos, Spain",2
"Gastroenterology Department, Hospital Universitario Río Hortega , Valladolid , Spain",2
Complejo Asistencial Universitario de León  León Spain,2
"Gastroenterology Department, Hospital Universitario de Burgos, Burgos, Spain",2
"Department of Surgery, Hospital Universitario Marqués de Valdecilla, Santander, Spain",2
"Gastroenterology Department, Hospital Universitario de Burgos , Burgos , Spain",2
"Servicio de Medicina Interna, Hospital General Universitario Reina Sofía de Murcia, Universidad de Murcia, Murcia, España",2
"Servicio de Medicina Interna, Hospital Clínico Universitario Lozano Blesa, Zaragoza, España",2
"Consorci Sanitari Integral, Hospital General de L'Hospitalet, L'Hospitalet de Llobregat, 08906 Barcelona, Spain",2
Consorci Sanitari Integral Hospital Moisés Broggi  Sant Joan Despí Barcelona Spain,2
"Gastroenterology Department, Hospital Universitario de Basurto , Bilbao , Spain",2
"Department of Surgery, Hospital Insular de Gran Canaria, Las Palmas de Gran Canaria, Spain",2
Department of Gastroenterology Fundación Jiménez Díaz  Madrid Spain,2
"Complejo Hospitalario Universitario A Coruña, A Coruña, Spain",2
"Servicio de Medicina Interna, Hospital San Pedro, Logroño, España",2
"Cognitive Decline and Movement Disorders Unit, Neurology Department, Hospital del Mar, Barcelona, Spain",2
"Department of Surgery, Hospital Universitario Virgen de las Nieves, Granada, Spain",2
"Gastroenterology Department, Hospital Álvaro Cunqueiro , Vigo , Spain",2
"Gastroenterology Department, Hospital del Mar, Barcelona, Spain",2
"Cognitive Impairment and Movement Disorders Unit, Neurology Department, Hospital del Mar, Barcelona, Spain",2
"Department of Gastroenterology, Hospital Universitario de Fuenlabrada, Fuenlabrada, Spain",2
"Cognitive NeuroLab, Universitat Oberta de Catalunya (UOC), Barcelona, Spain",2
"Department of Surgery, Hospital Alvaro Cunqueiro, Vigo, Spain",2
"Department of Surgery, Hospital Universitario Ramón y Cajal, Madrid, Spain",2
"Department of Gastroenterology, Hospital Universitario Rio Hortega, Valladolid, Spain",2
"Department of Gastroenterology, Hospital Universitario Miguel Servet, Zaragoza, Spain",2
"Department of Surgery, Hospital Clínico Universitario San Carlos, Madrid, Spain",2
"Department of Surgery, Hospital Clínico Universitario Virgen de la Victoria, Málaga, Spain",2
"Department of Gastroenterology, Hospital General de Tomelloso, Tomelloso, Spain",2
"Hospital del Mar Research Institute (IMIM), Barcelona, Spain",2
"Lipids and Vascular Risk Unit, Internal Medicine, Hospital Universitario de Bellvitge, Hospitalet de Llobregat, Barcelona, Spain",2
"Hospital del Mar Research Institute (IMIM), Pompeu Fabra University (UPF), Barcelona, Spain",2
"Colorectal Surgery Unit, Vall d'Hebron University Hospital, Barcelona, Spain",2
"Department of Surgery, Hospital Clinic, Barcelona, Spain",2
"Servicio de Farmacia, Hospital del Mar, Barcelona, España",2
"Medical Oncology Department, Hospital General Universitario Santa Lucía, Cartagena, Spain",2
Department of Hematology Hospital del Mar Barcelona Spain,2
"Department of Surgery, University Hospital del Mar , Barcelona , Spain",2
"Medical Oncology Department, Hospital Galdakao-Usansolo, Galdakao-Usansolo, Spain",2
Department of Gastroenterology Hospital Universitario Ramón y Cajal  Madrid Spain,2
"Servicio de Cirugía Torácica, Hospital Universitario Virgen del Rocío, Sevilla, Spain",2
"Pharmacy Department, Consorci Hospitalari de Vic, Vic, Spain",2
"Hospital d'Igualada, Igualada, Spain",2
"Department of HBP and Liver Transplant Surgery, Hospital Universitario de Badajoz, Badajoz, Spain",2
"Medical Oncology Department, Hospital Clínic, Barcelona, Spain",2
"Centro de Investigación Biomédica en Red de Enfermedades Infecciosas (CIBERINFEC), Instituto de Salud Carlos III, 28029 Madrid, Spain",2
"Medical Oncology Department, Hospital Clinic, IDIBAPS, Barcelona, Spain",2
"Servicio de Neumología, Instituto de Investigación Sanitaria, Hospital Universitario de la Princesa, Madrid, Spain",2
"Hospital Universitario, Guadalajara, Spain",2
"Servicio de Neumología, Hospital del Mar-IMIM, UPF, CIBERES, Barcelona, Spain",2
"Department of Dermatology, Hospital del Mar-Parc de Salut Mar (Barcelona), Spain",2
"Centro de Investigación Biomédica en Red de Enfermedades Respiratorias (CIBERES), Instituto de Salud Carlos III, Madrid, Spain",2
"Hospital del Mar/Parc de Salut Mar and Barcelona Biomedical Research Park, Barcelona, Spain",2
"Hospital Universitario de León, León, Spain.",2
"Medical Oncology Department, Hospital Santa Lucía, Cartagena, Spain",2
"Servicio de Reumatología, H. del Mar, Barcelona, Spain",2
"Servicio de Reumatología, H. Universitario Virgen del Rocío, Sevilla, Spain",2
"Servicio de Reumatología, H. Clínica Universitaria de Navarra, Madrid, Spain",2
"Servicio de Cirugía Torácica, Hospital Universitario Miguel Servet y Hospital Clínico Universitario Lozano Blesa, IIS Aragón, Zaragoza, Spain",2
"Department of Hematology, Health Research Institute IIS-FJD, Fundacion Jimenez Diaz University Hospital, Madrid, Spain",2
"Department of Surgery, Hospital Universitario Cruces, Baracaldo, Spain",2
"Department of Surgery, Hospital Universitario Basurto, Bilbao, Spain",2
"Hospital Universitario de Salamanca, IBSAL, CIBER CV, Salamanca, Spain",2
"Medical Oncology Department, Hospital San Pedro, Logroño, Spain",2
"Servicio de Radiología, Hospital del Mar, Barcelona, Spain",2
"Centro de Investigación Biomédica en Red Fisiopatología de La Obesidad y La Nutrición (CIBEROBN), Institute of Health Carlos III, Madrid, Spain",2
"Servicio de Cirugía Torácica, Hospital Universitario Quironsalud Madrid, Madrid, Spain",2
Research Unit,2
"Department of Hematology, Complejo Asistencial de Ávila, Ávila, Spain",2
"Department of Surgery, University Hospital del Mar, Barcelona, Spain",2
Hospital Universitario de la Princesa,2
"Department of Radiation Oncology, Hospital del Mar, Barcelona 08003, Spain.",2
"Servicio de Neumología, Hospital Lucus Augusti, Lugo, Spain",2
"Department of Surgery, MD Anderson Cancer Center Madrid, Spain",2
"Gasol Foundation, Sant Boi de Llobregat, 08830 Barcelona, Spain",2
Centro de Investigación Biomédica en Red de la Fisiopatología de la Obesidad y Nutrición (CIBEROBN) Instituto de Salud Carlos III (ISCIII)  Madrid Spain,2
"Servicio de Neumología, Hospital La Paz, Madrid, Spain",2
"Medical Oncology Department, Complejo Hospitalario Universitario de A Coruña, Coruña, Spain",2
"Department of Rheumatology, Hospital Universitario 12 de Octubre, Madrid, Spain",2
"Servicio de Neumología, Hospital Clínico, Barcelona, Spain",2
"Servicio de Neumología, Hospital del Mar, Barcelona, Spain",2
"Physiopathology of Obesity and Nutrition Networking Biomedical Research Centre (CIBEROBN), 28029 Madrid, Spain",2
"Research Group on Community Nutrition and Oxidative Stress, University of Balearic Islands-IUNICS & IDISBA, 07122 Palma de Mallorca, Spain",2
Hospital Virgen del Rocío  Sevilla Spain,2
"Hospital Virgen del Rocío, Sevilla, Spain",2
"Medical Oncology Department, Catalan Institute of Oncology, L'Hospitalet, Spain",2
"Interventional Neuroradiology Unit, Department of Neurosciences, Germans Trias i Pujol Hospital, Badalona, Spain",2
"Servicio de Nefrología, Hospital del Mar, Barcelona, España",2
"Geriatrics Department, Hospital del Mar, Barcelona, Spain",2
"Department of Surgery, Hospital del Mar, Barcelona, Spain.",2
"Medical Oncology Department, Complejo Asistencial Universitario de Salamanca-IBSAL, Salamanca, Spain",2
"Research Institute of Biomedical and Health Sciences (IUIBS), University of Las Palmas de Gran Canaria, Las Palmas de Gran Canaria, Spain",2
"Servicio de Neumología, Hospital Universitario y Politécnico La Fe, Valencia, Spain",2
"Laboratori de Citologia Hematològica, Servei de Patologia, Grup de Recerca Translacional en Neoplàsies Hematològiques (GRETNHE), Hospital del Mar Research Institute (IMIM), Barcelona, Spain",2
"Dean Nursing Faculty, Universitat Rovira i Virgili, Tarragona, Spain",2
"Servicio de Neumología, Hospital Santa Creu i Sant Pau, Barcelona, Spain",2
"Physical Activity and Quality of Life Research Group (AFYCAV), Faculty of Sport Sciences, University of Extremadura, 10003 Caceres, Spain",2
"Department of Rheumatology, Hospital General Universitario Gregorio Marañón, Madrid, Spain",2
"Stroke Unit, Department of Neurosciences, Germans Trias i Pujol Hospital, Badalona, Spain",2
"Centro de Investigación Biomédica en Red de Salud Mental (CIBERSAM), Madrid, Spain",2
"Servicio de Neumología, Hospital San Carlos, Madrid, Spain",2
"Medical Oncology Department, Complejo Hospitalario de Orense, Orense, Spain",2
"Servicio de Neumología, Hospital San Agustín, Avilés, Asturias, Spain",2
"Medical Oncology Department, Complejo Hospitalario de Navarra, Pamplona, Spain",2
"Servicio de Neumología, Hospital Regional Universitario de Málaga, Instituto de Investigación Biomédica de Málaga (IBIMA)/Universidad de Málaga, Málaga, Spain",2
"Servicio de Neumología, Hospital Ramón y Cajal, Madrid, Spain",2
Hospital Álvaro Cunqueiro Complejo Hospitalario Universitario de Vigo (CHUVI)  Vigo Spain,2
"GlaxoSmithKline, Madrid, Spain",2
"Department of Dermatology, Urticaria Center of Reference, and Excellence (UCARE), Hospital del Mar, IMIM, Universitat Pompeu Fabra, Barcelona, Spain",2
Centro de Investigación Biomédica en Red de Fragilidad y Envejecimiento Saludable (CIBERFES) Instituto de Salud Carlos III  Madrid Spain,2
"Hospital Universitario Donostia, Donostia, Spain",2
"Department of Ophtalmology, Hospital de la Esperança (Parc de Salut Mar), Avenida Santuario, Ptge. de Sant Josep la Muntanya, 12, 08024 Barcelona, Spain",2
"Integrative Pharmacology and Systems Neurosciences Research Group, Hospital del Mar Research Institute, 08003 Barcelona, Spain",2
Barcelonaβeta Brain Research Center (BBRC) Pasqual Maragall Foundation Barcelona Spain,2
"Dermatology Department, Hospital Universitario Virgen de la Arrixaca, Murcia, Spain",2
Hospital Universitario Fundación Alcorcón  Madrid Spain,2
"Medicina Interna, Hospital Universitario A Coruña, A Coruña, España",2
"Department of Medical Sciences, School of Medicine, University of Girona, Girona, Spain",2
"CHUAC, Complejo Hospitalario Universitario de A Coruña, A Coruña, Spain",2
"Dermatology Department, Hospital Universitario Rey Juan Carlos, Madrid, Spain",2
"Unidad de Trastornos del Movimiento, Servicio de Neurología y Neurofisiología Clínica, Instituto de Biomedicina de Sevilla, Hospital Universitario Virgen del Rocío/CSIC/Universidad de Sevilla, Seville, Spain",2
"Unidad de Trastornos del Movimiento, Servicio de Neurología y Neurofisiología Clínica, Instituto de Biomedicina de Sevilla, Hospital Universitario Virgen del Rocío/CSIC/Universidad de Sevilla, 41013 Seville, Spain",2
Department of Dermatology Hospital de la Santa Creu i Sant Pau Barcelona Spain,2
"Neurology Department, Hospital del Mar, Barcelona, Spain",2
"Bioaraba Health Research Institute, Osakidetza Basque Health Service, Araba University Hospital, University of the Basque Country UPV/EHU, Vitoria-Gasteiz, Spain",2
"Hospital Universitario Fundación Jiménez Díaz, Madrid, Spain",2
"Biochemistry Department, UDIAT Diagnostic Center, Institute of Investigation and Innovation Parc Tauli (I3PT), Sabadell, Spain",2
"Hospital Universitario Fundación de Alcorcón, Madrid, Spain",2
"Hospital Clínico Universitario Lozano Blesa, Zaragoza, Spain",2
Department of Dermatology Hospital Universitario Infanta Sofía  San Sebastián de los Reyes Spain,2
"Department of Medicine, Autonomous University of Barcelona, 08193 Barcelona, Spain",2
"Hospital Universitario Central de Asturias, 33011 Oviedo, Spain",2
"Hospital Costa del Sol, Málaga, Spain",2
"Hospital Costa del Sol, Marbella, Spain",2
"Hospital Universitario Central de Asturias, Oviedo, Spain.",2
"Dermatology Department, Hospital Universitario de La Princesa, Madrid, Spain",2
"August Pi i Sunyer Biomedical Research Institute (IDIBAPS), 08036 Barcelona, Spain",2
"Hospital Clínico Universitario de Salamanca, Salamanca, Spain.",2
Department of Dermatology Hospital Universitario Rey Juan Carlos  Móstoles Spain,2
Avance online de artículo en prensa,2
"Hospital Universitario Clínico San Carlos, 28040 Madrid, Spain",2
"Rheumatology Department, INIBIC-Hospital Universitario A Coruña, A Coruña, Spain",2
"Rheumatology Department, Hospital del Mar/Parc de Salut Mar, Barcelona, Spain",2
"Department of Medicine and Life Sciences, Universitat Pompeu Fabra, 08003 Barcelona, Spain",2
"Barcelona Biomedical Research Park (PRBB), University Pompeu Fabra, Barcelona, Spain",2
"Department of Medicine and Life Sciences, Pompeu Fabra University, Barcelona, Spain",2
"Department of Dermatology Hospital Universitario de Gran Canaria Doctor Negrín, Universidad de Las Palmas de Gran Canaria  Las Palmas de Gran Canaria Spain",2
"Rheumatology Department, Parc de Salut Mar, Barcelona, Spain",2
"Institut d'Assistència Sanitària (IAS) - Institut Català de la Salut, Girona, Spain",2
"Hospital Clinic, Barcelona, Spain",2
"Servicio de Cardiología, Hospital Clínico Universitario de Valladolid, Valladolid, Spain",2
Hospital Clinic de Barcelona,2
"Hospital Universitario La Fe, Valencia, Spain.",2
"Hospital Central de Asturias, Oviedo, Spain",2
"Hospital Can Misses, Ibiza, Spain",2
"Unidad de Investigación, Sociedad Española de Reumatología, Madrid, Spain",2
"Dermatology Department, Hospital Universitario La Fe, Valencia, Spain",2
Unidad de Investigación of the Fundación Piel Sana AEDV of the Spanish Academy of Dermatology  Madrid Spain,2
"Rheumatology Department, Hospital Universitario La Princesa, Madrid, Spain",2
"Medical Oncology, Hospital Universitario Miguel Servet, Zaragoza, Spain",2
"Department of Dermatology, Complejo Hospitalario Universitario de Pontevedra, Pontevedra, Spain",2
"Department of Medical Oncology, Hospital del Mar-CIBERONC, Barcelona, Spain",2
"Dermatology Department, Hospital Universitari Germans Trias i Pujol, IGTP, UAB, Barcelona, Spain",2
"Hospital Universitario La Paz, Madrid, Spain.",2
"Endocrine Surgery Unit, Hospital del Mar, Barcelona, Spain",2
"Medical Oncology, Hospital Universitario 12 de Octubre, Madrid, Spain",2
Hospital Universitario La Paz,2
"Hospital Universitario Germans Trias i Pujol, Barcelona, Spain",2
"Hospital Clínic of Barcelona, Barcelona, Spain",2
"Dermatology Department, Hospital Universitario Infanta Sofia, Madrid, Spain",2
"Servicio de Cardiología, Complexo Hospitalario Universitario de A Coruña, A Coruña, Spain",2
"Hospital Clínic de Barcelona, Barcelona, Spain.",2
"Servicio de Cardiología, Hospital Arnau de Vilanova, Valencia, España",2
"Hospital Clínic de Barcelona, 08036 Barcelona, Spain",2
"Neurology Department, Ramón y Cajal University Hospital, Madrid, Spain",2
"Institut d'Investigacions Biomèdiques August Pi i Sunyer (IDIBAPS), Imaging of Mood- and Anxiety-Related Disorders (IMARD), University of Barcelona, CIBERSAM, Instituto de Salud Carlos III, Barcelona, Spain",2
"Rheumatology Department, Hospital Universitario Son Llàtzer, Mallorca, Spain",2
"Hospital Universitario HM Sanchinarro, Madrid, Spain",2
"Servicio de Cardiología, Hospital Clínic de Barcelona, Barcelona, Spain",2
"Servicio de Cardiología, Hospital Clínico San Carlos, Madrid, Spain",2
"Emergency Department, Hospital del Mar, Barcelona, Spain",2
"Department of Orthopedics, Hospital del Mar, Parc de Salut Mar, Barcelona, Spain",2
"Hospital Universitario Infanta Sofía, Madrid, Spain",2
"Unidad de Lípidos y Riesgo Vascular, Hospital del Mar, Universitat Autònoma de Barcelona, Barcelona, España",2
"Unidad de Lípidos y Riesgo Vascular, Hospital del Mar, Barcelona, España",2
"Dermatology Department, Hospital Universitario Arnau Vilanova, Valencia, Spain",2
"Institut d'Investigacions Biomèdiques August Pi i Sunyer (IDIBAPS), Imaging of Mood- and Anxiety-Related Disorders (IMARD), CIBERSAM, Barcelona, Spain",2
"Hospital Lozano Blesa, Zaragoza, Spain",2
"Hospital Universitari Arnau de Vilanova, Lleida, Spain",2
Instituto de Investigación Sanitaria Gregorio Marañón  Madrid Spain,2
"Department of Nephrology, Hospital Universitario 12 de Octubre, 28041 Madrid, Spain",2
"Hospital La Fe, Valencia, Spain",2
"Department of Nephrology, Hospital Universitario 12 de Octubre , Madrid , Spain",2
Instituto de Investigación Sanitaria La Princesa  Madrid Spain,2
Hospital Infanta Sofía  Madrid Spain,2
Department of Dermatology Hospital Universitario Infanta Sofía  Madrid Spain,2
"Institute of Neuropsychiatry and Addictions, Parc de Salut Mar, Barcelona, Spain",2
"Hospital Universitari Joan XXIII, Tarragona, Spain",2
"University Pompeu Fabra, Barcelona, Spain",2
"Hospital Gregorio Marañón, Madrid, Spain",2
"Hospital Gregorio Maranon, Madrid, Spain",2
Instituto de Investigación Sanitaria de Castilla‐La Mancha (IDISCAM)  Madrid Spain,2
"University Hospital Virgen de la Victoria, Malaga, Spain",2
"Department of Angiology and Vascular Surgery, Hospital del Mar, Barcelona, Spain",2
Instituto de Investigación Sanitaria de Navarra (IdiSNA)  Pamplona Spain,2
"Hospital Infanta Leonor, Madrid, Spain",2
"Hospital Reina Sofía, Córdoba, Spain",2
"Hospital Rey Juan Carlos, 28933 Madrid, Spain",2
acuerdo de publicación y cesión de derechos,2
"Department of Nephrology, Hospital del Mar Barcelona, Barcelona, Spain",2
"Instituto Valenciano de Oncología, Valencia, Spain",2
"Sección de Medicina Interna, Unidad de Lípidos y Riesgo Cardiovascular, Hospital Abente y Lago Complejo Hospitalario Universitario A Coruña, La Coruña, España",2
"Hospital Ruber Internacional, 28034 Madrid, Spain",2
"Instituto de Genética Médica y Molecular (INGEMM)-IdiPAZ, Hospital Universitario La Paz, Madrid, Spain",2
"Hospital Marqués de Valdecilla, Santander, Spain",2
"Department of Nephrology, Hospital Universitario de Badajoz, Badajoz, Spain",2
"Vall d'Hebron University Hospital, Barcelona, Spain",2
"Servei de Neurologia, Hospital del Mar, Barcelona, Spain",2
"Diet, Microbiota and Health Group Instituto de Investigación Sanitaria del Principado de Asturias (ISPA)  Oviedo Spain",2
"Vall d'Hebron Research Institute, Vall d'Hebron Barcelona Hospital Campus, Barcelona, Spain",2
"Hospital Son Llàtzer, Palma de Mallorca, Spain",2
"Division of Nephrology, Hospital del Mar, Barcelona, Spain",2
"Department of Nephrology, Hospital Universitario Miguel Servet, Zaragoza, Spain",2
"Navarra Institute for Health Research (IdiSNA), Pamplona, Spain",2
"Hospital San Juan, Alicante, Spain",2
"Universitat Autònoma de Barcelona, Barcelona, España",2
"Drug addiction Unit, Hospital del Mar, Parc de Salut Mar Consortium, Barcelona, Spain",2
Universitat Autònoma de Barcelona,2
Hospital General Universitario Gregorio Marañón  Madrid Spain,2
"Universitario Lucus Augusti (HULA), 27003 Lugo, Spain",2
"Servicio de Anatomía Patológica, Hospital del Mar, Barcelona, España",2
"Dermatology Department, Hospital del Mar, Barcelona, Spain",2
Department of Dermatology Hospital General Universitario José María Morales Meseguer  Murcia Spain,2
"Department of Nephrology, Hospital General Universitario de Ciudad Real, Ciudad Real, Spain",2
"Dermatology Department, Hospital del Mar Research Institute, Universitat Pompeu Fabra, Barcelona, Spain",2
"Dermatology Department, Hospital del Mar Research Institute, Universitat Pompeu Fabra (UPF), Barcelona, Spain",2
"Mental Health Institute Hospital del Mar, Barcelona, Spain",2
Hospital Fundación Jiménez Díaz  Madrid Spain,2
"Department of Dermatology Hospital Universitario Araba, Universidad del País Vasco  Vitoria Spain",2
"Dermatology Department, Hospital de la Santa Creu i Sant Pau, Barcelona, Spain",2
"Institut d’Investigació Sanitària Pere Virgili (IISPV), 43201 Reus, Spain",2
"Universidad Europea de Madrid, Faculty of Biomedical and Health Sciences, Department of Medicine, Madrid, Spain",2
"Dermatology Department, Hospital de La Santa Creu i Sant Pau, Barcelona, Spain",2
Hospital Universitario 12 de Octubre,2
"Instituto de Investigación Sanitaria de Navarra (IdiSNA), Pamplona, Spain",2
"Institute of Health Research INCLIVA-CIBERONC, 46010 Valencia, Spain",2
"Hospital General de Valencia, Valencia, Spain",2
"Hospital General de Granollers, Barcelona, Spain",2
"Universitat Rovira i Virgili, Departament de Bioquímica i Biotecnologia, Unitat de Nutrició Humana, Reus, Spain",2
"Servicio Urología, Hospital del Mar, Barcelona, Spain",2
"Department of Nephrology, Hospital Clínico San Carlos, Madrid, Spain",2
"Department of Critical Care, Hospital del Mar, Barcelona, Spain",2
"Institute of Biomedicine (IBIOMED), University of León, León, Spain",2
"Hospital General Universitario Morales Meseguer, Murcia, Spain",2
"Hospital General Universitario, Ciudad Real, Spain",2
"Department of Nephrology, Fundació Puigvert, Barcelona, Spain",2
"Department of Neurosurgery, General University Hospital Alicante, Alicante, Spain",2
"Nephrology Department, Hospital de Terrassa, 08227 Terrassa, Spain",2
Department of Dermatology Fundación Jiménez Díaz  Madrid Spain,2
"Hospital General Universitario de Elche, Elche, Spain.",2
"Hospital General Universitario de Elche, 03203 Elche, Spain",2
"Hospital General Universitario de Alicante, Alicante, Spain",2
"Nephrology Department, Hospital del Mar-Parc de Salut Mar, 08003 Barcelona, Spain",2
"Hospital General de Alicante, Alicante, Spain",2
"Departamento de Dermatología, Hospital del Mar, Barcelona, España",2
"Hospital Universitario Puerta de Hierro-Majadahonda, Madrid, Spain",2
"CIBER de Fisiopatología de la Obesidad y Nutrición, Instituto de Salud Carlos III, Madrid, Spain",2
"Hospital Universitario Puerta de Hierro, Madrid, Spain.",2
"Hematology and Medical Oncology Department, Hospital Universitario Morales Meseguer, Murcia, Spain",2
"CIBER de Epidemiología y Salud Pública (CIBERESP), Madrid, Spain",2
"CIBER de Epidemiología y Salud Pública (CIBERESP), Instituto de Salud Carlos III, Madrid, Spain",2
"Hematology Department, Hospital Universitario de Burgos, 09006 Burgos, Spain",2
"Department of Dermatology, Hospital Universitario Arnau de Vilanova, Valencia, Spain",2
"UPF - Universitat Pompeu Fabra [Barcelona] (Plaça de la Mercè, 10-12 - 08002 Barcelona - Espagne)",2
"Servicio de Cardiología, Hospital Universitario Germans Trias i Pujol, Badalona, Barcelona, Spain",2
"Hospital Universitario Puerta de Hierro, 28222 Madrid, Spain",2
"Department of Internal Medicine, Hospital del Mar-IMIM, Autonomous University of Barcelona and CIBERFES, Instituto Carlos III, Spain",2
"CIBER de Epidemiología y Salud Pública (CIBERESP), Barcelona, Spain",2
"Dermatology Department, Hospital Arnau de Vilanova, Valencia, Spain",2
Department of Pediatrics Hospital General de Tomelloso  Tomelloso Spain,2
"Facultad de Medicina, Universidad de Vic-Universidad Central de Catalunya, Vic, Barcelona, Spain",2
Ophthalmology,2
"Rheumatology Department, Hospital Clínic de Barcelona, Barcelona, Spain",2
"Department of Pediatric Gastroenterology, Hospital de Granollers, Granollers, Spain",2
"Servicio de Cardiología, Hospital Universitario de Jaén, Jaén, España",2
"Rheumatology Department, Hospital General La Mancha Centro, Ciudad Real, Spain",2
"Rheumatology Department, Hospital General Universitario Gregorio Marañón, Madrid, Spain",2
"Hematology Department, Hospital Universitario Puerta de Hierro-Majadahonda, Madrid, Spain",2
"Department of Dermatology, Hospital Universitario Germans Trias i Pujol, Badalona, Spain",2
"Facultat de Medicina, Universitat Autònoma de Barcelona, Bellaterra, Barcelona, Spain",2
"CIBER de Epidemiología y Salud Pública (CIBERESP), España",2
"CIBERES de Enfermedades Respiratorias, ISCIII, Madrid, Spain",2
"Hematology Department, Ramón y Cajal University Hospital, Madrid, Spain",2
"Hematology Department, Unit Research, Complejo Asistencial Universitario de Burgos, Burgos, Spain",2
"CIBERDEM-Instituto de Salud Carlos III, Madrid, Spain",2
"Hospital Universitario Ramón y Cajal, IRYCIS, 28034 Madrid, Spain",2
"Hospital Universitario Ramón y Cajal, IRYCIS, Madrid, Spain",2
"Rheumatology Department, Complejo Hospitalario Universitario A Coruña, A Coruña, Spain",2
Hospital Universitario Ramón y Cajal IRYCIS  Madrid Spain,2
"Hematology Department, ICO-IJC-Hospital Germans Trias i Pujol, Badalona, Spain",2
"Servicio de Cardiología, Hospital Universitario Virgen de la Victoria-IBIMA CIBERCV, Málaga, España",2
"CIBER of Respiratory Diseases (CIBERES), Institute of Health Carlos III, Madrid, Spain",2
"Translational Research in Respiratory Medicine, University Hospital Arnau de Vilanova and Santa Maria, IRBLleida, Lleida, Spain",2
"Servicio de Cardiología, Hospital Universitario La Paz, Madrid, Spain",2
"Hospital Universitario Ramon y Cajal, Madrid, Spain",2
CIBERNED (Centro de Investigación Biomédica en Red Enfermedades Neurodegenerativas)  Madrid Spain,2
CIBERNED (Centro de Investigación Biomédica en Red Enfermedades Neurodegenerativas) Madrid Spain,2
"Department of Physical Medicine and Rehabilitation, Parc de Salut Mar (Hospital del Mar-Hospital de l'Esperança), Barcelona, Spain",2
"CIBERNED (Centro de Investigación Biomédica en Red Enfermedades Neurodegenerativas), Madrid, Spain",2
"Department of Pharmacy, Hospital del Mar, Barcelona, Spain",2
"Rheumatology Department, Fundació Clínic Recerca Biomèdica, Barcelona, Spain",2
"Escuela Internacional de Doctorado, Universidad de Castilla-La-Mancha, Toledo, Spain",2
Rheumatology Department,2
"Hospital Universitario Reina Sofía, Córdoba, Spain",2
"Department of Dermatology, Hospital Morales Meseguer, Murcia, Spain",2
"Dermatology Department, Complejo Hospitalario Universitario, Santiago de Compostela, Spain",2
"Translational Oncology Division, OncoHealth Institute, Health Research Institute-Fundación Jiménez Díaz (IIS-FJD, UAM), 28040 Madrid, Spain",2
"Infectious Diseases Service, Hospital del Mar, Barcelona, Spain",2
"Hospital Universitario Marqués de Valdecilla, IDIVAL, Santander, Spain",2
"Rheumatology Department, Hospital Universitario Basurto, Bilbao, Spain",2
"Hospital Universitario Lucus Augusti (HULA), Lugo, Spain",2
"Department of Internal Medicine, Hospital del Mar, Barcelona, Spain",2
"Hospital Universitario Son Espases, 07120 Palma de Mallorca, Spain",2
"Hepatobiliary and Pancreatic Surgery Unit, Hospital del Mar, Universitat Pompeu Fabra, Barcelona, Spain",2
"Department of Preventive Medicine and Public Health, University of Navarra, IdiSNA, Pamplona, Spain",2
"Medical Oncology Department, Hospital del Mar-CIBERONC, 08003 Barcelona, Spain",2
"Hepatobiliary Surgery Unit, Hospital del Mar, Barcelona, Spain",2
"Department of Dermatology, Hospital Universitario La Paz, Madrid, Spain",2
"Hospital Universitario Marqués de Valdecilla, IDIVAL",2
"Servicio de Geriatría, Hospital Universitario Ramón y Cajal (IRYCIS), Madrid, Spain",2
"Department of Medical Oncology, Hospital de la Santa Creu i Sant Pau, Barcelona, Spain",2
"Hospital Universitario Marqués de Valdecilla, 39008 Santander, Spain",2
"Rheumatology Department, Hospital Universitario 12 de Octubre, Madrid, Spain",2
"Hospital 12 de Octubre, Madrid, Spain",2
"Hospital Universitario La Princesa, 28006 Madrid, Spain",2
"Enfermería Reumatología, H. Regional de Málaga, Málaga, Spain",2
"Servicio de Cardiología, Hospital Universitari de Bellvitge, L'Hospitalet de Llobregat, Barcelona, Spain",2
"Department of Preventive Medicine and Public Health, University of Granada, Granada, Spain",2
"Department of Dermatology, Hospital Universitario Insular de Gran Canaria, Universidad de Las Palmas de Gran Canaria, Las Palmas de Gran Canaria, Spain",2
"Department of Pathology, Fundación Jiménez Díaz University Hospital Health Research Institute (IIS—FJD, UAM)—CIBERONC, 28040 Madrid, Spain",2
"Department of Dermatology, Hospital Universitario La Princesa, Madrid, Spain",2
"Dermatology Department, Hospital General Universitario Dr Balmis, ISABIAL, Alicante, Spain",2
"CHUF, Complejo Hospitalario Universitario de Ferrol, A Coruña, Spain",2
"Servicio de Cardiología, Hospital Joan XXIII, Tarragona, Spain",2
"Department of Medical Oncology, Hospital Universitario La Paz, Madrid, Spain",2
"Kronikgune Institute for Health Services Research, Barakaldo, Spain",1
"Intensive Care Unit, Hospital Parc de Salut Mar, Barcelona, Spain",1
"Intensive Care Unit, Hospital Regional Universitario, Málaga, Spain",1
"Intensive Care Unit, Hospital Severo Ochoa, Madrid, Spain",1
"La Paz University Hospital , Madrid , Spain",1
Instituto de Investigación Sanitaria de Castilla‐La Mancha (IDISCAM) Madrid Spain,1
"Instituto de Investigación Sanitaria de Navarra (IdiSNA), University of Navarra, 31008 Pamplona, Spain",1
Instituto de Investigación Sanitaria del Hospital 12 de Octubre  Madrid Spain,1
"Intensive Care Unit, Hospital Donostia-Donostia Ospitalea, Guipúzcoa, Spain",1
"Instituto de Física Interdisciplinar Y Sistemas Complejos IFISC (CSIC-UIB), 07122, Palma de Mallorca, Spain",1
"Intensive Care Medicine Department, Hospital Universitario de Fuenlabrada, Fuenlabrada, Spain",1
"La Fe University and Polytechnic Hospital, Valencia, Spain",1
"La Paz Research Institute (IdiPAZ), Madrid, Spain",1
"La Mina Primary Health Care Centre - IDIAP Jordi Gol, Barcelona, Spain",1
"Instituto de Investigaciones Biomédicas Alberto Sols, CSIC-Universidad Autónoma de Madrid, Madrid, Spain",1
"Instituto de Ciencias del Corazón (ICICOR), Hospital Clínico Universitario de Valladolid, Valladolid, Spain",1
"Instituto de Investigación Sanitaria y Biomédica de Alicante, ISABIAL-UMH, 03010 Alicante, Spain",1
"King’s College London, London, UK",1
"Knee and Arthroscopy Unit, ICATME, Hospital Universitari Dexeus, Universitat Autonoma de Barcelona (U.A.B.), Barcelona, Catalunya, Spain",1
"Intensive Care Unit, Hospital Universitari General de Catalunya, Barcelona, Spain",1
"Instituto de Biomedicina de Sevilla, Hospital Universitario Virgen del Rocío, Sevilla, España",1
"Instituto de Investigación Sanitaria del Principado de Asturias, Oviedo, Spain",1
"Knee and Arthroscopy Unit, ICATME, Hospital Universitari Dexeus, Universitat Autònoma de Barcelona, Barcelona, Spain",1
"Intensive Care Unit, Hospital Univeristari Germans Trias i Pujol, Badalona, Spain",1
"Intensive Care Department, Hospital de Sant Joan Despí Moisès Broggi, Sant Joan Despí, Spain",1
"Kronikgune Institute for Health Services Research, Barakaldo, Basque Country, Spain",1
"Kronikgune Institute for Health Services Research, Barakaldo, Basque Country, Spain.",1
"Intensive Care Department, Hospital de Sant Pau I Santa Tecla, Tarragona, Spain",1
"Intensive Care Department, Hospital de Tortosa Verge de La Cinta, Tortosa, Spain",1
"Instituto de Biomedicina de Sevilla, Unidad Médico-Quirúrgica de Enfermedades Respiratorias, Hospital Virgen Rocio, CibeRes, Sevilla, Spain",1
"Instituto de Biomedicina de Sevilla, Unidad Médico-Quirúrgica de Enfermedades Respiratorias, Hospital Virgen Rocío, Sevilla, Spain",1
Instituto de Investigación Sanitaria del Hospital Clínico San Carlos IdISSC  Madrid Spain,1
"Intensive Care Medicine Department, Vall d'Hebron Hospital Universitari, Barcelona, Spain",1
"Intensive Care Medicine Department, Hospital del Mar, Barcelona, Spain",1
Instituto de Investigación Sanitaria del Hospital Clínico San Carlos (IdISSC),1
"La Princesa Research Institute, 28009 Madrid, Spain",1
"Intensive Care Unit, Hospital Son Llàtzer, Palma de Mallorca, Illes Balears, Spain",1
"Intensive Care Unit, Hospital Son Llàtzer, Mallorca, Spain",1
"Intensive Care Department, Hospital del Mar, GREPAC Research Group - IMIM, Department Ciències, Experimentals I de La Salut (DCEXS) UPF, Barcelona, Spain",1
"Instituto de Ciencias de la Salud de Castilla y León (IECSCYL), 42002 Soria, Spain",1
Instituto de Investigación Sanitaria del Hospital Clínico San Carlos,1
"Intensive Care Department, Hospital de Santa Caterina, Salt, Spain",1
"Instituto de Investigación Sanitaria Gregorio Marañón (IiSGM), Madrid, Spain",1
"Instituto de Investigación Sanitaria Gregorio Marañón (IiSGM), Hospital General Universitario Gregorio Marañón, 28007 Madrid, Spain",1
"Intensive Care Unit, Galdakao-Usansolo Universitary Hospital, Galdakao, Spain",1
Instituto de Investigación Biomédica de Salamanca (IBSAL),1
"Instituto de Investigación Biosanataria IBs, Granada, 18014 Granada, Spain",1
"Instituto de Investigación Biosanitaria IBS.GRANADA, Spain",1
"Intensive Care Unit, Complexo Hospitalario Universitario de Ourense, Ourense, Spain",1
"Instituto de Investigación Sanitaria Biodonostia, Grupo de Epidemiología Clínica, Servicio Vasco de Salud Osakidetza, Hospital Universitario Donostia, Unidad de Epidemiología Clínica, San Sebastián-Donostia, Spain",1
"Laboratori de Citogenètica Molecular, Servei de Patologia, Hospital del Mar, 08003 Barcelona, Spain",1
"Instituto de Investigación Biosanitaria de Granada (ibs.GRANADA), Granada, Spain",1
Instituto de Investigación Sanitaria Aragón (IIS Aragón)  Zaragoza Spain,1
Instituto de Investigación Sanitaria (IIS) La Fe  Valencia Spain,1
"Intensive Care Unit, Complejo Hospitalario de Jaén, Jaén, Spain",1
"Instituto de Investigaciones Médicas, Hospital del Mar, Barcelona, Spain",1
"Instituto de Investigación Médica Hospital del Mar: IMIM, Barcelona, Spain",1
"Laboratori de Citologia Hematològica, Department of Pathology, Hospital del Mar, 08003 Barcelona, Spain",1
"Laboratori de Citologia Hematològica, Servei de Patologia, GRETNHE IMIM Hospital del Mar Research Institute  Barcelona Spain",1
"Instituto de Investigación Hospital 12 de Octubre (imas12) , Madrid , Spain",1
"Intensive Care Unit, Complejo Hospitalario Universitario Insular-Materno Infantil de Gran Canaria, Gran Canaria, Spain",1
"Laboratori de Citologia Hematològica, Servei de Patologia, Grup de Recerca Translacional Neoplàsies Hematològiques (GRETNHE), Hospital del Mar Research Institute (IMIM), Barcelona, Spain.",1
"Laboratori de Citologia Hematològica, Servei de Patologia, Grup de Recerca Translacional en Neoplàsies Hematològiques (GRETNHE) Hospital del Mar Research Institute (IMIM)  Barcelona Spain",1
Instituto de Investigación Gregorio Marañón  Madrid Spain,1
"Instituto de Investigación Biosanitaria ibs.GRANADA, 18012 Granada, Spain",1
"Intensive Care Service, Reina Sofia University Hospital (HURS), 14004 Cordoba, Spain",1
"Laboratori de Citologia Hematològica, Servei de Patologia, Grup de Recerca Translacional en Neoplàsies Hematològiques (GRETNHE) IMIM Hospital del Mar Research Institute  Barcelona Spain",1
"Intensive Care Medicine Department, Hospital Universitari Arnau de Vilanova, Lleida, Spain",1
"Instituto de Investigación Biosanitaria ibs.GRANADA , Av. De Madrid 15, 18012 Granada , Spain",1
"Intensive Care Medicine Department, Hospital Universitario 12 de Octubre, Avda. de Córdoba, s/n, 28041, Madrid, Spain",1
"Instituto de Investigación Biosanitaria del Principado de Asturias (ISPA), 33011 Oviedo, Spain",1
"Intensive Care Department, L'Hospitalet de Llobregat, Barcelona, Spain",1
"Laboratori de Citologia Hematològica, Servei de Patologia, Hospital del Mar, Grup de Recerca Translacional en Neoplàsies Hematològiques (GRETNHE), Hospital del Mar Research Institute (IMIM), Barcelona",1
"Instituto de Investigación Sanitaria de Aragón, Zaragoza, Spain",1
"Intensive Care Department, La Paz University Hospital, Madrid, Spain",1
"Intensive Care Department, Regional Donor Transplant Coordination, Hospital Universitario Virgen de la Victoria de Málaga, Málaga, Spain",1
"Instituto de Investigación Sanitaria de Aragón (IISA), Hospital Universitario Miguel Servet, Zaragoza, Spain",1
"Laboratori de Biologia Molecular, Servei de Patologia, Hospital del Mar, 08003 Barcelona, Spain",1
"Instituto de Investigación Sanitaria de Aragón (IIS Aragón), Universidad de Zaragoza CIBERCV, Zaragoza, España",1
"Intensive Care Unit, Hospital Clínico y Universitario de Valencia, Valencia, Spain",1
"Instituto de Investigación Biomédica (INIBIC), Complejo Hospitalario Universitario A Coruña, A Coruña, Spain",1
"Instituto de Investigación Sanitaria Valdecilla IDIVAL, Universidad de Cantabria, Santander, Cantabria, Spain",1
"Instituto de Investigación Biomédica de Málaga (IBIMA), 29010 Málaga, Spain",1
"Laboratori de Citogenetica Molecular, Servei de Patologia, Hospital del Mar, Barcelona, Spain",1
Instituto de Investigación Biomédica de Málaga‐Plataforma BIONAND Málaga Spain,1
"Intensive Care Department, University Hospital Santa María, IRBLleida, Lleida, Spain",1
"Intensive Care Department, Vall d'Hebron Hospital Universitari, SODIR Research Group, Vall d'Hebron Institut de Recerca (VHIR), Barcelona, Spain",1
"Instituto de Investigación Sanitaria San Carlos (IdISSC), 28040 Madrid, Spain",1
Instituto de Investigación Biomédica de Málaga (IBIMA)‐Plataforma Bionand  Málaga Spain,1
"Instituto de Investigación Sanitaria Princesa, Madrid, Spain",1
"Intensive Care Department/SODIR Research Group, Hospital Universitari General de La Vall d'Hebron, Barcelona, Spain",1
"Laboratori de Citologia Hematològica, Servei de Patologia, Hospital del Mar, 08003 Barcelona, Spain",1
"Laboratori de Citogenètica Molecular Servei de Patologia, Hospital del Mar  Barcelona Spain",1
"Instituto de Investigación Biomédica de Málaga y Plataforma en Nanomedicina (IBIMA-Bionand), Universidad de Málaga, Málaga, España",1
"Instituto de Investigación Biomédica de Málaga, 582139, Malaga, Spain, 29010;",1
Instituto de Investigación Sanitaria La Fe (IISLAFE)  Valencia Spain,1
"Instituto de Investigación Sanitaria Hospital La Paz (IdiPaz), Madrid, Spain",1
"Laboratori de Citogenètica Molecular, Servei de Patologia, GRETNHE IMIM Hospital del Mar Research Institute  Barcelona Spain",1
"Instituto de Investigación Sanitaria Gregorio Marañón, Madrid, Spain",1
"Instituto de Investigación Biomédica de Málaga (IBIMA), Universidad de Málaga, 29003 Málaga, Spain",1
"Internal Medicine, Hospital Universitario de Canarias, Tenerife, Spain",1
"Intensive Care Department, Hospital Universitari Doctor Josep Trueta de Girona, Girona, Spain",1
"International Breast Cancer Center (IBCC), Pangaea Oncology, Quiron Group, Barcelona, Spain",1
"International Breast Cancer Center (IBCC), Pangaea Oncology, Quirón Group, Barcelona, Spain",1
"International Breast Cancer Center (IBCC), Quironsalud Group , Barcelona , Spain",1
"Interstitial Lung Disease Unit, Royal Brompton Hospital, London, UK",1
"Intensive Care Department, Donation and Transplantation Coordination Unit, Hospital General Universitario de Albacete, Albacete, Spain",1
"Internal Medicine Department, Hospital Universitari Germans Trias i Pujol, Badalona, Spain",1
"Interventional Cardiology Department, Cardiovascular Institute, Hospital Clinic de Barcelona, Centro de Investigación Biomédica en Red de Enfermedades Cardiovasculares (CIBERCV), Institut d'Investigacions Biomèdiques August Pi i Sunyer (IDIBAPS), Barcelona, Spain",1
"Internal Medicine Department, Hospital Universitari Arnau de Vilanova, Lleida, Spain",1
"Intensive Care Department, Donation and Transplantation Coordination Unit, Complejo Hospitalario de Navarra, Pamplona, Spain",1
"Intensive Care Department, Hospital Universitari Sagrat Cor - Grup Quirónsalut, Barcelona, Spain",1
"Internal Medicine Department, Hospital HM Sanchinarro, HM Hospitales, Madrid, Spain",1
"Intensive Care Department, Althaia, Xarxa Assistencial Universitària de Manresa, Manresa, Spain",1
"Intensive Care Department, Hospital Universitari Vall d’Hebron, Barcelona, Spain",1
"Laboratori de Medicina Computacional, Facultat de Medicina, Universitat Autònoma de Barcelona, 08193 Bellaterra, Spain",1
"Interventional Cardiology Unit, Cardiology Department, Hospital del Mar, 08003 Barcelona, Spain",1
"Interventional Cardiology Unit, Department of Cardiology, Biomedical Research Institute, Hospital de la Santa Creu i Sant Pau, IIB-Sant Pau, 08041, Barcelona, Spain",1
"Interventional Cardiology Unit, Department of Cardiology, Hospital del Mar. Barcelona, Spain.",1
"Intensive Care Department, Hospital Universitari de Tarragona Joan XXIII, Tarragona, Spain",1
"Internal Medicine Department, Complejo asistencial de Segovia, Segovia, Spain",1
"Interventional Cardiology Unit, Department of Cardiology, Hospital del Mar. Barcelona, Spain; Hospital del Mar Research Institute (IMIM), Barcelona, Spain.",1
"Interventional Cardiology Unit, Department of Cardiology, Hospital del Mar. Barcelona, Spain; Hospital del Mar Research Institute (IMIM), Barcelona, Spain; Centro de Investigación Biomédica en Red de Enfermedades Cardiovasculares (CIBERCV), Spain.",1
Intensive Care Clinical Unit. Hospital Universitario Virgen Macarena. Sevilla. Spain,1
"Intensive Care Department, Hospital Universitario Germans Trias i Pujol, Badalona, Spain",1
"Internal Medicine Department, Clinical Toxicology Unit, Consorci Hospital General Universitari, Valencia, Spain",1
"Integrative Systems Medicine and Biology Group, Girona Biomedical Research Institute (IDIBGI-CERCA), Salt, Spain",1
"Internal Medicine Department, A Coruña University Hospital, A Coruña, Spain",1
"Interventional Cardiology Unit, Department of Cardiology, Hospital del Mar. Barcelona, Spain; Hospital del Mar Research Institute (IMIM), Barcelona, Spain; Department of Medicine, Pompeu Fabra University, Barcelona, Spain. Email: hektorkubero@hotmail.com.",1
Internal Medicine Department University Hospital of Guadalajara  Guadalajara Spain,1
"Intensive Care Department, Hospital Universitario Insular de Gran Canaria, Las Palmas de Gran Canaria, Spain",1
"Intensive Care Department Hospital, Universitario de Getafe, CIBER Enfermedades Respiratorias, CIBERES (Spain), Madrid, Spain",1
"Intensive Care Department, Donation and Transplantation Coordination Unit, Hospital Universitario de Jerez de la Frontera, Jerez de la Frontera, Spain",1
"Internal Medicine Department, Hospital del Mar, Universitat Pompeu Fabra, Barcelona, Spain",1
"Intensive Care Department, Hospital ASEPEYO de Barcelona, Sant Cugat del Vallés, Spain",1
"Internal Medicine Department, Hospital of Palamos, Serveis de Salut Integrats Baix Empordà, Palamós, Girona, Spain",1
"Internal Medicine Department, Hospital del Mar, Barcelona, Spain",1
"Intensive Care Department, Donation and Transplantation Coordination Unit, Hospital Universitario de Donostia, San Sebastián, Spain",1
"Internal Medicine Department, Instituto de investigación hospital del Mar (IMIM)—Centro de Investigación Biomédica en Red de Fragilidad y Envejecimiento Saludable (CIBERFES) Universitat Autonòma de Barcelona  Barcelona Spain",1
"Intensive Care Department, Hospital El Pilar - Grup Quirónsalut, Barcelona, Spain",1
"Intensive Care Department, Donation and Transplantation Coordination Unit, Hospital Universitario Virgen de la Arrixaca, Murcia, Spain",1
"Intensive Care Department, Hospital General De Cataluña, Sant Cugat del Vallès, Spain",1
"Internal Medicine Department, Hospital Virgen del Rocío, Sevilla, Spain",1
"Internal Medicine Department, Vall d'Hebron University Hospital, Barcelona, Spain",1
"Intensive Care Department, Hospital General de Granollers, Granollers, Spain",1
"Intensive Care Department, Donation and Transplantation Coordination Unit, Hospital Universitario Son Espases, Palma de Mallorca, Spain",1
"Internal Medicine Department, Hospital Universitario de Cabueñes, Gijón, Spain",1
"Intensive Care Department, Hospital Santa Maria, Lleida, Spain",1
"Intensive Care Department, Hospital Sant Joan de Reus, Reus, Spain",1
"Intensive Care Department, Hospital Nuestra Señora de Gracia, Zaragoza, Spain",1
"Intensive Care Department, Donation and Transplantation Coordination Unit, Hospital General Universitario de Castellón, Castellón de la Plana, Spain",1
"Internal Medicine, Hospital Ramón y Cajal, Madrid, Spain",1
"Internal Medicine, Donostia Universitary Hospital, San Sebastián, Spain",1
"Internal Medicine, Bioaraba Institute, Vitoria, Spain",1
"Intensive Care Department, Donation and Transplantation Coordination Unit, Hospital Universitario La Paz, Madrid, Spain",1
"Intensive Care Department, Donation and Transplantation Coordination Unit, Hospital Universitario Marqués de Valdecilla-IDIVAL, Santander, Spain",1
"Intensive Care Department, Hospital Mútua de Terrassa, Terrassa, Spain",1
"Internal Medicine Service, Hospital Costa del Sol, Malaga, Spain",1
"Internal Medicine Department, Hospital Universitario Puerta de Hierro, Instituto de Investigación Sanitaria Segovia de Arana, Madrid, Spain",1
"Internal Medicine Service, Hospital Clínic, 08036 Barcelona, Spain",1
"Internal Medicine Department, Hospital Universitario Rio Hortega, Valladolid, Spain",1
"Internal Medicine Department, Hospital Universitario Valle d'Hebron, Barcelona, Spain",1
"Intensive Care Department, Hospital HM Delfos, Barcelona, Spain",1
"Intensive Care Department, Hospital General de Vic, Consorci Hospitalari de Vic, Vic, Spain",1
"Internal Medicine Service, Hospital del Mar, Barcelona, Spain",1
"Intensive Care Department, Hospital d'Igualada, Igualada, Spain",1
"Insular-Maternity and Pediatric University Hospital Complex of Gran Canaria, University of Las Palmas de Gran Canaria, Las Palmas de Gran Canaria, Spain",1
"Instituto de investigaciones médicas Hospital del Mar, Barcelona, Spain",1
"Intensive Care Department, Hospital de La Santa Creu I Sant Pau, Barcelona, Spain",1
Instituto de investigaciones médicas Hospital del Mar (IMIM)  Barcelona Spain,1
Joan XXIII University Hospital in Tarragona,1
"Instituto de Tecnologías Biomédicas, Universidad de La Laguna, Santa Cruz de Tenerife, Spain",1
"Johns Hopkins Ciccarone Center for the Prevention of Cardiovascular Disease, Baltimore, MD, USA",1
"Johns Hopkins Ciccarone Center for the Prevention of Cardiovascular Disease, Johns Hopkins University School of Medicine, Baltimore, Maryland, USA",1
"Johns Hopkins University School of Medicine, Baltimore, MD",1
"Johns Hopkins University, Baltimore, MD, USA",1
"Johns Hopkins University-Universitat Pompeu Fabra Public Policy Center (JHU-UPF PPC), 08005, Barcelona, Spain",1
"Josep Carreras Leukaemia Research Institute (IJC), 08916 Badalona, Barcelona, Catalonia, Spain",1
"Josep Carreras Leukemia Research Institute, Barcelona, Spain",1
"Juan F. Roldán-Merino, PhD, MSc, MHN, RN, Campus Docent Sant Joan de Déu Fundació Privada. School of Nursing, University of Barcelona, Barcelona, Spain",1
"Interventional Cardiology Unit, Department of Cardiology, Hospital del Mar. Barcelona, Spain; Hospital del Mar Research Institute (IMIM), Barcelona, Spain; Department of Medicine, Pompeu Fabra University, Barcelona, Spain; Centro de Investigación Biomédica en Red de Enfermedades Cardiovasculares (CIBERCV), Spain.",1
"King's College, London, England",1
"Instituto de Investigación Sanitaria y Biomédica de Alicante, Universidad Miguel Hernández (ISABIAL-UMH), 03550 Alicante, Spain",1
Instituto de Neuropsiquiatría y Adicciones (INAD) Consorci Mar Parc de Salut de Barcelona (PSMar)  Barcelona Spain,1
"Kidney Transplant Unit, Nephrology Department, Hospital Universitario La Fe , Valencia , Spain",1
"Khadija El Abidi, MSc, RN, Institut de Neuropisquiatria i Addiccions, Hospital del Mar, Barcelona, Spain",1
"Karolinska Institutet, Solna, Sweden",1
"Karolinska Institute (KI), Stockholm, Sweden",1
"Intensive Care Department, Hospital de Mataró, Mataró, Spain",1
"Kaplan Hand Institute, Av. de Josep Vicenç Foix, 71, 08034 Barcelona, Spain",1
"Junta de la Societat Catalana d'Anestesiologia, Reanimació i Terapèutica del dolor (SCARDT), Barcelona, Spain",1
"Instituto de Psiquiatría y Salud Mental, Hospital Clínico San Carlos, IdISSC, CIBERSAM, Facultad de Medicina, Universidad Complutense, Madrid, Spain;",1
"Instituto de Salud Carlos III, Centro de Investigación Biomédica en Red de Salud Mental (CIBERSAM), Spain",1
"Instituto de Salud Musculoesquelética (INMUSC), Madrid, Spain",1
"Instituto de Tecnologías Biomédicas (ITB), University of La Laguna, Research Unit Department, Hospital Universitario de Canarias , Tenerife , Spain",1
Juan Ramón Jiménez Huelva,1
"Juan Ramon Jimenez University Hospital, Spain",1
"Instituto de Neuropsiquiatría y Adicciones. Centros Asistenciales Dr. Emili Mira i López, Santa Coloma de Gramanet, España",1
"Integrative Pharmacology and Systems Neurosciences Research Group, Neurosciences Research Program, Hospital del Mar Research Institute (HMRI), Barcelona, Spain",1
"Integrative Pharmacology and Systems Neurosciences Research Group, Hospital del Mar Research Institute, Spain",1
"Intensive Care Department, Hospital Universitario Reina Sofía, Córdoba, Spain",1
"Internal Medicine Department (Respiratory Unit), Hospital de Mendaro, Osakidetza, Mendaro, Gipuzkoa, Spain",1
"Integrative Pharmacology and Systems Neuroscience, Neuroscience Research Program, Hospital del Mar Research Institute, Barcelona, Spain; Department of Medicine and Life Sciences, University Pompeu Fabra, Barcelona, Spain; Centro de Investigación Biomédica en Red - Fisiopatología de la Obesidad y Nutrición (CIBEROBN), Instituto de Salud Carlos III, Madrid, Spain.",1
"Integrative Pharmacology and Systems Neuroscience, Neuroscience Research Program, Hospital del Mar Research Institute, Barcelona, Spain; Department of Medicine and Life Sciences, University Pompeu Fabra, Barcelona, Spain.",1
"Interventional Neuroradiology Section, Department of Radiology, Hospital de La Santa Creu I Sant Pau, Barcelona, Spain",1
"Intensive Care Department, Hospital Universitario Virgen de las Nieves, Regional Donor Transplant Coordination in Granada, Granada, Spain",1
"Inter-Center Medical Oncology Clinical Management Unit, Regional and Virgen de la Victoria University Hospitals, IBIMA, Málaga, Spain",1
"Intensive Care Unit, Reina Sofía University Hospital, Córdoba, Spain",1
"Interventional Neuroradiology Section, Department of Radiology, Vall d'Hebron University Hospital, Pg. Vall d'Hebron, 119-129, 08035, Barcelona, Spain",1
"Interventional Neuroradiology Section, Vall d'Hebron Barcelona Hospital Campus, Barcelona, Spain",1
"Intensive Care Unit, Instituto de Investigación Sanitaria La Fe, Hospital Universitario y Politécnico La Fe, Valencia, Spain",1
"Intensive Care Unit, Institut d’Investigació Biomèdica Sant Pau (IIB SANT PAU), Hospital de la Santa Creu i Sant Pau, Barcelona, Spain",1
"Intensive Care Unit, Hospital de la Santa Creu i Sant Pau, Barcelona, Spain",1
"Jefa de Servicio Dermatología. Área Sanitaria Santiago de Compostela y Barbanza, Spain.",1
"JJ Merland Department of Therapeutic Neuroangiography of Hospital Universitari General de Catalunya, Hospital del Mar, Barcelona, Spain",1
"J.J. Merland Department of Therapeutic Neuroangiography. University General Hospital of Catalunya and Hospital del Mar, Barcelona, Spain",1
"IrsiCaixa AIDS Research Institute and Institute for Health Science Research Germans Trias I Pujol (IGTP), Badalona, Spain",1
"Intensive Care Unit, Hospital Universitario La Paz, Madrid, Spain",1
"Investigation in Rheumatology and Immune-Mediated Diseases Group, Galicia Sur Health Research Institute , Vigo",1
"Intensive Care Unit, Hospital Universitario Virgen de las Nieves, Granada, Spain",1
"Integrative Pharmacology & Systems Neuroscience Group, IMIM (Hospital Del Mar Medical Research Institute), Barcelona, Spain",1
"Intensive Care Unit, Hospital Universitario y Politécnico La Fe, Valencia, Spain",1
"Investigación Biomédica en Red de Salud Mental (CIBERSAM), Barcelona, Spain",1
"Interventional Radiology Unit, Department of Radiology, The Netherlands Cancer Institute, Amsterdam, The Netherlands",1
"Integrative Pharmacology and Systems Neuroscience Group Institut Municipal Investigació Mèdica (IMIM), Hospital del Mar  Barcelona Spain",1
"Interventional Radiology Unit, Department of Radiology, Hospital Universitari I Politècnic La Fe, València, Spain",1
"Integrative Pharmacology and Systems Neuroscience Group, Hospital del Mar Research Institute, Barcelona, Spain",1
"Intensive Care Unit, Hospital Universitario de la Ribera, Valencia, Spain",1
"Integrative Pharmacology and Systems Neuroscience, Neuroscience Research Program, Hospital del Mar Research Institute, Barcelona, Spain.",1
"Integrative Pharmacology and Systems Neuroscience, Neuroscience Research Program, Hospital del Mar Research Institute, Barcelona, Spain. Electronic address: probledo@researchmar.net.",1
Investigation Unit Hospital Universitario de Gran Canaria Dr. Negrín  Las Palmas Spain,1
"Medical Oncology, Hospital Universitario San Jorge, Huesca, Spain",1
"Medical Oncology, Hospital Universitario Ramón y Cajal, Madrid, Spain",1
"Medical Oncology, Hospital Universitario Quirónsalud, Madrid, Spain",1
"Medical Oncology, Hospital Universitario Nuestra Señora de Valme, 41014 Sevilla, Spain",1
"Medical Oncology, Hospital Universitario Lucus Augusti, 27003 Lugo, Spain",1
"Medical Oncology, Hospital Universitario La Paz, IdiPAZ, 28029 Madrid, Spain",1
"Medical Oncology, Hospital Universitario Insular de Gran Canaria, 35016 Las Palmas de Gran Canaria, Spain",1
"Medical Oncology, Hospital Universitario Infanta Sofía, Madrid, Spain",1
"Medical Oncology, Hospital Universitari del Mar-CIBERONC, 08003 Barcelona, Spain",1
"Medical Oncology, Hospital Universitari Son Espases, Palma de Mallorca, Spain",1
"Medical Oncology, Hospital Quirónsalud Sagrado Corazón, Sevilla, Spain",1
"Medical Oncology, Hospital Marqués de Valdecilla, 39008 Santander, Spain",1
"Medical Oncology, Hospital Marina Baixa de Villajoyosa, Alicante, Spain",1
"Instituto de Biomedicina de Sevilla, IBiS-CSIC, CIBERSAM, University Hospital Virgen del Rocio, Department of Psychiatry, University of Seville, Spain",1
"Medical Oncology, Hospital General Universitario de Elche, Alicante, Spain",1
"Medical Oncology, Hospital Del Mar, IMIM, Barcelona, Spain",1
"Medical Oncology, Hospital Clínico Universitario San Carlos, Madrid, Spain",1
"Medical Oncology, Hospital Clínico Universitario Lozano Blesa, Zaragoza, Spain",1
"Medical Oncology, Hospital Clínico San Carlos, Madrid, Spain",1
"Medical Oncology, Hospital Clínico San Carlos, 28040 Madrid, Spain",1
"Medical Oncology, Hospital Clínic, Barcelona, Spain",1
"Medical Oncology, Fundación Jiménez Díaz, Madrid, Spain",1
"Medical Oncology, Complexo Hospitalario de Ourense, Ramón Puga, 54, 32003, Orense, Spain",1
"Medical Oncology, Complejo Hospitalario Universitario de Santiago de Compostela, La Coruña, Spain",1
"Medical Oncology, Complejo Hospitalario Universitario de Pontevedra, Pontevedra, Spain",1
"Medical Oncology, Clínica Universidad de Navarra, Madrid, Spain",1
"Medical Oncology, Centro Oncológico A Coruña, Coruña, Spain",1
"Medical Oncology, Hospital Lluís Alcanyís de Xàtiva, Xátiva, Spain",1
"Medicina Familiar y Comunitaria, Centro de Salud Comillas, Madrid, España",1
"Medicina Familiar y Comunitaria, Castellón, España",1
"Medicina Familiar y Comunitaria, Alicante, España",1
"Medical Oncology Department, Hospital de Granollers , Barcelona, Spain",1
"Medical Technology Department, Hospital de La Santa Creu I Sant Pau, Barcelona, Spain",1
"Medical Science Department, School of Medicine, University of Girona, Girona, Spain",1
"Medical Science Department, School of Medicine University of Girona Girona Spain",1
"Medical Research Institute (IMIM), Barcelona, Spain",1
"Medical Oncology. Hospital Clínico Universitario de Valencia, Instituto de Investigación Sanitaria-INCLIVA, Valencia, Spain",1
"Medical Oncology, University Hospital A Coruña (XXIAC-SERGAS), 15006 A Coruña, Spain",1
"Medical Oncology, MD Anderson Cancer Center, Madrid, Spain",1
"Medical Oncology, Instituto Maimónides de Investigación Biomédica, Hospital Reina Sofía, Universidad de Córdoba",1
"Medical Oncology, Hospitales Universitarios Regional y Virgen de la Victoria, IBIMA, Málaga, Spain",1
"Medical Oncology, Hospital Universitario Son Espases, Mallorca, Spain",1
"Medical Oncology, Hospital del Mar, Barcelona, Spain",1
"Medical Oncology, Hospital del Henares, Madrid, Spain",1
"Medical Oncology, Hospital Universitario y Politécnico La Fe, Valencia, Spain",1
"Medical Oncology, Hospital Universitario i Politècnic la Fe, Valencia, Spain",1
"Medical Oncology, Hospital Universitario de Jaén, Jaén, Spain",1
"Medical Oncology, Hospital Universitario de Fuenlabrada, Madrid, Spain",1
"Medical Oncology, Hospital Universitario Virgen del Rocío, Sevilla, Spain",1
"Medical Oncology, Hospital Universitario Virgen de la Victoria, Málaga, Spain",1
"Medical Oncology, Hospital Universitario Virgen de Valme, Sevilla, Spain",1
"Medical Oncology, Hospital Universitario Virgen de La Macarena, Medicine Department-Universidad de Sevilla, Sevilla, Spain",1
"Medical Oncology, Hospital Universitario Txagorritxu, Araba, Spain",1
"Medical Oncology, Hospital Universitario Torrecárdenas, Almería, Spain",1
"Medical Oncology, Hospital Universitario Son Llàtzer, Palma, Palma de Mallorca, Islas Baleares, Spain",1
"Medical Oncology, Hospital Álvaro Cunqueiro, Vigo, Spain",1
"Medical Oncology Service, Hospital Provincial de Castellón, Castellón, Spain.",1
"Medical Oncology Service, Hospital Provincial de Castellón, Castellón, Spain",1
"Medical Oncology Service, Hospital Miguel Servet, Zaragoza, Spain.",1
"Medical Oncology Service, Hospital Miguel Servet, Zaragoza, Spain",1
"Medical Oncology Service, Hospital Lucus Augusti, Lugo, Spain.",1
"Medical Oncology Service, Hospital Lucus Augusti, Lugo, Spain",1
"Medical Oncology Service, Hospital General Universitario Gregorio Marañón, Instituto de Investigación Sanitaria Gregorio Marañón (IiSGM), CIBERONC, Geicam, Universidad Complutense, Madrid, Spain",1
"Medical Oncology Service, Hospital Clinico San Carlos, Madrid, Spain.",1
"Medical Oncology Service, Hospital Clinico San Carlos, Madrid, Spain",1
"Medical Oncology Service, Hospital Clinic de Barcelona, Barcelona, Spain.",1
"Medical Oncology Service, Hospital Clinic de Barcelona, Barcelona, Spain",1
"Medical Oncology Intercenter Unit, Regional and Virgen de La Victoria University Hospitals, IBIMA, Malaga, Spain",1
"Medical Oncology Intercenter Unit, Hospitales Universitarios Regional y Virgen de la Victoria de Málaga , IBIMA-Plataforma BIONAND, Málaga ,",1
"Medical Oncology, Centro Integral Oncológico Clara Campal, Madrid, Spain",1
"Medical Oncology Department. Hospital, Univeristari i Politècnic La Fe, Valencia, Spain.",1
"Medical Oncology Department. Hospital Universitario 12 de Octubre , Madrid, Spain",1
"Medical Oncology Department, Virgen del Rocío University Hospital, Biomedicine Institute of Sevilla (IBIS), University of Sevilla, Sevilla, Spain",1
"Medical Oncology Department, Vall Hebron University Hospital, Vall Hebron Institute of Oncology, IOB Quiron-Teknon , Barcelona, Spain",1
"Medical Oncology Department, University Hospital “Fundación Jiménez Díaz”, UAM, E-28040 Madrid, Spain",1
"Medical Oncology Department, University Hospital Severo Ochoa, Madrid, Spain",1
"Medical Oncology Department, University Hospital Lozano Blesa, Health Research Institute of Aragon (IIS Aragón), Zaragoza, Spain",1
"Medical Oncology Department, La Paz University Hospital, Hospital La Paz Health Research Institute (IdiPAZ), Center for Biomedical Network Research on Cancer (CIBERONC), Madrid, Spain",1
"Medical Oncology Department, La Fe University and Polytechnic Hospital, Valencia, Spain",1
"Medical Oncology Department, Instituto de Investigacion Sanitaria Imas12, Hospital Universitario 12 de Octubre, Madrid, Spain",1
"Medical Oncology Department, Instituto Valenciano de Oncología (IVO), València, Spain",1
"Medical Oncology Department, Instituto Maimónides de Investigación Biomédica de Córdoba (IMIBIC)–Hospital Universi-tario Reina Sofía, Universidad de Córdoba, Av. Menendez Pidal, S/N, Córdoba, 14004, Spain",1
"Medical Oncology Department, Institut Català d’Oncología, Insitut d’Investigació Biomèdica Bellvitge, Barcelona, Spain",1
"Medical Oncology Departments, Hospital Clínic of Barcelona, Translational Genomics and Targeted Therapeutics in Solid Tumors Group, IDIBAPS, University of Barcelona, Barcelona, Catalonia, Spain",1
"Medical Oncology, B-ARGO Group, Catalan Institute of Oncology, Hospital Universitari Germans Trias I Pujol, Badalona, Spain",1
"Medical Oncology Unit, Complexo Hospitalario Universitario de Ourense, Ourense, Spain",1
"Medical Oncology Unit, Complejo Hospitalario Universitario A Coruña, A Coruña, Spain",1
"Medical Oncology Service, Institut Català d'Oncologia, Hospitalet de Llobregat, Spain",1
"Medical Oncology Service, Institut Català d'Oncologia, Hospitalet de Llobregat, Barcelona, Spain.",1
"Medical Oncology Service, Institut Català d'Oncologia, Badalona, Spain.",1
"Medical Oncology Service, Institut Català d'Oncologia Girona, Girona, Spain.",1
"Medical Oncology Service, Institut Català d'Oncologia Girona, Girona, Spain",1
"Medical Oncology Service, Institut Català d'Oncologia Girona, Badalona, Spain",1
"Medical Oncology Service, Hospital del Mar, Barcelona, Spain.",1
"Medical Oncology Service, Hospital del Mar, Barcelona, Spain",1
"Medical Oncology Service, Hospital de la Santa Creu I Sant Pau, Barcelona, Spain.",1
"Medical Oncology Service, Hospital de la Santa Creu I Sant Pau, Barcelona, Spain",1
"Medical Oncology Service, Hospital Ramón y Cajal, Madrid, Spain",1
"Medical Oncology Service, Hospital Virgen del Rocio, Sevilla, Spain",1
"Medical Oncology Service, Hospital Universitario Virgen Macarena, Sevilla, Spain",1
"Medical Oncology Service, Hospital Universitario La Fe, Valencia, Spain.",1
"Medical Oncology Service, Hospital Universitario La Fe, Valencia, Spain",1
"Medical Oncology Service, Hospital Universitario Fundación Alcorocón, Alcorcón, Spain",1
"Medical Oncology Service, Hospital Universitario Fundación Alcorcón, Alcorcón, Spain.",1
"Medical Oncology Service, Hospital Universitario Basurto (OSI Bilbao-Basurto), Avda. Montevideo 18, 48013, Bilbao, Bisczy, Spain",1
"Medical Oncology Service, Hospital Universitario 12 de Octubre, Madrid, Spain.",1
"Medical Oncology Service, Hospital Universitario 12 de Octubre, Madrid, Spain",1
"Medical Oncology Service, Hospital Son Espases, Palma de Mallorca, Spain.",1
"Medical Oncology Service, Hospital Son Espases, Palma De Mallorca, Spain",1
"Medical Oncology Service, Hospital Sant Joan de Reus, Reus, Spain.",1
"Medical Oncology Service, Hospital Sant Joan de Reus, Reus, Spain",1
"Medical Oncology Service, Hospital Ramón y Cajal, Madrid, Spain.",1
"Medical Oncology Service, Hospital Virgen del Rocio, Seville, Spain.",1
"Navarra Institute for Health Research (IdiSNA), 31008 Pamplona, Spain",1
"Navarra Health Service Hospital, Pamplona, Spain",1
"National Transplant Organization, Madrid, Spain",1
"National Centre for Epidemiology, Institute of Health Carlos III, Madrid, Comunidad de Madrid, Spain",1
"NCI-NIH - National Cancer Institute [Bethesda] (BG 9609 MSC 9760, 9609 Medical Center Drive, Bethesda, MD 20892-9760 - États-Unis)",1
"Médecins Sans Frontières, 08005 Barcelona, Spain",1
"MutuaTerrassa Research and Innovation Foundation, HIV/AIDS Unit Hospital Universitari MutuaTerrassa, University of Barcelona, Barcelona, Catalonia, Spain",1
"Musculoskeletal Unit, Radiodiagnostic Department, Hospital del Mar, Barcelona, Spain",1
"Musculoskeletal Research Unit, Hospital del Mar Research Institute (IMIM), Barcelona, Spain",1
"Musculoskeletal Research Unit (IMIM) and CIBERFES, Universitat Autònoma de Barcelona, Barcelona, Spain",1
"Musculoskeletal Radiology Unit, Department of Radiology, Hospital del Mar, Barcelona, Spain",1
"Musculoskeletal Radiology Department, Hospital del Mar-Parc de Salut Mar , Barcelona, Spain",1
"Multiple Sclerosis Unit, Hospital de Sant Joan Despí Moisès Broggi, Barcelona, Spain",1
"Medicina Familiar y Comunitaria, Centro de Salud Corredoria, Oviedo, Asturias, España",1
"Multiple Sclerosis Unit, Hospital Universitari Vall Hebrón, Barcelona, Spain",1
"Multiple Sclerosis Unit, Hospital Universitari Germans Trias i Pujol, Badalona, Barcelona, Spain",1
"Multiple Sclerosis Unit, Hospital Universitari Arnau de Vilanova, Lleida, IRBLLEIDA, Spain",1
"Multiple Sclerosis Unit, Hospital Clínic, Barcelona, Spain",1
"Multidisciplinary Spanish Group of Digestive Cancer (GEMCAD), La Paz University Hospital, IDIPAZ, CIBERONC, Cathedra UAM-AMGEN, Madrid, Spain",1
"Multidisciplinary Epilepsy Unit, Hospital Universitario y Politécnico La Fe, Valencia, Spain",1
"Multidisciplinary Epilepsy Unit, Hospital Universitario y Politécnico La Fe , Valencia, Spain",1
"Movement Disorders Unit, Pediatric Neurology Department Institut de Recerca, Hospital Sant Joan de Déu Barcelona Barcelona Spain",1
"Monoclonal Antibodies Unit, Spanish National Cancer Research Center (Centro Nacional de Investigaciones Oncologicas, CNIO), Melchor Fernandez Almagro 3, 28029 Madrid, Spain",1
"Molecular Therapeutics Program, Centro de Investigación Médica Aplicada, Universidad de Navarra, 28040 Pamplona, Spain",1
"Molecular Oncology Laboratory, Fundación Para La Investigación Del Hospital General Universitario De Valencia, Valencia, Spain",1
"Molecular Modeling Group, Centro de Biología Molecular Severo Ochoa, CBMSO Conexión Cáncer, (CSIC-UAM), Madrid, Spain",1
"Molecular Cytogenetics and Hematological Cytology Laboratories, Pathology Department, Hospital del Mar, 08003 Barcelona, Spain",1
"Multiple Sclerosis Unit, Hospital Universitari de Girona Doctor Josep Trueta, Girona, Spain",1
"Nephrology Department, H Bellvitge , Hospitalet de Llobregat ,",1
"Nephrology Department, Gregorio Marañón Hospital, 28007 Madrid, Spain",1
"Nephrology Department, General Hospital, Oviedo, Spain",1
"Nephrology Department, Fundación Alcorcón, 28922 Alcorcón, Spain",1
"Nephrology Department, Fundacio Puigvert, Barcelona, Spain",1
"Nephrology Department, Dr. Josep Trueta Hospital, 17007 Gerona, Spain",1
"Nephrology Department, Donation and Transplantation Coordination Unit, Hospital Universitario 12 de Octubre, Madrid, Spain",1
"Nephrology Department, Donation and Transplantation Coordination Unit, Hospital General Universitario de Alicante, Alicante, Spain",1
"Nephrology Department, Córdoba Hospital, 14071 Córdoba, Spain",1
"Nephrology Department, Corporació Sanitaria Parc Taulí, 08208 Sabadell, Spain",1
"Nephrology Department, Corporació Sanitaria Parc Taulí, 08208 Barcelona, Spain",1
"Nephrology Department, Complejo Asistencial de Palencia, Palencia, Spain",1
"Nephrology Department, Bellvitge Hospital, 08907 Hospitalet Llobregat, Spain",1
"Navarra Institute for Health Research (IdiSNA), Pamplona, Navarra, Spain",1
Nephrology Department Parc de Salut Mar Barcelona Spain,1
Nephrology Department Hospital del Mar Barcelona Spain,1
Nephrology Department Hospital Germans Trias i Pujol Badalona Spain,1
"Nephrology Department , Hospital del Mar, Barcelona , Spain",1
"Nephrology Department , Hospital Universitario 12 de Octubre, Madrid , Spain",1
"Neonatology Service Hospital Clínic-Maternitat, ICGON, BCNatal, Carrer Sabino Arana 1, 08028, Barcelona, Spain",1
"Navarro Health Service., Primary Care Pamplona, Plaza de la Paz s/n., Navarra, 31002 Spain",1
"Navarrabiomed‐Complejo Hospitalario de Navarra‐Universidad Pública de Navarra, IdiSNA  Pamplona Spain",1
"Navarrabiomed, IDISNA, Pamplona, Spain",1
"Navarra's Health Research Institute (IdiSNA), Pamplona, Spain;",1
"Navarra's Health Research Institute (IdiSNA), Pamplona, Spain",1
"Navarra Public Health Institute, Pamplona, Spain",1
"Navarra Public Health Institute, IdiSNA , C. de Irunlarrea, 3, 31008, Pamplona , Spain",1
"Nephrology Department, Alicante General University Hospital, Alicante, Spain",1
"Member of ERN EPICARE, Hospital Universitario y Politécnico La Fe, Valencia, Spain",1
"Member of ERN EPICARE, Hospital Universitario del Mar, Barcelona, Spain",1
Member Research Group GRISIMula (Grupo emergente 2017 SGR 531; Grupo en Recerca Enfermera en Simulación)  Barcelona Spain,1
"Member Research Group GRIN (Grupo consolidado de recerca Infermeria, SRG:664)  Barcelona Spain",1
"Medtronic Iberia, S.A., Madrid, Spain",1
"Medicine, University of Cantabria",1
Medicine and Psychiatry Department,1
"Medicine and Medical Specialties Department, Faculty of Medicine and Health Sciences, University of Alcalá de Henares, Alcalá de Henares, Spain",1
"Medicine and Life Sciences department, Universitat Pompeu Fabra (UPF), Barcelona, Spain",1
"Medicine Genetics Group, Vall d'Hebron Institut de Recerca (VHIR), Vall d'Hebron Barcelona Hospital Campus, Barcelona, Spain",1
"Medicine Faculty. Universidad Francisco de Vitoria. Madrid. Spain Colorectal Surgery Unit, Hospital Universitario Son Espases, Mallorca Spain",1
"Medicine Faculty, Universidad Francisco de Vitoria , Madrid , Spain",1
"Medicine Department. Universidad de Barcelona  Calle Gran Via de les Corts Catalanes, 585. Barcelona 08007 Spain",1
"Molecular Cytogenetics Laboratory. Pathology Service, Hospital del Mar, Barcelona, Spain",1
"Medicine Department, Faculty of Medicine, University of Barcelona, Spain",1
"Medicine Department, Facultad de Medicina, Universidad Autónoma de Madrid, IDIPHISA , Madrid ,",1
"Medicina de familia, centro de Salud de Marín, Pontevedra, Spain",1
"Medicina de Familia y Comunitaria, Research Programme on Biomedical Informatics (GRIB), Instituto Hospital del Mar de Investigaciones Médicas, Barcelona, España",1
"Medicina de Familia y Comunitaria, Centro de Salud de A Guarda, A Guarda, Pontevedra, España",1
"Medicina de Familia y Comunitaria, Centro de Salud Santa Isabel, Madrid, España",1
"Medicina Preventiva y Salud Pública, Universidad Rey Juan Carlos, Móstoles, Madrid, España",1
"Medicina Nuclear, Hospital del Mar, Barcelona, Spain.",1
"Medicina Nuclear, Hospital del Mar, Barcelona, España",1
"Medicina Nuclear, Hospital QuironSalud Barcelona, Barcelona, Spain. Electronic address: pedro.plaza@quironsalud.es.",1
"Medicina Nuclear, Hospital QuironSalud Barcelona, Barcelona, España",1
"Medicina Familiar y Comunitaria. Centro de Salud Algete, Algete, Madrid, España",1
"Medicina Familiar y Comunitaria, Centro de Salud Vielha, Vielha, Lleida, España",1
"Medicine Department, Universidad Complutense de Madrid, Madrid, Spain",1
"Molecular Cytogenetics Laboratory, Pathology Department Hospital del Mar and Translational Research on Hematological Neoplasms Group, Hospital del Mar Research Institute (IMIM) Barcelona Spain",1
"Molecular Biology CORE and Pathology Department, Hospital Clínic Barcelona, Barcelona, Spain",1
"Molecular Biology CORE (CDB), Hospital Clínic de Barcelona, Barcelona, Spain",1
Modelo predictivo de riesgo Resección pulmonar anatómica Cirugía torácica Cirugía mínimamente invasiva Riesgo quirúrgico Morbimortalidad posquirúrgica,1
"Mixed Unit TRIAL, (Príncipe Felipe Research Centre & Fundación Para La Investigación Del Hospital General Universitario De Valencia), Valencia, Spain",1
"Ministry of Health of the Basque Government , Sub Directorate for Public Health and Addictions of Gipuzkoa, 20013 San Sebastian , Spain",1
"Miguel Servet University Hospital, Zaragoza, Spain",1
"Miguel Hernandez University ISABIAL‐FISABIO, Avda Pintor Baeza  12 HGUA. Centro de Diagnóstico., Planta 5ª. Alicante 03010 Spain",1
Miembro del Grupo de Trabajo de Innovación Tecnológica y Sistemas de Información de la semFYC,1
"Microbiología-CATLAB, Hospital Universitari Mútua Terrassa , Barcelona , Spain",1
"Microbiology Department, Hospital Universitari I Politecnic La Fe, Valencia, Spain",1
"Microbial Genomics Group, IrsiCaixa—Institut de Recerca de la SIDA , Badalona, Spain",1
"Methodology, Quallity and Nursing Research Department, Consorci Parc de Salut MAR de Barcelona, Barcelona, Spain; Research group in nursing care (GRECI), Hospital del Mar Institute of Medical Research (IMIM), Barcelona, Spain. Electronic address: 88119@parcdesalutmar.cat.",1
"Memory Unit, Department of Neurology, Hospital Universitario Juan Ramón Jiménez, Huelva, Spain",1
"Methodology, Quallity and Nursing Research Department, Consorci Parc de Salut MAR de Barcelona , Barcelona, España",1
"Methodological and Biostatistical Advisory Service. Hospital del Mar Research Institute, Barcelona, Catalonia, Spain",1
"Metabolism Unit, Maimonides Biomedical Research Institute of Cordoba (IMIBIC), Reina Sofia University Hospital, University of Córdoba, Córdoba, Spain",1
"Merck Sharp & Dohme. Madrid, Spain",1
"Merck Sharp & Dohme Calle de Josefa Valcárcel, 38, 28027, Madrid",1
"Merck S.L.U., an Affiliate of Merck KGaA, Madrid, Spain",1
"Mental Health, Institut d'Investigació Biomèdica Sant Pau (IIB SANT PAU), Barcelona, Spain.",1
"Mental Health Institute, Hospital del Mar, Hospital del Mar Research Institute (IMIM), Centro de Investigación Biomédica en Red (CIBERSAM)",1
"Mental Health Institute, Hospital del Mar Research Institute, Barcelona, Spain; Centro de Investigación Biomédica en Red, Área de Salud Mental (CIBERSAM), Madrid, Spain; Department of Medicine and Life Sciences (MELIS), Pompeu Fabra University, Barcelona, Spain.",1
"Mental Health Institute, Hospital del Mar Research Institute, Barcelona, Spain; Centro de Investigación Biomédica en Red, Área de Salud Mental (CIBERSAM), Madrid, Spain. Electronic address: fcasanovas@psmar.cat.",1
"Mental Health Institute, Hospital del Mar Research Institute, Barcelona, Spain; Centro de Investigación Biomédica en Red, Área de Salud Mental (CIBERSAM), Madrid, Spain.",1
"Mental Health Institute, Hospital del Mar Research Institute, Barcelona, Spain.",1
"Mental Health & Addiction Research Group, IdiBGi, Institut d'Assistencia Sanitària, Girona, Spain",1
"Memory Unit, Department of Neurology, Hospital de la Santa Creu i Sant Pau, Biomedical Research Institute Sant Pau, Sant Antoni Maria Claret, 167, 08025, Barcelona, Spain",1
"Methodology, Quallity and Nursing Research Department, Consorci Parc de Salut MAR de Barcelona, Barcelona, Spain.",1
"Medical Department Roche, Madrid, Spain",1
"Medical Biochemistry and Molecular Biology and Immunology, Virgen Macarena University Hospital, Sevilla, Seville, Spain",1
"Medical Affairs Department, Roche Farma S.A., 28042 Madrid, Spain",1
"Medica Scientia Innovation Research (MedSIR), Barcelona, Spain",1
"Medica Scientia Innovation Research (MEDSIR), Barcelona, Spain, and Ridgewood, New Jersey, USA",1
"Medica Scientia Innovation Research (MEDSIR), Barcelona, Spain and Ridgewood, NJ, United States",1
"Medica Scientia Innovation Research (MEDSIR) - Oncoclínicas & Co, Jersey City, USA, Sao Paulo, Brazil; Hospital Arnau de Vilanova, FISABIO, Valencia; Universidad Católica de Valencia, Valencia, Spain. Electronic address: antoniollombart@medsir.org.",1
"Medica Scientia Innovation Research (MEDSIR) , Ridgewood, NJ , USA",1
"Medica Scientia Innovation Research (MEDSIR) , Ridgewood NJ , USA",1
"Medica Scientia Innovation Research (MEDSIR) , Barcelona , Spain",1
"MedBioinformatics Solutions SL, Barcelona, Spain",1
"Maria Roviralta-Vilella, MSc, RN, Parc de Salut Mar de Barcelona, Barcelona, Spain",1
"Mar School of Nursing, Universitat Pompeu Fabra, Barcelona, Spain",1
"Medical Oncology Department, Institut Català d’Oncologia L’Hospitalet, L’Hospitalet de Llobregat, Barcelona, Spain",1
"Management and Control Department, Hospital del Mar Barcelona, Barcelona, Spain",1
Management and Control Department Consorci Mar Parc de Salut de Barcelona  Barcelona Spain,1
"Management Control Department, Hospital Universitario 12 de Octubre, Madrid, Spain",1
"Mallafre Guasch 4, 43007. Tarragona (Spain",1
"Maimónides Institute for Biomedical Research of Cordoba (IMIBIC), Reina Sofía University Hospital, University of Cordoba, Cordoba, Spain",1
"Maimonides Institute of Biomedical Research of Cordoba (IMIBIC), Reina Sofia University, Hospital University of Cordoba, 14004 Cordoba, Spain",1
"Maimonides Institute for Biomedical Research of Cordoba (IMIBIC), Reina Sofia University Hospital (HURS), Cordoba, Spain",1
"Magnetic Resonance Imaging, Core Facility, IDIBAPS , Barcelona 08036 , Spain",1
"Magnetic Resonance Imaging Core Facility, Institut d’Investigacions Biomèdiques August Pi i Sunyer (IDIBAPS) , Barcelona 08036 , Spain",1
"Magnetic Resonance Image Core Facility, Institut d'Investigacions Biomèdiques August Pi i Sunyer (IDIBAPS), Barcelona, Spain",1
"Madrid Health Service, Primary Care Research Unit Calle San Martín de Porres  Madrid Spain",1
"Madrid -Spain Hospital Universitario del Mar,",1
"MRI Research Unit, Department of Radiology, Hospital del Mar, Passeig Marítim 25-29. , 08003, Barcelona, Spain",1
"Management and Control Department, Hospital del Mar, Barcelona, Spain; Department of Medicine and Life Sciences, Universitat Pompeu Fabra, Barcelona, Spain.",1
"Medical Oncology Department, Complejo Hospitalario de Jaén, Jaén, Spain",1
"Medical Oncology Department, Complejo Hospitalario de Burgos -Hospital General Yagüe, Burgos, Spain",1
"Medical Oncology Department, Complejo Hospitalario Universitario de Ourense, Orense, Spain",1
"Medical Oncology Department, Complejo Hospitalario Universitario de Orense, Orense, Spain.",1
"Medical Oncology Department, Complejo Hospitalario Universitario de A Coruña, A Coruña, Spain",1
"Medical Oncology Department, Complejo Asistencial Universitario de Salamanca, Salamanca, Spain.",1
"Medical Oncology Department, Complejo Asistencial Universitario de Salamanca - ISBAL, Salamanca, Spain",1
"Medical Oncology Department, Complejo Asistencial Universitario de Salamanca - IBSAL, Salamanca, Spain",1
"Medical Oncology Department, Centro Integral Oncológico Clara Campal HM Delfos, 08023 Barcelona, Spain",1
"Medical Oncology Department, Catalan Institute of Oncology, L'Hospitalet de Llobregat, Barcelona, Spain",1
"Medical Oncology Department, Catalan Institute of Oncology, Barcelona, Spain.",1
"Medical Oncology Department, Catalan Institute of Oncology - Badalona, B-ARGO Group, IGTP, Barcelona, Spain",1
"Medical Oncology Department, Catalan Institute of Oncology (ICO), L’Hospitalet, Spain",1
"Medical Department, AstraZeneca Farmacéutica Spain S.A., Madrid, Spain",1
"Medical Oncology Department, CHUAC - Complexo Hospitalario Universitario A Coruña, A Coruña, Spain",1
"Medical Oncology Department, A Coruña University Hospital, Biomedical Research Institute of A Coruña (INIBIC), A Coruña, Spain",1
"Medical Oncology Department,  Hospital Clínic de Barcelona, IDIBAPS, University of Barcelona, Barcelona, Spain",1
Medical Oncology Department Vall d'Hebron University Hospital and Institute of Oncology Barcelona Spain,1
Medical Oncology Department Instituto Valenciano de Oncología – IVO  Valencia Spain,1
"Medical Oncology Department Institut Català d'Oncologia ‐ ICO, L'Hospitalet de Llobregat, IDIBELL  Barcelona Spain",1
"Medical Oncology Department (IOR), Hospital Dexeus, Barcelona, Spain",1
Medical Oncology,1
"Medical Intensive Care Unit, Hospital Clínic de Barcelona, IDIBAPS, Barcelona, Spain",1
"Medical Director, Hospital Igualada, Igualada, Spain",1
"Medical Department, Roche Farma, Madrid, Spain",1
"Medical Department, Pfizer, Madrid, Spain",1
"Medical Department, GlaxoSmithKline S.A, Madrid, 10 Spain",1
"Medical Oncology Department, Catalan Institute of Oncology (ICO), Barcelona, Spain",1
"Lipid Clinic, Department of Endocrinology and Nutrition, Institut d'Investigació Biomédiques August Pi Sunyer (IDIBAPS), Hospital Clinic, Barcelona, Spain",1
"Lipid Clinic, Department of Endocrinology and Nutrition, Agust Pi i Sunyer Biomedical Research Institute (IDIBAPS), Hospital Clinic, University of Barcelona, Barcelona, 08036 Spain",1
"Lipid Clinic, Department of Endocrinology and Nutrition, Agust Pi i Sunyer Biomedical Research Institute (IDIBAPS) Hospital Clinic, University of Barcelona  Barcelona 08036 Spain",1
"Lipid Clinic Department of Endocrinology and Nutrition Institut d'Investigacions Biomèdiques August Pi Sunyer (IDIBAPS) Hospital Clínic  Carrer del Rosselló, 149. Barcelona 08036 Spain",1
"Laboratory of Neuropharmacology-Neurophar, Department of Medicine and Life Sciences, Universitat Pompeu Fabra (UPF), Barcelona, Spain",1
"Laboratory of Neuropharmacology-Neurophar, Department of Experimental and Health Sciences, Universitat Pompeu Fabra (UPF), Barcelona, Spain",1
"Laboratory of Neuropharmacology-Neurophar, Department of Experimental and Health Sciences, Universitat Pompeu Fabra (UPF), Barcelona,  Catalonia, Spain",1
"Laboratory of Neuropharmacology, Department of Medicine and Life Sciences,  University Pompeu Fabra, Barcelona, Spain",1
"Laboratory of Neuropharmacology, Department of Experimental and Health Sciences, Universitat Pompeu Fabra, Barcelona, Spain",1
"Laboratory of Molecular Oncology, Pediatric Cancer Center Barcelona, Hospital Sant Joan de Déu, Barcelona, Spain",1
"Laboratory of Molecular Biology, Department of Pathology, Hospital del Mar, 08003 Barcelona, Spain",1
"Laboratory of Inflammatory Diseases, Hospital de la Santa Creu I Sant Pau, Biomedical Research Institute Sant Pau (IIB Sant Pau), 08041 Barcelona, Spain",1
"Laboratory of Immunogenetics of Human Diseases, IdiPAZ Institute for Health Research, University Hospital \La Paz\, Madrid, Spain",1
"MRI Research Unit, Department of Radiology, Hospital del Mar, Barcelona, Spain",1
"Laboratory Medicine, Arnau de Vilanova University Hospital, Alcalde Rovira Roure, 80, 25198 Lleida, Spain",1
"Laboratory Medicine Department, Hospital Universitario de La Princesa, Madrid, Spain",1
"Laboratory Medicine Department, Hospital Universitario Central de Asturias, 33011 Oviedo, Spain",1
Laboratory Medicine Department Hospital Universitario de La Princesa  Madrid Spain,1
"Laboratorio de Referencia en Resistencia a Antibióticos e Infecciones Relacionadas con la Asistencia Sanitaria, Centro Nacional de Microbiología, CIBERINFEC, Instituto de Salud Carlos III, Madrid, Spain.",1
Laboratorio de Investigación en Plaquetas Instituto de Investigación Sanitaria del Principado de Asturias (ISPA)  Oviedo Spain,1
"Laboratorio de Citología Hematológica, Servicio de Patología GRETNHE, IMIM Hospital del Mar Research Institute  Barcelona Spain",1
"Laboratorio de Citogenética y Biología Molecular Servicio de Hematología, Consorcio Hospital General Universitario  Valencia Spain",1
Laboratorio Central de la CAM‐UR Salud‐Hospital Infanta Sofía  Madrid Spain,1
"Laboratorio Central de la CAM-URSalud-Hospital Infanta Sofía, San Sebastián de los Reyes, Madrid, Spain.",1
"Laboratorio Aterotrombosis, CIMA, Universidad de Navarra, Pamplona, España",1
"Laboratori d’Hematologia, Servei Diagnòstic de Laboratori, Hospital Sant Joan de Déu, Esplugues de Llobregat, 08950 Barcelona, Spain",1
"Laboratori de Referència Sud, Hospital Universitari de Sant Joan, Tarragona, Spain",1
"Laboratory of Clinical Immunology and Microbiology, Division of Intramural Research, NIAID, Bethesda, MD, USA",1
"MIR Psiquiatría, Parc Sanitari Sant Joan de Déu, Sant Boi de Llobregat, Barcelona, España",1
"MD Anderson, 28033 Madrid, Spain",1
"MD Anderson Cancer Center Madrid, Madrid, Spain. Electronic address: egrande@mdanderson.es.",1
"MCS, Laboratory of Medicinal Chemistry, Institute for Advanced Chemistry of Catalonia (IQAC-CSIC), 08034 Barcelona, Spain",1
"MARGenomics, IMIM (Hospital del Mar Research Institute), Barcelona, Spain",1
"Lymphoma Unit, Hematology Department, Institut Català d'Oncologia, Hospital Duran i Reynals, IDIBELL, Av. Gran Via 199-203, 08908, Hospitalet de Llobregat, Barcelona, Spain",1
"Lung Transplant Unit, Hospital Universitario y Politécnico la Fe, Universitat de Valencia, Valencia, Spain",1
"Lozano Blesa University Clinical Hospital, Spain",1
"Liver Unit, ISABIAL, CIBERehd, Hospital General Universitario Dr. Balmis, Alicante, Spain",1
"Liver Unit, Hospital Universitario Bellvitge, IDIBELL, Barcelona, Spain",1
"Liver Unit, Hospital Clinic Barcelona, IDIBAPS, CIBEREHD, Barcelona, Spain",1
Liver Transplantation and Hepatology Unit,1
"Liver Transplant Unit, Complejo Hospitalario Universitario A Coruña, A Coruña, Spain",1
"Lipid Clinic, Endocrinology and Nutrition Department Hospital Clínic  Barcelona Spain",1
"Liver Section, Gastroenterology Department, Hospital del Mar, Barcelona, Spain",1
"Live-Cell Structural Biology. Department of Medicine and Life Sciences, Universitat Pompeu Fabra , Barcelona 08005  Catalonia , Spain",1
"Lipids and Vascular Risk Unit, Internal Medicine, Hospital Universitario de Bellvitge—IDIBELL, Hospitalet de Llobregat, 08907 Barcelona, Spain",1
"Lipids and Vascular Risk Unit, Internal Medicine, Hospital Universitario de Bellvitge-IDIBELL, Hospitalet de Llobregat., Universidad de Barcelona, Carrer de la Feixa Llarga, s/n., 08907 L'Hospitalet de Llobregat, Barcelona, Spain",1
"Lipids and Cardiovascular Risk Unit, Hospital del Mar, Autonomous University of Barcelona, 08003 Barcelona, Spain",1
"Lipids and Atherosclerosis Unit, Department of Internal Medicine, Maimonides Biomedical Research Institute of Córdoba (IMIBIC), Reina Sofía University Hospital, University of Córdoba, Córdoba, Spain",1
"Lipid and Vascular Risk Unit, Department of Internal Medicine, Bellvitge University Hospital, Hospitalet de Llobregat, FIPEC , Barcelona , Spain",1
"Lipid Unit, Hospital Universitario Miguel Servet, Zaragoza, Spain",1
"Lipid Unit, Hospital Universitario Dr. Peset, Valencia, Spain",1
"Lipid Unit, Department of Internal Medicine, IDIBELL-Hospital Universitari de Bellvitge, L'Hospitalet de Llobregat, FIPEC, 08908 Barcelona, Spain",1
Lipid Unit Hospital San Rafael  A Coruña Spain,1
"Lipid Clinic, Endocrinology and Nutrition Service, IDIBAPS, Hospital Clinic, University of Barcelona , Barcelona , Spain",1
"Lipid Clinic, Endocrinology and Nutrition Service, Hospital Clínic, 08036 Barcelona, Spain",1
"Lipid Clinic, Endocrinology and Nutrition Department Hospital Clínic Barcelona Spain",1
"Liver Section, Hospital del Mar, 08003 Barcelona, Spain",1
"Medical Oncology Department, Hospital Universitario de Guadalajara, Madrid, Spain",1
"Medical Oncology Department, Hospital Universitario de Fuenlabrada, Madrid, Spain",1
"Medical Oncology Department, Hospital Universitario de Cabuenes, Gijón, Spain",1
"Medical Oncology Department, Hospital Universitario de Burgos, Castilla y León, Spain",1
"Medical Oncology Department, Hospital Universitario de Basurto, Bilbao, Spain",1
"Medical Oncology Department, Hospital Universitario de Alicante , Alicante, Spain",1
"Medical Oncology Department, Hospital Universitario Virgen de la Victoria, Málaga, Spain",1
"Medical Oncology Department, Hospital Universitario Virgen de La Macarena, Seville, Spain",1
"Medical Oncology Department, Hospital Universitario Vall d'Hebron, Vall Hebron Institute of Oncology (VHIO), Barcelona, Spain",1
"Medical Oncology Department, Hospital Universitario Val d´Hebron, Vall Hebron Institute of Oncology (VHIO), Barcelona, Spain",1
"Medical Oncology Department, Hospital Universitario Son Llatzer, Mallorca, Spain",1
"Medical Oncology Department, Hospital Universitario Son Espases, Palma de Mallorca, Spain",1
"Medical Oncology Department, Hospital Universitario Son Espases, Mallorca, Spain",1
"Medical Oncology Department, Complejo Hospitalario de Navarra , Pamplona, Spain",1
"Medical Oncology Department, Hospital Universitario Santa Creu i Sant Pau, Barcelona, Spain",1
"Medical Oncology Department, Hospital Universitario Santa Creu I Sant Pau, Barcelona, Spain",1
"Medical Oncology Department, Hospital Universitario San Juan de Alicante, Sant Joan d'Alacant, Spain",1
"Medical Oncology Department, Hospital Universitario San Cecilio, Granada, Spain",1
"Medical Oncology Department, Hospital Universitario Río Carrión, Palencia, Spain",1
"Medical Oncology Department, Hospital Universitario Ramón y Cajal, Madrid, Spain",1
"Medical Oncology Department, Hospital Universitario Puerta de Hierro Majadahonda, Madrid, Spain",1
"Medical Oncology Department, Hospital Universitario Nuestra Señora de La Candelaria, Tenerife, Spain",1
"Medical Oncology Department, Hospital Universitario Miguel Servet, Zaragoza, Spain",1
"Medical Oncology Department, Hospital Universitario Miguel Servet, Aragón, Spain",1
"Medical Oncology Department, Hospital Universitario Miguel Servet , Zaragoza, Spain",1
"Medical Oncology Department, Hospital Universitario Marqués de Valdecilla, Santander, Spain.",1
"Medical Oncology Department, Hospital Universitario Marqués de Valdecilla, Santander, Spain",1
"Medical Oncology Department, Hospital Universitario Severo Ochoa, Avda. de Orellana, s/n, 28911, Leganés (Madrid), Spain",1
"Medical Oncology Department, Institut Català d’Oncologia L’Hospitalet, 08908 L’Hospitalet de Llobregat, Spain",1
"Medical Oncology Department, Institut Català d'Oncologia, Hospital Duran i Reynals, Barcelona, Spain",1
"Medical Oncology Department, Institut Català d'Oncologia, Badalona Applied Research Group in Oncology (BARGO), Hospital Universitari Germans Trias i Pujol, Badalona, Barcelona, Spain",1
"Medical Oncology Department, Hospital del Mar-CIBERONC, IMIM Research Institute, Barcelona, Spain",1
"Medical Oncology Department, Hospital del Mar-CIBERONC, E-08003 Barcelona, Spain",1
"Medical Oncology Department, Hospital del Mar, Passeig Maritim 25-29, 08003, Barcelona, Spain",1
"Medical Oncology Department, Hospital del Mar, Center for Biomedical Network Research on Cancer (CIBERONC), Barcelona, Spain",1
"Medical Oncology Department, Hospital del Mar, CIBERONC, IMIM Research Institute, Barcelona, Spain",1
"Medical Oncology Department, Hospital del Mar, Barcelona, Spain.",1
"Medical Oncology Department, Hospital del Mar, 08003, Barcelona, Spain",1
"Medical Oncology Department, Hospital del Mar - Parc de Salut Mar, Barcelona, Spain",1
"Medical Oncology Department, Hospital del Mar - CIBERONC, Barcelona, Spain",1
"Medical Oncology Department, Hospital del Mar , Barcelona, Spain",1
"Medical Oncology Department, Hospital Universitario de Navarra, Instituto de Investigación Sanitaria de Navarra (IdiSNA), Pamplona, Spain",1
"Medical Oncology Department, Hospital de la Santa Creu i Sant Pau, Calalunya, Spain",1
"Medical Oncology Department, Hospital de la Santa Creu I Sant Pau, 08041, Barcelona, Spain",1
"Medical Oncology Department, Hospital de Sant Pau i La Santa Creu, Barcelona, Spain.",1
"Medical Oncology Department, Hospital de Mataró, Barcelona, Spain",1
"Medical Oncology Department, Hospital Virgen de la Victoria, Málaga, Spain",1
"Medical Oncology Department, Hospital Virgen de la Salud, Toledo, Spain",1
"Medical Oncology Department, Hospital Vall D'Hebron, Barcelona, Spain",1
"Medical Oncology Department, Hospital University, Virgen de las Nieves, Granada, Spain",1
"Medical Oncology Department, Hospital University, Virgen Macarena, Seville, Spain",1
"Medical Oncology Department, Hospital University, Regional y Virgen de la Victoria, Málaga, Spain",1
"Medical Oncology Department, Hospital University, Mútua de Terrassa, Barcelona, Spain",1
"Medical Oncology Department, Hospital Universitario, Madrid, Spain",1
"Medical Oncology Department, Hospital Universitario, 12 de Octubre, Madrid, Spain",1
"Medical Oncology Department, Hospital Universitario de Zamora, Zamora, Spain",1
"Medical Oncology Department, Hospital del Mar , Barcelona , Spain",1
"Medical Oncology Department, Hospital General Universitario Morales Meseguer, Murcia, Spain",1
"Medical Oncology Department, Hospital General Universitario Gregorio Marañón, Universidad Complutense, Madrid, Spain",1
"Medical Oncology Department, Hospital Del Mar, Barcelona, Spain",1
"Medical Oncology Department, Hospital Clínico University de Valencia, Valencia, Spain",1
"Medical Oncology Department, Hospital Clínico Universitario San Carlos, Madrid, Spain",1
"Medical Oncology Department, Hospital Clínico San Carlos, Instituto de Investigación Sanitaria del Hospital Clínico San Carlos (IdISSC), CIBERONC, Madrid, Spain",1
"Medical Oncology Department, Hospital Clínico San Carlos, IdISCC, Madrid, Spain.",1
"Medical Oncology Department, Hospital Clínico Lozano Blesa, Zaragoza, Spain",1
"Medical Oncology Department, Hospital Clínico Barcelona , Barcelona , Spain",1
"Medical Oncology Department, Hospital Clinico Universitario Lozano Blesa, Zaragoza, Spain",1
"Medical Oncology Department, Hospital Clinic of Barcelona, Laboratory of Translational Genomics and Targeted Therapies in Solid Tumors, IDIBAPS, 08036 Barcelona, Spain",1
"Medical Oncology Department, Hospital Clinic de Barcelona, Catalunya, Spain",1
"Medical Oncology Department, Hospital Clinic and Translational Genomics and Targeted Therapies in Solid Tumors, IDIBAPS, Barcelona, Spain. epineda@clinic.cat.",1
"Medical Oncology Department, Hospital Universitario Lozano Blesa, Zaragoza, Spain",1
"Medical Oncology Department, H.U. Puerta de Hierro, Madrid, Spain",1
"Medical Oncology Department, Fundación Jiménez Díaz, Madrid, Spain",1
"Medical Oncology Department, Fundación Jiménez Díaz University Hospital, Fundación Jiménez Díaz Health Research Institute (IIS-FJD), Autonomous University of Madrid, Madrid, Spain",1
"Medical Oncology Department, Fundación Instituto Valenciano de Oncología, Valencia, Spain",1
"Medical Oncology Department, Fundación Hospital Alcorcón, Madrid, Spain",1
"Medical Oncology Department, Consorcio Hospitalario Provincial de Castellón, Castellón, Spain",1
"Medical Oncology Department, Consorcio Hospital General Universitario de Valencia, Valencia, Spain",1
"Medical Oncology Department, Consorci Hospital General Universitari de Valencia, Valencia, Spain",1
"Medical Oncology Department, Complexo Hospitalario Universitario, A Coruña, Spain",1
"Medical Oncology Department, Complexo Hospitalario Universitario de Ourense, Ourense, Spain",1
"Medical Oncology Department, Complexo Hospitalario Universitario A Coruña (CHUAC), A Coruña, Spain",1
"Medical Oncology Department, Complejo Hospitalario de Salamanca, Salamanca, Spain",1
"Medical Oncology Department, Complejo Hospitalario de Ourense, Ourense, Spain",1
"Medical Oncology Department, Hospital Arnau de Vilanova - Lleida, Alpicat, Spain",1
"Medical Oncology Department, Hospital Universitario La Paz, Instituto de Investigacion Sanitaria Hospital La Paz (IdiPAZ), Madrid, Spain",1
"Medical Oncology Department, Hospital Universitario La Paz, CIBERONC CB16/12/00398, Paseo de La Castellana, 261, 28046, Madrid, Spain",1
"Medical Oncology Department, Hospital Universitario La Paz , Madrid , Spain",1
"Medical Oncology Department, Hospital Universitario Fundación Alcorcón, Madrid, Spain",1
"Medical Oncology Department, Hospital Universitario Donostia, San Sebastián, Spain",1
"Medical Oncology Department, Hospital Universitario Doce de Octubre, Madrid, Spain",1
"Medical Oncology Department, Hospital Universitario Clínico San Carlos Madrid, Madrid, Spain",1
"Medical Oncology Department, Hospital Universitario Central de Asturias, ISPA, Avenida Roma Sn., CP 33011, Oviedo, Spain",1
"Medical Oncology Department, Hospital Universitario Arnau de Vilanova , Lleida, Spain",1
"Medical Oncology Department, Hospital Universitario A Coruña, A Coruña, Spain",1
"Medical Oncology Department, Hospital Universitario 12 de Octubre, 28041 Madrid, Spain",1
"Medical Oncology Department, Hospital Universitari i Politècnic la Fe, Valencia, Spain",1
"Medical Oncology Department, Hospital Universitari del Mar-CIBERONC, Passeig Marítim 25-29, 08003, Barcelona, Spain",1
"Medical Oncology Department, Hospital General Universitario Virgen de las Nieves, Granada, Spain",1
"Medical Oncology Department, Hospital Universitari Sant Joan de Reus, Reus, Spain",1
"Medical Oncology Department, Hospital Universitari Germans Trias i Pujol , Badalona, Spain",1
"Medical Oncology Department, Hospital Universitari Dr. Josep Trueta, ICO, Girona, Spain",1
"Medical Oncology Department, Hospital Santa Creu I Sant Pau, Barcelona, Spain",1
"Medical Oncology Department, Hospital Sant Joan Despí - Moises Broggi , Barcelona, Spain",1
"Medical Oncology Department, Hospital San \nPedro, Logroño, Spain",1
"Medical Oncology Department, Hospital Ramon y Cajal, Madrid; Alcalá de Henares University, Faculty of Medicine, Madrid.",1
"Medical Oncology Department, Hospital Ramon y Cajal, Madrid.",1
"Medical Oncology Department, Hospital Provincial Castellón, Castelló De La Plana, Spain",1
"Medical Oncology Department, Hospital General Universitario of Elche, Elche, Spain",1
"Medical Oncology Department, Hospital General Universitario de Valencia, Valencia, Spain",1
"Medical Oncology Department, Hospital General Universitario de Valencia, Ciberonc CB16/12/0035, Valencia, Spain",1
"Medical Oncology Department, Hospital General Universitario de Valencia – Ciberonc CB16/12/0035, Valencia, Spain",1
"Medical Oncology Department, Hospital General Universitario de Santa Lucía, Cartagena, Spain",1
"Medical Oncology Department, Hospital Universitari Son Espases, Palma de Mallorca, Spain",1
Hospital Universitario de A Coruña  A Coruña Spain,1
"Hospital Universitario Virgen del Rocío, Seville.",1
"Hospital Universitario Virgen del Rocío, Sevilla, Spain.",1
"Hospital Universitario Virgen del Rocío, Medical Oncology Department, Seville, Spain",1
"Hospital Universitario Virgen del Rocío, Medical Oncology Department , Seville , Spain",1
"Hospital Universitario Virgen del Rocío, Instituto de Biomedicina de Sevilla, IBiS/CSIC Universidad de Sevilla  Sevilla Spain",1
"Hospital Universitario Virgen del Rocío, Hematology Department, Sevilla, Spain",1
"Hospital Universitario Virgen del Rocío, Dermatology Department, Sevilla, Spain",1
Hospital Universitario Virgen del Rocío Sevilla,1
Hospital Universitario Virgen del Rocío  Sevilla Spain,1
Hospital Universitario Virgen del Rocío,1
"Hospital Universitario Virgen del Rocio, Seville, Spain.",1
"Hospital Universitario Virgen del Rocio, Sevilla",1
"Hospital Universitario Virgen del Rocio, 41013 Seville, Spain",1
"Infectious Diseases Department, Hospital del Mar , Barcelona, Spain",1
"Hospital Universitario Virgen de las Nieves, Granada, Spain",1
"Hospital Universitario Virgen de la Victoria, Málaga, España",1
"Hospital Universitario Virgen de la Victoria de Málaga, Málaga, Spain",1
Hospital Universitario Virgen de la Victoria  Málaga Spain,1
"Hospital Universitario Virgen de Valme, Sevilla, Spain. Electronic address: jessique132@gmail.com.",1
"Hospital Universitario Virgen de Valme, Sevilla, Spain. Electronic address: cgsalmones@hotmail.com.",1
"Hospital Universitario Virgen de Valme, Sevilla",1
"Hospital Universitario Virgen de La Victoria, Málaga, Spain",1
"Hospital Universitario Virgen Macarena, Seville, Spain",1
"Hospital Universitario Virgen Macarena, Sevilla, Spain.",1
"Hospital Universitario Virgen Macarena, Sevilla",1
"Hospital Universitario Virgen Macarena, Instituto de Biomedicina de Sevilla IBiS, and Universidad de Sevilla CSIC Andalusia Spain",1
"Hospital Universitario Virgen Macarena , Sevilla , España",1
Hospital Universitario Virgen Macarena,1
"Hospital Universitario Virgen del Rocio, 16885, Sevilla, Andalucía, Spain;",1
"Hospital Universitario de Canarias, Universidad La Laguna, San Cristóbal de La Laguna, Spain",1
"Hospital Universitario de Canarias, Santa Cruz de Tenerife, Spain",1
"Hospital Universitario de Canarias, San Cristóbal de la Laguna, Spain.",1
"Hospital Universitario de Canarias, San Cristóbal de La Laguna, Santa Cruz de Tenerife, Spain",1
"Hospital Universitario de Canarias, La Laguna, Tenerife, Spain",1
"Hospital Universitario de Canarias, La Laguna, Spain",1
"Hospital Universitario de Canarias, Carretera Ofra S/N, 38320 La Laguna, Santa Cruz de Tenerife, Spain.",1
"Hospital Universitario de Canarias, 38320 Santa Cruz de Tenerife, Spain",1
"Hospital Universitario de Canarias, 38320 San Cristóbal de la Laguna, Spain",1
"Hospital Universitario de Canarias , La Laguna, Santa Cruz de Tenerif , Spain",1
Hospital Universitario de Canarias  San Cristóbal de la Laguna Santa Cruz de Tenerife Spain,1
Hospital Universitario de Canarias  San Cristóbal de La Laguna Santa Cruz de Tenerife Spain,1
"Hospital Universitario de Cabueñes, Gijón, Spain",1
"Hospital Universitario de Cabueñes, Gijón, España",1
Hospital Universitario de Alava,1
"Hospital Universitario de Cabueñes Gijón, Asturias, Spain",1
"Hospital Universitario de Burgos, Burgos, España",1
Hospital Universitario de Burgos  Burgos Spain,1
"Hospital Universitario de Belvitge, Barcelona, Spain.",1
"Hospital Universitario de Bellvitge, Dermatology Department, Barcelona, Spain",1
"Hospital Universitario de Bellvitge, Barcelona, Spain.",1
"Hospital Universitario de Bellvitge, Barcelona",1
Hospital Universitario de Bellvitge,1
"Hospital Universitario de Basurto, Bilbao, Spain.",1
"Hospital Universitario de Badajoz, Badajoz, Spain;",1
"Hospital Universitario de Badajoz, Badajoz (Spain)",1
"Hospital Universitario de Araba, Vitoria-Gasteiz, Spain",1
"Hospital Universitario de Araba, Universidad del País Vasco, Vitoria, Álava, Spain",1
"Hospital Universitario de Albacete, Albacete, Spain",1
"Hospital Universitario de Cabueñes, Gijón, Asturias, Spain",1
"Hospital Universitario San Carlos, Madrid, Spain",1
"Hospital Universitario San Agustín, Avilés, Spain",1
"Hospital Universitario Río Hortega de Valladolid, Spain",1
"Hospital Universitario Rey Juan Carlos Móstoles, Spain",1
Hospital Universitario Rey Juan Carlos Mostoles – Dermatology Móstoles  Madrid Spain,1
Hospital Universitario Rey Juan Carlos  Móstoles Spain,1
Hospital Universitario Rey Juan Carlos,1
"Hospital Universitario Reina Sofía-IMIBIC, Cordoba, Spain",1
"Hospital Universitario Reina Sofía-CIBERONC, Cordoba, Spain",1
"Hospital Universitario Reina Sofía, IMIBIC, REDinREN, Córdoba, Spain",1
"Hospital Universitario Reina Sofía, IMIBIC, Córdoba, Spain.",1
"Hospital Universitario Reina Sofía, Córdoba, Spain. Electronic address: doctora1983@gmail.com.",1
"Hospital Universitario Reina Sofía, Cordoba, Spain",1
Hospital Universitario Reina Sofía y Hospital Quirónsalud Córdoba,1
"Hospital Universitario Valle Ebron, Barcelona, Spain",1
Hospital Universitario Reina Sofia,1
"Hospital Universitario Regional y Virgen de la Victoria, Malaga, Spain",1
"Hospital Universitario Ramón y Cajal, RYCIS, Madrid, Spain.",1
"Hospital Universitario Ramón y Cajal, Madrid, Spain.",1
"Hospital Universitario Ramón y Cajal, Madrid",1
"Hospital Universitario Ramón y Cajal, CIBEREHD, IRYCIS, Universidad de Alcalá, Madrid, Spain",1
Hospital Universitario Ramón y Cajal IRYCIS)  Madrid Spain,1
Hospital Universitario Ramón y Cajal,1
"Hospital Universitario Ramón Y Cajal (IRYCIS), Madrid, Spain",1
Hospital Universitario Ramon y Cajal,1
"Hospital Universitario Quirónsalud, Madrid, Spain",1
"Hospital Universitario Quirónsalud, Madrid, España",1
"Hospital Universitario Quirónsalud Madrid, Pozuelo de Alarcón, Madrid, España",1
"Hospital Universitario Quirónsalud Madrid, Madrid, Spain",1
"Hospital Universitario Reina Sofia, 16501, Cordoba, Andalucía, Spain;",1
"Hospital Universitario Vall d’Hebron, Barcelona, Spain",1
"Hospital Universitario Vall d´Hebron, Barcelona, Spain.",1
Hospital Universitario Vall d´Hebron  Barcelona Spain,1
"Hospital Universitario Vall d'Hebrón/VHIO, Hematology Department, Barcelona, Spain",1
"Hospital Universitario Vall d'Hebrón, Barcelona, Spain",1
"Hospital Universitario Vall d'Hebron, Passeig de la Vall d'Hebron, 119-129, 08035, Barcelona, Spain",1
"Hospital Universitario Vall d'Hebron, Barcelona, Spain.",1
"Hospital Universitario Vall d'Hebron, 08035 Barcelona, Spain",1
Hospital Universitario Vall d'Hebron  Barcelona Spain,1
"Hospital Universitario Trias i Pujol, Badalona, Spain",1
"Hospital Universitario Torrejón-Universidad Francisco de Vitoria, Madrid, Spain",1
"Hospital Universitario Torrejón-Universidad Francisco de Vitoria, Madrid",1
Hospital Universitario Torrecárdenas,1
"Hospital Universitario Torrecardenas Almeria, Almeria, Spain",1
"Hospital Universitario San Cecilio, Granada (Spain)",1
"Hospital Universitario Son Llatzer, Mallorca, Spain",1
"Hospital Universitario Son Llatzer, IDISBA  Palma Spain",1
"Hospital Universitario Son Espases-IdISBa-CIBERES, Palma de Mallorca, Spain",1
"Hospital Universitario Son Espases, Palma de Mallorca, Spain.",1
"Hospital Universitario Son Espases, Palma de Mallorca",1
"Hospital Universitario Son Espases, 375118, Palma, Spain;",1
"Hospital Universitario Severo Ochoa, Madrid, Spain",1
Hospital Universitario Severo Ochoa Leganes,1
"Hospital Universitario Santiago de Compostela, Santiago de Compostela, Spain",1
"Hospital Universitario Santiago de Compostela, A Coruña, Spain.",1
"Hospital Universitario Sant Joan d'Alacant, Alicante",1
"Hospital Universitario San Pedro de Alcántara, Cáceres",1
"Hospital Universitario San Pau, Barcelona, Spain",1
Hospital Universitario San Juan de Alicante,1
"Hospital Universitario Son Llàtzer, Palma, Spain",1
"Hospital Virgen de La Salud, Toledo, Spain",1
"Hospital Verge de la Cinta, Tortosa, Spain",1
"Hospital Verge de la Cinta de Tortosa, Tortosa",1
"Hospital Vall d'Hebrón, Barcelona, Spain",1
"Hospital Vall d'Hebrón, Barcelona, España",1
"Hospital Vall D´Hebron, Barcelona, Spain",1
Hospital Vall D´Hebron  Barcelona Spain,1
"Hospital Vall D'Hebron, Barcelona, Spain",1
"Hospital Universtario Puerta de Hierro, Madrid, Spain",1
Hospital Universitario. CIBERSAM,1
"Hospital Universitario, Madrid, Spain",1
"Hospital Universitario, 12 de Octubre, Madrid, Spain",1
Hospital Universitario Álvaro Cunqueiro  Vigo Spain,1
"Hospital Universitario y politécnico La Fe, Valencia (Spain)",1
"Hospital Universitario de Canarias, Universidad de La Laguna, Tenerife, Spain",1
"Hospital Universitario y Politécnico la Fe, Valencia, Spain",1
"Hospital Universitario y Politécnico de La Fe, Valencia, Spain",1
"Hospital Universitario y Politécnico La Fé, Valencia, Spain.",1
"Hospital Universitario y Politécnico La Fe, Valencia, Spain.",1
"Hospital Universitario y Politécnico La Fe, Valencia",1
Hospital Universitario y Politécnico La Fe Valencia Spain,1
Hospital Universitario y Politécnico La Fe  Valencia Spain,1
"Hospital Universitario la Paz, CIBERONC, Madrid, Spain",1
"Hospital Universitario la Fe, Valencia, Spain",1
"Hospital Universitario doctor Peset, Valencia, Spain",1
"Hospital Universitario del Tajo, Toledo, Spain",1
"Hospital Universitario del Tajo, Aranjuez",1
Hospital Universitario del Tajo,1
Hospital Universitario del Sureste,1
"Hospital Universitario y Politécnico la Fe, Valencia, Spain.",1
"Hospital de Bellvitge, L'Hospitalet de Llobregat, Spain",1
"Hospital de Bellvitge, Cardiology Department, Barcelona, Spain",1
"Hospital de Basurto, Bilbao, Spain",1
"Hospital de Barcelona, Barcelona, Spain",1
"Hospital de Albacete, Albacete, Spain",1
"Hospital d'Olot, Olot, Spain",1
"Hospital at Home, Galdakao-Usansolo Universitary Hospital, Galdakao, Spain",1
"Hospital Vithas Perpetuo Socorro, Alicante, Spain",1
"Hospital Virgen del Valle Complejo Hospitalario de Toledo, Spain",1
Hospital Virgen del Rocío,1
"Hospital Virgen del Rocio, University Hospital Virgen del Rocío, Seville, Spain",1
"Hospital Virgen del Puerto, Plasencia, Spain",1
"Hospital Virgen de los Lirios, Alcoy, Alicante, Spain",1
"Hospital Virgen de las Nieves, Granada, Spain",1
"Hospital Virgen de La Victoria, Málaga, Spain",1
"Hospital Virgen de la Victoria and IBIMA, Málaga, Spain",1
"Hospital Virgen de la Victoria and IBIMA, Málaga, España",1
Hospital Virgen de la Victoria  Málaga Spain,1
"Hospital Virgen de la Vega, Salamanca, Spain",1
"Hospital Virgen de la Salud, Toledo, Spain.",1
"Hospital Virgen de la Salud, Toledo, Spain",1
"Hospital Virgen de la Macarena, Sevilla, Spain",1
"Hospital Virgen de la Luz, Cuenca, Spain.",1
"Hospital Virgen de la Arrixaca, Murcia, Spain",1
"Hospital Virgen de la Arraixaca, Murcia (Spain)",1
Hospital Virgen de Valme,1
"Hospital Virgen de L´Arrixaca, Murcia, Spain",1
Hospital Virgen de L´Arrixaca  Murcia Spain,1
"Hospital Virgen de Las Nieves, Av. de las Fuerzas Armadas, 2, 18014, Granada, Spain",1
"Hospital Virgen de la Victoria e IBIMA, Málaga, España",1
"Hospital Universitario de La Princesa and IIS-IP, Madrid, Spain",1
"Hospital Universitario de Jerez, Ctra. Trebujena, s/n, 11407, Jerez de la Frontera, Cádiz, Spain",1
"Hospital Universitario de Jerez de la Frontera, Cádiz, Spain",1
Hospital Universitario de Jaén,1
"Hospital Universitario de Guadalajara, Spain",1
Hospital Universitario de Guadalajara,1
"Hospital Universitario de Gran Canaria Dr. Negrín, Las Palmas de Gran Canaria, Spain.",1
"Hospital Universitario de Gran Canaria Dr. Negrín, Las Palmas de Gran Canaria, Spain",1
"Hospital Universitario de Gran Canaria Dr. Negrín, Las Palmas de Gran Canaria, Las Palmas, España",1
"Hospital Universitario de Gran Canaria Dr Negrín, Las Palmas de Gran Canaria, Spain;",1
"Hospital Universitario de Gran Canaria Doctor Negrín, Las Palmas de Gran Canaria, Spain",1
"Hospital Universitario de Gran Canaria Doctor Negrín, Las Palmas de Gran Canaria, Las Palmas, Spain",1
"Hospital Universitario de Gran Canaria Doctor Negrín, Gran Canaria, Spain.",1
"Hospital Universitario de Getafe, Madrid, Spain",1
Hospital Universitario del Niño Jesús Instituto de Investigación Sanitaria La Princesa  Madrid Spain,1
"Hospital Universitario de Getafe, Getafe, Spain",1
"Hospital Universitario de Getafe, Getafe, Madrid, España",1
"Hospital Universitario de Getafe, 16503, Getafe, Spain;",1
"Hospital Universitario de Gerona Doctor Josep Trueta, Gerona, Spain",1
"Hospital Universitario de Galdakao, Biocruces Bizkaia HRI , Galdakao , Spain",1
"Hospital Universitario de Fuenlabrada, Universidad Rey Juan Carlos, Madrid, Spain",1
"Hospital Universitario de Fuenlabrada, Spain",1
"Hospital Universitario de Fuenlabrada, Madrid, Spain",1
"Hospital Universitario de Fuenlabrada, Fuenlabrada, Spain",1
"Hospital Universitario de Fuenlabrada, Fuenlabrada, Madrid, Spain",1
Hospital Universitario de Fuenlabrada,1
"Hospital Universitario de Donostia, Guipuzkoa, Spain",1
"Hospital Universitario de Cruces, Barakaldo",1
"Hospital Universitario de Canarias, Universidad de la Laguna",1
"Hospital Universitario de Getafe, Madrid (Spain)",1
"Hospital Universitario del Mar, Barcelona, Spain",1
"Hospital Universitario del Henares, Coslada",1
"Hospital Universitario de Áraba-Sede Txagorritxu, Vitoria, Álava, Spain",1
Hospital Universitario de la Princesa. IIS-Princesa,1
"Hospital Universitario de la Princesa, Madrid, España",1
"Hospital Universitario de la Princesa, IIS-IP, CIBER-CV, Madrid, Spain",1
Hospital Universitario de la Princesa Madrid Spain,1
Hospital Universitario de la Princesa  Madrid Spain,1
"Hospital Universitario de Valme, Sevilla",1
Hospital Universitario de Valme,1
"Hospital Universitario de Torrevieja, Alicante (Spain)",1
"Hospital Universitario de Torrejón, Universidad Francisco Vitoria, Torrejón de Ardoz, Spain",1
Hospital Universitario de Torrejón Torrejón de Ardoz Spain,1
"Hospital Universitario de Toledo, Toledo, Spain.",1
"Hospital Universitario de La Princesa,",1
"Hospital Universitario de Salamanca/IBSAL, CIBERONC and Center for Cancer Research-IBMCC (USAL-CSIC), Salamanca, Spain",1
"Hospital Universitario de Salamanca, Salamanca",1
"Hospital Universitario de Salamanca, IBSAL, CIBERONC, Paseo de San Vicente 182, 37007, Salamanca, Spain",1
"Hospital Universitario de Salamanca, 37007 Salamanca, Spain",1
Hospital Universitario de Salamanca,1
"Hospital Universitario de Puerto Real, Cádiz, Spain.",1
Hospital Universitario de Puerto Real,1
"Hospital Universitario de Móstoles, Madrid",1
Hospital Universitario de Mostoles,1
"Hospital Universitario de León, León, Spain",1
"Hospital Universitario de León, León",1
Hospital Universitario de León  León Spain,1
"Hospital Universitario de La Princesa, Madrid; cátedra UAM-Roche, EPID-Future, Department of Medicine, Universidad Autónoma de Madrid, Madrid, Spain.",1
"Hospital Universitario de La Princesa, Madrid, Spain",1
"Hospital Universitario de La Princesa, Instituto de Investigación Sanitaria Princesa [IIS-Princesa], Universidad Autónoma de Madrid [UAM], Centro de Investigación Biomédica en Red de Enfermedades Hepáticas y Digestivas [CIBEREHD] , Madrid , Spain",1
Hospital Universitario de Toledo,1
"Hospital Universitari de Girona Dr Josep Trueta , Girona , Spain",1
"Hospital Universitari de Girona Dr Josep Trueta , Girona , España",1
"Hospital Universitari de Bellvitge, L'Hospitalet de llobregat, Spain",1
"Hospital Universitari de Bellvitge, L'Hospitalet de Llobregat, Barcelona, Spain",1
"Hospital Universitari de Bellvitge, IDIBELL, Barcelona, España",1
"Hospital Universitari de Bellvitge, Hospitalet de Llobregat , España",1
"Hospital Universitari de Bellvitge , Hospitalet de Llobregat , Spain",1
"Hospital Universitari Vall d’Hebron, Barcelona, Spain",1
"Hospital Universitari Vall d’Hebron , Barcelona , España",1
Hospital Universitari Vall d'Hebrón Passeig de la Vall d'Hebron  Barcelona Spain,1
"Hospital Universitari Vall d'Hebron, Barcelona",1
Hospital Universitari Vall d'Hebron  Barcelona Spain,1
"Hospital Universitari Vall D'Hebron-VHIR, Barcelona, Spain",1
"Hospital Universitari Terrassa, 08227 Terrassa, Spain",1
"Hospital Universitario Quirón Salud, Madrid, Spain",1
Hospital Universitari Son Llàtzer,1
"Hospital Universitari Son Espases, Palma, Baleares, España",1
"Hospital Universitari Sant Joan de Reus, Reus, Spain",1
"Hospital Universitari Sant Joan de Reus , Reus , Spain",1
"Hospital Universitari San Joan de Reus, Tarragona, Spain",1
"Hospital Universitari Sagrat Cor, Grupo Quirónsalud, Barcelona, Spain",1
"Hospital Universitari Sagrat Cor, Bacelona",1
"Hospital Universitari Sagrat Cor - Grup Quirónsalut, Barcelona, Spain",1
"Hospital Universitari Mútua de Terrassa, Barcelona, Spain",1
"Hospital Universitari Mútua Terrassa, Barcelona, Spain.",1
"Hospital Universitari MutuaTerrassa, Terrassa",1
"Hospital Universitari MutuaTerrassa, 58955, Pl. Dr Robert 5,, Terrassa, Spain, 08221;",1
"Hospital Universitari MutuaTerrassa, 58955, Dr Robert 5 sq, Terrassa, Spain, 08221;",1
"Hospital Universitari Mutua de Terrassa, Terrassa, Spain.",1
"Hospital Universitari Son Llàtzer, Palma, Spain",1
"Hospital Universitario Bellvitge, Barcelona, Spain",1
"Hospital Universitario Basurto, Bilbao, Spain.",1
Hospital Universitario Basurto,1
"Hospital Universitario Arnau de Vilanova, Lleida, Spain",1
Hospital Universitario Arnau de Vilanova de Lleida  Lleida Spain,1
"Hospital Universitario Araba, Vitoria-Gasteiz, Spain.",1
Hospital Universitario Araba,1
"Hospital Universitario 12 de Octubre, Universidad Complutense, Spanish National Cancer Research Center (CNIO), Madrid, Spain",1
"Hospital Universitario 12 de Octubre, Spain",1
"Hospital Universitario 12 de Octubre, Madrid, Spain. Electronic address: javierortiz@aedv.es.",1
"Hospital Universitario 12 de Octubre, Madrid, Spain. Electronic address: goyolopez2@hotmail.com.",1
"Hospital Universitario 12 de Octubre, Madrid, Spain.",1
"Hospital Universitario 12 de Octubre, Madrid, España",1
"Hospital Universitario 12 de Octubre, Madrid (Spain)",1
"Hospital Universitari de La Santa Creu I Sant Pau, Barcelona, Spain",1
"Hospital Universitario 12 de Octubre, Dermatology Department, Madrid, Spain",1
"Hospital Universitario 12 de Octubre , Madrid , España",1
Hospital Universitario 12 de Octubre  Madrid Spain,1
"Hospital Universitari i Politècnic La Fe, Valencia, Valencia, Spain. Electronic address: anasantaballa@gmail.com.",1
Hospital Universitari i Politècnic La Fe de Valencia,1
Hospital Universitari i Politècnic La Fe,1
"Hospital Universitari i Politecnic La Fe, Valencia, Spain",1
"Hospital Universitari del Mar, Barcelona, Spain",1
"Hospital Universitari del Mar, 08003 Barcelona, Spain",1
"Hospital Universitari de Vic, Barcelona, Spain",1
"Hospital Universitari de Tarragona Joan XXIII, Tarragona, Spain",1
"Hospital Universitari de Tarragona Joan XXIII, IISPV, Universitat Rovira i Virgili, Tarragona, Catalonia, Spain",1
"Hospital Universitari de Tarragona Joan XXIII, Cardiology Deparment, Tarragona, Spain",1
"Hospital Universitari de Santa Maria, Lleida",1
"Hospital Universitario 12 de Octubre, Madrid",1
"Hospital Son Llàtzer, Dermatology Department, Palma de Mallorca, (Islas Baleares), Spain",1
"Hospital Son Llatzer, Mallorca, Spain",1
"Hospital Son Llatzer, 07198 Palma de Mallorca, Spain",1
"Hospital Son Espases, Palma, Spain",1
"Hospital Son Espases, Palma de Mallorca, Spain",1
"Hospital Son Espases, 07010 Palma de Mallorca, Spain",1
"Hospital Sierrallana, Torrelavega, Spain",1
"Hospital Santa María, Lleida, Spain",1
"Hospital Santa Creu i Sant Pau, Cardiology Deparment, Barcelona, Spain",1
"Hospital Sant Joan de Reus, Reus, Spain",1
"Hospital Sant Joan de Déu, Esplugues de Llobregat, Spain",1
"Hospital Sant Joan de Déu, 2, Esplugues de Llobregat, 08950 Barcelona, Spain",1
"Hospital San Pedro de La Rioja, Logroño, Spain",1
Hospital San Pedro de La Rioja  Logroño Spain,1
"Hospital Universitari Mutua de Terrassa, Terrassa, Spain",1
Hospital San Pedro de Alcántara  Cáceres Spain,1
"Hospital San Jorge, Huesca, Spain",1
"Hospital San Agustin, Aviles",1
"Hospital Sagrat Cor i Hospital Quirón Salud del Vallès, Barcelona, Spain",1
"Hospital Ruber Internacional, Madrid, Spain.",1
Hospital Ruber Internacional  Madrid Spain,1
"Hospital Royo Villanova, Zaragoza, Spain",1
"Hospital Rio Hortega, Valladolid",1
"Hospital Rio Carrión, Palencia, Spain",1
"Hospital Ribera Povisa, Vigo, Pontevedra, Spain",1
"Hospital Rey Juan Carlos, Madrid, Spain.",1
"Hospital Rey Juan Carlos, Madrid, Spain, Madrid, Spain",1
"Hospital Reina Sofía, Córdoba, España",1
Hospital Reina Sofía  Córdoba Spain,1
"Hospital San Pedro de Alcántara, Cáceres, Spain",1
"Hospital Universitari Mutua de Terrassa, 08221 Terrassa, Spain",1
"Hospital Universitari Mutua de Terrassa, 08221 Terrassa, Barcelona, Spain",1
"Hospital Universitari Josep Trueta, Girona, Spain",1
"Hospital Universitari Germas Trias i Pujol, Badalona",1
"Hospital Universitari Germans Trias i Pujol, Barcelona, España",1
"Hospital Universitari Germans Trias i Pujol, Badalona, Barcelona, Spain",1
"Hospital Universitari Germans Trias i Pujol, Badalona",1
"Hospital Universitari Germans Trias i Pujol, 16514, Badalona, Spain;",1
Hospital Universitari Germans Trias i Pujol,1
"Hospital Universitari General de La Vall d'Hebron, Barcelona, Spain",1
"Hospital Universitari General de Catalunya, Barcelona, Spain",1
"Hospital Universitari Dr. Josep Trueta, ICO Girona, Girona, Spain",1
"Hospital Universitari Doctor Josep Trueta, Spain",1
"Hospital Universitari Doctor Josep Trueta de Girona, Girona, Spain",1
"Hospital Son Llàtzer, IdIsBa,  Palma de Mallorca, Spain",1
"Hospital Universitari Dexeus, Barcelona.",1
"Hospital Universitari Dexeus, Barcelona, Spain",1
"Hospital Universitari Dexeus - Grupo Quirónsalud, Barcelona, Spain. Electronic address: marson@dexeus.com.",1
"Hospital Universitari Bellvitge, IDIBELL, Hospitalet de Llobregat, Spain",1
"Hospital Universitari Arnau de Vilanova, Lleida",1
"Hospital Univeritari Mutua de Terrassa, Terrassa, Spain",1
"Hospital Univeristario de Bellvitge, Barcelona, Spain",1
"Hospital Univeristario Doctor Peset, Valencia, Spain",1
"Hospital U. y Politécnico La Fe, Valencia, España",1
"Hospital U. de Bellvitge, Barcelona, España",1
"Hospital U. Doctor Peset, Valencia, España",1
"Hospital Trueta, Avinguda de França S/N, 17007 Girona, Spain",1
"Hospital Son Llàtzer, Palma de Mallorca, Spain.",1
"Hospital Son Llàtzer, Palma De Mallorca, Islas Baleares, Spain. Electronic address: miglegon@hsll.es.",1
"Hospital Universitari Dexeus- Grupo Quirónsalud, Carrer de Sabino Arana, 5, 19, 08028 Barcelona, Cataluña, Spain",1
"Hospital Universitario Marqués de Valdecilla, Santander",1
"Hospital Universitario Marqués de Valdecilla, IDIVAL, Santander, Spain. Electronic address: rblanco@humv.es.",1
"Hospital Universitario Marqués de Valdecilla, IDIVAL, Santander, Spain.",1
"Hospital Universitario Marqués de Valdecilla, IDIVAL  Santander Spain",1
"Hospital Universitario Marqués de Valdecilla, Cantabria, Spain",1
"Hospital Universitario Marqués de Valdecilla (IDIVAL), 39008 Santander, Spain",1
Hospital Universitario Marqués de Valdecilla  Santander Cantabria Spain,1
Hospital Universitario Marqués de Valdecilla  Santader Spain,1
Hospital Universitario Marques de Valdecilla,1
"Hospital Universitario Lucus Augusti, Lugo, España",1
"Hospital Universitario Lucus Augusti, Lugo",1
Hospital Universitario Lucus Augusti,1
"Hospital Universitario La Zarzuela, Madrid, Spain",1
"Hospital Universitario La Zarzuela, Madrid, España",1
"Hospital Universitario Bellvitge, Barcelona, Spain.",1
"Hospital Universitario La Princesa, Madrid, Spain.",1
"Hospital Universitario La Princesa, Madrid",1
"Hospital Universitario La Princesa, IIS-Princesa",1
Hospital Universitario La Princesa,1
"Hospital Universitario La Paz-IdiPAZ, 28046 Madrid, Spain",1
"Hospital Universitario La Paz-Carlos III, Madrid",1
"Hospital Universitario La Paz, Medical Oncology Department, Madrid, Spain",1
"Hospital Universitario La Paz, Madrid\r\nCIBERehd. IdiPAZ, Madrid",1
"Hospital Universitario La Paz, Madrid, Spain;",1
"Hospital Universitario La Paz, Madrid, Madrid, Spain. Electronic address: aredondo12@gmail.com.",1
"Hospital Universitario La Paz, Madrid, Instituto de Investigación Sanitaria del HULP (IdiPAZ), Madrid, Spain",1
"Hospital Universitario La Paz, Madrid, España",1
"Hospital Universitario La Paz, Madrid, Centro de Investigación Biomédica en Red en Enfermedades Respiratorias (CIBERES), Universidad Autónoma de Madrid, Madrid, Spain",1
"Hospital Universitario La Paz, IdiPAZ, Madrid, Spain",1
"Hospital Universitario La Princesa, Spain",1
Hospital Universitario Quirón Salud Madrid Spain,1
Hospital Universitario Quirón Salud  Madrid Spain,1
"Hospital Universitario Quiron, Madrid, Spain",1
"Hospital Universitario Puerto Real, Puerto Real, Spain.",1
"Hospital Universitario Puerto Real, Cádiz, Spain",1
Hospital Universitario Puerta del Mar,1
"Hospital Universitario Puerta de Hierro, Oncology Radiation Department, Madrid, Spain",1
"Hospital Universitario Puerta de Hierro, Hematology Department, Madrid, Spain",1
"Hospital Universitario Puerta de Hierro, Dermatology Department, Madrid, Spain",1
"Hospital Universitario Príncipe de Asturias, Alcalá de Henares, Spain",1
"Hospital Universitario Príncipe de Asturias, Alcalá de Henares, Madrid, Spain",1
Hospital Universitario Príncipe de Asturias  Alcalá de Henares Spain,1
"Hospital Universitario Príncipe Asturias, Alcalá de Henares",1
"Hospital Universitario Principe Asturias, Alcala de Henares",1
"Hospital Universitario Marqués de Valdecilla, Santander, Spain.",1
"Hospital Universitario Nuestra Señora de la Candelaria, 16825, Santa Cruz de Tenerife, Spain;",1
"Hospital Universitario Nuestra Señora de Candelaria, Spain",1
"Hospital Universitario Nuestra Señora de Candelaria, Santa Cruz de Tenerife, España",1
"Hospital Universitario Nuestra Señora de Candelaria, Hematology Department, Santa Cruz de Tenerife Islas, Canarias), Spain",1
"Hospital Universitario Nuestra Señora de Candelaria, Dermatology Department, Santa Cruz de Tenerife, (Islas Canarias), Spain",1
"Hospital Universitario Morales-Meseguer, CIBERER-UCAM, Murcia, Spain",1
"Hospital Universitario Miguel Servet, Zaragoza, Spain.",1
"Hospital Universitario Miguel Servet, Universidad de Zaragoza, Instituto Investigación Sanitaria Aragón (IISA), Zaragoza, Spain.",1
"Hospital Universitario Miguel Servet, IIS Aragón, CIBERCV, Saragossa, Spain. vmarcobenedi@gmail.com.",1
"Hospital Universitario Miguel Servet, IIS Aragón, CIBERCV, Saragossa, Spain. civeira@unizar.es.",1
"Hospital Universitario Miguel Servet, IIS Aragón, CIBERCV, Saragossa, Spain.",1
"Hospital Universitario Marqués de Valdecilla. IDIVAL Santander, Cantabria",1
"Hospital Universitario Marqués de Valdecilla, Universidad de Cantabria e IDIVAL, Santander, Spain",1
"Hospital Universitario Marqués de Valdecilla, Spain",1
"Hospital Universitario Poniente, 04700 Almería, Spain",1
"Hospital Universitario Fundación Jiménez Díaz, Hematology Department, Madrid, Spain",1
Hospital Universitario Fundación Jiménez Díaz Instituto de Investigación Sanitaria IIS‐FDJ  Madrid Spain,1
"Hospital Universitario Fundación Jiménez Diaz, IIS-FJD, Madrid, Spain",1
"Hospital Universitario Fundación Alcorcón, Madrid, España",1
"Hospital Universitario Fundación Alcorcón, Alcorcón, Spain.",1
"Hospital Universitario Fundación Alcorcón, Alcorcón, Spain",1
"Hospital Universitario Fundación Alcorcón, 28922 Madrid, Spain",1
Hospital Universitario Fundación Alcorcón Madrid Spain,1
"Hospital Universitario Fundacion Jimenez Diaz, Madrid, Spain",1
"Hospital Universitario Dr. Peset, Av. de Gaspar Aguilar, 90, 46017, Valencia, Spain",1
"Hospital Universitario Dr. J Trueta - ICO, Girona, Spain.",1
"Hospital Universitario Dr Peset, Valencia, Spain",1
"Hospital Universitario Donostia, San Sebastián, Spain.",1
"Hospital Universitario Donostia, 20014 San Sebastián, Spain",1
"Hospital Universitario La Paz, IdiPAZ, CIBER-CV, Madrid, Spain",1
"Hospital Universitario De Araba, Universidad del país vasco, Spain",1
"Hospital Universitario De Araba, Universidad del país vasco",1
"Hospital Universitario Cruces, BioCruces Bizkaia, UPV/EHU, Barakaldo, Spain.",1
"Hospital Universitario Cruces, Baracaldo, Bizkaia, España",1
"Hospital Universitario Costa del Sol, Marbella, Spain",1
"Hospital Universitario Clínico Virgen de La Arrixaca, Murcia, Spain",1
Hospital Universitario Clínico San Cecilio,1
"Hospital Universitario Clínico San Carlos, Madrid, Spain.",1
Hospital Universitario Clínico San Carlos  Madrid Spain,1
"Hospital Universitario Clínic i Provincial, Dermatology Department, Barcelona, Spain",1
"Hospital Universitario Clinico de Barcelona, Barcelona, Spain",1
"Hospital Universitario Central de Asturias, Spain",1
"Hospital Universitario Central de Asturias, Oviedo, Asturias, España",1
"Hospital Universitario Central de Asturias, Oviedo",1
"Hospital Universitario Donostia, 20014 Donostia, Spain",1
"Hospital Universitario La Paz, 16268, Madrid, Spain;",1
"Hospital Universitario La Paz , Madrid , España",1
"Hospital Universitario La Moraleja, Madrid, Spain",1
"Hospital Universitario La Fe, Valencia, España",1
"Hospital Universitario La Fe, Spain",1
Hospital Universitario La Fe,1
"Hospital Universitario Juan Ramón Jiménez, Huelva, Spain",1
"Hospital Universitario Jerez de la Frontera, Cádiz, Spain.",1
"Hospital Universitario Insular de Gran Canaria, Gran Canaria, Spain",1
Hospital Universitario Infanta Sofía  San Sebastián de los Reyes Spain,1
"Hospital Universitario Infanta Sofia, Spain",1
"Hospital Universitario Infanta Sofia, Madrid, Spain",1
Hospital Universitario Infanta Sofia,1
"Hospital Universitario Infanta Leonor, Madrid, Spain.",1
"Hospital Universitario Fundación Jiménez Díaz, Madrid, España",1
"Hospital Universitario Infanta Leonor, Av. Gran Vía del Este, 80, 28031, Madrid, Spain",1
"Hospital Universitario Infanta Cristina, Parla",1
"Hospital Universitario IOBA, Valladolid, Spain.",1
Hospital Universitario HM Sanchinarro,1
Hospital Universitario HM Montepríncipe,1
Hospital Universitario Gregorio Marañón/Gregorio Marañón Health Institute (IiSGM)  Madrid Spain,1
"Hospital Universitario Gregorio Marañón, Instituto de Investigación Sanitaria Gregorio Marañón (IiSGM), Universidad Complutense, Madrid, Spain. mmartin@geicam.org.",1
"Hospital Universitario Gregorio Marañón, Instituto de Investigación Sanitaria Gregorio Marañón (IiSGM), Universidad Complutense, Madrid, Spain.",1
Hospital Universitario Gregorio Marañón / Gregorio Marañón Health Institute (IiSGM)  Madrid Spain,1
"Hospital Universitario Germans Trias y Pujol, Badalona, Spain.",1
"Hospital Universitario Germans Trias i Pujol. UAB. IGTP, Badalona, Spain.",1
"Hospital Universitario Galdakao, Galdakao, España",1
"Hospital Universitario Fundación de Alcorcón, Madrid, Spain.",1
"Hospital Universitario Fundación de Alcorcón, Alcorcón, Spain. Electronic address: ahurtado@fhalcorcon.es.",1
"Hospital Universitario Fundación Jiménez-Díaz, Madrid, Spain",1
"Hospital Universitario Infanta Leonor, Madrid",1
"Infectious Diseases, Hospital General Universitario Gregorio Marañón, Madrid 28007, Spain",1
"Infectious Diseases, Hospital Clínic de Barcelona, Barcelona, Spain",1
"Infectious Diseases and Microbiology Unit, Hospital Universitario Virgen Macarena, Instituto de Biomedicina de Sevilla (IBiS), Department of Medicine, Universidad de Sevilla, Sevilla, Spain",1
"Infectious Diseases and Microbiology Clinical Unit, University Hospital Virgen Macarena, Departament of Medicine, School of Medicine, University of Sevilla, Biomedicine Institute of Sevilla (IBiS)/CSIC, 41009 Seville, Spain",1
"Infectious Diseases Unit, Virgen del Rocío University Hospital, Seville, Spain",1
"Infectious Diseases Unit, University Hospital of Ferrol, A Coruña, Spain",1
"Infectious Diseases Unit, University Clinic of Navarra, Pamplona, Spain",1
"Infectious Diseases Unit, Internal Medicine Service, Hospital Universitario La Paz, Instituto de Investigación Hospital Universitario La Paz (IdiPAZ), Madrid, Spain",1
"Infectious Diseases Unit, Hospital Universitari de la Santa Creu i Sant Pau, Barcelona, Spain",1
"Infectious Diseases Service, Reina Sofia University Hospital, Cordoba, Spain",1
"Infectious Diseases Service, Marqués de Valdecilla Hospital, University of Cantabria, Instituto de Investigación Marqués de Valdecilla, Santander, Spain",1
"Infectious Diseases Service, Hospital del Mar, Infectious Pathology and Antimicrobials Research Group (IPAR), Hospital del Mar Research Institute, Universitat Autònoma de Barcelona (UAB), CEXS-Universitat Pompeu Fabra, Passeig Marítim 25-27, 08003, Barcelona, Spain",1
"Infectious Diseases Service, Hospital del Mar, Hospital del Mar Research Institute, Barcelona, Spain",1
"Infectious Diseases Service, Hospital Universitario Ramón y Cajal, Madrid, Spain",1
"Hospital de Burgos, Burgos",1
"Infectious Diseases Service, Cruces University Hospital, Bilbao, Spain",1
"Infectious Diseases Department, Vall d'Hebron University Hospital, Barcelona, Spain",1
"Infectious Diseases Department, University Hospital Germans Trias i Pujol, Barcelona, Spain",1
"Infectious Diseases Department, Instituto de Investigación Sanitaria Gregorio Marañón (IiSGM), Centro de Investigación Biomédica en Red de Enfermedades Infecciosas (CIBERINFEC), Hospital General Universitario Gregorio Marañón , Madrid, Spain",1
"Infectious Diseases Department, Instituto de Investigación Biomédica de Bellvitge (IDIBELL), Hospitalet del Llobregat, Hospital Universitario de Bellvitge, Spain",1
"Infectious Diseases Department, Hospital universitario de Canarias , San Cristóbal de la Laguna, Spain",1
"Infectious Diseases Department, Hospital del Mar, Barcelona, Spain",1
"Nephrology Department, HU 12 de Octubre, Madrid, Spain",1
"Infectious Diseases Department, Hospital Universitario Álvaro Cunqueiro , Vigo, Spain",1
"Infectious Diseases Department, Hospital Universitario y Politécnico La Fe , Valencia, Spain",1
"Infectious Diseases Department, Hospital Universitario general de Elche , Elche, Spain",1
"Infectious Diseases Department, Hospital Universitario de la Princesa , Madrid, Spain",1
"Infectious Diseases Department, Hospital Universitario Virgen de las Nieves , Granada, Spain",1
"Infectious Diseases Department, Hospital Universitario Vall d’Hebron , Barcelona, Spain",1
"Infectious Diseases Service, Hospital Universitari Vall d’Hebron, Barcelona, Spain",1
"Institut Guttmann Foundation, Badalona, Barcelona, Catalonia, Spain",1
"Institut D'Investigació Sanitària Pere Virgili (IISPV), Hospital Universitari de Sant Joan de Reus, Reus, Spain",1
"Institut D'Investigació Sanitària Pere Virgili (IISPV), Hospital Universitari de Sant Joan de Reus, 43204 Reus, Spain",1
"Institut Clínic d’Oftalmologia - Hospital Clínic i Provincial de Barcelona, Barcelona, Spain",1
Institut Clínic d'Oftalmologia,1
"Institut Catalá D'Oncología - Hospitalet, Hematology Department, Barcelona, Spain",1
"Institut Català d’Oncologia, Breast Cancer Unit and Medical Oncology Department, IDIBELL, L’Hospitalet , Barcelona , Spain",1
"Institut Català de la Salut (ICS), Barcelona, Spain",1
"Institut Català de la Salut (ICS), Atenció Primària, Lleida, Spain",1
"Institut Català de Retina, ICR, Barcelona, Spain",1
Institut Català de Retina,1
"Institut Català d'Oncologia-Hospital Germans Trias i Pujol, Joseo Carreras Leukemia Research Institute, Badalona (Barcelona) Spain, Universitat Autònoma de Barcelona, Barcelona, Spain",1
"Institut Català d'Oncologia, Institut Josep Carreras, Hospital Germans Trias i Pujol, Badalona, Spain",1
"Institut Català d'Oncologia, Breast Cancer Unit and Medical Oncology Department, IDIBELL, L'Hospitalet, Barcelona, Spain",1
"Infectious Diseases, Hospital Universitario Virgen del Rocío, Instituto de Biomedicina de Sevilla (IBiS), Department of Medicine, Universidad de Sevilla, Sevilla, Spain",1
"Institut Català d'Oncologia Badalona (ICO), Badalona, Barcelona.",1
"Institut Català d' Oncologia L'Hospitalet (ICO) L'Hospitalet, Barcelona, Spain",1
"Institut Catala d'Oncologia (ICO), L'Hospitalet de Llobregat, Barcelona, Spain",1
"Institut Catala d'Oncologia (ICO), Hospital Universitari Germans Trias i Pujol, B-ARGO, IGTP, Badalona, Barcelona, Spain",1
"Institut Catala d'Oncologia (ICO), Girona, Spain",1
"Institució Catalana de Recerca i Estudis Avançats (ICREA), 08010 Barcelona, Spain",1
"Institucio Catalana de Recerca i Estudis Avançats (ICREA), Barcelona, Catalonia, Spain",1
"Insituto de Investigación Sanitaria Aragón, Miguel Servet University Hospital, Zaragoza, Spain",1
"Inflammatory Bowel Diseases Unit, Department of Gastroenterology, Hospital Clinico Universitario de Santiago, Fundación Instituto de investigación Sanitaria de Santiago de Compostela, Santiago de Compostela , Spain",1
"Inflammatory Bowel Disease Unit, Gastroenterology Department, Hospital Clinic of Barcelona, Institut d’Investigacions Biomèdiques August Pi i Sunyer (IDIBAPS), Centro de Investigación Biomédica en Red de Enfermedades Hepáticas y Digestivas (CIBERehd) , Barcelona , Spain",1
"Inflammation and Cartilage Cellular Research Group, Hospital del Mar Research Institute (IMIM), C/Dr. Aigüader 88, 08003 Barcelona, Spain",1
"Infectious Pathology and Antimicrobials Research Group (IPAR), Institut Hospital del Mar for Medical Research, Barcelona, Spain",1
"Infectious Diseases, Internal Medicine Service, Hospital Universitario Infanta Leonor, Instituto de Investigación Sanitaria Gregorio Marañón (IiSGM), Madrid, Spain",1
"Infectious Diseases, Hospital Universitario de Bellvitge, Instituto de Investigación Biomédica de Bellvitge (IDIBELL), Universitat de Barcelona, Barcelona, Spain",1
"Institut Català d'Oncologia L'Hospitalet (ICO), L'Hospitalet de Llobregat, Barcelona.",1
"Ikerbasque (Basque Foundation for Science), Plaza Euskadi 5, 48009 Bilbao, Spain",1
"IdiSNA, Instituto de Investigación Sanitaria de Navarra, Pamplona, Spain",1
"Ideación suicida entre reclusos: análisis con perspectiva de género,",1
"IcatKNEE, Hospital Universitari Dexeus, Universitat Autònoma de Barcelona (UAB), Barcelona, Spain",1
"Iberoamerican Cochrane Centre-Public Health and Clinical Epidemiology, IIBSant Pau, Barcelona, Spain",1
"Iberoamerican Cochrane Centre-IIB Sant Pau, Barcelona, Spain",1
"Iberoamerican Cochrane Centre, Biomedical Research Institute Sant Pau (IIB Sant Pau), CIBER Epidemiología y Salud Pública (CIBERESP), Universitat Autònoma de Barcelona, Barcelona, Spain",1
"Iberoamerican Cochrane Centre, Biomedical Research Institute Sant Pau (IIB Sant Pau), Barcelona, Spain",1
Iberoamerican Cochrane Centre Sant Pau Biomedical Research Institute (IIB Sant Pau) CIBER de Epidemiología y Salud Pública (CIBERESP)  Barcelona Spain,1
"Iberoamerican Cochrane Centre - Department of Clinical Epidemiology and Public Health, Biomedical Research Institute Sant Pau (IIB Sant Pau), Barcelona, Spain",1
"Iberoamerican Cochrane Center - Biomedical Research Institute Sant Pau (IIB Sant Pau), Barcelona, Spain",1
"ITHACA-European Reference Network, Hospital La Paz, Madrid, Spain",1
ISS Fundacion Jimenez Diaz,1
"ISS Bioaraba, Subdirección de Enfermería, Dirección General de Osakidetza, Vitoria-Gasteiz, Álava, Spain",1
"Infectious Diseases Department, Hospital Universitario Reina Sofía , Murcia, Spain",1
"ISOMAE Institute of Neurosciences and Psychosomatic Psychology, Sant Cugat Del Vallés, Barcelona, Spain",1
"ISCIII - Instituto de Salud Carlos III [Madrid] (Carretera de Majadahonda - Pozuelo, 28220 Majadahonda, Madrid, Espagne - Espagne)",1
ISABIAL Alicante,1
"IRYCIS, CIBERONC, Hospital Universitario Ramón y Cajal, Alcalá University, Madrid, Spain",1
"IRIDIS (Investigation in Rheumatology and Immune-Mediated Diseases) Group, Galicia Sur Health Research Institute , Vigo, Spain",1
"IRBLleida, Lleida, Spain",1
"IRBLleida (Institut de Recerca Biomèdica de Lleida. Fundació Doctor Pifarré), Lleida, Spain",1
"IRBLLEIDA, Lleida, Spain.",1
"IRB Institute for Research in Biomedicine, Barcelona, Spain",1
"IRB - Institute for Research in Biomedicine [Barcelona, Spain] (Parc Científic de Barcelona C/ Baldiri Reixac 10 08028 Barcelona - Espagne)",1
"IOR Hospital Universitario Dexeus, Barcelona, Spain",1
"IOB Institute of Oncology, Hospital Ruber Internacional, Quiron Group, Madrid.",1
"INGEMM-Instituto de Genética Médica y Molecular, Hospital Universitario La Paz, Madrid, Spain",1
"INCLIVA, Research Health Institute, Valencia, Spain",1
"ISS Bioaraba, Nursing Subdirectorate, Osakidetza General Directorate, Vitoria- Gasteiz, Álava, Spain",1
"Infectious Diseases Department, Hospital Universitario Ramón y Cajal , Madrid, Spain",1
"Infectious Diseases Department, Hospital Universitario La Paz , Madrid, Spain",1
"Infectious Diseases Department, Hospital Universitario Infanta Leonor , Madrid, Spain",1
"Infectious Diseases Department, Hospital Universitario 12 de Octubre , Madrid, Spain",1
"Infectious Diseases Department, Hospital Universitari de la Santa Creu i Sant Pau , Barcelona, Spain",1
"Infectious Diseases Department, Hospital Universitari Germans Trias i Pujol , Badalona, Spain",1
"Infectious Diseases Department, Hospital Príncipe de Asturias , Alcalá de Henares, Spain",1
"Infectious Diseases Department, Hospital La Coruña, La Coruña, Spain",1
"Infectious Diseases Department, Hospital General Universitario de Alicante , Alicante, Spain",1
"Infectious Diseases Department, Hospital Clínico San Carlos , Madrid, Spain",1
"Infectious Diseases Department, Hospital Clínic, Barcelona, Spain",1
"Infectious Diseases Department, Hospital Clínic  Barcelona Spain",1
Infectious Diseases Department Parc Sanitari Sant Joan de Déu – Hospital Sant Boi Sant Boi Ll Catalonia Spain,1
Infectious Diseases &amp; HIV Service Hospital Universitari MutuaTerrassa Terrassa Spain,1
"ImFINE Research Group, Department of Health and Human Performance, Universidad Politecnica de Madrid, 28040 Madrid, Spain",1
"Infection Biology Laboratory, Department of Medicine and Life Sciences (MELIS), Universitat Pompeu Fabra, 08003 Barcelona, Spain",1
"Infanta Sofia University Hospital, 161633, San Sebastian de los Reyes, Madrid, Spain;",1
"Infanta Leonor University Hospital, Madrid, Spain",1
Immunopathology Group-IDIVAL,1
"Immunology Laboratory, Department of Pathology, Hospital del Mar, Barcelona, Spain",1
"Immunology Division, Genetics Department, Hospital Universitari Vall d'Hebron, Vall d'Hebron Research Institute, Vall d'Hebron Barcelona Hospital Campus, UAB, Barcelona, Catalonia, Spain",1
"Immunology Department, University Hospital 12 de Octubre, Research Institute imas12 and Complutense University, Madrid, Spain",1
"Immunology Department, Hospital de la Santa Creu I Sant Pau, Biomedical Research Institute Sant Pau (IIB Sant Pau), 08041 Barcelona, Spain",1
"Immunology Department, Hospital Universitario Central de Asturias",1
"Immunology Department, Hospital Clinic i Universitari, Barcelona, Spain",1
"Immunology Department, Hospital 12 de Octubre, Madrid, Spain",1
"Immunology Area, Laboratori de Referència de Catalunya S.A., Spain",1
"Immune System Diseases and Oncology Service, University Hospital \Príncipe de Asturias\, Alcala de Henares, Spain",1
"ImFINE Research Group, Department of Health and Human Performance, Universidad Politécnica de Madrid, Madrid, Spain",1
"Infection Biology Laboratory, Department of Medicine and Life Sciences, Universitat Pompeu Fabra (UPF), Barcelona, Spain",1
"Instituto Aragonés de Ciencias de la Salud (IACS), Instituto de Investigación Sanitaria (IIS) de Aragón, Centro de Investigación Biomédica en Red Fisiopatología de la Obesidad y Nutrición (CIBEROBN) , Madrid , Spain",1
"Institutional Committee for the Improvement of Clinical Practice Adequacy, Consorci Corporació Sanitària Parc Taulí, Parc Taulí 1, 08208, Sabadell, Catalonia, Spain",1
"Institute of Research, Development and Innovation in Healthcare Biotechnology of Elche (IDiBE), Universidad Miguel Hernández. Elche, Alicante, Spain",1
"Institute of Rare Diseases Research, Instituto de Salud Carlos III, Madrid, Spain",1
"Institute of Psychiatry and Mental Health, Hospital Clínico San Carlos, IdISSC, CIBERSAM, School of Medicine, Universidad Complutense, Madrid, Spain",1
"Institute of Psychiatry and Mental Health, Health Research Institute (IdISSC), Clinico San Carlos Hospital, Madrid, Spain",1
"Institute of Psychiatry Psychology and Neuroscience, King's College London London UK",1
"Institute of Oncology, Barcelona, Spain",1
Institute of Neurosciences University of Barcelona  Spain,1
"Institute of Neuropsychiatry and Addiction (Institut de Neuropisiquiatria i Addiccions), Parc de Salut Mar, Barcelona, Spain",1
"Institute of Mental Health, Hospital del Mar Barcelona, Barcelona, Spain",1
"Institute of Mental Health Hospital del Mar, Barcelona, Spain",1
"Institute of Medical and Molecular Genetics (INGEMM), University Hospital \La Paz\-IdiPAZ, Madrid, Spain",1
"Institute of Health and Biomedical Research of Alicante. University of Miguel Hernández (ISABIAL-UMH), 03010 Alicante, Spain",1
Institut Municipal d'Investigacions Mèdiques (IMIM)  Barcelona Spain,1
"Institute of Health Sciences, University of Balearic Islands and Son Espases Hospital , Palma de Mallorca , Spain",1
"Institute of Health Research of Aragon (IIS Aragon), Miguel Servet University Hospital, Zaragoza, Spain",1
"Institute of Health Research INCLIVA-CIBERONC, E-46010 Valencia, Spain",1
"Institute of Health Research INCLIVA, 46010 Valencia, Spain",1
Institute of Biotechnology and Biomedicine Universitat Autònoma de Barcelona Cerdanyola del Vallès Spain,1
Institute of Biotechnology and Biomedicine Universitat Autònoma de Barcelona  Cerdanyola del Vallès Spain,1
"Institute of Biomedicine of Seville, Virgen Macarena University Hospital, CSIC, University of Seville, Seville, Spain",1
Institute of Biomedicine (IBIOMED) University of León  Campus Universitario de Vegazana s/n. León 24071 Spain,1
"Institute of Biomedical Research of Malaga (IBIMA), Virgen de la Victoria University Hospital, 29010 Malaga, Spain",1
"Institute of Biomedical Research of IdiPAZ, University Hospital \La Paz\, Madrid, Spain",1
"Institute of Biomedical Research of Barcelona, Spanish National Research Council, Barcelona, Spain",1
"Institute of Agrifood Research and Technology (IRTA), Centre de Recerca en Sanitat Animal (CReSA), 08193 Barcelona, Spain",1
"Institute for Sustainability and Food Chain Innovation (IS-FOOD), Department of Health Sciences, ELIKOS Group, Public University of Navarre, Pamplona, Spain",1
"Institute for Research in Biomedicine (IRB Barcelona), Barcelona, Spain",1
"Institute of Health and Biomedical Research of Alicante, University of Miguel Hernández (ISABIAL-UMH), Alicante, Spain",1
"Instituto de Biomedicina de Sevilla, Departamento de Medicina, CIBERINFEC, Unidad de Enfermedades Infecciosas y Microbiología, IBiS/Hospital Universitario Virgen de Valme/CSIC/Universidad de Sevilla , Sevilla, Spain",1
"Instituto de Bioingeniería, Univ. Miguel Hernández, Av. de la Universidad S/n, E-03202, Elche, Spain and CIBER-BBN, Spain",1
"Instituto Valenciano de Oncología, Valencia, Spain.",1
"Instituto Valenciano de Oncología, Valencia, España",1
Instituto Valenciano de Oncología Valencia Spain,1
Instituto Valenciano de Oncología  Valencia Spain,1
"Instituto Universitario de Investigación en Ciencias de la Salud-Instituto de Investigación Sanitaria Illes Balears (IUNICS-IDISBA), University of Balearic Islands, Palma de Mallorca, Spain.",1
"Instituto Trastornos Alimentacion, Salud Mental, Barcelona, Spain",1
"Instituto Tecnológico de la Informática, Universitat Politècnica de València, Camino de Vera s/n, 46022 València, Spain",1
Instituto Ramón y Cajal de Investigación Sanitaria (IRYCIS)  Madrid Spain,1
"Instituto Palacios Salud de la Mujer, Madrid, Spain",1
"Instituto Oncológico Dr Rosell, Hospital Universitario Dexeus, Barcelona, Spain",1
"Instituto Oncologico Dr. Rosell, Hospital Quiron-Dexeus Barcelona, 08028 Barcelona, Spain",1
"Instituto Oncologico Dr Rosell, Hospital Quiron-Dexeus Barcelona, Barcelona, Spain",1
"Instituto Biodonostia, Universidad del País Vasco (UPV/EHU) , San Sebastián , Spain",1
Instituto Murciano de Investigación Biosanitaria IMIB‐Arrixaca and Hospital Clínico Universitario Virgen de la Arrixaca  El Palmar Murcia Spain,1
Instituto Municipal de Investigación Médica (IMIM),1
"Instituto Maimónides de Investigación Biomédica de Córdoba, Córdoba, Spain;",1
"Instituto Maimónides de Investigación Biomédica de Córdoba (IMIBIC), Universidad de Córdoba, Córdoba, España",1
"Instituto Maimonides de Investigacion Biomedica, Hospital Reina Sofia, Universidad de Córdoba, Córdoba.",1
"Instituto ITACA, Universitat Politècnica de València, València, Spain",1
"Instituto Hospital del Mar de Investivaciones Médicas (IMIM), Barcelona, Spain",1
"Instituto Hospital del Mar de Investigaciones Médicas-IMIM, 08003 Barcelona, Spain",1
"Instituto Hospital del Mar de Investigaciones Médicas (IMIM), Barcelona, España",1
"Instituto Hospital del Mar de Investigaciones Médicas (IMIM), Barcelona",1
"Instituto De Investigación Sanitaria, Hospital Universitario 12 de Octubre, Madrid, Spain",1
"Instituto Clínico de Oftalmología, Hospital Clínic, Barcelona, España",1
"Instituto Catalán de Oncología, IDIBELL, Barcelona, Spain",1
"Instituto Catalán de Oncología, Badalona, Spain",1
"Instituto Murciano de Investigación Biosanitaria IMIB‐Arrixaca and Hospital Clínico Universitario Virgen de la Arrixaca, El Palmar, and University of Murcia Murcia Spain",1
"Institut de Biomedicina de València-CSIC, CIBERNED, Unitat Mixta de Neurologia i Genètica, IIS La Fe, Vallencia, Spain",1
"Institut d, Investigació Biomèdica Sant Pau, ', Servei Medicina Intensiva, Hospital Universitari Sant Pau, Barcelona, Spain",1
"Institut d'investigacions Biomèdiques August Pi i Sunyer (IDIBAPs), Barcelona, Spain",1
"Institut d'Investigació i Innovació Parc Taulí, Parc Taulí Hospital Universitari, Barcelona, Spain",1
"Institut d'Investigació Sanitària Pere Virgili (IISPV).  Carrer Dr. Mallafré Guasch, 4. Reus Tarragona 43007 Spain",1
"Institut d'Investigació Sanitària Pere Virgili (IISPV), University Hospital of Sant Joan de Reus, Reus, Spain",1
"Institut d'Investigació Sanitària Pere Virgili (IISPV), Tarragona, Spain",1
"Institut d'Investigació Sanitària Pere Virgili (IISPV), Hospital Universitari Sant Joan de Reus, Reus, Spain",1
"Institut d'Investigació Sanitària Pere Virgili (IISPV), Hospital Universitari San Joan de Reus, Reus, Spain",1
"Institut d'Investigació Sanitària Pere Virgili (IISPV), Clinical and Epidemiological Neuroscience Group (NeuroÈpia), Reus, Spain",1
"Institut d'Investigació Sanitària Pere Virgili (IISPV), 43204 Reus, Spain",1
Institut d'Investigació Sanitària Pere Virgili (IISPV) Reus Spain,1
Institut d'Investigació Sanitària Pere Virgili (IISPV)  Reus Spain,1
Institut d'Investigació Sanitària Pere Virgili (IISPV)  Reus 43204 Spain,1
Institute for Research and Innovation in Life Sciences and Health in Central Catalonia (IRIS‐CC) Vic Spain,1
"Institut d'Investigació Biomèdica-Sant Pau (IIB-NTPAU), Centro de Investigación Biomédica en Red de Salud Mental, CIBERSAM, Barcelona, Spain",1
"Institut d'Investigacions Pere Virgili, Tarragona, Spain",1
"Institut d'Investigacions Biomèdiques August Pi i Sunyer, Barcelona, Spain",1
Institut d'Investigacions Biomèdiques August Pi i Sunyer (IDIBAPS) Barcelona Spain,1
Institut d'Investigacions Biomèdiques August Pi Sunyer (IDIBAPS)  Barcelona Spain,1
"Institut d'Investigacions Biomediques August Pi Sunyer (IDIBAPS) and Hospital Clinic Barcelona, Barcelona, Spain",1
Institut d'Assistència Sanitària (IAS) – Institut Català de la Salut  Girona Spain,1
Institut d'Assistència Sanitària (IAS) ‐ Institut Català de la Salut  Girona Spain,1
"Institut \Cavanilles\ de Biodiversitat I Biologia Evolutiva Universitat de València, Spain",1
"Institut Universitarid'Investigació en Atenció Primària Jordi Gol (IDIAP Jordi Gol), Maluquer Salvador 11, 170002, Girona, Catalunya, Spain",1
"Institut Poal de Reumatologia, Barcelona, Spain",1
"Institut Neuropsychiatry and Addictions, Parc Salut Mar, Hospital del Mar, Barcelona, Spain",1
"Institut Municipal d’Investigació Mèdica (IMIM), Barcelona, Spain",1
"Institut Municipal d'Investigació, Mèdica, Spain",1
"Institut d'Investigació Pere Virgili (IISPV), Human Nutrition Unit: Prevention and Epigenetics, Reus, Spain",1
"Institute for Research and Innovation in Life Sciences and Health in Central Catalonia (IRIS-CC), Vic, Spain",1
"Institute for Musculoskeletal Health, Madrid, Spain",1
"Institute for Innovation & Sustainable Development in Food Chain. Universidad Pública de Navarra (UPNA), IdisNA, Pamplona, Spain",1
"Institute for Health and Biomedical Research (ISABIAL: Instituto de InvestigaciónSanitaria y Biomédica de Alicante -FISABIO Foundation: Fundación para el Fomento de la Investigación Sanitaria y Biomédica de la Comunitat Valenciana), Alicante, Spain",1
"Institute for Health and Biomedical Research (ISABIAL), Alicante, Spain",1
"Institute for Health Research Aragón (IIS Aragón) , Zaragoza , Spain",1
"Institute for Health Research Aragon and University of Zaragoza, Zaragoza, Spain",1
"Institute for Environmental Assessment and Water Research (IDAEA-CSIC), Jordi Girona, 18, 08034 Barcelona, Spain",1
"Institute for Biomedical Research August Pi i Sunyer (IDIBAPS), 08036 Barcelona, Spain",1
"Institute for Biocomputation and Physics of Complex Systems (BIFI), University of Zaragoza, 50018, Zaragoza, Spain",1
"Institute Neuropsychiatry and Addictions, Parc de Salut Mar, Barcelona, Spain",1
"Institute Hospital del Mar of Medical Investigation, Barcelona, Spain",1
"Institute Hospital del Mar of Medical Investigation , , Barcelona 08003,",1
"Institut d’Investigació Sanitària Pere Virgili (IISPV), Hospital Universitari San Joan de Reus, 43204 Reus, Spain",1
"Institut de Govern i Polítiques Públiques, Universitat Autònoma de Barcelona, 08193, Bellaterra, Spain",1
"Institut d’Investigació Biomèdica de Girona (IDIBGI) , Girona , Spain",1
"Institut d’Assistència Sanitària (IAS)—Institut Català de la Salut, 17190 Girona, Spain",1
"Institut d’Assistència Sanitària (IAS)–Institut Català de la Salut, 17190 Girona, Spain",1
"Institut d’Assistència Sanitària (IAS)-Institut Català de la Salut, Girona, Spain.",1
"Institut d’Assistència Sanitària (IAS), Institut Català de La Salut, Girona, Spain",1
"Institut de la Mácula, Barcelona, Spain",1
Institut de la Màcula,1
"Institut de Salut Mental, Parc de Salut Mar, Spain",1
"Institut de Salut Mental, Hospital del Mar, Centro de Investigación Biomédica en Red de Salud Mental (CIBERSAM) , Barcelona , Spain",1
"Institut de Salut Mental, Hospital del Mar Research Institute (CIBERSAM) , 08003 Barcelona ,",1
"Institut de Salud Mental, Hospital del Mar, Barcelona, Spain",1
"Institut de Recerca I Innovació en Ciències de la Vida i de la Salut a la Catalunya Central (IRIS-CC), Vic, Spain",1
"Institut de Recerca Biomèdica de Lleida, Lleida, Spain",1
"Institut de Nutrició i Seguretat Alimentària (INSA-UB), Universitat de Barcelona , Av. Prat de la Riba, 171, Edifici La Masia, 08921 Santa Coloma de Gramenet , Spain",1
"Institut de Neuropsiquiatria I Addiccions (INAD), Parc de Salut Mar, 08003 Barcelona, Spain",1
"Institut d’Investigació Germans Trias i Pujol (IGTP), Badalona, Spain",1
"Hospital del Mar and Research Institute of Barcelona, Universitat Pompeu Fabra, Barcelona, Spain",1
"Hospital del Mar and Hospital del Mar Research Institute, Barcelona, Spain",1
"Hospital del Mar Research Institute; Centro de Investigación Biomédica en Red, Área de Salud Mental (CIBERSAM) Pompeu Fabra University Barcelona Spain",1
"Hospital del Mar Research Institute, Universitat Pompeu Fabra, Barcelona, Spain",1
"Hospital del Mar Research Institute, Parc de Recerca Biomèdica de Barcelona (PRBB), 08003 Barcelona, Catalonia, Spain.",1
"Hospital del Mar Research Institute, Parc de Recerca Biomèdica de Barcelona (PRBB), 08003 Barcelona, Catalonia, Spain",1
"Hospital del Mar Research Institute, Parc de Recerca Biomèdica de Barcelona",1
"Hospital del Mar Research Institute, Cancer Research Program, Barcelona, 08003, Spain",1
"Hospital del Mar Research Institute, CIBERONC, Barcelona, Spain; Josep Carreras Leukemia Research Institute, Badalona, Spain.",1
"Hospital del Mar Research Institute, Barcelona Biomedical Research Park (PRBB), Carrer Doctor Aiguader, 88, 08003, Barcelona, Spain",1
"Hospital del Mar Research Institute, Barcelona 08003, Spain.",1
Hospital del Mar Research Institute and Pompeu Fabra Barcelona Spain,1
"Hospital del Mar Research Institute Research Programme on Biomedical Informatics (GRIB), , Barcelona , Spain",1
"Hospital del Mar Research Institute Lab (IMIM), Barcelona, Spain",1
"INAD-Parc de Salut Mar, Barcelona, Spain",1
"Hospital del Mar Research Institute (IMIM), Barcelona, Spain. mcampo@barcelonabeta.org.",1
Hospital del Mar Research Institute  Barcelona Spain,1
Hospital del Mar Research Institute,1
"Hospital del Mar Paseo Marítimo, Hematology, Barcelona, Spain",1
"Hospital del Mar Nursing School (ESIHMar), Universitat Pompeu Fabra-affiliated, Barcelona, Spain",1
"Hospital del Mar Institute of Medical Research (IMIM), Universitat Autònoma de Barcelona, Barcelona, Spain",1
"Hospital del Mar Institute of Medical Research (IMIM PSMar PRBB), Barcelona, Catalonia, Spain",1
"Hospital del Mar - Parc de Salut MAR, Paseo Marítimo de la Barceloneta, 25-29, 08003 Barcelona, Spain",1
"Hospital del Mar , Barcelona , España",1
Hospital del Mar  Barcelona Spain,1
"Hospital del Henares, Madrid (Spain)",1
"Hospital de l’Esperança - Parc de Salut Mar, Barcelona, Spain",1
"Hospital de la Santa Creu, Tortosa, Spain",1
"Hospital de la Santa Creu y Sant Pau, Barcelona, Spain",1
"Hospital del Mar Research Institute (IMIM), Dr Aiguader 88, 08003 Barcelona, Spain",1
"Hospital del Mar, Spain",1
"Hospital del Mar, Pulmonary Hypertension Unit, Department of Pulmonary Medicine, Barcelona, Catalunya, ES, Spain",1
"Hospital del Mar, Passeig Marítim de la Barceloneta, 25, 29, 08003, Barcelona, Spain",1
"Hospital del Mar, Passeig Marítim de la Barceloneta  Barcelona Spain",1
"Hospital del Mar, Parc de Salut Mar, Pg/Marítim 25-29, Barcelona, 08003, Spain",1
"Hospital del Mar, Parc de Salut Mar, Pg/Marítim 25-29, 08003, Barcelona, Spain",1
"Hospital del Mar, Parc de Salut Mar, Barcelona, Spain",1
"Hospital del Mar, Oncologia Medica, Barcelona, Spain",1
"Hospital del Mar, Medical Oncology, Barcelona, Spain",1
"Hospital del Mar, Medical Oncology , Barcelona , Spain",1
"Hospital del Mar, IMIM, CIBERONC, Barcelona, Spain",1
"Hospital del Mar, Digestive Diseases, Barcelona, Spain",1
"Hospital del Mar, Dermatology Department, Barcelona, Spain",1
"Hospital del Mar, Department of Radiology, Barcelona, Spain.",1
"Hospital del Mar de Barcelona , Barcelona , Spain",1
"Hospital del Mar, Department of Nephrology, Barcelona, Spain",1
"Hospital del Mar, Department of Nephrology , Barcelona , Spain",1
"Hospital del Mar, Department of Anestesiología y Reanimación, Barcelona, Spain",1
"Hospital del Mar, Cardiology Department, Barcelona, Spain",1
"Hospital del Mar, Barcelona.",1
"Hospital del Mar, Barcelona, Spain. Electronic address: mlopezy@psmar.cat.",1
"Hospital del Mar, Barcelona, Spain. Electronic address: maguerom@psmar.cat.",1
"Hospital del Mar, Barcelona, España.",1
"Hospital del Mar, Barcelona, Catalonia, Spain",1
"Hospital del Mar, Barcelona (Spain)",1
"Hospital del Mar, 16548, Barcelona, Spain;",1
"Hospital del Mar y la Esperanza. Hip Unit, iMove Traumatología, Clínica Mi Tres Torres, Passeig Marítim 25-29 Barcelona 08003, Spain",1
"Hospital del Mar y la Esperanza, Barcelona, Spain",1
"Hospital del Mar de Barcelona, Barcelona, Spain;",1
"Hospital del Mar, Department of Neurología, Barcelona, Spain",1
"Hospital de Sant Jaume, Calella, Spain",1
Hospital de Sagunto,1
"Hospital de Peset, Valencia, España",1
"Hospital de Palamós, Serveis de Salut Integrats del Baix Empordà, Girona, Spain",1
"Hospital de Palamós, Palamós, Spain",1
"Hospital de Nens de Barcelona, Barcelona, Spain",1
"Hospital de Navarra, Pamplona, Spain",1
"Hospital de Mérida, Mérida, Spain",1
"Hospital de Mollet, Barcelona, Spain",1
"Hospital de Mataró, Mataró, Spain",1
"Hospital de Mataró, Barcelona, Spain",1
Hospital de Mataro,1
"Hospital de Manacor, Mallorca, Spain",1
"Hospital de León, León, Spain.",1
"Hospital de la Santa Creu i Sant Pau, Carrer Sant Antoni M Claret 147, Barcelona, Spain, 08025;",1
"Hospital de La Zarzuela, 28023 Madrid, Spain",1
"Hospital de La Santa Creu i San Pau, Spain",1
Hospital de La Santa Creu i San Pau,1
"Hospital de La Paz, Madrid, España",1
"Hospital de Jerez, Jerez",1
"Hospital de Jerez de la Frontera, Jerez de la Frontera, Spain.",1
"Hospital de Granollers, Granollers, Spain",1
"Hospital de Getafe, Getafe, Spain",1
"Hospital de Galdakao-Usansolo, Galdakao, Spain",1
"Hospital de Galdakao, Galdakao, España",1
"Hospital de Donostia, San Sebastian, Spain.",1
"Hospital de Cruces, Bilbao, Spain",1
"Hospital de Castellón, Av. de Benicàssim, 128, 12004, Castellón de la Plana, Castellón, Spain",1
"Hospital de Cabueñes, Gijón, Spain.",1
"Hospital de León, Altos de Nava, S/N, 24071, León, Spain",1
"Hospital de la Santa Creu i Sant Pau, Barcelona, Spain.",1
"Hospital de la Santa Creu i Sant Pau, 16689, Barcelona, Spain;",1
Hospital de la Santa Creu i Sant Pau Barcelona,1
"Hospital de la Santa Creu i Sant Pau (Carrer de Sant Quintí, 89, 08026 Barcelona - Espagne)",1
"Hospital de la Luz, Madrid, Spain",1
Hospital de l'Esperança-Parc de Salut Mar,1
"Hospital de l'Esperança), Barcelona, Catalonia, Spain.",1
"Hospital de Vigo, Vigo",1
"Hospital de Universitario de Burgos, 09006 Burgos, Spain",1
"Hospital de Txagorritxu, Vitoria, Spain",1
"Hospital de Tortosa Verge de la Cinta (HTVC), Tortosa, Spain.",1
"Hospital de Tortosa Verge de la Cinta (HTVC), Tortosa, 43500 Tarragona, Spain",1
"Hospital de Tortosa Verge de la Cinta (HTVC), 43500 Tortosa, Spain",1
"Hospital de Tortosa Verge de La Cinta, Tortosa, Spain",1
Hospital de Sant Joan Despí Moisès Broggi,1
"Hospital de Torrecárdenas, Almería, Spain",1
Hospital de Torrecárdenas  Almería Spain,1
"Hospital de Segovia, Segovia",1
"Hospital de Santiago de Compostela, Santiago",1
"Hospital de Santa Tecla de Tarragona, Tarragona, Spain",1
"Hospital de Santa Caterina, Salt, Spain",1
"Hospital de Santa Caterina, Salt, Girona, Spain",1
"Hospital de Sant Pau, Department of Surgery, Barcelona, Spain.",1
"Hospital de Sant Pau, Barcelona, Spain.",1
"Hospital de Sant Pau, 08041 Barcelona, Spain",1
"Hospital de Sant Pau, 08025 Barcelona, Spain",1
"Hospital de Sant Pau I Santa Tecla, Tarragona, Spain",1
"Hospital de Sant Joan Despí Moisès Broggi, Sant Joan Despí, Spain",1
"Hospital de Sant Joan Despí Moisès Broggi, Sant Joan Despi, Spain",1
"Hospital de Torrejón, Madrid, Spain",1
"ICU, Hospital Universitario y Politécnico La Fe, Valencia, Spain.",1
"ICU, Hospital Universitario y Politécnico La Fe, Valencia, Spain",1
"ICU, Hospital Universitario de Tarragona Juan XXIII, Tarragona, Spain",1
"ICU, Hospital Universitario de Jerez, Jerez de la Frontera, Spain.",1
"ICU, Hospital Universitario de Jerez, Jerez de la Frontera, Spain",1
"ICU, Hospital Universitario de Guadalajara, Guadalajara, Spain.",1
"ICU, Hospital Universitario de Guadalajara, Guadalajara, Spain",1
"ICU, Hospital Universitario Son Llátzer, Palma, Spain",1
"ICU, Hospital Universitario Sant Joan, Reus, Spain.",1
"ICU, Hospital Universitario Río Hortega, Valladolid, Spain.",1
"ICU, Hospital Universitario Reina Sofía, Córdoba, Spain.",1
"ICU, Hospital Universitario Nuestra Señora de Valme, Sevilla, Spain.",1
"ICU, Hospital Universitario Nuestra Señora de Valme, Sevilla, Spain",1
"ICU, Hospital Universitario Joan XXIII/URV/IISPV, Tarragona, Spain; CIBERES/CIBERESUCICOVID. Electronic address: ahr1161@yahoo.es.",1
"Hospital del Mar, Universitat Pompeu Fabra",1
"ICU, Hospital Universitario Joan XXIII/URV/IISPV, Tarragona, Spain.",1
"ICU, Hospital Universitario Joan XXIII/URV/IISPV, Tarragona, Spain",1
"ICU, Hospital Universitario German Trias i Pujol, Badalona, Spain.",1
"ICU, Hospital Universitario German Trias i Pujol, Badalona, Spain",1
"ICU, Hospital Universitario Dr. Peset, Valencia, Spain",1
"ICU, Hospital Universitario Dr. Negrín, Las Palmas de Gran Canaria, Spain.",1
"ICU, Hospital Nuestra Señora de Gracia, Zaragoza, Spain.",1
"ICU, Hospital Nuestra Señora de Gracia, Zaragoza, Spain",1
"ICU, Hospital Complejo Asistencial de Segovia, Segovia, Spain.",1
"ICU, Hospital Clínico Universitario Lozano Blesa, Zaragoza, Spain.",1
"ICU, Hospital Central de Asturias, Grupo de Investigación de Microbiología Traslacional del ISPA, Oviedo, Spain.",1
"ICU Hospital del Mar, Barcelona, Spain",1
"ICU Hospital de La Princesa, Madrid, Spain",1
"ICU Hospital Verge de la Cinta, Tortosa, Spain",1
"ICU, Hospital Universitario Joan XXIII/URV/IISPV, Tarragona, Spain; CIBERES/CIBERESUCICOVID.",1
"INAD Parc de Salut Mar, Barcelona, Spain.",1
"IMIM-Hospital del Mar Research Institute, Barcelona, Spain",1
IMIM-Hospital del Mar,1
"IMIM, Hospital del Mar Research Institute, 08003 Barcelona, Spain",1
"IMIM (Instituto de Investigaciones Médicas del Hospital del Mar), Barcelona, Spain",1
"IMIM (Instituto Hospital del Mar de Investigaciones Médicas), Barcelona, Spain",1
IMIM (Hospital del Mar Research Institute) Barcelona Spain,1
"IMIM (Hospital Del Mar Medical Research Institute), PRBB, Barcelona, Spain; Laboratory of Neuropharmacology-Neurophar, Department of Medicine and Life Sciences, Universitat Pompeu Fabra (UPF), 08003 Barcelona, Spain; Departament de Psicobiologia i Metodologia de les Ciències de la Salut, Universitat Autònoma de Barcelona (UAB), Barcelona, Spain.",1
"IMIM (Hospital Del Mar Medical Research Institute), PRBB, Barcelona, Spain; Laboratory of Neuropharmacology-Neurophar, Department of Medicine and Life Sciences, Universitat Pompeu Fabra (UPF), 08003 Barcelona, Spain. Electronic address: rafael.maldonado@upf.edu.",1
"IMIM (Hospital Del Mar Medical Research Institute), PRBB, Barcelona, Spain.",1
"IMIBIC/Reina Sofia Hospital, Cordoba, Spain",1
"IMIBIC, Universidad de Córdoba",1
"IMIBIC, Servicio de Medicina Interna, Hospital Universitario Reina Sofía, Córdoba, Spain",1
"IMIBIC, Cordoba, Spain",1
"ICU, Hospital de la Ribera, Alzira, Spain",1
IMG Pharma Biotech S.L. (Spain),1
IMDEA. Food Institute CEIUAM+CSI  Madrid Spain,1
"IMDEA, Food Institute, CEIUAM+CSI, Cantoblanco, Madrid, Spain",1
"IMDEA Water Institute, Science and Technology Campus of the University of Alcalá, Av. Punto Com 2, Alcalá de Henares, 28805, Madrid, Spain",1
"IMDEA Food Institute, Campus of International Excellence UAM+CSIC, Madrid, Spain",1
"IMDEA Food Institute, CEI UAM & CSIC, 28049 Madrid, Spain",1
"IIS-Fundación Jimenez Diaz, School of Medicine, Universidad Autónoma de Madrid, Fundación Renal Iñigo Alvarez de Toledo-IRSIN, REDinREN, Instituto de Investigación Carlos III, Madrid, Spain",1
"IDIVAL, Cantabria, Spain",1
"IDIBAPS, Barcelona, Spain",1
"IDIBAPS - Institut d'Investigacions Biomèdiques August Pi i Sunyer (Rosello 149-153, 08036 Barcelona - Spain)",1
"IDIBAPS - Institut d'Investigacions Biomèdiques August Pi i Sunyer (Rosello 149-153, 08036 Barcelona - Espagne)",1
"IDIAPJGol - Fundació Institut Universitari per a la recerca a l'Atenció Primària de Salut Jordi Gol i Gurina (Gran Via Corts Catalanes, 587\r\n08007 Barcelona - Espagne)",1
"ICU, Hospital del Mar/GREPAC - IMIM, Barcelona, Spain; Division of Pulmonary Diseases & Critical Care Medicine, UTH San Antonio, San Antonio, TX, USA.",1
"ICU, Hospital de la Ribera, Alzira, Spain.",1
"IMIBIC, CIBERONC, Reina Sofía Hospital, Instituto de Salud Carlos III, University of Córdoba, Córdoba, Spain",1
"ICATKnee (ICATME), Hospital Universitari Dexeus, Universitat Autónoma de Barcelona, Barcelona, Spain",1
"IBSAL, IBMCC, Centro de Investigación del Cancer, Universidad de Salamanca-CSIC, Spain",1
"IBD unit, Hospital del Mar , Barcelona , Spain",1
"IBD Unit, Gastroenterology Department, Hospital Universitario de Burgos , Burgos , Spain",1
"Human Pharmacology and Clinical Neurosciences Research Group, Neurosciences Research Program, Hospital Del Mar Medical Research Institute (IMIM), Barcelona, Spain.",1
"Human Pharmacology and Clinical Neurosciences Research Group, Neurosciences Research Program, Hospital Del Mar Medical Research Institute (IMIM), Barcelona, Spain",1
"Human Nutrition Unit, Pere I Virgili Health Research Institute (IISPV), Reus, Spain",1
"Human Nutrition Unit, Department of Biochemistry and Biotechnology, Institut d’Investigacions Sanitàries Pere i Virgili, Rovira i Virigili University, 43201 Reus, Spain",1
"Human Nutrition Unit, Department of Biochemistry and Biotechnology, Faculty of Medicine and Health Sciences, Sant Joan de Reus University Hospital, IISPV, Rovira i Virgili University, c/Sant Llorenç 21, 43201 Reus, Spain",1
"Human Nutrition Unit, Departament de Bioquímica i Biotecnologia, Universitat Rovira I Virgili, Hospital Universitari San Joan de Reus, 43201 Reus, Spain",1
"Human Nutrition Unit ANUT-DSM, Biochemistry and Biotechnology Department, Faculty of Medicine and Health Sciences, Universitat Rovira i Virgili, C/Sant Llorenç 21, 43201, Reus, Spain",1
Hospiten Estepona,1
"Hospitales de l’Esperança y del Mar, Parc de Salut Mar, St Josep de la Muntanya, 12, 08024 Barcelona, Spain",1
"Hospitales Universitarios Regional y Virgen de la Victoria de Málaga, 29010 Málaga, Spain",1
"ICU Hospital Universitario y Politécnico La Fe, Valencia, Spain",1
"Hospitales Madrid, Oña, 10, Madrid 28050, Spain.",1
"Hospitales HM, Madrid",1
"Hospital-at-Home, Department of Geriatrics, Hospital del Mar, IMIM, CIBER on Frailty and Healthy Ageing-CIBERFES, Barcelona, Spain",1
"Hospital Álvaro Cunqueiro, Vigo",1
"Hospital Álvaro Cunqueiro, Complejo Hospitalario Universitario de Vigo (CHUVI), Vigo, Spain.",1
"Hospital Álvaro Cunqueiro, Complejo Hospitalario Universitario de Vigo (CHUVI), 36312 Vigo, Spain",1
"Hospital Álvaro Cunqueiro, Complejo Hospitalario Universitario de Vigo (CHUVI), 36213 Vigo, Spain",1
"Hospital la Princesa, Diego de León, 62, 28006, Madrid, Spain",1
"Hospital del Mar/Parc de Recerca Biomèdica de Barcelona, Barcelona, Spain",1
"Hospital del Mar. Research Institute. Universitat Pompeu Fabra, Spain",1
Hospital del Mar. IMAS,1
"Hospital del Mar-Parc de Salut Mar, Barcelona, Spain",1
"Hospital del Mar-Parc de Salut MAR, Barcelona, Cataluña, Spain",1
"Hospital del Mar-CIBERONC Institute for Medical Research, Barcelona, Spain",1
"Hospitales Universitarios Regional y Virgen de la Victoria (HURyVV). Instituto de Investigaciones Biomédicas de Málaga (IBIMA), Málaga, Spain",1
"ICU Hospital Universitario de Terrasa, Terrasa, Spain",1
"ICU Hospital Universitario de Jerez, Jerez de la Frontera, Spain",1
"ICU Hospital Universitario de Guadalajara, Guadalajara, Spain",1
"ICU Hospital Universitario de Donostia, Donosia, Spain",1
"ICU Hospital Universitario de Burgos, Burgos, Spain",1
"ICU Hospital Universitario Vall d'Hebron, Barcelona, Spain",1
"ICU Hospital Universitario Reina Sofía, Córdoba, Spain",1
"ICU Hospital Universitario Joan XXIII/IISPV/URV, Mallafre Guasch 4, 43007, Tarragona, Spain",1
"ICU Hospital Universitario Dr. Negrín, Las Palmas de Gran Canaria, Spain",1
"ICU Hospital Universitario Central de Asturias, Oviedo, Spain",1
"ICU Hospital Universitario Arnau de Vilanova, Lleida, Spain",1
"ICU Hospital Príncipe de Asturias, Alcalá de Henares, Spain",1
"ICU Hospital Nuestra Señora del Prado, Talavera de la Reina, Spain",1
"ICU Hospital Marqués de Valdecilla, Santander, Spain",1
"ICATME. Hospital Universitari Dexeus, Universitat Autònoma de Barcelona (UAB), Carrer de Sabino Arana 5, 08028, Barcelona, Spain",1
"ICU Hospital Clínico de Salamanca, Salamanca, Spain",1
"ICU Hospital Clínico Universitario Lozano Blesa, Zaragoza, Spain",1
"ICU Hospital Clinico San Carlos, Madrid, Spain",1
"ICU Complejo Hospitalario Universitario a Coruña, A Coruña, Spain",1
"ICREA, Catalan Institution for Research and Advanced Studies, Barcelona, Spain",1
"ICREA - Institució Catalana de Recerca i Estudis Avançats (Passeig Lluís Companys 23, 08010 Barcelona - Espagne)",1
ICO‐Joan XXIII Tarragona  Tarragona Spain,1
ICO‐Hospital Germans Trias i Pujol‐ICO Badalona  Badalona Barcelona Spain,1
"ICO-Hospital Universitari Doctor Josep Trueta, Girona, Spain.",1
"ICO-Hospital German Trías i Pujol, 08916 Badalona, Spain",1
"ICO-Hospital Duran i Reynals, IDIBELL, L'Hospitalet de Llobregat, Spain.",1
"ICO, Hospital Germans Trias i Pujol, Badalona, Spain",1
"ICO Girona-Hospital Josep Trueta, Girona, Spain",1
"ICFO-Institut de Ciències Fotòniques, The Barcelona Institute of Science and Technology, Castelldefels, Barcelona, Spain; Institució Catalana de Recerca i Estudis Avançats (ICREA), Barcelona, Spain",1
"ICFO-Institut de Ciències Fotòniques, The Barcelona Institute of Science and Technology, Castelldefels, Barcelona, Spain",1
"ICU Hospital Complejo Asistencial de Segovia, Segovia, Spain",1
"Servicio de Nefrología, Hospital U. La Paz, Madrid, España",1
"Servicio de Nefrología, Hospital U. La Paz, Madrid, Espa ña",1
"Servicio de Nefrología, Hospital U. La Fe, Valencia, Spain",1
"Servicio de Nefrología, Hospital U. La Fe, Valencia, Espa ña",1
"Servicio de Nefrología, Hospital U. Infanta Sofía, Madrid, Spain",1
"Servicio de Nefrología, Hospital U. Gregorio Marañón, Madrid, Spain",1
"Servicio de Nefrología, Hospital U. Gregorio Marañón, Madrid, España",1
"Servicio de Nefrología, Hospital U. Germans Trias y Pujol, Barcelona, Spain",1
"Servicio de Nefrología, Hospital U. Germans Trias i Pujol, Barcelona, España",1
"Servicio de Nefrología, Hospital U. Fundación Puigvert, Barcelona, Spain",1
"Servicio de Nefrología, Hospital U. Fundación Puigvert, Barcelona, España",1
"Servicio de Nefrología, Hospital U. Doce de Octubre, Madrid, Spain",1
"Servicio de Nefrología, Hospital U. Doce de Octubre, Madrid, España",1
"Servicio de Nefrología, Hospital U. De Elche, Alicante, Spain",1
"Neurology Department, Miguel Servet University Hospital, Zaragoza, Spain",1
"Servicio de Nefrología, Hospital U. Clínico San Carlos, Madrid, España",1
"Servicio de Nefrología, Hospital U. Central de Asturias, Oviedo, Spain",1
"Servicio de Nefrología, Hospital U. Central de Asturias, Oviedo, España",1
"Servicio de Nefrología, Hospital U. Carlos Haya, Málaga, Spain",1
"Servicio de Nefrología, Hospital U. Carlos Haya, Málaga, España",1
"Servicio de Nefrología, Hospital U. Bellvitge, Barcelona, Spain",1
"Servicio de Nefrología, Hospital U. Bellvitge, Barcelona, España",1
"Servicio de Nefrología, Hospital San Pedro de Logroño, La Rioja, Spain",1
"Servicio de Nefrología, Hospital Regional Universitario, Málaga, Spain",1
"Servicio de Nefrología, Hospital Marina Baixa, Alicante, Spain",1
"Servicio de Nefrología, Hospital General de Alicante, Alicante, Spain",1
"Servicio de Nefrología, Hospital General Universitario de Ciudad Real, Ciudad Real, Spain",1
"Servicio de Nefrología, Hospital Fundación Alcorcón, Madrid, Spain",1
"Servicio de Nefrología, Hospital Clínico Universitario, Valladolid, Spain",1
"Servicio de Nefrología, Hospital Clínico Universitario, Valladolid, Espa ña",1
"Servicio de Nefrología, Hospital U. Clínico San Carlos, Madrid, Spain",1
"Servicio de Nefrología, Hospital Universitario Miguel Servet, Zaragoza, España",1
"Servicio de Nefrología, Hospital Universitario Marqués de Valdecilla/IDIVAL, Universidad de Cantabria, Santander, España",1
"Servicio de Nefrología, Hospital Universitario Marqués de Valdecilla, Santander, Spain",1
"Servicio de Nefrología, Hospital Universitario Infanta Leonor, Barcelona, Spain",1
"Servicio de Nefrología, Hospital Universitario Dr. Peset, Valencia, Spain",1
"Servicio de Nefrología, Hospital Universitario Doctor Peset, Valencia, Spain",1
"Servicio de Nefrología, Hospital Universitari y Politècnic La Fe, Valencia, Spain",1
"Servicio de Nefrología, Hospital U. del Mar, Barcelona, Spain",1
"Servicio de Nefrología, Hospital U. del Mar, Barcelona, España",1
"Servicio de Nefrología, Hospital U. de Ciudad Real, Spain",1
"Servicio de Nefrología, Hospital U. de Ciudad Real, España",1
"Servicio de Nefrología, Hospital U. de Badajoz, Spain",1
"Servicio de Nefrología, Hospital U. de Albacete, Spain",1
"Servicio de Nefrología, Hospital U. de Albacete, España",1
"Servicio de Nefrología, Hospital U. Virgen de las Nieves, Granada, Spain",1
"Servicio de Nefrología, Hospital U. La Paz, Madrid, Spain",1
"Servicio de Nefrología, Hospital U. Virgen de la Salud, Toledo, Spain",1
"Servicio de Nefrología, Hospital U. Virgen de la Salud, Toledo, Espa ña",1
"Servicio de Nefrología, Hospital U. Son Espases, Palma de Mallorca, Spain",1
"Servicio de Nefrología, Hospital U. Son Espases, Palma de Mallorca, España",1
"Servicio de Nefrología, Hospital U. Ramón y Cajal, Madrid, Spain",1
"Servicio de Nefrología, Hospital U. Ramón y Cajal, Madrid, España",1
"Servicio de Nefrología, Hospital U. Puerta del Mar, Cádiz, Spain",1
"Servicio de Nefrología, Hospital U. Puerta del Mar, Cádiz, España",1
"Servicio de Nefrología, Hospital U. Puerta de Hierro, Madrid, Spain",1
"Servicio de Nefrología, Hospital U. Puerta de Hierro, Madrid, España",1
"Servicio de Nefrología, Hospital U. Príncipe de Asturias, Madrid, Spain",1
"Servicio de Nefrología, Hospital U. Miguel Servet, Zaragoza, Spain",1
"Servicio de Nefrología, Hospital U. Miguel Servet, Zaragoza, España",1
"Servicio de Nefrología, Hospital U. Marqués de Valdecilla, Santander, Spain",1
"Servicio de Nefrología, Hospital U. Marqués de Valdecilla, Santander, España",1
"Servicio de Nefrología, Hospital U. Virgen de las Nieves, Granada, España",1
"Servicio de Medicina Preventiva y Epidemiología, Hospital Universitari Vall d'Hebron, Barcelona, España",1
"Servicio de Medicina Nuclear. Hospital del Mar, Barcelona, España",1
"Servicio de Medicina Nuclear. Hospital Quironsalud Barcelona, Barcelona, España",1
"Servicio de Medicina Nuclear, Hospital del Mar, Barcelona, Spain",1
"Servicio de Medicina Nuclear, Hospital Universitari Doctor Josep Trueta, Girona, Spain",1
"Servicio de Medicina Nuclear, Hospital Quirónsalud Barcelona, Barcelona, Spain",1
"Servicio de Medicina Nuclear, Hospital Del Mar, Barcelona, Spain",1
"Servicio de Medicina Interna, Área de Atención Integrada de Riesgo Vascular, Hospital Sant Joan Despí-Moisès Broggi, Consorci Sanitari Integral (CSI), Sant Joan Despí, Barcelona",1
"Servicio de Medicina Interna, Área de Atención Integrada de Riesgo Vascular, Complex Hospitalari Universitari Moisès Broggi, Consorci Sanitari Integral (CSI), Sant Joan Despí, Universidad de Barcelona, Barcelona, España",1
"Servicio de Medicina Interna, Unidad de lípidos y riesgo cardiovascular, Hospital General Universitario de Valencia, Valencia, España.",1
"Servicio de Medicina Interna, Unidad de Lípidos y Arteriosclerosis, Hospital La Paz-Carlos III, Madrid, España",1
"Servicio de Medicina Interna, UCERV, UCAMI, Hospital Virgen del Rocío de Sevilla, Sevilla, España",1
"Servicio de Medicina Interna, Mater Misericordiae University Hospital, Dublín, Irlanda. Servicio de Farmacología Clínica, Hospital Universitario Puerta de Hierro Majadahonda, Instituto de Investigación Sanitaria Segovia de Arana, Madrid, España.",1
"Servicio de Medicina Interna, Hospital Álvaro Cunqueiro, Vigo, Pontevedra, España",1
"Servicio de Medicina Interna, Hospital del Mar, Universidad Autónoma de Barcelona, Barcelona, España",1
"Servicio de Nefrología, Hospital Clínico U. de Salamanca, España",1
"Servicio de Medicina Interna, Hospital Vega Baja, Orihuela (Alicante), Spain",1
"Servicio de Medicina Interna, Hospital Universitario de Reus, Universidad Rovira i Virgili, IISPV, CIBERBEM, Reus, Tarragona, España",1
"Servicio de Medicina Interna, Hospital Universitario de Bellvitge-Idibell, Universidad de Barcelona, CIBEROBN, L' Hospitalet de Llobregat, Barcelona, España",1
"Servicio de Medicina Interna, Hospital Universitario Virgen de la Victoria, Universidad de Málaga, Instituto de Investigación Biomédica de Málaga (IBIMA), Málaga, España",1
"Servicio de Medicina Interna, Hospital Universitario Reina Sofía, IMIBIC, Universidad de Córdoba, CIBEROBN, Córdoba, España",1
"Servicio de Medicina Interna, Hospital Universitario Ramón y Cajal, Madrid, Spain",1
"Servicio de Medicina Interna, Hospital Universitario Miguel Servet, IIS Aragón, CIBERCV, Universidad de Zaragoza, Zaragoza, España",1
"Servicio de Medicina Interna, Hospital Universitario Fundación Alcorcón, Universidad Rey Juan Carlos, Alcorcón, Madrid, España",1
"Servicio de Medicina Interna, Hospital Universitari de Bellvitge, L’Hospitalet de Llobregat (Barcelona), Spain",1
"Servicio de Medicina Interna, Hospital General Universitario de Ciudad Real, Ciudad Real, Spain",1
"Servicio de Medicina Interna, Hospital Clínico Universitario de Valladolid, 47003 Valladolid, Spain",1
"Servicio de Medicina Interna, Hospital Central Universitario Lozano Blesa, Zaragoza, Spain",1
"Servicio de Medicina Interna, Hospital Arquitecto Marcide, Ferrol, A Coruña, España",1
"Servicio de Medicina Interna, Complejo Hospitalario Universitario de Santiago, Santiago de Compostela, A Coruña, España",1
"Servicio de Medicina Intensiva, Parc de Salut Mar, Hospital del Mar, Barcelona, Spain",1
"Servicio de Medicina Interna, Hospital del Mar, Barcelona, España",1
"Servicio de Nefrología, Fundació Puigvert, Barcelona, Spain",1
"Servicio de Nefrología, Complejo Hospitalario Universitario Insular, Las Palmas de Gran Canaria, Spain",1
"Servicio de Nefrología y Unidad de Investigación, Hospital Universitario Nuestra Señora de Candelaria, Santa Cruz de Tenerife, Spain",1
"Servicio de Nefrologia, Hospital del Mar, Barcelona, Spain",1
"Servicio de Nefrologia, Hospital de Cruces, Baracaldo, Vizcaya, Spain",1
"Servicio de Nefrologia, Hospital Universitario Valle Hebrón, Barcelona, Spain",1
"Servicio de Nefrologia, Hospital Reina Sofia, Cordoba, Spain",1
"Servicio de Nefrologia, Hospital Puerta del Mar, Cadiz, Spain",1
"Servicio de Nefrologia, Hospital Marque de Valdecilla, Santander, Cantabria, Spain",1
"Servicio de Nefrologia, Hospital Carlos Haya, Malaga, Spain",1
"Servicio de Microscopía Óptica Avanzada, Centro de Investigación Príncipe Felipe (CIPF), Valencia, Spain",1
"Servicio de Microscopía Electrónica, Centro de Investigación Príncipe Felipe (CIPF), Valencia, Spain",1
"Servicio de Microbiología, Laboratorio de Referencia de Cataluña , Hospital del Mar, Barcelona , Spain",1
"Servicio de Microbiología, Hospital de Bellvitge , Barcelona , Spain",1
"Servicio de Microbiología, Hospital Universitario Vall d`Hebron, Vall d'Hebron Institut de Recerca (VHIR), Departamento de Genética y Microbiología, Universitat Autònoma de Barcelona, CIBERINFEC, Barcelona, España",1
"Servicio de Medicina Preventiva, Instituto de Investigación de Santiago, Área Sanitaria de Santiago de Compostela y Barbanza, Santiago de Compostela, A Coruña, Spain",1
"Servicio de Microbiología, Hospital Universitario Son Espases, IdISBa, CIBERINFEC, Palma de Mallorca, Spain. Electronic address: antonio.oliver@ssib.es.",1
"Servicio de Microbiología, Hospital Universitario Son Espases, IdISBa, CIBERINFEC, Palma de Mallorca, Spain.",1
"Servicio de Microbiología, Hospital Universitario Ramón y Cajal-IRYCIS , Madrid , Spain",1
"Servicio de Microbiología, Hospital Universitario Ramón y Cajal- IRYCIS, CIBERINFEC, Madrid, España",1
"Servicio de Microbiología, Hospital Universitario Ramón y Cajal, Instituto Ramón y Cajal de Investigación Sanitaria (IRYCIS), CIBERINFEC, Madrid, Spain.",1
"Servicio de Microbiología, Hospital Universitario Lucus Augusti , Lugo , Spain",1
"Servicio de Microbiología, Hospital Son Espases, Instituto de Investigación Sanitaria Illes Balears (IdISBa), CIBERINFEC, Palma de Mallorca, España",1
"Servicio de Microbiología, Hospital Son Espases, IdISBa , Mallorca , Spain",1
"Servicio de Microbiología, Hospital Santa Creu i San Pau , Barcelona , Spain",1
"Servicio de Microbiología, Hospital Gregorio Marañón , Madrid , Spain",1
"Servicio de Microbiología, Hospital Clínico Lozano Blesa , Zaragoza , Spain",1
"Servicio de Microbiología, Complexo Hospitalario Universitario A Coruña, Instituto Investigación Biomédica A Coruña (INIBIC), CIBERINFEC, A Coruña, España",1
"Servicio de Microbiología, Complexo Hospitalario Universitario A Coruña, Instituto Investigación Biomédica A Coruña (INIBIC),",1
"Servicio de Microbiología Clínica, Facultad de Medicina, Departamento de Biomedicina y Biotecnología, Hospital Universitario Príncipe de Asturias – Universidad de Alcalá, Madrid, Spain",1
"Servicio de Metodología, Calidad y soporte a la Investigación Enfermera, Parc de Salut Mar, Barcelona",1
"Servicio de Microbiología, Hospital Universitario Son Espases, IdISBa, CIBERINFEC, Palma de Mallorca, Spain. Electronic address: carla.lopez@ssib.es.",1
"Servicio de Reumatología, Hospital Fundación Jimenez Díaz, Madrid, España",1
"Servicio de Reumatología, Hospital Clínico Universitario de Valencia, Valencia, Spain.",1
"Servicio de Reumatología, Hospital Clínico Universitario de Valencia, Valencia, España",1
"Servicio de Reumatología, Hospital Clínico San Carlos, Madrid, Spain",1
"Servicio de Reumatología, Complejo Hospitalario Universitario de Vigo, Vigo, Spain, Grupo IRIDIS (Investigation in Rheumatology and Immunemediated Diseases) Instituto de Investigación Sanitaria Galicia Sur (IISGS)",1
"Servicio de Reumatología, Complejo Hospitalario Universitario de Vigo, Vigo, España, Grupo IRIDIS (Investigation in Rheumatology and Immunemediated Diseases) Instituto de Investigación Sanitaria Galicia Sur (IISGS)",1
"Servicio de Reumatología, Complejo Hospitalario Universitario de Santiago, Santiago de Compostela, Spain.",1
"Servicio de Reumatología, Complejo Hospitalario Universitario de Santiago, Santiago de Compostela, España",1
"Servicio de Reumatología, Complejo Hospitalario Universitario A Coruña, A Coruña, Spain.",1
"Servicio de Reumatología, Complejo Hospitalario Universitario A Coruña, A Coruña, España",1
"Servicio de Radioterapia. Hospital Quironsalud Barcelona, Barcelona, España",1
"Servicio de Radiología, Unidad de Neuroradiología, Hospital del Mar, 08003 Barcelona, Spain",1
"Servicio de Radiología, Hospital del Mar, Barcelona, Spain.",1
"Servicio de Radiología, Hospital Xeral, Vigo, Spain.",1
"Servicio de Nefrología, Hospital Universitario Vall d'Hebron, Barcelona, España",1
"Servicio de Radiología, Hospital Universitario Donostia, San Sebastián, Spain. Electronic address: amoraleslezama@gmail.com.",1
"Servicio de Radiología, Hospital Costa del Sol, Marbella, Spain.",1
"Servicio de Radiodiagnóstico, Hospital del Mar, Barcelona, Spain",1
"Servicio de Radiodiagnóstico, Hospital del Mar, Barcelona, España",1
"Servicio de Radiodiagnóstico, Hospital Quirónsalud Barcelona, Barcelona, Spain",1
"Servicio de Radiodiagnóstico, Hospital Clínico San Carlos Clínico, Madrid, Spain",1
"Servicio de Radiodiagnóstico, Hospital Clinic, Barcelona, Spain",1
"Servicio de Radiodiagnóstico, Hospital Clinic, Barcelona, España",1
"Servicio de Patología, Hospital del Mar , 08003 Barcelona , Spain",1
"Servicio de Patología, GRETNHE IMIM Hospital del Mar Research Institute  Barcelona Spain",1
"Servicio de Otorrinolaringología, Hospital Universitario Central de Asturias, Oviedo, Spain",1
"Servicio de Otorrinolaringología, Hospital Clínico Universitario de Valencia, Universitat de València, Valencia, Spain",1
"Servicio de Otorrinolaringología, Hospital Arnau de Vilanova, Valencia, Spain",1
"Servicio de Oncología, Instituto de Investigación Sanitaria Gregorio Marañón, Hospital General Universitario Gregorio Marañón, Madrid, Spain",1
"Servicio de Oncología, Hospital del Mar, Barcelona, España",1
"Servicio de Radiología, Hospital Universitario la Princesa, 28006 Madrid, Spain",1
"Servicio de Reumatología, Hospital Universitario Reina Sofía, Universidad de Córdoba. Instituto Maimónides de Investigación Biomédica de Córdoba (IMIBIC), Córdoba, España",1
"Servicio de Reumatología, Hospital Universitario Reina Sofía, Universidad de Córdoba, Instituto Maimónides de Investigación Biomédica de Córdoba (IMIBIC), Córdoba, Spain.",1
"Servicio de Reumatología, Hospital Universitario Ramón y Cajal, Madrid, Spain",1
"Servicio de Reumatología, Hospital Universitario Ramón y Cajal, Madrid, España",1
"Servicio de Reumatología, Hospital Universitario Príncipe de Asturias, Madrid, Spain",1
"Servicio de Reumatología, Hospital Universitario Príncipe de Asturias, Alcalá de Henares, Spain",1
"Servicio de Reumatología, Hospital Universitario Príncipe de Asturias, Alcalá de Henares, España",1
"Servicio de Reumatología, Hospital Universitario Marqués de Valdecilla, IDIVAL, Santander, Cantabria, Spain",1
"Servicio de Reumatología, Hospital Universitario La Paz, Madrid, Spain",1
"Servicio de Reumatología, Hospital Universitario La Paz, Madrid, España",1
"Servicio de Reumatología, Hospital Universitario Infanta Sofía. Universidad Europea de Madrid, Madrid, Spain",1
"Servicio de Reumatología, Hospital Universitario Infanta Sofía, Universidad Europea, Madrid, Spain",1
"Servicio de Reumatología, Hospital Universitario Infanta Sofía, Universidad Europea, Madrid, España",1
"Servicio de Reumatología, Hospital Universitario HM Sanchinarro, Madrid, Spain.",1
"Servicio de Reumatología, Hospital Universitario HM Sanchinarro, Madrid, España",1
"Servicio de Reumatología, Hospital Fundación Jimenez Díaz, Madrid, Spain",1
"Servicio de Reumatología, Hospital Universitari Son Espases, Palma de Mallorca, Spain",1
"Servicio de Reumatología, Hospital Puerta de Hierro, Madrid, Spain",1
"Servicio de Reumatología, Hospital Puerta de Hierro, Madrid, España",1
"Servicio de Reumatología, Hospital La Princesa, Madrid, Spain",1
"Servicio de Reumatología, Hospital La Princesa, Madrid, España",1
"Servicio de Reumatología, Hospital Infanta Cristina, Badajoz, Spain",1
"Servicio de Reumatología, Hospital Infanta Cristina, Badajoz, España",1
"Servicio de Reumatología, Hospital Germans Trias i Pujol, Barcelona, Spain.",1
"Servicio de Reumatología, Hospital Germans Trias i Pujol, Barcelona, España",1
"Servicio de Reumatología, Hospital General de Granollers, Granollers, Spain.",1
"Servicio de Reumatología, Hospital General de Granollers, Granollers, España",1
"Servicio de Reumatología, Hospital General Universitario de Elda, Elda, Spain",1
"Servicio de Reumatología, Hospital General Universitario de Elda, Elda, España",1
"Servicio de Reumatología, Hospital General Universitario de Alicante, Alicante, Spain",1
"Servicio de Reumatología, Hospital General Universitario de Alicante, Alicante, España",1
"Servicio de Reumatología, Hospital Universitari de Bellvitge, L'Hospitalet de Llobregat, Spain",1
"Servicio de Neumología, Hospital Universitario Central de Asturias, Oviedo, Spain",1
"Servicio de Neumología, Hospital Universitario Central de Asturias, Oviedo, Asturias, Spain",1
"Servicio de Neumología, Hospital Universitario Central de Asturias, Oviedo, Asturias, España",1
"Servicio de Neumología, Hospital Son Espases - Instituto de Investigación Sanitaria de Palma (IdISBa), Universitat de les Illes Balears, Palma de Mallorca, Spain",1
"Servicio de Neumología, Hospital Santa Creu i Sant Pau, Barcelona, España",1
"Servicio de Neumología, Hospital Santa Creu i Sant Pau, 08041 Barcelona, Spain",1
"Servicio de Neumología, Hospital San Carlos, Madrid, España",1
"Servicio de Neumología, Hospital San Agustín, Avilés, Asturias, España",1
"Servicio de Neumología, Hospital San Agustín, Avilés, 33410 Asturias, Spain",1
"Servicio de Neumología, Hospital Regional Universitario de Málaga, Instituto de Investigación Biomédica de Málaga (IBIMA)/Universidad de Málaga, Málaga, España",1
"Servicio de Neumología, Hospital Ramón y Cajal, Madrid, España",1
"Servicio de Neumología, Hospital Ramón y Cajal, 28034 Madrid, Spain",1
"Servicio de Neumología, Hospital Puerta de Hierro, Majadahonda, Madrid, Spain",1
"Servicio de Neumología, Hospital Lucus Augusti, Lugo, España",1
"Servicio de Neumología, Hospital Lucus Augusti, 27003 Lugo, Spain",1
"Servicio de Oncología, Hospital de Sagunto, 46520, Valencia, Spain",1
"Servicio de Neumología, Hospital La Paz, 28046 Madrid, Spain",1
"Servicio de Neumología, Hospital General Universitario Gregorio Marañón, Facultad de Medicina, Universidad Complutense de Madrid, Madrid, España",1
"Servicio de Neumología, Hospital Clínico, Barcelona, España",1
"Servicio de Neumología, Hospital Clínic, IDIBAPS, 08036 Barcelona, Spain",1
"Servicio de Neumología, Hospital Clínic, Barcelona, España",1
"Servicio de Neumología, Hospital 12 de Octubre, Madrid, Spain",1
"Servicio de Neumología, Fundación Jiménez Díaz, Universidad Autónoma de Madrid, Madrid, Spain",1
"Servicio de Neumología, Fundación Jiménez Díaz, Universidad Autónoma de Madrid, Clínica Universidad de Navarra, Madrid, Spain",1
"Servicio de Neumología, Consorci Sanitari Parc Taulí, Universitat Autònoma de Barcelona, Sabadell, Spain",1
"Servicio de Neumología, AIG de Medicina, Hospital de Alta Resolución de Loja, Granada, Spain",1
"Servicio de Neumología e Instituto de Investigación La Fe (IISLAFE), Hospital Universitario y Politécnico La Fe, 46026 Valencia, Spain",1
"Servicio de Nefrología, Hospital del Mar, Parc de Salut Mar, Barcelona, España",1
"Servicio de Nefrología, Hospital Universitario de Getafe, Madrid, Spain",1
"Servicio de Nefrología, Hospital Universitario de Cabueñes, Gijón, Spain",1
"Servicio de Nefrología, Hospital Universitario Virgen Macarena, Sevilla, Spain",1
"Servicio de Neumología, Hospital La Paz, Madrid, España",1
"Servicio de Oncología, Hospital de Mataró, Consorci Sanitari del Maresme, Mataró (Barcelona), España",1
"Servicio de Oncología, Hospital Duran i Reynals, Institut Català d'Oncologia, L'Hospitalet de Llobregat (Barcelona), España",1
"Servicio de Oncología Radioterápica, Hospital Quirónsalud Barcelona, Barcelona, Spain",1
"Servicio de Oncología Médica y Grupo de Oncología Médica Traslacional, Hospital Clínico Universitario e Instituto de Investigación Sanitaria-CIBERONC, Santiago de Compostela, Spain",1
"Servicio de Oncologia Médica, Hospital Universitario Son Dureta, Palma de Mallorca, Spain",1
"Servicio de Oftalmología, Hospital General Universitario de Valencia, Valencia, Spain",1
"Servicio de Neuropediatría, Hospital Universitario La Paz, Madrid, Spain",1
"Servicio de Neuropediatría, Hospital Universitario Central de Asturias, Oviedo (Asturias), Spain",1
"Servicio de Neurología, Hospital del Mar-Parc de Salut Mar. IMIM, Passeig Marítim de la Barceloneta 25, 08003 Barcelona, Spain",1
"Servicio de Neurología, Hospital del Mar-Parc de Salut Mar, IMIM, Barcelona, Spain",1
"Servicio de Neurología, Hospital del Mar, Parc de Salut Mar, Barcelona, Spain",1
"Servicio de Neurología, Hospital del Mar, Barcelona, Spain.",1
"Servicio de Neurología, Clínica Universidad de Navarra, Pamplona, Spain",1
"Servicio de Neurología, Clínica Universidad de Navarra, Pamplona, España",1
"Servicio de Neurofisiología, Hospital del Mar, Parc de Salut Mar, Barcelona, Spain",1
"Servicio de Neumología, Hospital Universitario Son Espases, IdISBa, Palma de Mallorca, Spain.",1
"Servicio de Neumología, Instituto de investigación biosanitaria del Principado de Asturias (ISPA), 33011 Oviedo, Spain",1
"Servicio de Neumología, Instituto de Investigación Sanitaria, Hospital Universitario de la Princesa, Madrid, España",1
"Servicio de Neumología, Instituto de Investigación Sanitaria, Hospital Universitario de la Princesa, 28006 Madrid, Spain",1
"Servicio de Neumología, Instituto de Investigación Biomédica de Málaga (IBIMA), Hospital Regional Universitario de Málaga, Universidad de Málaga, 29010 Málaga, Spain",1
"Servicio de Neumología, Instituto de Investigación Biomédica de A Coruña (INIBIC), Complejo Hospitalario Universitario de A Coruña (CHUAC) Sergas Universidade da Coruña (UDC), A Coruña, Spain.",1
"Servicio de Neumología, Instituto de Investigación (IdISSC), Hospital Clínico San Carlos, Departamento de Medicina, Facultad de Medicina, Universidad Complutense de Madrid, Madrid, Spain",1
"Servicio de Neumología, Hospital del Mar-IMIM, UPF, CIBERES, Barcelona, España",1
"Servicio de Neumología, Hospital del Mar-IMIM, UPF, CIBERES, 08003 Barcelona, Spain",1
"Servicio de Neumología, Hospital del Mar, Cataluña, Spain",1
"Servicio de Neumología, Hospital del Mar, Cataluña, España",1
"Servicio de Neumología, Hospital del Mar, Barcelona, España",1
"Servicio de Neumología, Hospital Universitario y Politécnico La Fe, Valencia, España",1
"Servicio de Neumología, Hospital Universitario de Salamanca. Instituto de Investigación Biomédica de Salamanca (IBSAL). Departamento de Medicina, Universidad de Salamanca, Salamanca, España",1
"Servicio de Neumología, Hospital Universitario Virgen Macarena, Sevilla, Spain",1
"Servicio de Neumología, Hospital Universitario Virgen Macarena, Sevilla, España",1
"Servicio de Neurocirugía, Hospital del Mar, Parc de Salut Mar, Barcelona, Spain",1
"Servicio de Cirugía Torácica, Hospital Universitario Virgen de las Nieves, Granada, España",1
"Servicio de Cirugía Torácica, Hospital Universitario Virgen Macarena, Sevilla, Spain",1
"Servicio de Cirugía Torácica, Hospital Universitario Virgen Macarena, Sevilla, España",1
"Servicio de Cirugía Torácica, Hospital Universitario Santiago de Compostela, Santiago de Compostela, España",1
"Servicio de Cirugía Torácica, Hospital Universitario Sagrat Cor, Barcelona, España",1
"Servicio de Cirugía Torácica, Hospital Universitario Ramón y Cajal. Madrid, España",1
"Servicio de Cirugía Torácica, Hospital Universitario Ramón y Cajal, Madrid, España",1
"Servicio de Cirugía Torácica, Hospital Universitario Quironsalud Madrid, Madrid, España",1
"Servicio de Cirugía Torácica, Hospital Universitario Puerta de Hierro Majadahonda. Madrid, España",1
"Servicio de Cirugía Torácica, Hospital Universitario Puerta de Hierro Majadahonda, Madrid, Spain",1
"Servicio de Cirugía Torácica, Hospital Universitario Miguel Servet y Hospital Clínico Universitario Lozano Blesa, IIS Aragón, Zaragoza, España",1
"Servicio de Cirugía Torácica, Hospital Universitario Marqués de Valdecilla, Santander, Spain",1
"Servicio de Cirugía Torácica, Hospital Universitario La Ribera, Alcira, Valencia, España",1
"Servicio de Cirugía Torácica, Hospital Universitario Gregorio Marañón, Madrid, España",1
"Servicio de Medicina Intensiva, Parc de Salut Mar, Hospital del Mar, Barcelona, España",1
"Servicio de Cirugía Torácica, Hospital Universitario Donostia, Instituto de Investigación Sanitaria Biodonostia, San Sebastián-Donostia, Spain",1
"Servicio de Cirugía Torácica, Hospital Universitario Cruces, Bilbao, España",1
"Servicio de Cirugía Torácica, Hospital Universitario Clínico San Carlos, Madrid, Spain",1
"Servicio de Cirugía Torácica, Hospital Universitario 12 de Octubre, Madrid, España",1
"Servicio de Cirugía Torácica, Hospital Universitari Mútua Terrassa, Universidad de Barcelona, Terrassa, Barcelona, Spain",1
"Servicio de Cirugía Torácica, Hospital Universitari Mútua Terrassa, Universidad de Barcelona, Terrassa, Barcelona, España",1
"Servicio de Cirugía Torácica, Hospital Universitari Arnau de Vilanova, Lleida, España",1
"Servicio de Cirugía Torácica, Hospital Santa Creu y Sant Pau, Universidad Autónoma de Barcelona, Barcelona, España",1
"Servicio de Cirugía Torácica, Hospital Regional Universitario, Málaga, España",1
"Servicio de Cirugía Torácica, Hospital Puerta del Mar, Cádiz, España",1
"Servicio de Cirugía Torácica, Hospital General Universitario de Alicante, Alicante, Spain",1
"Servicio de Cirugía Torácica, Hospital General Universitario de Alicante, Alicante, España",1
"Servicio de Cirugía Torácica, Hospital General Universitario Gregorio Marañón, Madrid, España",1
"Servicio de Cirugía Torácica, Hospital Clínico Universitario, Valladolid, España",1
"Servicio de Cirugía Torácica, Hospital Clínico Universitario de Valladolid, Valladolid, Spain",1
"Servicio de Cirugía Torácica, Hospital Universitario General de Alicante, Alicante, Spain",1
"Servicio de Dermatología, Hospital Rey Juan Carlos, Madrid, España",1
"Servicio de Dermatología, Hospital Infanta Leonor, Madrid, Spain",1
"Servicio de Dermatología, Hospital General de Alicante, Alicante, España",1
"Servicio de Dermatología, Hospital General Universitario Jose Mª Morales Meseguer, Murcia, España",1
"Servicio de Dermatología, Hospital Fundación Jiménez Díaz, Madrid, España",1
"Servicio de Dermatología, Hospital Clínico Universitario de Valencia, Universidad de Valencia, Valencia, España",1
"Servicio de Dermatología, Complejo Hospitalario de Toledo, Toledo, Spain",1
"Servicio de Dermatología, Complejo Hospitalario de Navarra  Pamplona Navarra Spain",1
"Servicio de Dermatología, Complejo Hospitalario Universitario de Toledo, Toledo, España",1
"Servicio de Dermatología, Complejo Asistencial Universitario de León, León, Madrid, España",1
"Servicio de Dermatología del Hospital Universitari Germans Trias i Pujol, Spain",1
"Servicio de Dermatología del Hospital General Universitario Morales Meseguer, Spain",1
"Servicio de Dermatología del Complejo Hospitalario Universitario Insular. Universidad de Las Palmas de Gran Canaria, Spain",1
"Servicio de Dermatología Hospital del Mar-Parc de Salut Mar, Barcelona, Spain",1
"Servicio de Cirugía, Hospital del Mar, Departamento de Cirugía, Universitat Autònoma de Barcelona, Barcelona, Spain",1
"Servicio de Cirugía Torácica, Hospital Universitario Virgen del Rocío, Sevilla, España",1
"Servicio de Cirugía, Hospital Universitario de Guadalajara, Guadalajara, España",1
"Servicio de Cirugía, Hospital Universitario de Alicante, Alicante, España",1
"Servicio de Cirugía Torácica, Instituto Valenciano de Oncología, Valencia, Spain",1
"Servicio de Cirugía Torácica, Hospital del Mar, Barcelona, Spain",1
"Servicio de Cirugía Torácica, Hospital Virgen de las Nieves, Granada, España",1
"Servicio de Cirugía Torácica, Hospital Virgen de la Macarena, Sevilla, España",1
"Servicio de Cirugía Torácica, Hospital Universitario de la Ribera, Alzira, Spain",1
"Servicio de Cirugía Torácica, Hospital Universitario de la Princesa, Madrid, Spain",1
"Servicio de Cirugía Torácica, Hospital Universitario de Salamanca, Universidad de Salamanca, IBSAL, Salamanca, Spain",1
"Servicio de Cirugía Torácica, Hospital Universitario de Salamanca, Universidad de Salamanca, IBSAL, Salamanca, España",1
"Servicio de Cirugía Torácica, Hospital Universitario de Donostia, San Sebastián-Donostia, Spain",1
"Servicio de Cirugía Torácica, Hospital Universitario de Donostia, San Sebastián-Donostia, España",1
"Servicio de Cirugía Torácica, Hospital Universitario de Bellvitge, Hospitalet de Llobregat, Barcelona, España",1
"Servicio de Cirugía Torácica, Hospital Universitario de Badajoz, Badajoz, España",1
"Servicio de Cirugía Torácica, Hospital Universitario de Albacete, Albacete, España",1
"Servicio de Cirugía, Hospital del Mar, Barcelona, España",1
"Servicio de Cardiología, Hospital del Mar-Parc de Salut Mar, Grupo de Investigación Biomédica en Enfermedades del Corazón, IMIM, Barcelona, Spain",1
"Servicio de Cardiología, Hospital del Mar, Grupo de Investigación Biomédica en Enfermedades del Corazón, Instituto Hospital del Mar de Investigaciones Médica (IMIM), Barcelona, Spain",1
"Servicio de Cardiología, Hospital del Mar, Grupo de Investigación Biomédica en Enfermedades del Corazón, IMIM, Barcelona, Spain",1
"Servicio de Cardiología, Hospital del Mar, Barcelona, Spain.",1
"Servicio de Cardiología, Hospital del Mar, Barcelona, España.",1
"Servicio de Cardiología, Hospital del Mar – Parc de Salut Mar, Barcelona, Grupo de Investigación Biomédica en Enfermedades del Corazón, IMIM (Instituto Hospital del Mar de Investigaciones Médicas), Barcelona, Spain",1
"Servicio de Cardiología, Hospital del Mar , Barcelona , Spain",1
"Servicio de Cardiología, Hospital de la Santa Creu i Sant Pau, Barcelona, Spain",1
"Servicio de Cardiología, Hospital de la Santa Creu i Sant Pau , Barcelona , Spain",1
"Servicio de Cardiología, Hospital de la Santa Creu I Sant Pau, Barcelona, Spain",1
"Servicio de Cardiología, Hospital de La Princesa, Madrid, Spain",1
"Servicio de Cardiología, Hospital de Ciudad Real, Ciudad Real, Spain",1
"Servicio de Cardiología, Hospital de Cabueñes, Gijón, Asturias, Spain",1
"Servicio de Cardiología, Hospital de Bellvitge, L´Hospitalet de Llobregat, Barcelona, España.",1
"Servicio de Cardiología, Hospital de Bellvitge, L'Hospitalet de Llobregat, Barcelona, Spain.",1
"Servicio de Cirugía Torácica, Hospital Clínico San Carlos, Madrid, España",1
"Servicio de Cardiología, Hospital Virgen de las Nieves, Granada, España.",1
"Servicio de Cardiología, Hospital Virgen de la Arrixaca, El Palmar, Murcia, Spain",1
"Servicio de Cardiología, Hospital Universitario de la Princesa, Madrid, Spain.",1
"Servicio de Cardiología, Hospital Universitario de León, León, Spain.",1
"Servicio de Cardiología, Hospital Universitario de León, León, España.",1
"Servicio de Cardiología, Hospital Universitario de La Princesa, Universidad Autónoma de Madrid, IIS-IP, Madrid, Spain",1
"Servicio de Cardiología, Hospital Universitario de La Princesa, Madrid, España.",1
"Servicio de Cardiología, Hospital Universitario de La Princesa, IIS-IP, Universidad Autónoma de Madrid, CIBERCV , Madrid , Spain",1
"Servicio de Cardiología, Hospital Universitario de La Princesa, Centro de Investigación Biomédica en Red de Enfermedades Cardiovasculares (CIBERCV), Madrid, Spain",1
"Servicio de Cardiología, Hospital Universitario de La Paz , Madrid , Spain",1
"Servicio de Cardiología, Hospital Universitario de Cabueñes, Gijón, Asturias, Spain",1
"Servicio de Cardiología, Hospital Universitario de Cabueñes, Gijón, Asturias, España",1
"Servicio de Cardiología, Hospital Universitario de Cabueñes , Gijón , Spain",1
"Servicio de Cardiología, Hospital Universitario de Bellvitge, Barcelona, España",1
"Servicio de Cardiología, Hospital Universitario de Basurto, Bilbao, Vizcaya, Spain.",1
"Servicio de Cardiología, Hospital Virgen de las Nieves, Granada, Spain.",1
"Servicio de Cirugía Torácica, Hospital Clínic, Barcelona, España",1
"Servicio de Cirugía Torácica, Hospital Clinic de Barcelona, Instituto Respiratorio, Universidad de Barcelona, Barcelona, Spain",1
"Servicio de Cirugía Torácica, Hospital Clinic de Barcelona, Instituto Respiratorio, Universidad de Barcelona, Barcelona, España",1
"Servicio de Cirugía Torácica, Hospital Clinic de Barcelona, Barcelona, Spain",1
"Servicio de Cirugía Torácica, Hospital Arnau de Vilanova, Lleida, España",1
"Servicio de Cirugía Torácica, Fundación Instituto Valenciano de Oncología, Valencia, Spain",1
"Servicio de Cirugía Torácica, Fundación Instituto Valenciano de Oncología, Valencia, España",1
"Servicio de Cirugía Torácica, Complejo Hospitalario de Navarra, Pamplona, España",1
"Servicio de Cirugía Torácica, Complejo Asistencial Universitario de Salamanca (CAUS), Instituto de Investigación Biomédica de Salamanca (IBSAL), Salamanca, España",1
"Servicio de Cirugía Torácica, Clínica Universidad de Navarra, Madrid, España",1
"Servicio de Cirugía General, Hospital Universitario La Paz, Madrid, España",1
"Servicio de Cirugía General, Hospital General de Granollers, Universitat Internacional de Catalunya, Barcelona, España",1
"Servicio de Cirugía General y Digestiva, Hospital del Mar, Barcelona, Spain",1
"Servicio de Cirugía General y Digestiva, Hospital Sant Joan Despí Moises Broggi, Sant Joan Despí, Barcelona, Spain",1
"Servicio de Cirugía General y Aparato Digestivo, Hospital del Mar de Barcelona, Spain",1
"Servicio de Cardiología, Instituto de Investigación Sanitaria del Hospital Clínico San Carlos (IdISSC), Madrid, España.",1
"Servicio de Cirugía General Y del Aparato Digestivo, Parc de Salut Mar, Hospital del Mar,  P. Marítim 23-25, 08003, Barcelona, Spain",1
"Servicio de Cirugía Gastrointestinal (ICMDiM), Hospital Clínic de Barcelona, Universitat de Barcelona. Sección de Infección Quirúrgica, AEC, Barcelona, España",1
"Servicio de Cardiología. Hospital Universitario 12 de Octubre, Madrid, Spain. Instituto de Investigación Sanitaria Hospital 12 de Octubre (imas12), Madrid, España. CIBERCV.",1
"Servicio de Cardiología. Hospital del Mar – Parc de Salut Mar, Barcelona. Grupo de Investigación Biomédica en Enfermedades del Corazón, IMIM (Instituto Hospital del Mar de Investigaciones Médicas), Barcelona, Spain",1
"Servicio de Cardiología. Hospital de la Santa Creu i Sant Pau, Barcelona. Spain",1
"Servicio de Cardiología. Hospital Universitario de Cabueñes, Gijón. Spain",1
"Servicio de Cardiología. Hospital Universitario de La Princesa, Madrid. Spain, CIBER-CV, IIS-IP, Universidad Autónoma de Mdrid, Spain",1
"Servicio de Cardiología. Hospital Universitario de Badajoz. Badajoz, Spain",1
"Servicio de Cardiología. Hospital Universitario Central de Asturias. Oviedo. Spain. Instituto de Investigación Sanitaria del Principado de Asturias, ISPA, Oviedo, Spain, University of Oviedo, Oviedo, Spain",1
"Servicio de Cardiología. Hospital General Universitario de Toledo, Toledo, Spain",1
"Servicio de Cardiología. Hospital Clínico San Carlos, IdISSC and Universidad Complutense de Madrid, Madrid. Spain",1
"Servicio de Cardiología. Hospital Clinic de Barcelona, Barcelona. Spain",1
"Servicio de Cardiología. Complejo Hospitalario Universitario de Burgos, Burgos, España",1
"Servicio de Cardiología, Virgen del Rocío, Sevilla, Spain",1
"Servicio de Cardiología, Instituto de Investigación Sanitaria del Hospital Clínico San Carlos (IdISSC), Madrid, Spain.",1
"Servicio de Cirugía General y Aparato Digestivo, Hospital de Granollers, Universitat Internacional de Catalunya, Spain",1
"Servicio de Hematología, Consorcio Hospital General Universitario de Valencia. Fundación de Investigación Hospital General Universitario de Valencia Valencia Spain",1
"Servicio de Hematología, Consorcio Hospital General Universitario de Valencia, Fundación de Investigación Hospital General",1
"Servicio de Hematología y Hemoterapia, Hospital Clínico Universitario de Valladolid, 47003 Valladolid, Spain",1
Servicio de Hematología IMIM Hospital del Mar Research Institute  Barcelona Spain,1
"Servicio de Geriatría, Hospital del Mar, Barcelona, España",1
"Servicio de Geriatría, Hospital Universitario de Getafe, Madrid, España",1
"Servicio de Genética, Instituto de Investigaciones Médicas Hospital del Mar (IMIM)/Universitat Pompeu Fabra, Barcelona, Spain",1
"Servicio de Genética, Hospital del Mar, Programa de Neurociencias, Instituto Hospital del Mar de Investigaciones Médicas (IMIM) , 08003 Barcelona , Spain",1
"Servicio de Genética, Hospital del Mar Research Institute (IMIM), Barcelona, Spain",1
"Servicio de Genética Clínica, Hospital Universitario Gregorio Marañon, Madrid, Spain",1
"Servicio de Farmacología Clínica, Hospital Universitario Puerta de Hierro Majadahonda, Instituto de Investigación Sanitaria Segovia de Arana, Madrid, España.",1
"Servicio de Farmacia. Hospital del Mar, Barcelona, España.",1
"Servicio de Farmacia, Hospital del Mar, Instituto Municipal de Investigación Médica (IMIM-Hospital del Mar), Barcelona, Spain",1
"Servicio de Farmacia, Hospital del Mar, Barcelona, Spain",1
"Servicio de Farmacia, Hospital del Mar de Barcelona, Spain",1
"Servicio de Dermatología, Hospital Sagrat Cor, Barcelona, España",1
"Servicio de Farmacia, Hospital Universitario Virgen del Rocío, Sevilla, España",1
"Servicio de Farmacia, Hospital Gregorio Marañón, Madrid, Spain",1
"Servicio de Farmacia, Hospital Gregorio Marañón, Madrid, España",1
"Servicio de Farmacia, Hospital General Universitario de Ciudad Real, Ciudad Real, Spain",1
"Servicio de Farmacia, Hospital General Universitario de Ciudad Real, Ciudad Real, España",1
"Servicio de Farmacia, Complejo Hospitalario Universitario de Santiago de Compostela, Santiago de Compostela, Spain",1
"Servicio de Farmacia, Complejo Hospitalario Universitario de Santiago de Compostela, Santiago de Compostela, España",1
"Servicio de Farmacia, Complejo Hospitalario Universitario A Coruña, La Coruña, Spain",1
"Servicio de Farmacia, Complejo Hospitalario Universitario A Coruña, La Coruña, España",1
"Servicio de Farmacia Hospitalaria, Hospital del Mar, Barcelona, Spain",1
"Servicio de Farmacia Hospitalaria, Hospital del Mar, Barcelona, España",1
"Servicio de Farmacia Hospitalaria, Hospital Universitario Doctor Peset, Valencia, Spain",1
"Servicio de Farmacia Hospitalaria, Hospital Universitario Doctor Peset, Valencia, España",1
"Servicio de Evaluación y Planificación del Servicio Canario de la Salud, Canary Islands, Tenerife, Spain",1
"Servicio de Epileptologia de Hospital del Mar, Barcelona, Spain",1
"Servicio de Farmacia, Hospital Universitario Virgen del Rocío, Sevilla, Spain",1
"Servicio de Medicina Intensiva, Hospital del Mar, Parc de Satlut Mar, GREPAC, IMIM, Barcelona, España",1
"Servicio de Medicina Intensiva, Hospital del Mar, Barcelona, España",1
"Servicio de Medicina Intensiva, Hospital Vall d'Hebrón, Barcelona, Spain",1
"Servicio de Medicina Intensiva, Hospital Vall d'Hebrón, Barcelona, España",1
"Servicio de Medicina Intensiva, Hospital Universitario del Mar, Barcelona, Spain",1
"Servicio de Medicina Intensiva, Hospital Universitario del Mar, Barcelona, España",1
"Servicio de Medicina Intensiva, Hospital Universitario de Sanchinarro de Madrid, Madrid, Spain",1
"Servicio de Medicina Intensiva, Hospital Universitario de Sanchinarro de Madrid, Madrid, España",1
"Servicio de Medicina Intensiva, Hospital Universitario de Jerez, Departamento de Medicina, Facultad de Medicina de Cádiz, Jerez de la Frontera, Cádiz, Spain",1
"Servicio de Medicina Intensiva, Hospital Universitario de Jerez, Departamento de Medicina, Facultad de Medicina de Cádiz, Jerez de la Frontera, Cádiz, España",1
"Servicio de Medicina Intensiva, Hospital Universitario Son Espases, IdISBa, CIBERINFEC, Palma de Mallorca, Spain.",1
"Servicio de Medicina Intensiva, Hospital Universitario Marqués de Valdecilla. Santander, España",1
"Servicio de Medicina Intensiva, Hospital Universitario Joan XXIII de Tarragona, Tarragona, Spain",1
"Servicio de Medicina Intensiva, Hospital Universitario Joan XXIII de Tarragona, Tarragona, España",1
"Servicio de Medicina Intensiva, Hospital Universitario HM Sanchinarro, Hospitales Madrid, 28050 Madrid, Spain",1
"Servicio de Infecciosas, Hospital del Mar, Barcelona, Spain",1
"Servicio de Medicina Intensiva, Hospital Universitario Dr. Peset, Valencia, España",1
"Servicio de Medicina Intensiva, Hospital Universitario 12 de Octubre, Madrid, Spain",1
"Servicio de Medicina Intensiva, Hospital Universitario 12 de Octubre, Madrid, España",1
"Servicio de Medicina Intensiva, Hospital La Fe de Valencia, Valencia, Spain",1
"Servicio de Medicina Intensiva, Hospital La Fe de Valencia, Valencia, España",1
"Servicio de Medicina Intensiva, Complexo Hospitalario Universitario de Ourense, Ourense, Spain",1
"Servicio de Medicina Intensiva, Complexo Hospitalario Universitario de Ourense, Ourense, España",1
"Servicio de Medicina Infecciosas, Hospital del Mar de Barcelona, Spain",1
"Servicio de Medicina Física y Rehabilitación, Hospital del Mar, Barcelona, España; Grupo de Investigación en Rehabilitación, Hospital del Mar Medical Research Instiute, Barcelona, España. Electronic address: ccacunapardo@psmar.cat.",1
"Servicio de Medicina Física y Rehabilitación, Hospital del Mar, Barcelona, España; Grupo de Investigación en Rehabilitación, Hospital del Mar Medical Research Instiute, Barcelona, España.",1
"Servicio de Medicina Física y Rehabilitación, Hospital del Mar, Barcelona, España.",1
"Servicio de Medicina Física y Rehabilitación, Hospital Vall d'Hebron, Barcelona, España.",1
"Servicio de Laboratorio Médico, Hospital Universitario Virgen Macarena, Sevilla, España",1
"Servicio de Informática Clínica, Hospital Clínic, Barcelona, Spain",1
"Servicio de Información y Control de Gestión, Hospital Universitario 12 de Octubre, Madrid, Spain",1
"Servicio de Medicina Intensiva, Hospital Universitario Dr. Peset, Valencia, Spain",1
"Servicio de Dermatología. Hospital Universitario Fundación Jiménez Díaz, Madrid, España",1
"Servicio de Dermatología. Hospital Universitario Araba. Universidad del País Vasco, Vitoria, España",1
"Servicio de Dermatología. Hospital Universitario 12 de Octubre, Madrid, España",1
"Servicio de Dermatología. Hospital General Universitario de Valencia, Valencia, España",1
"Servicio de Dermatología. Hospital General Universitario de Alicante, Alicante, España",1
"Servicio de Dermatología. Hospital General Universitario Jose Mª Morales Meseguer, Murcia, España",1
"Servicio de Dermatología. Complejo Hospitalario de Navarra, Pamplona, España",1
"Servicio de Dermatología. Complejo Hospitalario Universitario de Toledo, Toledo, España",1
"Servicio de Dermatología. Complejo Hospitalario Universitario de Santiago. Universidad de Santiago de Compostela, Santiago de Compostela, España",1
"Servicio de Dermatología. Complejo Asistencial Universitario de León, León, España",1
"Servicio de Dermatología, Parc de Salut Mar, Barcelona",1
"Servicio de Dermatología, Hospital del Mar, Instituto Municipal de Investigación Médica (IMIM-Hospital del Mar), Barcelona, Spain",1
"Servicio de Dermatología, Hospital del Mar, IMIM, Universitat Autònoma, Barcelona, Spain",1
"Servicio de Dermatología, Hospital del Mar, IMIM, Barcelona, España",1
"Servicio de Dermatología, Hospital del Mar, Barcelona. Passeig Marítim 25-29, 08003, Barcelona, España. Electronic address: andrea.ciudad.moro@psmar.cat.",1
"Servicio de Epidemiología y Evaluación, Instituto Hospital del Mar de Investigación Médica, Barcelona, Spain",1
"Servicio de Dermatología, Hospital de la Santa Creu i Sant Pau, Barcelona, España",1
"Servicio de Dermatología, Hospital de La Santa Creu i San Pau, Barcelona, España",1
"Servicio de Dermatología, Hospital Universitario de Valencia, Valencia, España",1
"Servicio de Dermatología, Hospital Universitario de La Princesa, Madrid, España",1
"Servicio de Dermatología, Hospital Universitario de Guadalajara, Guadalajara, Spain",1
"Servicio de Dermatología, Hospital Universitario de Fuenlabrada, Madrid, España",1
"Servicio de Dermatología, Hospital Universitario Ramón y Cajal, Departamento de Medicina, Facultad de Medicina, Universidad de Alcalá, IRYCIS, Madrid, Spain",1
"Servicio de Dermatología, Hospital Universitario La Fe, Valencia, España",1
"Servicio de Dermatología, Hospital Universitario Insular de Gran Canaria. Universidad de Las Palmas de Gran Canaria, Las Palmas de Gran Canaria, España",1
"Servicio de Dermatología, Hospital Universitario Infanta Sofia, Madrid, España",1
"Servicio de Dermatología, Hospital Universitario De Araba, Vitoria, España",1
"Servicio de Dermatología, Hospital Universitario 12 de octubre, Madrid, Spain",1
"Servicio de Dermatología, Hospital Universitario 12 de Octubre, Madrid, España",1
"Servicio de Dermatología, Hospital Universitari Germans Trías i Pujol (HUGiT), Badalona, España",1
"Servicio de Dermatología, Hospital Universitari Germans Trias i Pujol, Badalona, España",1
"Servicio de Dermatología, Hospital del Mar, Barcelona. Passeig Marítim 25-29, 08003, Barcelona, España.",1
"Servicio de Enfermedades Infecciosas. Hospital del Mar, Barcelona, España.",1
"Servicio de Enfermedades Infecciosas, Hospital del Mar-IMIM , Barcelona , Spain",1
"Servicio de Enfermedades Infecciosas, Hospital del Mar, Hospital del Mar Research Institute, Universitat Pompeu Fabra (UPF) Barcelona, Spain. CIBERINFEC, Instituto de Salud Carlos III, Madrid, Spain.",1
"Servicio de Enfermedades Infecciosas, Hospital del Mar, Barcelona, España. Electronic address: mariadelaesperanza.canas.ruano@psmar.cat.",1
"Servicio de Enfermedades Infecciosas, Hospital Universitari de Bellvitge, L'Hospitalet de Llobregat, Barcelona, España.",1
"Servicio de Enfermedades Infecciosas, Hospital Clinic , Barcelona , Spain",1
"Servicio de Endocrinología, Hospital del Mar, Barcelona, España",1
"Servicio de Endocrinología, Hospital Clínico San Carlos Clínico, Madrid, Spain",1
"Servicio de Endocrinología y Nutrición, Hospital del Mar, Barcelona, Spain",1
"Servicio de Endocrinología y Nutrición, Hospital de la Santa Creu i Sant Pau Universitat Autònoma de Barcelona  Barcelona Spain",1
"Servicio de Endocrinología y Nutrición, Hospital de Montecelo, Pontevedra, España",1
"Servicio de Endocrinología y Nutrición, Hospital Universitario Virgen de la Arrixaca, Murcia, España",1
"Servicio de Endocrinología y Nutrición, Hospital Universitario Ramón y Cajal. CIBER Fisiopatología de la Obesidad y Nutrición (CIBEROBN), Instituto de Salud Carlos III (ISCIII), Madrid, España",1
"Servicio de Endocrinología y Nutrición, Hospital Universitario Puerta de Hierro-Majadahonda, Madrid, España",1
"Servicio de Endocrinología y Nutrición, Hospital Universitario Lucus Augusti, Lugo, España",1
"Servicio de Dermatología. Hospital Universitario Germans Trias i Pujol, Badalona, España",1
"Servicio de Endocrinología y Nutrición, Hospital Ramón y Cajal, Madrid, España",1
"Servicio de Endocrinología y Nutrición, Hospital Puerta del Mar, Cádiz, España",1
"Servicio de Endocrinología y Nutrición, Hospital Clínico, Universidad de València, Valencia, España",1
"Servicio de Endocrinología y Nutrición, Hospital Clínico, Universidad de València, Departamento de Medicina, Universidad de Valencia, España",1
"Servicio de Endocrinología y Nutrición, Hospital Clínico, Universidad de València, Departamento de Medicina, Universidad de Valencia, CIBER de Diabetes y Enfermedades Metabólicas (CIBERDEM), ISCIII, Valencia, España",1
"Servicio de Digestología, Hospital del Mar, Barcelona, Spain",1
"Servicio de Dermatología. Hospital del Mar. Instituto Municipal de Asistencia Sanitaria, Barcelona, España",1
"Servicio de Dermatología. Hospital del Mar. Barcelona, España.",1
"Servicio de Dermatología. Hospital de la Santa Creu i Sant Pau, Barcelona, España",1
"Servicio de Dermatología. Hospital Universitario de La Princesa, Madrid, España",1
"Servicio de Dermatología. Hospital Universitario de Guadalajara, Guadalajara, España",1
"Servicio de Dermatología. Hospital Universitario de Gran Canaria Doctor Negrín. Universidad de Las Palmas de Gran Canaria, Las Palmas de Gran Canaria, España",1
"Servicio de Dermatología. Hospital Universitario de Fuenlabrada, Madrid, España",1
"Servicio de Dermatología. Hospital Universitario La Fe, Valencia, España",1
"Servicio de Dermatología. Hospital Universitario Infanta Sofía, Madrid, España",1
"Servicio de Endocrinología y Nutrición, Hospital Universitario Araba Álava, Álava, España",1
"Universidad Católica de Valencia, Valencia, Spain",1
"Universidad Católica de Valencia San Vicente Mártir, Grupo de investigación MHG  Valencia Spain",1
"Universidad Catolica de Valencia San Vicente Martir , Valencia , Spain",1
"Universidad Autónoma de Madrid, Spain",1
"Universidad Autónoma de Madrid, Madrid, Spain",1
"Universidad Autónoma de Barcelona, Barcelona, Spain",1
"Universidad Autónoma de Barcelona, Barcelona, España",1
Universidad Autónoma de Barcelona,1
"Unitat d’Avaluació, Sistemes d’Informació i Qualitat (BASIQ), Gerència Territorial Atenció Primària Barcelona Ciutat, Institut Català de la Salut, 08029 Barcelona, Spain",1
"Unitat de Síntesi i Aplicacions Biomèdiques de Pèptids, IQAC-CSIC, Barcelona, Spain",1
"Unitat de Suport a la Recerca en Atenció Primaria de Barcelona. IDIAP Jordi Gol. Primary Care Division, Institut Català de La Salut, 08007, Barcelona, Spain",1
"Unitat de Suport a la Recerca de la Catalunya Central, Fundació Institut Universitari per a la recerca a l'Atenció Primària de Salut Jordi Gol i Gurina, Barcelona, Spain",1
"Unitat de Rehabilitació Cardiorespiratòria, Hospital Universitari Vall d’Hebron, Barcelona, España",1
"Unitat de Recerca de Medicina Familiar-de Girona, Institut de Recerca en Atenció Primària Jordi Gol, Barcelona, Spain",1
"Servicio de Reumatología, Hospital Universitario Vall d'Hebron, Barcelona, Spain",1
"Unitat de Medicina Vascular i Metabolisme, Hospital Universitari Sant Joan, Reus, Institut d'Investigació Sanitària Pere Virgili (IISPV), CIBERDEM, Universidad Rovira i Virgili, Tarragona, España",1
"Unitat de Medicina Vascular I Metabolisme, Hospital Sant Joan de Reus, IISPV, CIBERDEM, Universitat Rovira I Virgili, Reus, Spain.",1
"Unitat de Lípids i Risc Vascular, Hospital del Mar, Barcelona, España",1
"Unitat Rehabilitació Cardio-Respiratoria, Hospital Universitari Vall d'Hebron, Barcelona, Spain",1
"Unitat Mixta d’Investigació IRTA-UAB en Sanitat Animal, Centre de Recerca en Sanitat Animal (CReSA), Campus de la Universitat Autònoma de Barcelona (UAB), 08193 Barcelona, Spain",1
"Unitat Funcional de Toxicología, Parc de Salut Mar, Barcelona, España. Grup de Treball de Toxicologia de la SoCMUE (SoCMUETox). Servicio de Urgencias, Hospital del Mar, Barcelona, España.",1
"Unitat Funcional de Toxicología, Hospital del Mar, Barcelona, España",1
"Unitat Funcional de Toxicologia, Hospital del Mar, Barcelona, España",1
"Unit of Systemic Autoimmune Diseases, Department of Internal Medicine, Hospital Universitari Vall d'Hebrón, Barcelona, Spain",1
"Unit of Research, Clinical University Hospital of Valladolid, 47003 Valladolid, Spain",1
"Unit of Pediatric Gastroenterology, Hepatology and Nutrition, Pediatric Service, University Clinical Hospital of Santiago (CHUS), Santiago de Compostela, Spain",1
"Unit of Paediatric Cardiology, Service of Paediatrics, University Hospital \Miguel Servet\, Zaragoza, Spain",1
"Unit of Nutrition and Cancer, Catalan Institute of Oncology - ICO, L'Hospitalet de Llobregat , Avinguda de la Granvia de l'Hospitalet, 199-203, 08908, Barcelona , Spain",1
Unit of Molecular Biology Instituto de Investigación Sanitaria La Princesa  Madrid Spain,1
"Unit of Lymphoma, Department of Hematology, Son Espases University Hospital, 07120 Palma de Mallorca, Spain",1
"Unitat de Medicina Vascular i Metabolisme, Hospital Universitari Sant Joan, Reus, Tarragona, España",1
Universitat Autònoma de Barcelona Barcelona Spain,1
Universitat Autònoma de Barcelona (UAB). Barcelona (Spain),1
"Universitat Autònoma de Barcelona (UAB), Bellaterra, Spain",1
"Universitat Autònoma de Barcelona (UAB), Barcelona, Spain",1
"Universitario de Valencia, Valencia, Spain",1
"Universitario Lucus Augusti (HULA), Lugo, Spain.",1
"Universidad del País Vasco/Euskal Herriko Unibertsitatea, leioa, Spain",1
Universidad de Sevilla,1
Universidad de Santiago de Compostela,1
Universidad de Oviedo. CIBERSAM. ISPA. SESPA,1
"Universidad de Oviedo, Oviedo, Spain",1
"Universidad de Oviedo, Instituto de Investigación Sanitaria del Principado de Asturias (ISPA), Fundación para la Investigación y la Innovación Biosanitaria de Asturias (FINBA), Oviedo, Spain.",1
Universidad de Oviedo,1
Universidad de Navarra,1
Universidad de La Laguna (ULL),1
Universidad Complutense de Madrid,1
"Universidad de Extremadura, Departamento de Terapeútica Médico Quirúrgica, Facultad de Medicina y Ciencias de la Salud, Badajoz, Spain; Department of HBP Surgery and Liver Transplantation, Hospital Universitario de Badajoz, Badajoz, Spain. Electronic address: gerardoblanco@unex.es.",1
"Universidad de Extremadura, Departamento de Terapeútica Médico Quirúrgica, Facultad de Medicina y Ciencias de la Salud, Badajoz, Spain; Department of HBP Surgery and Liver Transplantation, Hospital Universitario de Badajoz, Badajoz, Spain.",1
"Universidad de Córdoba, Córdoba, Spain",1
"Universidad de Cantabria, Spain",1
Universidad de Cantabria,1
"Universidad de Barcelona,Barcelona, España",1
"Universidad de Alcalá de Henares, Madrid, Spain",1
"Universidad de A Coruña, Grupo de Investigación Cardiovascular (GRINCAR), Instituto Universitario de Ciencias de la Salud e Instituto de Investigación Biomédica de A Coruña (INIBIC), A Coruña, España",1
"Universidad Rovira i Vigili, IISPV, CIBERDEM, Tarragona, España",1
"Universidad Rovira & Virgili/Institut d'Investigació Sanitaria Pere Virigili/CIBERES, Tarragona, Spain",1
Universidad Pompeu Fabra,1
"Universidad Internacional de la Rioja, La Rioja, Spain",1
"Universidad Complutense. Madrid, Spain",1
"Universidad Complutense, Madrid, Spain",1
"Universidad Complutense de Madrid, Spain",1
"Universidad de Extremadura. Facultad de Medicina y Ciencias de la Salud. Badajoz Spain, Spain",1
"Unidad de Neuropediatría, Hospital San Joan de Deu, Barcelona, Spain",1
"Unidad de Neurooftalmología, Departamento de Oftalmología, Hospital del Mar, Barcelona, Spain",1
"Unidad de Neurooftalmología, Departamento de Neurología, Hospital del Mar, Barcelona, Spain",1
"Unidad de Medicina Vascular y Metabolismo (UVASMET), Institut d'Investigació Sanitària Pere Virgili (IISPV), Hospital Universitari Sant Joan de Reus, Centro de Investigación Biomédica en Red de Diabetes y Enfermedades Metabólicas Asociadas (CIBERDEM), Universitat Rovira i Virgili, Tarragona, España",1
"Unidad de Medicina Interna, Hospital Universitario Fundación Alcorcón, Universidad Rey Juan Carlos, Alcorón, España",1
"Unidad de Medicina Interna, Hospital Universitario Fundación Alcorcón, Universidad Rey Juan Carlos, Alcorcón, Madrid, España.",1
"Unidad de Medicina Interna, Hospital Universitario Fundación Alcorcón, Universidad Rey Juan Carlos, Alcorcón, Madrid, España",1
"Unidad de Medicina Intensiva, Parc Sanitari Sant Joan de Déu, Sant Boi de Llobregat, Barcelona, España",1
"Unidad de Medicina Intensiva, Hospital Universitario Virgen de Valme, Seville, Spain",1
Unidad de Lípidos. Hospital General Universitario Gregorio Marañón. Madrid,1
"Unidad de Lípidos, Servicio de Medicina Interna, Hospital Universitario Virgen de la Victoria, Universidad de Málaga, Málaga, España",1
"Unidad de Lípidos, Servicio de Medicina Interna, Hospital Universitario Virgen de la Victoria, Málaga, España",1
"Unidad de Lípidos, Servicio de Medicina Interna, Hospital General Universitario Gregorio Marañón",1
"Unidad de Lípidos, Hospital Universitario Miguel Servet, Avda Isabel La Católica 1-3, 50009, Saragossa, Spain. vmarcobenedi@gmail.com.",1
"Unidad de Lípidos, Hospital Universitario Miguel Servet, Avda Isabel La Católica 1-3, 50009, Saragossa, Spain. civeira@unizar.es.",1
"Unit of Lipids and vascular Risk, Hospital del Mar, Barcelona, Spain.",1
"Unidad de Lípidos y Unidad Asistencial de Hipertensión Arterial- Riesgo Vascular (HTA-RV), UGC Medicina Interna, Hospital Universitario Virgen de la Victoria, Málaga, España",1
Unidad de Lípidos y Riesgo Vascular. Universidad Autónoma de Barcelona. Hospital del Mar,1
Unidad de Lípidos y Riesgo Vascular. Hospital del Mar. Barcelona,1
"Unidad de Lípidos y Riesgo Vascular, Servicio de Medicina Interna, UCERV, UCAMI, Hospital Virgen del Rocío de Sevilla, Sevilla, España.",1
"Unidad de Lípidos y Riesgo Vascular, Servicio de Medicina Interna, Hospital Marqués de Valdecilla-IDIVAL, Departamento de Medicina y Psiquiatría, Universidad de Cantabria, Santander, Cantabria, España.",1
"Unidad de Lípidos y Riesgo Vascular, Servicio de Endocrinología y Nutrición, Hospital del Mar, Universitat Autònoma de Barcelona, Barcelona, España",1
"Unidad de Lípidos y Riesgo Vascular, Servicio de Endocrinología y Nutrición, Hospital del Mar, Universidad Autónoma de Barcelona, Barcelona, Spain.",1
"Unidad de Lípidos y Riesgo Vascular, Servicio de Endocrinología y Nutrición, Hospital del Mar, Departament de Medicina, Universitat Autònoma de Barcelona, Barcelona, España",1
"Unidad de Lípidos y Riesgo Vascular, Servicio de Endocrinología y Nutrición, Hospital del Mar",1
"Unidad de Lípidos y Riesgo Vascular, Hospital del Mar, Universidad Autónoma de Barcelona, Barcelona, España. Electronic address: Jpedrobotet@psmar.cat.",1
"Unidad de Lípidos y Riesgo Vascular, Hospital del Mar, Departament de Medicina, Universitat Autònoma de Barcelona, Barcelona, España",1
"Unidad de Lípidos y Riesgo Vascular, Hospital Universitario de Gran Canaria Dr. Negrín, Servicio de Medicina Interna, Gran Canaria, Las Palmas de Gran Canaria, Las Palmas, España.",1
"Unidad de Lípidos y Riesgo Vascular, Department of Endocrinology and Nutrition Hospital del Mar  Barcelona Spain",1
"Unidad de Lípidos y Riesgo Cardiovascular, Servicio de Medicina Interna, Hospital Universitario de Bellvitge, CIBEROBN, Barcelona, Spain.",1
"Unidad de Lípidos y Riesgo Cardiovascular, Medicina Interna, Hospital Universitario A Coruña, A Coruña, Spain.",1
"Unidad de Lípidos, Hospital Universitario Miguel Servet, Avda Isabel La Católica 1-3, 50009, Saragossa, Spain.",1
"Unit of Investigation in Human Nutrition, Growth and Development of Galicia (GALINUT), University of Santiago de Compostela, Santiago de Compostela, Spain",1
"Unit of Infectious Diseases, Research Institute Hospital 12 de Octubre, Madrid, Spain",1
"Unit of Infectious Diseases, Internal Medicine Department, Principe de Asturias University Hospital, Madrid, Spain",1
"Unit of Infectious Diseases, Internal Medicine Department, La Paz University Hospital, Madrid, Spain",1
"Unit of Infectious Diseases, Hospital Universitario 12 de Octubre, Madrid, Spain",1
"Unit of Infectious Diseases, Hospital Universitario 12 de Octubre , Madrid , Spain",1
"Unit of Infectious Diseases, Hospital Clinic, Barcelona, Spain",1
"Unit of Coloproctology, Hospital Vithas-Nisa 9 de Octubre, Valencia, Spain",1
"Unit of Cardiovascular Risk and Nutrition, Institut Hospital del Mar de Investigaciones Médicas Municipal d’Investigació Mèdica (IMIM), Barcelona, Spain",1
"Unit of Cardiovascular Risk and Nutrition, Institut Hospital del Mar de Investigaciones Médicas Municipal d`Investigació Médica (IMIM), 08003 Barcelona, Spain",1
"Unit of Cardiovascular Risk and Nutrition, Institut Hospital del Mar de Investigaciones Médicas Municipal d'Investigació Médica (IMIM), Barcelona, Spain",1
"Unit of Cardiovascular Risk and Nutrition, Hospital del Mar, Institut Municipald'Investigació Médica (IMIM), Barcelona, Spain",1
"Unit of Cardiovascular Risk and Nutrition, Hospital del Mar Institute for Medical Research (IMIM), 08003 Barcelona, Spain",1
Unit of Cardiovascular Risk and Nutrition Institut Hospital del Mar de Investigaciones Médicas Municipal d`Investigació Médica (IMIM)  Barcelona 08003 Spain,1
"Unit of Biomarkers and Susceptibility, Oncology Data Analytics Program, Catalan Institute of Oncology, L'Hospitalet de Llobregat, Barcelona, Spain",1
"Unidad de Nutrición y dietética, Hospital de la Princesa, Madrid, España",1
"Union Institute of Work, Environment and Health (ISTAS), Barcelona, Spain",1
"Unidad de imagen molecular. CIMES-FGUMA, Málaga, España",1
"Unidad de ensayos clínicos de oncología, Hospital del Mar, Barcelona, Spain",1
"Unidad de Trastornos del Movimiento, Servicio de Neurología y Neurofisiología Clínica, Instituto de Biomedicina de Sevilla, Hospital Universitario Virgen del Rocío/CSIC/Universidad de Sevilla, Seville, Spain.",1
"Unidad de Trastornos del Movimiento, Servicio de Neurología y Neurofisiología Clínica, Instituto de Biomedicina de Sevilla, Hospital Universitario Virgen del Rocío, CSIC, Universidad de Sevilla, Seville, Spain",1
"Unidad de Trastornos del Movimiento, Servicio de Neurología y Neurofisiología Clínica Instituto de Biomedicina de Sevilla Hospital Universitario Virgen del Rocío/CSIC/Universidad de Sevilla  Seville Spain",1
Unidad de Trastornos del Movimiento Servicio de Neurología y Neurofisiología Clínica Instituto de Biomedicina de Sevilla Hospital Universitario Virgen del Rocío/CSIC/Universidad de Sevilla  Seville Spain,1
"Unidad de Toxicología Clínica, Servicio de Urgencias, Hospital Universitario Son Espases, Palma de Mallorca, España.",1
"Unidad de Terapias Avanzadas de la Consejería de Sanidad de la Comunidad de Madrid, Madrid, Spain",1
"Unidad de Soporte científico, Instituto de Investigación Sanitaria, Hospital Universitario 12 de Octubre, Spain",1
"Unidad de Salud Digital ISCIII, Madrid, Spain",1
"Unidad de Riesgo Vascular, Servicio de Medicina Interna, Hospital Universitario Bellvitge, CiberObn. Idibell. Fipec. Universidad de Barcelona, Barcelona, España",1
"Unidad de Riesgo Vascular, Servicio de Medicina Interna, Hospital Universitario Bellvitge, CiberObn, Idibell, Fipec, Universidad de Barcelona, Barcelona, España",1
"Unidad de Riesgo Vascular, Servicio de Medicina Interna, Hospital Universitario Bellvitge, Centro de Investigación Biomédica en Red, Fisiopatología de la Obesidad y Nutrición (CIBERobn), Fundación para la Investigación y Prevención de las Enfermedades Cardiovasculares (FIPEC), Universidad de Barcelona, Instituto de Investigación Biomédica de Bellvitge (IDIBELL), Barcelona, España",1
"Unidad de Rehabilitación Cardiaca, Servicio de Cardiología, Hospital Universitario Álvaro Cunqueiro de Vigo, Vigo, Pontevedra, España.",1
"Unit of Alzheimer's Disease and Other Cognitive Disorders, Hospital Clínic, Barcelona, Spain",1
"Veterinary Department, School of Biomedical and Health Sciences, Universidad Europea de Madrid, Spain",1
Vascular Health Research Group Institut Universitari per a la Recerca en Atenció Primària Jordi Gol i Gurina Girona Spain,1
"Vall d’Hebron University Hospital , Barcelona , Spain",1
"Vall d'Hebron University Hospital, Barcelona 08035, Spain",1
"Vall d'Hebron University Hospital [Barcelona] (C/ Natzaret, 115-117\r\n08035 Barcelona - Spain)",1
"Vall d'Hebron Research Institute, Vall d'Hebron University Hospital, Barcelona, Spain",1
"Vall d'Hebron Research Institute, Vall d'Hebron Barcelona Hospital Campus, 08035 Barcelona, Spain",1
"Vall d'Hebron Research Institute, 203275, Diabetes and Metabolism Research Unit, Passeig de la Vall Hebron 119, Barcelona, Spain, 08035;",1
"Vall d'Hebron Institute of Research, Vall d'Hebron Barcelona Hospital Campus, Barcelona, Spain",1
"Vall d'Hebron Institute of Oncology, Vall d'Hebron University Hospital, Universitat Autònoma de Barcelona, Barcelona, Spain",1
"Vall d'Hebron Institute of Oncology, Vall d' Hebron University Hospital, Universitat Autònoma de Barcelona, Barcelona, Spain",1
"Vall d'Hebron Hospital Campus and Institute of Oncology (VHIO), Pg. de la Vall d'Hebron 119, Barcelona 08035, Spain",1
"Vall d'Hebron Barcelona Hospital Campus, Universidad Autónoma de Barcelona, Barcelona, Spain",1
"Valencian Institute of Oncology, Valencia, Spain",1
"Universitat Autònoma de Barcelona, Barcelona, Catalonia, Spain",1
"VALORNUT Research Group, Department of Nutrition and Food Science, Faculty of Pharmacy, Complutense University of Madrid, 28040 Madrid, Spain",1
Uro‐Oncology Unit Hospital Clínic  Barcelona Spain,1
"Urology Department, Jerez University Hospital, Cádiz, Spain",1
"Urology Department, Infanta Elena University Hospital, Madrid, Spain",1
"Urology Department, Hospital del Mar, Barcelona, Spain",1
"Urology Department, Hospital Val D'Hebron, Barcelona, Spain",1
"Urology Department, Hospital Universitari de Bellvitge, L’Hospitalet de Llobregat, Spain",1
"Urology Department, Hospital Universitari Germans Trias i Pujol, Badalona, Spain",1
"Urology Department, Hospital Clinic Universitari, Barcelona, Spain",1
"Urology Department, Hospital Belltvige, Barcelona, Spain",1
"Urology Department, Consorci Sanitari de Terrassa, Terrassa",1
"Urology Department, Complexo Universitario de Ferrol, Coruña, Spain",1
Urology Department Fundació Puigvert  Barcelona Spain,1
"Upper Limb Surgery Unit, Orthopaedic and Traumatology Department, Consorci Sanitari del Maresme, Hospital de Mataró, Carretera de la Cirera 230, 08304 Mataro, Spain",1
"University of the Basque Country UPV/EHU  C/ Nieves Cano Kalea, 12. Araba Vitoria‐Gasteiz 01006 Spain",1
"VINCat Coordinator Center, Catalan Health Department, University of Barcelona, Barcelona, Spain.",1
de diciembre de 2020 Aceptado el 29 de enero de 2021 On-line el xxx,1
"de Málaga , Málaga , Spain RD21/0005/0010 (ISCIII RICORS2040)",1
"análisis con perspectiva de género,",1
and Health Services Research in Colorectal Cancer) group,1
"and , , , ;",1
a:1:{s:5:\en_US\,1
"WOAH Collaborating Centre for Emerging and Re-Emerging Pig Diseases in Europe, IRTA-CReSA, 08193 Barcelona, Spain",1
"Virgen del Rocío University Hospital, Seville, Spain",1
Virgen de las Nieves,1
"Virgen de la Victoria Hospital, Department of Endocrinology. Instituto de Investigación Biomédica de Málaga (IBIMA). University of Málaga, 29010 Málaga, Spain",1
"Virgen de la Victoria Hospital, Department of Endocrinology, Instituto de Investigación Biomédica de Málaga (IBIMA). University of Málaga, Málaga, Spain",1
Virgen de la Victoria,1
"Virgen de la Arrixaca University Hospital, Spain",1
" . Pathology, Hospital del Mar, Barcelona, ESP",1
 EMERGENCIAS.,1
"ViRVIG Group, Universitat Politècnica de Catalunya, Barcelona, Spain",1
". Department of Rheumatology, Hospital Universitario La Princesa, Madrid, Spain",1
". Department of Rheumatology, Hospital Universitario Gregorio Marañón, Madrid, Spain",1
". Department of Rheumatology, Hospital Universitario 12 de Octubre, Madrid, Spain",1
". Department of Rheumatology, Hospital Sierrallana, Torrelavega, Spain",1
". Department of Rheumatology, Hospital Germans Trias i Pujol, Badalona, Spain",1
". Department of Rheumatology, Hospital General Universitario de Alicante, Spain",1
". Department of Rheumatology, Hospital Clínico Universitario Virgen de la Arrixaca, Murcia, Spain",1
". Department of Rheumatology, Hospital Clínico Universitario La Paz, Madrid, Spain",1
". Department of Rheumatology, Hospital Araba, Vitoria, Spain",1
". Department of Rheumatology, Complejo Hospitalario de Orense, Ourense, Spain.",1
". Department of Epidemiology, Hospital do Meixoeiro, Vigo, Spain",1
", Espa ña",1
"'Luigi Vanvitelli' University of Campania, Naples, Italy",1
" . Medical Oncology, Hospital del Mar, Barcelona, ESP",1
"Vice Director of Nursing, Hospital Clínic of Barcelona, Spain",1
". Department of Rheumatology, Hospital Universitario Marqués de Valdecilla, Santander, Spain",1
"Universitat Rovira i Virgili, Department of Biochemistry and Biotechnology, Hospital Universitari de Sant Joan de Reus, Institut d'Investigacions Sanitàries Pere i Virgili, Human Nutrition Unit, Reus, Spain",1
"Universitat Rovira i Virgili, Departament de Bioquímica i Biotecnologia, Unitat de Nutrició, Reus, Spain",1
"Universitat Rovira i Virgili, Departament de Bioquímica i Biotecnologia, Unitat de Nutrició Humana. Reus, Spain",1
"Universitat Rovira i Virgili, Departament de Bioquímica i Biotecnologia, Unitat de Nutrició Humana. Hospital Universitari San Joan de Reus, Reus, Spain",1
"Universitat Rovira i Virgili, Departament de Bioquímica i Biotecnologia, Unitat de Nutrició Humana, C/Sant Llorenç 21, 43201, Reus, Spain",1
"Universitat Rovira i Virgili, Departament de Bioquímica i Biotecnologia, Unitat de Nutrició Humana, 43201 Reus, Spain",1
"Universitat Rovira i Virgili, Departament de Bioquímica i Biotecnologia, Grup Alimentació, Nutrició, Desenvolupament i Salut Mental, Unitat de Nutrició Humana, Reus, Spain",1
"Universitat Rovira i Virgili, Departament de Bioquímica i Biotecnologia, Alimentació, Nutrició, Desenvolupament i Salut Mental ANUT-DSM, Reus, Spain",1
"Universitat Rovira i Virgili, Departament de Bioquímica i Biotecnologia, Alimentaciò, Nutrició, Desenvolupament i Salut Mental ANUT-DSM, 43201 Reus, Spain",1
"Universitat Rovira i Virgili, Departament de Bioquímica i Biotecnologia, Alimentaciò, Nutrició Desenvolupament i Salut Mental ANUT-DSM, Reus, Spain",1
"Universitat Rovira i Virgili Departament de Bioquímica i Biotecnologia, Unitat de Nutrició Humana. Hospital Universitari San Joan de Reus  Reus Spain",1
"Universitat Pompeu i Fabra, Barcelona, Spain",1
"Universitat Pompeu Fabra, Barcelona, España.",1
"Universitat Pompeu Fabra, Barcelona, España",1
Universitat Pompeu Fabra and Parc de Recerca Biomèdica de Barcelona  Barcelona Spain,1
"University of the Balearic Islands (UIB), Carretera de Valldemossa, km 7.5, 07122, Palma, Spain",1
"Universitat Pompeu Fabra MELIS Department, Barcelona, Spain",1
Universitat Pompeu Fabra MELIS Department  Barcelona Spain,1
"Universitat Pompeu Fabra (UPF), Universitat Autònoma de Barcelóna (UAB), Barcelona, Spain",1
"Universitat Pompeu Fabra (UPF), Barcelona, Spain.",1
"Universitat Pompeu Fabra (UPF), Barcelona, Spain",1
"Universitat Pompeu Fabra (UPF), Barcelona 08002, Spain.",1
Universitat Pompeu Fabra (UPF) Barcelona Spain,1
Universitat Pompeu Fabra  Barcelona Spain,1
Universitat Pompeu Fabra,1
"Universitat Miguel Hernández, Elche (Alicante), Spain",1
"Universitat Internacional de Catalunya, Research Center and Memory clinic Fundació ACE, Institut Català de Neurociències Aplicades, Barcelona, Spain",1
"Universitat Internacional de Catalunya, Barcelona, Spain",1
Universitat Internacional de Catalunya Facultat de Medicina i Ciències de la Salut,1
"Universitat Autònoma de Barcelona, Bellaterra, España.",1
"Universitat Autònoma de Barcelona, Bellaterra, España",1
Universitat Pompeu Fabra [Barcelona],1
"University of Zaragoza, School of Medicine, Zaragoza, Spain",1
"University of Rovira i Virgili, Department of Biochemistry and Biotechnology, Human Nutrition Unit, 43003 Reus, Spain",1
"University of Navarra, Department of Preventive Medicine and Public Health, IdiSNA, Pamplona, Spain",1
"University of Navarra, Department of Preventive Medicine and Public Health, IdiSNA, 31008 Pamplona, Spain",1
"University of Navarra, Department of Nutrition, Food Science and Physiology, IdiSNA, 31008 Pamplona, Spain",1
"University of Lleida, 25003 Lleida, Spain",1
"University of Granada, Departament of Preventive Medicine and Public Health, Granada, Spain",1
"University of Granada, Biomedical Research Center (CIBM), Spain",1
"University of Cantabria-IDIVAL, Santander, Spain",1
"University of Cantabria, Santander",1
"University of Cantabria and CIBER Epidemiología y Salud Pública (CIBERESP), 39005 Santander, Spain",1
"University of Barcelona, Catalonia, Barcelona, Spain",1
"University of Barcelona, Barcelona, Spain",1
University of Barcelona  Barcelona Spain,1
"University Hospital of Sant Joan de Reus, Nutrition Unit, Reus, Spain",1
"Universitat Rovira i Virgili, Department of Biochemistry and Biotechnology, Human Nutrition Unit, C/Sant Llorenç 21, 43201, Reus, Tarragona, Spain",1
"University Hospital of Salamanca/IBSAL/CIC/CIBERONC, Salamanca, Spain",1
"University Hospital of Navarra, Pamplona, Spain",1
"University Hospital of Burgos, Burgos, Spain",1
"University Hospital of Basurto Bilbao, Spain",1
"University Hospital del Mar, Barcelona, Spain",1
"University Hospital and Research Institute of Marqués de Valdecilla (IDIVAL), Santander, Spain",1
"University Hospital Lucus Augusti, Lugo, Spain",1
University Hospital Lucus Augusti,1
"University Hospital La Paz, idiPAZ, Paseo La Castellana 261, 28046, Madrid, Spain",1
"University Hospital Germans Trias i Pujol, Badalona, Barcelona, Catalonia, Spain",1
University Hospital Complex Badajoz,1
"University Hospital Centre León, Leon, Spain",1
"Universitat de Girona, Girona, Spain",1
Universitat de Girona,1
"Universitat de Barcelona, Barcelona, Spain",1
University Hospital of Sant Joan de Reus Nutrition Unit  Reus 43204 Spain,1
"Stroke Unit, Hospital Clínic, Barcelona, Spain",1
"Stroke Unit, Department of Neurology, Universitat de Lleida, Hospital Universitari Arnau de Vilanova, Avda Rovira Roure 80, 25198, Lleida, Spain",1
"Stroke Unit, Department of Neurology, Hospital Germans Trias i Pujol, Badalona, Catalonia, Spain",1
"Stroke Unit, Department of Neurology, Arnau de Vilanova Hospital, Lleida, Spain",1
"Stroke Unit, Department of Neurology, Arnau de Vilanova Hospital, IRBLleida, University of Lleida, Lleida, Spain",1
"Stroke Program/Agency for Health Quality and Assessment of Catalonia, Catalan Health Department Barcelona, Spain and CIBER Epidemiology and Public Health, Barcelona, Spain",1
"Stroke Pharmacogenomics and Genetics, IIB-Sant Pau, Institut de Recerca de Sant Pau, Hospital Sant Pau, C/Sant Antoni Mª Claret,167, 08025, Barcelona, Spain",1
"Stroke Pharmacogenomics and Genetics Group, Sant Pau Institute of Research, Sant Pau Hospital, Barcelona, Catalonia, Spain",1
"Stroke Pharmacogenomics and Genetics Group, Institut d'Investigació Biomèdica Sant Pau (IIB SANT PAU), Barcelona, Spain",1
"Statistics and Operational Research Department, University of Vigo, Vigo, Pontevedra, Spain",1
"Statistics and Bioinformatics Unit (UEB), Vall d'Hebron Research Institute (VHIR), Barcelona, Spain",1
"Statistical Unit, Bellvitge Biomedical Research Institute (IDIBELL) , L'Hospitalet de Llobregat, Barcelona, Spain",1
"Sport Orthopaedic Department, ReSport Clinic, Barcelona 08030, Spain",1
"Spine Center, Hospital Del Mar, Barcelona, Spain;",1
"Unidad de Lípidos y Riesgo Cardiovascular Servicio de Medicina Interna, Complejo Hospitalario Universitario de A Coruña, A Coruña, España",1
Spanish Society of Rheumatology,1
"Spanish Society of Medical Oncology (SEOM) Oncogeriatrics Section, Mar-Parc de Salut Mar Hospital, Barcelona, Spain",1
"Spanish Society of Medical Oncology (SEOM) Oncogeriatrics Section, ICO L´Hospitalet-IDIBELL, Barcelona, Spain",1
"Spanish Society of Medical Oncology (SEOM) Oncogeriatrics Section, Gregorio Marañón University Hospital, Madrid, Spain",1
Spanish Society of Hematology and Hemotherapy (SEHH: Sociedad Española de Hematología y hemoterapia) Madrid Spain,1
"Spanish Society of Haematology and hemotherapy (SEHH: Sociedad Española de Hematología y hemoterapia), Madrid, Spain",1
"Spanish Society of Haematology and Hemotherapy (SEHH: Sociedad Española de Hematología y Hemoterapia), Madrid, Spain",1
"Spanish Network for Research in Infectious Diseases, Instituto de Salud Carlos III, Madrid, Spain",1
"Spanish National Cancer Research Centre (CNIO), 28029 Madrid, Spain",1
"Spanish National Cancer Research Center, Madrid, Spain",1
Spanish HIV/AIDS Research Network of Excellence (RIS) Madrid Spain,1
"Spanish Biomedical Research Network in Rare Diseases (CIBERER), Madrid, Spain",1
"Spanish Biomedical Research Network in Physiopathology of Obesity and Nutrition (CIBEROBN), Barcelona, Spain",1
"Spanish Biomedical Research Network in Diabetes and Associated Metabolic Disorders (CIBERDEM), Madrid, Spain",1
"Spanish Biomedical Research Network Centre in Oncology (CIBERONC), Madrid, Spain",1
"Specialty Hospital Juan Ramon Jimenez, 16839, Endocrinology and Nutrition, Ronda Norte s/n, Huelva, Spain, 21005;",1
"Translational Genomics and Targeted Therapeutics in Solid Tumors, August Pi i Sunyer Biomedical Research Institute (IDIBAPS), Medical Oncology Department, Hospital Clínic, 08036 Barcelona, Spain",1
"Translational Genomics and Targeted Therapeutics in Solid Tumors, August Pi i Sunyer Biomedical Research Institute (IDIBAPS) , Barcelona, Spain",1
"Translational Clinical Research Program, Hospital del Mar Research Institute, Barcelona 08003, Spain",1
"Translational Cancer Research Unit, Instituto Oncologico Dr Rosell, Dexeus University Hospital, Barcelona, Spain",1
"Thoracic Surgery Department, Hospital del Mar, Barcelona, Spain",1
These authors contributed equally,1
The University of Valencia  Valencia Spain,1
"The Barcelona Institute for Science and Technology [Barcelona, Spain] (Espagne)",1
"Technical Secretary's Department, Hospital Universitari Joan XXIII, 43005 Tarragona, Spain",1
"Teaching, Research, and Innovation Unit, Parc Sanitari Sant Joan de Déu, Sant Boi de Llobregat, Spain",1
"Teaching, Research & Innovation Unit, Parc Sanitari Sant Joan de Déu, St. Boi de Llobregat, Spain",1
"Teaching, Research & Innovation Unit, Fundació Sant Joan de Déu, Santo Boi de Llobregat, Spain",1
"Teaching Unit of Anesthesiology and Critical Pathology, Faculty of Medicine, University of Valladolid, 47003 Valladolid, Spain",1
"Tarragona Health Data Research Working Group (THeDaR), ICU Hospital Universitario Joan XXIII, Tarragona, Spain",1
"Tarragona Health Data Research Working Group (THeDaR), 43005 Tarragona, Spain",1
"Stroke Unit, Hospital Germans Trias i Pujol, Badalona, Spain",1
"Tarragona Health Data Research Working Group (THeDaR) - ICU Hospital Universitario Joan XXIII, Tarragona, Spain.",1
"Surgery, Biochemistry and Immunology Department, Medical School, University of Málaga, Málaga, Spain",1
"Surgery Department, Universidad Autónoma de Barcelona, Barcelona, Spain",1
"Surgery Department, San Carlos University Hospital , Madrid , Spain",1
"Surgery Department, Ramon y Cajal University Hospital , Madrid , Spain",1
"Surgery Department, Hospital del Mar, Barcelona, Spain",1
"Surgery Department, Gregorio Marañon University Hospital , Madrid , Spain",1
"Subdirecció General d’Avaluacions Mėdiques, Departament de Salut, Barcelona, España",1
"Structural Bioinformatics Lab GRIB‐IMIM, Universitat Pompeu Fabra, and Parc de Recerca Biomèdica de Barcelona  Barcelona Spain",1
"Structural Bioinformatics Lab (GRIB-IMIM), Department of Medicine and Life Sciences, Universitat Pompeu Fabra , Dr. Aiguader, 88,  Barcelona  08003  Catalonia ,",1
"Structural Bioinformatics (GRIB‐IMIM), Departament de Ciències Experimentals i de la Salut Universitat Pompeu Fabra  Barcelona Spain",1
"Stroke Unit. Neurology, Hospital Vall d'Hebron, Barcelona, Catalonia, Spain",1
"Stroke Unit, Hospital Universitari Vall D'Hebron-VHIR, Barcelona, Spain",1
"Stroke Unit, Hospital Universitari Josep Trueta, Girona, Spain",1
"Stroke Unit, Hospital Universitari Bellvitge, Hospitalet de Llobregat, Spain",1
"Tarragona Health Data Research Working Group (THeDaR) – ICU Hospital Universitario Joan XXIII, Tarragona, Spain",1
"Servicio de Urgencias, Hospital Clínico San Carlos, Madrid, España.",1
"Servicio de Urgencias, Hospital Clínico San Carlos",1
"Servicio de Urgencias, Hospital Clínic, Barcelona, España.",1
"Servicio de Urgencias, Corta Estancia y Hospitalización a Domicilio, Hospital General de Alicante",1
"Servicio de Urgencias Hospital Clínic C/ Villarroel, 170 08025 Barcelona, España",1
"Servicio de Salud del Principado de Asturias (SESPA) Oviedo, Oviedo, Spain",1
"Servicio de Salud Mental, Hospital Universitario Reina Sofía, Córdoba, Spain;",1
"Servicio de SIG y Teledetección, Vicerectorat d’Innovació i Transferència, Universitat de les Illes Balears, Palma, Spain",1
"Servicio de Reumatología. Hospital General Universitario Gregorio Marañón, Madrid, España",1
"Servicio de Reumatología, Parc de Salut Mar/Hospital del Mar, Barcelona, España",1
"Servicio de Reumatología, Parc de Salut Mar, Barcelona, Spain",1
"Servicio de Reumatología, Hospital del Mar, Barcelona, España",1
"Servicio de Reumatología, Hospital de Salamanca, Salamanca, Spain.",1
"Servicio de Reumatología, Hospital Virgen del Rocío, Sevilla, Spain.",1
"Servicio de Reumatología, Hospital Virgen del Rocío, Sevilla, España",1
"Spanish Biomedical Research Centre in Physiopathology of Obesity and Nutrition, Instituto de Salud Carlos III, Madrid, Spain;",1
"Servicio de Reumatología, Hospital Vall dʹHebron, Barcelona, España",1
"Servicio de Reumatología, Hospital Universitario de la Santa Creu i Sant Pau, Barcelona, Spain",1
"Servicio de Reumatología, Hospital Universitario de la Santa Creu i Sant Pau, Barcelona, España",1
"Servicio de Reumatología, Hospital Universitario de León, León, Spain",1
"Servicio de Reumatología, Hospital Universitario de Gran Canaria Dr. Negrín, Las Palmas de Gran Canaria, Spain",1
"Servicio de Reumatología, Hospital Universitario de Gran Canaria Doctor Negrín, Las Palmas, Spain",1
"Servicio de Reumatología, Hospital Universitario de Gran Canaria Doctor Negrín, Las Palmas, España.",1
"Servicio de Reumatología, Hospital Universitario de Canarias, Santa Cruz de Tenerife, Spain",1
"Servicio de Reumatología, Hospital Universitario de Canarias, Santa Cruz de Tenerife, España",1
"Servicio de Reumatología, Hospital Universitario de Bellvitge, L’Hospitalet de Llobregat, Barcelona, Spain",1
"Servicio de Reumatología, Hospital Universitario de Bellvitge, L’Hospitalet de Llobregat, Barcelona, España",1
"Servicio de Reumatología, Hospital Universitario de Basurto, Bilbao, Spain",1
"Servicio de Reumatología, Hospital Universitario de Basurto, Bilbao, España",1
"Servicio de Reumatología, Hospital Universitario Virgen de la Arrixaca, Murcia, Spain.",1
"Servicio de Reumatología, Hospital Universitario Virgen de la Arrixaca, Murcia, España",1
"Servicio de Reumatología, Hospital Vall d’Hebron, Barcelona, Spain",1
"Spanish Biomedical Research Centre in Physiopathology of Obesity and Nutrition, Instituto de Salud Carlos III, Madrid, Spain",1
"Spanish Biomedical Research Centre in Physiopathology of Obesity and Nutrition (CIBEROBN), Instituto de Salud Carlos III (ISCIII), Madrid, Spain",1
"Southwest Center for Occupational and Environmental Health, Department of Epidemiology, Human Genetics and Environmental Sciences, School of Public Health in San Antonio, The University of Texas Health Science Center in Houston, San Antonio, TX, USA",1
"Sorbonne Université, Inserm, Centre de Recherche Saint-Antoine (CRSA), Paris, France",1
"Sociedad Española de Reumatología, Madrid, Spain",1
Sociedad Española de Reumatología,1
"Sociedad Española de Medicina Intensiva Crítica y Unidades Coronarias (SEMICYUC), Madrid, Spain",1
"Sociedad Española de Farmacia Hospitalaria (SEFH), Madrid, Spain",1
"Social Determinants and Health Education Research Group (SDHEd), Hospital del Mar Research Institute",1
"Sleep Unit, Service of Pneumology, Hospital Universitari Vall d'Hebron, Universitat Autònoma de Barcelona, Barcelona, Spain",1
"Sleep Unit, Department of Respiratory Diseases, Hospital de La Santa Creu I Sant Pau, Universitat Autònoma de Barcelona, Barcelona, Spain",1
"Sleep Center of Excellence, Department of Medicine, Columbia University Irving Medical Center, New York, NY 10032, USA",1
"Sistema d'Emergències Mèdiques, Barcelona, Spain",1
"Shock, Organ Dysfunction, and Resuscitation Research Group (SODIR) Instituto de Investigación de Vall d'Hebron Barcelona Spain",1
"Severe Mental Disorder Research Group, Department of Neuroscience, University of Cadiz, Cádiz, Spain",1
"Servicio de Urgencias, Hospital Miguel Servet, Zaragoza, España",1
"Servicio de Urología, Hospital del Mar, Barcelona, Spain",1
"Servicio de Urgencias. Hospital Parc Salut Mar, Barcelona, España.",1
"Servicio de Urgencias, Parc de Salut Mar, Barcelona, España.",1
"Servicio de Urgencias, Hospital del Mar, Unidad Funcional de Toxicología, Hospital del Mar, Barcelona, España.",1
"Servicio de Urgencias, Hospital Vall d'Hebron, Barcelona, España.",1
"Servicio de Urgencias, Hospital Universitario de Vic, Vic, Barcelona, España",1
"Servicio de Urgencias, Hospital Universitario de Bellvitge, L’Hospitalet de Llobregat (Barcelona), Spain",1
"Servicio de Urgencias, Hospital Universitario Vinalopó, Elche, Alicante, España",1
"Servicio de Urgencias, Hospital Universitario Vall d'Hebron, Barcelona, España.",1
"Servicio de Urgencias, Hospital Universitario Puerta De Hierro, Majadahonda, Instituto de Investigación Sanitaria Puerta de Hierro Segovia de Arana, Madrid, España.",1
"Servicio de Urgencias, Hospital Universitario Central de Asturias, Oviedo, Spain",1
"Servicio de Urgencias, Hospital Universitari de Bellvitge, L'Hospitalet de Llobregat, Barcelona, España. Electronic address: jjacob@bellvitgehospital.cat.",1
"Servicio de Urgencias, Hospital Universitari de Bellvitge, L'Hospitalet de Llobregat, Barcelona, España.",1
"Servicio de Urgencias, Hospital Santa Creu y Sant Pau, Barcelona, España",1
"Servicio de Urgencias, Hospital Nuestra Señora del Prado, Talavera de la Reina, Toledo, España",1
"Servicio de Urología. Hospital Quironsalud Barcelona, Barcelona, España",1
Unidad de Genética Clínica Hospital del Mar/Parc de Salut Mar Barcelona Spain,1
"Unidad de Esclerosis Lateral Amiotrófica, Servicio de Neurología, Hospital del Mar, Barcelona, Spain",1
"Unidad de Epilepsia, Servicio de Neurología, Hospital del Mar, Barcelona, Spain",1
"Unidad de Epilepsia, Servicio de Neurología, Hospital del Mar, Barcelona, España",1
"Unidad de Enfermedades Neuromusculares. Departamento de Neurología. Hospital del Mar, Barcelona, España",1
"Unidad de Enfermedades Neuromusculares, Departamento de Neurología, Hospital del Mar, Barcelona, Spain",1
"Unidad de Diagnóstico Molecular y Celular del Cáncer, Centro de Investigación del Cáncer-Universidad de Salamanca (IBMCC, USAL-CSIC)",1
"Unidad de Deterioro Cognitivo y Trastornos del Movimiento, Servicio de Neurología, Hospital del Mar, Barcelona, Spain",1
"Unidad de Deterioro Cognitivo y Trastornos del Movimiento, Servicio de Neurología, Hospital del Mar, Barcelona, España",1
"Unidad de Cáncer Familiar y Hereditario, Althaia Xarxa Assistencial Universitària de Manresa, Manresa, Spain",1
"Unidad de Cuidados Intensivos, Hospital del Mar, Barcelona, España. Unitat Funcional de Toxicología, Parc de Salut Mar, Barcelona, España. Grup de Treball de Toxicologia de la SoCMUE (SoCMUETox).",1
"Unidad de Cuidados Intensivos, Hospital Sant Joan Despí Moisès Broggi, Consorci Sanitari Integral, Universidad de Barcelona, Sant Joan Despí (Barcelona), Spain",1
"Unidad de Cuidados Intensivos, Consorci Corporació Sanitaria Parc Taulí, Sabadell, Barcelona, España",1
"Unidad de Cuidados Agudos Cardiológicos, Hospital Universitario La Paz, Madrid, Spain",1
"Unidad de Cirugía Hepatobiliopancreática, Hospital del Mar, Barcelona, Spain",1
"Translational Genomics and Targeted Therapies in Solid Tumors, August Pi i Sunyer Biomedical Research Institute (IDIBAPS), Barcelona, Spain",1
"Unidad de Cirugía Hepatobiliopancreática y Trasplantes, Hospital Universitario Virgen del Rocío, Sevilla, España",1
"Unidad de Cirugía HPB y Trasplantes, Hospital Universitario Virgen del Rocío, Sevilla, España",1
"Unidad de Cirugía Endocrina, Servicio de Cirugía General y del Aparato Digestivo, IMIB, Hospital Clínico Universitario Virgen de la Arrixaca, Murcia, España",1
"Unidad de Cirugía Endocrina, Departamento de Cirugía General, Hospital del Mar, Barcelona, España",1
"Unidad de Cardiología, Hospital Universitario de Jaén, Jaén, España.",1
"Unidad de Cardiología, Complejo Hospitalario Universitario de Toledo, Toledo, España.",1
"Unidad de Cardiología Intervencionista, Servicio de Cardiología, Hospital del Mar, Barcelona, Spain",1
"Unidad de Cardiología Intervencionista, Servicio de Cardiología, Hospital del Mar, 08003 Barcelona, Spain",1
"Unidad de Cardiología Intervencionista, Hospital del Mar, Universidad Autónoma de Barcelona , Barcelona ,",1
"Unidad de Calidad e Investigacion, Hospital del Mar, Barcelona, Spain",1
"Unidad de Bioestadística, Instituto de Investigación Biomédica Puerta de Hierro (IDIPHISA), CIBERESP, Madrid, Spain",1
"Unidad de Bioestadística, Instituto de Investigación Biomédica Puerta de Hierro (IDIPHISA)",1
"Unidad de Bioestadística Clínica, Hospital Universitario Ramón y Cajal, IRYCIS, CIBERESP, Universidad de Alcalá, Spain",1
"Unidad de Agudos de Psiquiatría, Parc Sanitari Sant Joan de Déu, Sant Boi de Llobregat, Barcelona, España",1
"Unidad de Adicciones, Hospital Clínic, Barcelona, España.",1
"Unidad de Cirugía Hepatobiliopancreática, Hospital del Mar, Barcelona, España",1
"Unidad de Lípidos y Riesgo Cardiovascular Hospital San Rafael, A Coruña, Spain.",1
"Unidad de Lípidos y Arteriosclerosis, UGC de Medicina Interna, Hospital Universitario Reina Sofía, Córdoba, Instituto Maimónides de Investigación Biomédica de Córdoba (IMIBIC), Universidad de Córdoba, Córdoba, CIBER Fisiopatología de la Obesidad y Nutrición (CIBEROBN), Instituto de Salud Carlos III (ISCIII), Madrid, España.",1
"Unidad de Lípidos y Arteriosclerosis, UGC de Medicina Interna, Hospital Universitario Reina Sofía, Córdoba, España",1
"Unidad de Lípidos y Arteriosclerosis, Servicio de Medicina Interna, Hospital La Paz-Carlos III,Madrid, España",1
"Unidad de Lípidos y Arteriosclerosis, Servicio de Medicina Interna, Hospital La Paz-Carlos III, Madrid, España",1
"Unidad de Lípidos y Arteriosclerosis, Departamento de Medicina Interna, Hospital Universitario Reina Sofía, Universidad de Córdoba, Instituto Maimónides de Investigación Biomédica de Córdoba (IMIBIC), CIBER Fisiopatología Obesidad y Nutrición (CIBEROBN), Instituto de Salud Carlos III, Córdoba, España",1
"Unidad de Lípidos Clínico-Epidemiológica, Hospital Universitario Dr. Peset, Valencia, Spain.",1
"Unidad de InvestigaciónHospital Galdakao-UsansoloGaldakao, Bizkaia, Spain",1
"Unidad de Investigación, Sociedad Española de Reumatología, Madrid, España",1
"Unidad de Investigación, Fundació Salut del Consorci Sanitari del Maresme, Mataró (Barcelona), España",1
"Unidad de Investigación en Atención Primaria de Salamanca (APISAL), Gerencia de Atención Primaria de Salamanca, Instituto de investigación Biomédica de Salamanca (IBSAL), Salamanca, Spain.",1
"Unidad de Investigación Traslacional, Hospital General Universitario de Ciudad Real, Servicio de Salud de Castilla-La Mancha (SESCAM), Ciudad Real, Spain",1
"Unidad de Inflamación Ocular, Hospital Clínico San Carlos, Madrid, Spain",1
"Unidad de Ictus, Servicio de Neurología, Hospital del Mar, Barcelona, Spain",1
"Unidad de Hospitalización de Corta Estancia de Psiquiatría, Hospital Uni-versitario San Jorge, Huesca, Spain;",1
"Unidad de Genética, Hospital Virgen de la Salud, Toledo, Spain",1
"Unidad de Hipertensión arterial y Riesgo Vascular, Servicio de Nefrología, Hospital del Mar, Barcelona, Spain",1
"Unidad de Gestión de la Información, Consorci Sanitari del Maresme, Mataró (Barcelona), España",1
"Unidad de Gestión Clínica Área del Corazón, Hospital Universitario Virgen de la Victoria, Instituto de Investigación Biomédica de Málaga (IBIMA), Centro de Investigación Biomédica en Red de Enfermedades Cardiovasculares (CIBERCV), Málaga, Spain",1
"Unidad de Gestión Clínica de Microbiología, Hospital Universitario Reina Sofía, Departamento de Química Agrícola, Edafología y Microbiología, Universidad de Córdoba, Instituto Maimónides de Investigación Biomédica de Córdoba (IMIBIC), CIBERINFEC, Córdoba, España",1
"Unidad de Gestión Clínica de Farmacia, Hospital del Mar, 08003 Barcelona, Spain",1
"Unidad de Gestión Clínica de Farmacia, Hospital Universitario Virgen del Rocío, Instituto de Biomedicina de Sevilla (IBiS), 41013 Seville, Spain",1
"Unidad de Gestión Clínica de Farmacia, Hospital Universitari Vall d’Hebron, 08035 Barcelona, Spain",1
"Unidad de Gestión Clínica de Farmacia, Complexo Hospitalario Universitario de A Coruña, 15006 A Coruña, Spain",1
"Unidad de Gestión Clínica de Endocrinología y Nutrición, Instituto de Investigación Biomédica de Málaga (IBIMA), Hospital Universitario Virgen de la Victoria, Málaga, Spain",1
"Unidad de Gestión Clínica de Endocrinología y Nutrición, Instituto de Investigación Biomédica de Málaga (IBIMA), Hospital Universitario Virgen de la Victoria, 29010 Málaga, Spain",1
"Unidad de Gestión Clínica de Cuidados Intensivos, Instituto Maimónides de Investigación Biomédica de Córdoba (IMIBIC), Hospital Universitario Reina Sofía, Universidad de Córdoba (UCO), Córdoba, Spain",1
"Unidad de Gestión Clínica Intercentros de Oncología Médica de Málaga, Hospitales Universitarios Regional y Virgen de la Victoria, Málaga, Spain",1
"Unidad de Gestión Clinica de Enfermedades Infecciosas, Microbiología y Medicina Preventiva, Hospital Universitario Virgen del Rocío, Instituto de Biomedicina de Sevilla (IBiS), 41013 Seville, Spain",1
"Unidad de Gestion Clínica de Endocrinología y Nutrición, Laboratorio del Instituto de Investigación Biomédica de Málaga (IBIMA), Hospital Universitario de Málaga (Virgen de la Victoria), Universidad de Málaga, Málaga, Spain",1
"Unidad de Genética, Universitat Pompeu Fabra , 08002 Barcelona , Spain",1
"Unidad de Hospitalización Breve. Consorcio Hospitalario Provincial de Castellón. Av. del Dr. Clarà, 19. 12002 Castelló de la Plana. Castelló.",1
"UCI, Hospital Universitario Son Llátzer, Palma de Mallorca, Spain",1
"UCI, Hospital Santa Lucía, Cartagena, Spain.",1
"UCI, Hospital Santa Lucía, Cartagena, Spain",1
"UCI, Hospital QuironSalud Palmaplanas, Palma de Mallorca, Spain.",1
"UCI, Hospital Parc Taulí/UAB/CIBERES, Barcelona, Spain.",1
"UCI, Hospital Parc Taulí/UAB/CIBERES, Barcelona, Spain",1
"UCI, Hospital Clínico Universitario, Valencia, Spain.",1
"UCI, Hospital Clínico San Carlos, Madrid, Spain.",1
"UCI, Complejo Hospitalario Universitario de Ourense, Orense, Spain.",1
"UCI, Complejo Hospitalario Universitario de Ourense, Orense, Spain",1
"UCI, Complejo Hospitalario Universitario Insular - Materno Infantil, Las Palmas de Gran Canaria, Spain.",1
"UCAM Research Center for High Performance Sport, Universidad Católica de Murcia, 30107 Murcia, Spain",1
"UCAM Research Center for High Performance Sport, UCAM Universidad Católica de Murcia, Murcia, Spain",1
"U705, Centro de Investigación Biomédica en Red de Enfermedades Raras (CIBERER), Instituto de Salud Carlos III, Barcelona, Spain",1
"U705, Centro de Investigación Biomédica en Red de Enfermedades Raras (CIBERER), Instituto de Salud Carlos III , Barcelona , Spain",1
"Unidad Rehabilitación Cardíaca/Prevención Secundaria, Hospital Universitario Donostia, Donostia, Guipuzkoa, España.",1
"Trauma and Orthopedics Resident, Department of Orthopedic Surgery, Parc de Salut Mar, Barcelona, Spain",1
"Trauma and Emergency Surgery Unit, General Surgery Department, Virgen del Rocío University Hospital, Sevilla, Spain",1
"Trauma and Emergency Surgery Unit General, Digestive and Transplantation Department, University Regional Hospital Málaga, Málaga, Spain",1
"Transplant Coordination Unit, Hospital del Mar, Barcelona, Spain",1
Transplant Coordination Unit &amp; Intensive Care Department Hospital del Mar Barcelona Spain,1
"Translational and Clinical Research Program, Centro de Investigación del Cáncer (IBMCC",1
"Translational Research on Hematological Neoplasms Group, Cancer Research Program, Hospital del Mar Research Institute (HMRI), 08003 Barcelona, Spain",1
"Translational Research in Respiratory Medicine, Respiratory Department, Hospital Universitari Arnau de Vilanova and Santa Maria",1
"Translational Research Unit, University General Hospital of Ciudad Real, Servicio de Salud de Castilla-La Mancha (SESCAM), Ciudad Real, Spain",1
"Translational Research Group on Hematological Neoplasms, Hospital del Mar Research Institute (IMIM), Barcelona, Spain",1
"Translational Research Group on Cardiovascular Respiratory Diseases (CAREs), Dr. Josep Trueta University Hospital de Girona, Santa Caterina Hospital de Salt and the Girona Biomedical Research Institute (IDIBGI-CERCA), 17190 Girona, Spain",1
"Translational Oncology Group, IdiPAZ , Madrid, Spain",1
"Translational Oncology Division, Oncohealth Institute, IIS-Fundación Jiménez Diaz-UAM, 28040 Madrid, Spain",1
"Translational Oncology Division, OncoHealth Institute, Fundación Jiménez Díaz University Hospital Health Research Institute (IIS—FJD, UAM)—CIBERONC, 28040 Madrid, Spain",1
"Translational Molecular Pathology, Vall d'Hebron Institute of Research (VHIR), Barcelona, Spain",1
"U-703 Centre for Biomedical Research on Rare Diseases (CIBER-ER), Instituto de Salud Carlos III, Barcelona, Spain",1
"Unidad Pre-Departamental de Enfermería, Universitat Jaume I. Miembro del Observatorio de Violencia Obstétrica en España, Spain",1
"Unidad Médico-Quirúrgica de Enfermedades Respiratorias, Instituto de Biomedicina de Sevilla, IBiS/Hospital Universitario Virgen del Rocío/CSIC/Universidad de Sevilla, Spain; Centro de Investigación Biomédica en Red de Enfermedades Respiratorias (CIBERES), Instituto de Salud Carlos III, Madrid, Spain. Electronic address: lopezcampos@separ.es.",1
"Unidad Médico-Quirúrgica de Enfermedades Respiratorias, Instituto de Biomedicina de Sevilla (IBiS), Hospital Universitario Virgen del Rocío/Universidad de Sevilla, Sevilla, Spain",1
"Unidad Médico-Quirúrgica de Enfermedades Respiratorias, Instituto de Biomedicina de Sevilla (IBiS), Hospital Universitario Virgen del Rocío, Seville, Spain",1
"Unidad Médico-Quirúrgica de Enfermedades Respiratorias, Hospital Universitario Virgen del Rocío, Universidad de Sevilla, Sevilla, Spain",1
"Unidad Multidisciplinar de Esclerosis Lateral Amiotrófica, Departamento de Neurología, Hospital del Mar, Barcelona, España",1
"Unidad Multidisciplinar de Epilepsia, Servicio de Neurología, Hospital del Mar, Barcelona, Spain",1
"Unidad Multidisciplinar de ELA, Cataluña, Spain",1
"Unidad Multidisciplinar de ELA, Cataluña, España",1
"Unidad Hepatobiliar, Transplante Hepático y Retroperitoneo, Hospital Universitario Cruces, Bilbao, España",1
"Unidad Hepatobiliar y Trasplantes, Hospital Universitario Cruces, Bilbao, Vizcaya, España",1
"Unidad Funcional de Esclerosis Lateral Amiotrófica (UFELA), Servicio de Neurología, Hospital Universitario de Bellvitge, Hospitalet de Llobregat, Barcelona, España",1
"Unidad Clínica de gestión de Neurociencias, Hospital Universitario Virgen Macarena, Sevilla, Spain",1
"Unidad Clínica de Enfermedades Infecciosas, Microbiología y Parasitología, Instituto de Biomedicina de Sevilla, Hospital Universitario Virgen del Rocío/CSIC/Universidad de Sevilla, Sevilla, Spain",1
"Unidad Clínica de Enfermedades Infecciosas, Microbiología y Parasitología, Instituto de Biomedicina de Sevilla, Hospital Universitario Virgen del Rocío/CSIC/Universidad de Sevilla, Sevilla, España",1
"UCI, Hospital Universitario Son Llátzer, Palma de Mallorca, Spain.",1
"USC Research Center for ALPD, Los Angeles, United States",1
"URV/IISPV, Tarragona, Spain",1
"UPF - Universitat Pompeu Fabra [Barcelona] (Plaça de la Mercè, 10-12 - 08002 Barcelona - Spain)",1
"UOC - Universitat Oberta de Catalunya [Barcelona] (Rambla del Poblenou, 156, 08018 Barcelona - Espagne)",1
"UGCI Oncología Médica. Hospital Universitario Regional y Virgen de la Victoria, IBIMA. Málaga, Spain",1
"UGC de Reumatología, Hospital Regional Universitario de Málaga, Instituto de Investigación Biomédica de Málaga (IBIMA), Malaga, Spain",1
"UGC de Medicina Interna, Unidad de Lípidos y Arteriosclerosis, Hospital Universitario Reina Sofía",1
"UGC de Aparato Digestivo, Hospital Universitario Virgen de la Victoria, Instituto de Investigación Biomedica de Málaga-IBIMA, Málaga, Spain.",1
"UGC Salud Mental-Hospital Regional Universitario de Málaga, Mála-ga, Spain;",1
"UGC Reumatología, Instituto de Investigación Biomédica (IBIMA), Hospital Regional Universitario de Málaga, Universidad de Málaga, Málaga, Spain",1
"UGC Medicina Interna, Hospital Regional Universitario de Málaga, Malaga, Spain",1
"UCL Institute of Neurology, Queen Square [London] (Royaume-Uni)",1
"UCL - University College of London [London] (Gower Street, London WC1E 6BT  - Royaume-Uni)",1
"UCI, Hospital Universitario Vall d'Hebron, Barcelona, Spain.",1
"UCI, Hospital Universitario Vall d'Hebron, Barcelona, Spain",1
Unidad 753 Centro de Investigación Biomédica en Red de Enfermedades Raras (CIBERER) Instituto de Salud Carlos III Madrid Spain,1
"Pediatric Rheumatology Unit, La Fe University and Polytechnic Hospital, Valencia, Spain.",1
"Pediatric Pulmonology and Allergy Unit, Hospital del Mar, Barcelona, Spain",1
"Pediatric Pulmonology and Allergy Unit, Hospital de Sagunto, Sagunto, Spain",1
"Pediatric Pulmonology and Allergy Unit, Hospital Universitario 12 de Octubre, Madrid, Spain",1
Pediatric Pulmonology and Allergy Unit Hospital Universitario Virgen del Rocío  Sevilla Spain,1
Pediatric Pulmonology and Allergy Unit Hospital Universitario Torrecárdenas  Almería Spain,1
Pediatric Pulmonology and Allergy Unit Hospital Universitario Clínico San Cecilio  Granada Spain,1
Pediatric Pulmonology and Allergy Unit Hospital Universitari i Politècnic La Fe Health Research Institute La Fe Valencia Spain,1
Pediatric Pulmonology and Allergy Unit Hospital Universitari i Politècnic La Fe Health Research Institute La Fe  Valencia Spain,1
"Pediatric Pulmonology Unit, Hospital Universitario Virgen de las Nieves, Granada, Spain",1
"Pediatric Pulmonology Unit, Hospital Universitario Virgen Macarena, Sevilla, Spain",1
"Pediatric Pulmonology Unit, Hospital Universitario Puerta de Hierro, Majadahonda, Spain",1
"Pediatric Pulmonology Unit, Department of Pediatrics, Hospital del Mar, Spain",1
"Pediatric Pulmonology Unit, Complejo Hospitalario de Navarra. IdiSNA Health Research Institute, Pamplona, Spain",1
"Servicio de Cardiología, Hospital Universitario de Basurto, Bilbao, Vizcaya, España.",1
Pediatric Pulmonology Unit Hospital Universitario Nuestra Señora de Valme  Sevilla Spain,1
Pediatric Pulmonology Unit Hospital Universitario Infantil Niño Jesús  Madrid Spain,1
Pediatric Pulmonology Unit Complejo Hospitalario de Jaén  Jaén Spain,1
"Pediatric Oculoplastic and Orbital Surgery Department, Hospital Sant Joan de Déu, Barcelona, Spain",1
"Pediatric Nutrition Research Group, Health Research Institute of Santiago de Compostela (IDIS), Santiago de Compostela, Spain",1
"Pediatric Intensive Care Department, Hospital Sant Joan de Déu de Barcelona, Esplugues de Llobregat, Spain",1
"Pediatric Infectious Diseases and Immunodeficiencies Unit, Hospital Universitari Valld'Hebron, Barcelona, Spain",1
"Pediatric Infectious Diseases and Immunodeficiencies Unit, Hospital Universitari Vall d'Hebron, Vall d'Hebron Barcelona Hospital Campus, Barcelona, Catalonia, Spain",1
"Pediatric Gastroenterology Unit Hospital Universitario Puerta de Hierro Majadahonda, Universidad Autónoma de Madrid  Madrid Spain",1
"Pediatric Diagnostic Radiology Unit, Department of Radiology, Sant Joan de Déu Children's Hospital, Barcelona, Spain",1
"Pediatric Cardiology Department, Hospital Sant Joan de Déu, Barcelona, Spain",1
"Pediatric Cancer Center Barcelona (PCCB), Hospital Sant Joan de Déu, Barcelona, Spain",1
Pediatric Allergy and Pulmonology Unit Hospital Universitario Reina Sofía  Córdoba Spain,1
"Pediatric Allergy and Pneumology Unit, Hospital Universitari Dr. Peset, Valencia, Spain. Department of Pediatrics, Obstetrics and Gynecology, University of Valencia, Valencia, Spain",1
"Pediatric Allergy Unit Hospital Universitari Vall d'Hebron. Grup d’Investigació “Creixement i Desenvolupament”, Institut de Recerca de l’Hospital Universitari Vall d’Hebron (VHIR)  Barcelona Spain",1
Pediatric Pulmonology Unit Hospital Universitario Ramón y Cajal  Madrid Spain,1
"Pharmacy Department, Hospital Mutua de Terrassa , Terrassa, Barcelona , Spain",1
"Pharmacy Department, Hospital General Universitario Gregorio Marañón, Madrid, Spain",1
"Pharmacy Department, Hospital Alto Deba, Arrasate-Mondragón, Gipuzkoa, Spain",1
"Pharmacy Department, Consorci Sanitari de Terrassa, Terrassa, Spain",1
"Pharmacy Department, Consorci Parc de Salut MAR, Barcelona, Spain",1
"Pharmacy Department, Consorci Corporació Sanitària Parc Taulí, Sabadell, Spain",1
"Pharmacy Department, Alicante General University Hospital, Alicante, Spain",1
Pharmacy Department Quironsalud Hospital General de Catalunya  Sant Cugat del Vallès Spain,1
Pharmacy Department Hospital del Mar Universitat Autònoma de Barcelona Barcelona Spain,1
Pharmacy Department Hospital Clínic de Barcelona  Barcelona Spain,1
Pharmacy Department Fundació Sanitària Mollet  Mollet del Vallès Spain,1
Pharmacy Department Fundació Hospital Esperit Sant  Santa Coloma de Gramenet Spain,1
Pharmacy Department Centro Médico Teknon  Barcelona Spain,1
"Pharmaco‐ and Device Epidemiology Group, Health Data Sciences, Botnar Research Centre, Nuffield Department of Orthopaedics, Rheumatology and Musculoskeletal Sciences, University of Oxford, United Kingdom and Fundació Institut Universitari per a la recerca a l'Atenció Primària de Salut Jordi Gol i Gurina (IDIAPJGol) Barcelona Spain",1
"Pharmacology Department, Vall d'Hebron University Hospital, Barcelona, Spain",1
"Pediatric and Public Health, 08023 Barcelona, Spain",1
"Pharmacoinformatics Group, Research Program on Biomedical Informatics (IMIM/UPF), 08003 Barcelona, Spain",1
"Pharmacoeconomics and Outcomes Research Iberia, Pozuelo de Alarcón 28224, Spain",1
"Pharmacoeconomics and Outcomes Research Iberia, Madrid, Spain",1
"Pharmacoeconomics and Market Access Department, Weber, Madrid, Spain",1
"Pharmacoeconomics Department, Pfizer, Madrid, Spain",1
"Pharmacoeconomics & Outcomes Research Iberia (PORIB), Madrid",1
"PhD Programme in Surgery and Morphological Sciences, Universitat Autònoma de Barcelona, Barcelona, Spain",1
"PhD Program, Department of Medicine, Autonomous University of Barcelona, 08193 Barcelona, Spain",1
"Pfizer, Madrid, Spain",1
"Pfizer Oncology, Madrid, Spain",1
"Pere i Virgili Health Research Institute (IISPV). San Joan University Hospital, 43003 Reus, Spain",1
"Pediatrics Service, Hospital Universitario de Jerez de la Frontera, Jerez de la Frontera, Spain",1
"Pediatrics Service, Hospital Costa del Sol, Marbella, Spain",1
Pediatrics Service Hospital Universitario Príncipe de Asturias  Alcalá de Henares Spain,1
Pediatrics Service Hospital Universitario Fundación Jiménez Díaz  Madrid Spain,1
"Pharmacology Department, Universitat Autónoma de Barcelona, Barcelona, Spain",1
"Palliative Care Unit, Hospital del Mar, Barcelona, Spain",1
"Palliative Care Unit, Hospital Universitario de Sant Joan de Reus, Tarragona, Spain",1
"Palliative Care Unit, Hospital Universitario Son Espases, Palma de Mallorca, Islas Baleares, Spain",1
"Palliative Care Department, Hospital La Paz, Madrid, Spain",1
"Paediatrics Service, Hospital del Mar, Barcelona, Spain",1
"Paediatric Urology Department, Hospital Universitario La Paz, Madrid, Spain",1
"Paediatric Nephrology Department, Hospital La Paz, Madrid, Spain",1
"PSMAR Hospital del Mar, Ciutat Vella, 08003 Barcelona, Spain",1
"PAFS Research Group, Faculty of Sports Sciences, University of Castilla-La Mancha-Toledo Campus, Toledo, Spain",1
"PAFS Research Group, Faculty of Sports Sciences, University of Castilla-La Mancha-Toledo Campus, 45071 Toledo, Spain",1
"PAFS Research Group, Faculty of Sports Sciences, University of Castilla-La Mancha-Toledo Campus, 45004 Toledo, Spain",1
"Outpatient Mental Health Care Network, Osakidetza-Basque Health Service, Biodonosti Health Research Institute, San Sebastian, Spain",1
"Outcomes’10, Espaitec 2, Universitat Jaume 1, Castelló de la Plana, España",1
"Outcomes’10, Castellón, Spain",1
"Outcomes'10, Universidad Jaume I, Castellón de la Plana, Spain",1
"Pathology Service, Hospital del Mar, Barcelona, Spain.",1
"Otorhinolaryngology Department, Hospital de la Santa Creu i Sant Pau, Universitat Autònoma de Barcelona, C/ Mas Casanovas, 90, Barcelona, 08041, Spain",1
"Otorhinolaryngology Department, Clínica Corachan, Universitat Autònoma de Barcelona, Barcelona, Spain",1
Oscar Peñuelas: Hospital Universitario de Getafe,1
"Osakidetza Basque Health Service, Respiratory Service, Galdakao-Usansolo University Hospital, Galdakao, Spain",1
"Osakidetza Basque Health Service, Research Unit, Galdakao-Usansolo University Hospital, Barrio Labeaga S/N, 48960, Galdakao, Vizcaya, Spain",1
"Osakidetza Basque Health Service, Research Unit, Basurto Universitary Hospital, Montevideo Etorb., 18, 48013 Bilbao, Bizkaia, Spain.",1
"Osakidetza Basque Health Service, Galdakao -Usansolo Hospital (Research Unit), Galdakao, Basque Country, Spain.",1
"Osakidetza Basque Health Service, Galdakao -Usansolo Hospital (Research Unit), Galdakao, Basque Country, Spain",1
"Orthopedic and Traumatology Service, Hospital de La Santa Creu I Sant Pau, Barcelona, Spain",1
"Orthopedic and Traumatology Department, Hospital Universitario Infanta Leonor, Gran via del Este 80. 28031, Madrid, Spain",1
"Orthopedic Surgery and Traumatology Department, Hospital del Mar, Passeig Marítim de la Barceloneta, 25, 29, 08003 Barcelona, Cataluña, Spain",1
"Orthopedic Surgery and Traumatology Department, Clínica Universidad de Navarra, Av. Pio XII, 36, 31008 Pamplona, Navarra, Spain",1
"Orthopaedic Department, Parc de Salut Mar, Barcelona, Spain. Electronic address: danbiancocot@gmail.com.",1
"Orthopaedic Department, Parc de Salut Mar, Barcelona, Spain.",1
"Orthopaedic Department, Hospital del Mar, Passeig Marítim 25-29, 08003, Barcelona, Spain",1
"Outcomes'10, Castellón de la Plana, Spain",1
"Pathology Dept, Hospital de Tortosa Verge de la Cinta, Catalan Institute of Health, Institut d'Investigació Sanitària Pere Virgili (IISPV), Tortosa, Tarragona, Spain",1
"Pathology Department, Vall d’Hebron University Hospital, Paseo Vall d’Hebron 119-129, Barcelona 08035, Spain",1
"Pathology Department, Vall d'Hebron University Hospital, Paseo Vall d'Hebron 119-129, Barcelona 08035, Spain",1
"Pathology Department, Vall d'Hebron University Hospital, CIBERONC, Barcelona, Spain",1
"Pathology Department, Plataforma de Estudios Histológicos, Citológicos y de Digitalización, Hospital de Tortosa Verge de la Cinta, IISPV, URV, Tortosa, Tarragona, Spain",1
"Pathology Department, IIS-Fundación Jiménez Diaz-UAM, 28040 Madrid, Spain",1
"Pathology Department, Hospital del Mar-IMIM, Barcelona",1
"Pathology Department, Hospital del Mar, Universitat Autònoma de Barcelona, 08193 Barcelona, Spain",1
"Pathology Department, Hospital del Mar, IMIM, Barcelona, Spain",1
"Pathology Department, Hospital del Mar, 08003 Barcelona, Spain",1
"Pathology Department, Hospital Vall d'Hebrón, Barcelona, Spain",1
"Pathology Department, Hospital Universitario Marqués de Valdecilla/IDIVAL , Santander , Spain",1
"Pathology Department, Hospital Universitario Central de Asturias, Oviedo, Spain",1
"Pathology Department, Hospital Germans Trias i Pujol, IGTP, Universitat Autònoma de Barcelona, Barcelona, Spain",1
"Pathology Department, Hospital Fundación Jiménez Díaz, 28040 Madrid, Spain",1
"Palliative Unit Care, Complejo Hospitalario Universitario, Toledo, Spain",1
"Pathology Department, Fundación Jiménez Díaz, Madrid, Spain",1
"Pathology Department, Fundación Jiménez Díaz University Hospital Health Research Institute (IIS—FJD, UAM)-CIBERONC, E-28040 Madrid, Spain",1
"Pathology Department , Hospital del Mar, Barcelona, Spain",1
"Pathology Department (Neuropathology), Hospital 12 de Octubre Research Institute (imas12), 28041 Madrid, Spain",1
Passed away.,1
"Parc de Salut Mar, Passeig Marítim, 25-29, 08003, Barcelona, Spain",1
"Parc de Salut Mar, Orthopedic Department, Passeig Marítim de la Barceloneta, 25, 29, 08003 Barcelona, Spain",1
"Parc de Salut Mar, Barcelona, 08003, Spain",1
"Parc de Salut Mar, 08003 Barcelona, Spain",1
"Parc de Salut Mar de Barcelona, Barcelona, Spain",1
"Parc de Salut Mar de Barcelona, Barcelona, España",1
Parc Taulí Hospital Universitari. Institut d'Investigació i Innovació Parc Taulí (I3PT-CERCA),1
"Parc Taulí Hospital Universitari, Institut de Investigació i Innovació Parc Taulí (I3PT-CERCA), Sabadell, Spain",1
"Parc Sanitari Sant Joan de Déu, Sant Boi de Llobregat (Barcelona), Barcelona, Spain",1
Parc Salut Mar. Passeig Marítim de la Barceloneta  Barcelona Spain,1
"Pathology Department, Hospital Clínic Barcelona - University of Barcelona and Institut d'Investigacions Biomèdiques August Pi i Sunyer, Barcelona, Spain",1
Psiquiatra. Unidad de Rehabilitación Psiquiátrica Intensiva de Cataluña. Centre Penitenciari Brians,1
Psiquiatra. Unidad de Conductas Adictivas de Lorca. Murcia.,1
Psiquiatra. Salud Mental Comunitaria-Santa Coloma de Gramanet. Hospital del Mar. Barcelona.,1
Psiquiatra. Consorcio Hospitalario Provincial de Castellón. Castelló de la Plana. Castelló. RESUMEN,1
"Protein Kinases in Cancer Research. Vall d'Hebron Institut de Recerca (VHIR), Barcelona, Spain",1
"Prostate Cancer Clinical Research Unit, Spanish National Cancer Research Centre, Madrid, Spain",1
"Programs, Gasol Foundation, Sant Boi de Llobregat, 08830 Barcelona, Spain",1
"Programa de investigación en cáncer, IMIM (Instituto Hospital del Mar de Investigaciones Médicas), Barcelona, Spain",1
"Programa de Prevención, Control y Atención al VIH, las ITS y las Hepatitis Víricas (PCAVIHV) y Subdirección General de Drogodependencias. Agencia de Salud Pública de Cataluña, Departamento de Salud, Generalitat de Catalunya, Barcelona",1
"Programa de Neurociencias, Instituto Hospital del Mar de Investigaciones Médicas (IMIM), Barcelona, Spain",1
"Programa Investigo SESCAM, Palma, Spain",1
"Program in Cancer Research, Hospital del Mar Research Institute, Barcelona, Spain",1
Primary Care Services Catalan Institute of Health Girona Spain,1
"Primary Care Research Network on Addiction (RIAPAd), Spain",1
"Pharmacy Department, Hospital Sant Joan de Déu, Esplugues de Llobregat, Barcelona, Spain",1
"Preventive Medicine and Public Health Training Unit PSMar-UPF-ASPB (Parc de Salut Mar-Pompeu Fabra University-Agència de Salut Pública de Barcelona), Barcelona, Spain",1
"Preventive Medicine and Public Health Department, School of Medicine, University of Málaga, 29010, Malaga, Spain",1
"Preventive Medicine and Public Health Department, School of Medicine, University of Málaga, 29010 Malaga, Spain",1
"Preventive Medicine and Public Health Department, Complejo Hospitalario Universitario de Santiago de Compostela, Santiago de Compostela, Spain",1
"Preventive Medicine Department, Infanta Leonor University Hospital, 28031, Madrid, Spain",1
"Preventive Medicine Department, Hospital Universitario 12 de Octubre, Madrid, Spain",1
"Presidente de SEPAR. Unidad Especializada de Tabaquismo de la Comunidad de Madrid. Servicio de Neumología, Madrid, España",1
"Preclinical and Experimental Research in Thoracic Tumors (PReTT) Group, Oncobell Program, IDIBELL, L'Hospitalet, Barcelona, Spain.",1
"Precision nutrition programs, IMDEA Research Institute on Food and Health Sciences, Madrid, Spain",1
"Precision Oncology Group (OncoGIR-Pro), Institut d’Investigació Biomèdica de Girona (IDIBGI), Girona, Spain",1
"Precision Nutrition and Cardiometabolic Health Program, IMDEA Food, CEI UAM + CSIC, 28049 Madrid, Spain",1
"Precision Nutrition and Cardiometabolic Health Program, IMDEA Alimentacion, Madrid, Spain",1
"Precision Nutrition Program, IMDEA Food, CEI UAM + CSIC, Madrid, Spain",1
"Precision Nutrition Program, IMDEA Food, CEI UAM + CSIC, 28049 Madrid, Spain",1
"Pompeu Fabra University Barcelona, Barcelona, Spain",1
"Primary Care Center La Florida, Costa Ponent Unit, Institut Català de La Salut, Catalan Health Institute, L'Hospitalet de Llobregat, Barcelona, Spain",1
"RT Surgical Team, Fundació Puigvert, Barcelona, Spain",1
"RN, BScN, MSN. Nephrology Department. Parc de Salut Mar. Barcelona. Spain.",1
RICORS2040 (Kidney Disease),1
"RICAPPS Red de Investigación en Cronicidad, Atención Primaria Y Promoción de la Salud , Spain",1
"Pulmonology Service, University and Polytechnic Hospital La Fe, Valencia, Spain",1
"Pulmonology Department-Muscle Wasting and Cachexia in Chronic Respiratory Diseases and Lung Cancer Research Group, IMIM-Hospital del Mar, Parc de Salut Mar, Department of Medicine and Life Sciences (MELIS), Universitat Pompeu Fabra (UPF), Barcelona Biomedical Research Park (PRBB), 08003 Barcelona, Spain",1
"Pulmonology Department, Hospital of Galdakao-Usansolo, Spain.",1
"Pulmonology Department, Hospital del Mar, Barcelona, Spain",1
"Pulmonology Department, Hospital del MAR-IMIM, CEXS (UPF), CIBERES, Passeig Marítim de la Barceloneta 25-29, 08003, Barcelona, Spain",1
"Pulmonology Department, Consorci Hospital General Universitari de Valencia, Valencia, Spain.",1
"Pulmonary Department, Universidad de La Laguna, Tenerife, Spain",1
"Pulmonary Department, Research Institute of Hospital Clínico San Carlos (IdISSC), Faculty of Medicine, University Complutense of Madrid, 28040 Madrid, Spain",1
"Pulmonary Department, Research Institute of Hospital Clínico San Carlos (IdISSC), 28040 Madrid, Spain",1
"Pulmonary Department, Hospital del Mar, Barcelona, Spain",1
"Pulmonary Department, Hospital Universitario Reina Sofia, IMIBIC, UCO, Córdoba, Spain",1
"Psychiatrist, COVID-19 Assistance Project, Consultation-Liaison Psychiatry Unit, 12 de Octubre University Hospital, Madrid, Spain",1
"Pulmonary Department, Hospital Universitario Miguel Servet, Saragossa, Spain",1
"Pulmonary Department, Hospital Son Llátzer, Palma de Mallorca, Spain",1
"Pulmonary Department, Hospital Son Espases-l'Institut d'Investigació Sanitària de les Illes Balears, Palma de Mallorca, Spain",1
"Pulmonary Department, Hospital Marqués de Valdecilla, Santander, Spain",1
"Pulmonary Department, Hospital Lucus Agusti, Lugo, Spain",1
"Pulmonary Department, Hospital Gregorio Marañón, Madrid, Spain",1
"Pulmonary Department, Hospital Dr. Negrín, Las Palmas de Gran Canaria, Spain",1
"Pulmonary Department, Hospital Clínico San Carlos, Madrid, Spain",1
"Pulmonary Department, Hospital Central de Asturias, Oviedo, Spain",1
"Pulmonary Department, Fundación Jimenez Díaz, Madrid, Spain",1
"Pulmonary Department, Clínica Universidad de Navarra, Pamplona, Spain",1
"Psychosocial Support Team, Son Llatzer University Hospital, 07198 Palma de Mallorca, Spain",1
"Psychoneurobiology of Eating and Addictive Behaviors Group, Neurosciences Programme, Bellvitge Biomedical Research Institute—IDIBELL, 08908, Barcelona, Spain",1
"Psychiatry Service, Galdakao-Usansolo Hospital, Osakidetza-Basque Health Service, Galdakao-Usansolo, Spain",1
"Psychiatry Department, Basurto University Hospital, Biocruces Bizkaia Health Research Institute, OSI Bilbao-Basurto , Barakaldo, Bizkaia , Spain",1
"Pulmonary Department, Hospital Universitario Nuestra Señora de Candelaria, Tenerife, Spain",1
"Physical Medicine and Rehabilitation Department, Parc de Salut Mar (Hospital del Mar-Hospital de l’Esperança), Rehabilitation Research Group, Hospital del Mar Research Institute, Universitat Autònoma de Barcelona, Barcelona, Spain",1
"Physical Medicine and Rehabilitation Department, Parc de Salut Mar (Hospital del Mar, Hospital de l’Esperança), Sant Josep de la Muntanya 12, 08024 Barcelona, Catalonia, Spain",1
"Physical Medicine and Rehabilitation Department, Hospital del Mar, 08003 Barcelona, Spain",1
"Physical Medicine and Rehabilitation Department, Hospital Del Mar - Hospital de L´Esperança, Parc de Salut Mar, Barcelona, Catalonia, Spain",1
"Physical Medicine and Rehabilitation Departament, Parc de Salut Mar. Hospital del Mar Research Institute (IMIM), Universitat Autònoma de Barcelona, Barcelona, Spain",1
"Physical Medicine & Rehabilitation Department, Rehabilitation Research Group, Parc de Salut Mar (Hospital del Mar-Hospital de l'Esperança) Hospital del Mar Research Institute, Universitat Autònoma de Barcelona, Barcelona, Spain",1
"Physical Medicine & Rehabilitation Department, Parc de Salut Mar (Hospital del Mar-Hospital de l'Esperança), Rehabilitation Research Group, Hospital del Mar Research Institute, Universitat Autònoma de Barcelona, Barcelona, Spain",1
"Physical Medicine & Rehabilitation Department, Parc de Salut Mar (Hospital del Mar-Hospital de L’ESPERANÇA), 08003 Barcelona, Spain",1
"Physical Medicine & Rehabilitation Department , Parc de Salut Mar (Hospital del Mar-Hospital de l'Esperança) , , Barcelona , Spain",1
"Physical Activity and Quality of Life Research Group (AFYCAV), Faculty of Sport Sciences, University of Extremadura, Cáceres, Spain",1
"Physical Activity and Quality of Life Research Group (AFYCAV), Faculty of Sport Sciences, University of Extremadura, 10003 Cáceres, Spain",1
"Physical Activity and Quality of Life Research Group (AFYCAV), Faculty of Sport Sciences, University of Extremadura, 06006 Cáceres, Spain",1
Philips Healthcare Iberia María de Portugal  Madrid Spain,1
"Phase I Unit, Clinical Pharmacology Department, Hospital Clinic de Barcelona (HCB), Barcelona, Spain",1
"Pharmacy, Hospital Universitario Virgen Macarena, Sevilla, Spain",1
"Pompeu Fabra University (UPF), E08003, Barcelona, Spain",1
"Pharmacy Department, Vall d'Hebron University Hospital, Barcelona, Spain",1
"Pharmacy Department, Vall d'Hebron Hospital Universitari, Vall d'Hebron Barcelona Hospital, Campus, Barcelona, Spain",1
"Pharmacy Department, Research Unit Hospital Universitario de Canarias (CHUC), Tenerife, Canarias, Spain",1
"Pharmacy Department, Research Unit Hospital Universitario de Canarias (CHUC) , Tenerife, Canarias , Spain",1
"Pharmacy Department, Parc de Salut Mar, Barcelona, Spain",1
"Pharmacy Department, IIB-Sant Pau, Hospital de la Santa Creu i Sant Pau, Carrer Sant Quintí, Barcelona, Spain",1
"Pharmacy Department, IIB-Sant Pau, Hospital de la Santa Creu i Sant Pau , Carrer Sant Quintí, Barcelona , Spain",1
"Pharmacy Department, Hospital Universitario Marqués de Valdecilla, Santander, Spain",1
"Pharmacy Department, Hospital Universitario Germans Trias i Pujol, Barcelona, Spain",1
"Pharmacy Department, Hospital Universitario Central de Asturias, Oviedo, Spain",1
"Pharmacy Department, Hospital Universitario Central de Asturias, Avenida Roma s/n, 33011, Oviedo, Spain",1
"Pharmacy Department, Hospital Universitari de Girona Dr. Josep Trueta, Girona, Spain",1
"Pharmacy Department, Hospital Universitari Vall d'Hebron, Barcelona, Spain",1
"Pharmacy Department, Hospital Universitari Sagrat Cor, Barcelona, Spain",1
"Pharmacy Department, Hospital Universitari Arnau de Vilanova, Lleida, Spain",1
"Pharmacy Department, Vall d’Hebron Hospital Universitari, Vall d’Hebron Barcelona Hospital, Campus , Barcelona , Spain",1
"Polyphenol Research Group, Departament de Nutrició, Ciències de l’Alimentació i Gastronomía, Facultat de Farmàcia i Ciències de l’Alimentació , Avda. Joan XXIII, 27-31, Edifici B, 08028 Barcelona , Spain",1
"Policlínica de Guipúzcoa, San Sebastian, Spain",1
Policlínica de Guipúzcoa  San Sebastian Spain,1
"Policlínica Guipúzcoa, San Sebastián, Spain",1
"Pneumology Service, Hospital de la Santa Creu i Sant Pau, C. Sant Quintí 89, 08041, Barcelona, Spain",1
"Pneumology Service, Hospital de Viladecans, Av. de Gavà 38, 08840, Viladecans, Barcelona, Spain",1
"Pneumology Service, Hospital de Cruces, Cruces Plaza, s/n, 48903, Barakaldo, Bizkaia, Spain",1
"Pneumology Service, Hospital Universitario y Politécnico La Fe, Av. de Fernando Abril Martorell 106, 46026, Valencia, Spain",1
"Pneumology Service, Hospital Universitario Virgen del Rocio, Av. Manuel Siurot, s/n, 41013, Sevilla, Spain",1
"Pneumology Service, Hospital Universitario Virgen de la Macarena, Calle Dr. Fedriani 3, 41009, Sevilla, Spain",1
"Pneumology Service, Hospital Universitario Lucus Augusti, Rúa Dr. Ulises Romero 1, 27003, Lugo, Spain",1
"Pneumology Service, Hospital Universitario Infanta Leonor, Av. Gran Vía del Este 80, 28031, Madrid, Spain",1
"Pneumology Service, Hospital Universitario Germans Trias i Pujol, Carretera de Canyet, s/n, 08916, Badalona, Barcelona, Spain",1
"Pneumology Service, Hospital Universitario Central de Asturias, Av. Roma, s/n, 33011, Oviedo, Spain",1
"Pneumology Service, Hospital Universitari Vall d'Hebron, Vall d'Hebron Institut de Recerca (VHIR), Vall d'Hebron Barcelona Hospital Campus, CIBER de Enfermedades Respiratorios (CIBERES), Passeig de la Vall d'Hebron 119, 08035, Barcelona, Spain",1
"Physician-Scientist, Department of Critical Care, Hospital Universitario HM Sanchinarro,",1
"Pneumology Service, Hospital Fundación Alcorcón, Calle Budapest 1, 28922, Alcorcón, Madrid, Spain",1
"Pneumology Service, Hospital Clínico San Carlos, School of Medicine, Universidad Complutense de Madrid, Calle del Profesor Martín Lagos, s/n, 28040, Madrid, Spain",1
"Pneumology Service, Complexo Hospitalario Universitario de Ourense, Calle Ramon Puga Noguerol 54, 32005, Ourense, Spain",1
"Pneumology Service, Complexo Hospitalario Universitario A Coruña, Xubias de Arriba 84, 15006, A Coruña, Spain",1
"Pneumology Department, Vall d'Hebron University Hospital, Barcelona, Spain",1
"Pneumology Department, Hospital Universitario Virgen del Rocío, Sevilla, Spain",1
"Pneumology Department, Hospital Universitari Vall d’Hebron/Vall d’Hebron Research Institute (VHIR), CIBER de Enfermedades Respiratorias (CIBERES), Barcelona, Spain",1
"Pneumology Department Parc de Salut Mar, Barcelona, Spain",1
"Pla Director de les Malalties Vasculars Cerebrals. Agència de Qualitat i Avaluació Sanitàries de Catalunya (AQuAS) CIBER en Epidemiolgia i Salut Pública (CBERESP), Departament de Salut, Barcelona, Spain",1
"Pla Director d'Oncologia de Catalunya, Institut Català d'Oncologia, Hospital Duran i Reynals, Avda Gran Via de l'Hospitalet, 199-203, 08908, L'Hospitalet de Llobregat, Spain",1
"Pivotal SLU Clinical Research Organization, Madrid, Spain",1
"Pius Hospital de Valls, Tarragona, Spain",1
"Physiopathology of Obesity and Nutrition Networking Biomedical Research Centre (CIBEROBN), Spain",1
"Physiopathology of Obesity and Nutrition Networking Biomedical Research Center (CIBEROBN), Carlos III Health Institute, 28029 Madrid, Spain",1
"Physiological Sciences Department, School of Medicine and Health Sciences, University of Barcelona (UB), Catalonia, Spain",1
"Pneumology Service, Hospital Mutua de Terrassa, Plaça del Doctor Robert 5, 08221, Terrassa, Barcelona, Spain",1
"Neuro-Oncology Unit, Bellvitge University Hospital, Catalan Institute of Oncology, Bellvitge Biomedical Research Institute (IDIBELL), L'Hospitalet de Llobregat, Barcelona, Spain",1
"Networking Research Center for Neurodegenerative Diseases (CIBERNED), Instituto de Salud Carlos III, Madrid, Spain",1
"Networking Research Center On Neurodegenerative Diseases (CIBERNED), Instituto de Salud Carlos III, Madrid, Spain",1
"Nephrology and Renal Transplantation Department, Hospital Clinic , Barcelona , Spain",1
"Nephrology and RT Department, Hospital Clinic Universitari, Barcelona, Spain",1
"Nephrology Service, Virgen del Rocío University Hospital, Seville, Spain",1
"Nephrology Service, Reina Sofia University Hospital, Cordoba, Spain",1
"Nephrology Service, Regional University Hospital “Carlos Haya,” Institute for Biomedical Research of Málaga (IBIMA), Universidad de Málaga, Málaga, Spain",1
"Nephrology Service, Ramón y Cajal University Hospital, Madrid, Spain",1
"Nephrology Service, Puigvert Fundació, Barcelona, Spain",1
"Nephrology Service, La Paz University Hospital, Madrid, Spain",1
"Nephrology Service, Hospital del Mar, Barcelona, Spain",1
"Nephrology Department, Virgen del Rocío Hospital, 41013 Sevilla, Spain",1
"Nephrology Department, Virgen Macarena Hospital, 41009 Sevilla, Spain",1
"Organización Nacional de Trasplantes, Madrid, Spain",1
"Nephrology Department, San Carlos Clinical University Hospital, 28034 Madrid, Spain",1
"Nephrology Department, Regional University Hospital Carlos Haya, Malaga, Spain",1
"Nephrology Department, Navarra Hospital, 31008 Pamplona, Spain",1
"Nephrology Department, Instituto de Investigación Biomédica de Málaga (IBIMA) REDINREN RD16/0009/0006, Hospital Regional Universitario de Málaga, Málaga, Spain",1
"Nephrology Department, Hypertension Unit, Hospital del Mar Universitat Autònoma de Barcelona, Barcelona, Spain",1
"Nephrology Department, Hospital la Paz, Madrid, Spain",1
"Nephrology Department, Hospital del Mar/Parc de Salut Mar, Barcelona, Spain",1
"Nephrology Department, Hospital del Mar, Passeig Maritim 25-29, 08003, Barcelona, Spain",1
"Nephrology Department, Hospital del Mar, Institute Mar for Medical Research, Barcelona, Spain",1
"Nephrology Department, Hospital del Mar, Institut Mar for Medical Research, 08003 Barcelona, Spain",1
"Nephrology Department, Hospital del Mar , Barcelona , Spain",1
"Nephrology Department, Hospital de Palamós, 17230 Palamós, Spain",1
"Nephrology Department, Hospital de Mollet, 08100 Mollet del Vallés, Spain",1
"Nephrology Department, Hospital de Mollet, 08100 Barcelona, Spain",1
"Nephrology Department, Hospital de Bellvitge, Barcelona, Spain",1
"Nephrology Department, Vall d'Hebrón University Hospital, Barcelona, Spain",1
"Neurology Department, Hospital Virgen del Puerto Plasencia, Cáceres, Spain",1
"Neurology Department, Hospital Virgen de la Salud, Toledo, Spain",1
"Neurology Department, Hospital Gregorio Marañón, Madrid, Spain",1
"Neurology Department, Hospital Clínico de Valencia, Valencia, Spain",1
"Neurology Department, Getafe University Hospital, Madrid, Spain",1
"Neurology Department, General University Hospital of Valencia, Valencia, Spain",1
"Neurology Department, Dr. Josep Trueta University Hospital, Girona, Spain",1
"Neurology Department, Donostia University Hospital, San Sebastián, Spain",1
"Neurology Department, Del Mar Hospital, Barcelona, Spain",1
"Neurology Department, Cruces-BioCruces Bizkaia University Hospital, Barakaldo-Bizkaia, Spain",1
"Neurology Department, Clínica Universidad de Navarra, Pamplona, Spain",1
"Neurology Department, Clinical Hospital of Barcelona, Barcelona, Spain",1
"Neurology Department, Cabueñes University Hospital, Gijón, Spain",1
"Neurology Department, CEMCAT, Vall d'Hebrón University Hospital, Barcelona, Spain",1
"Neurology Department, Burgos University Hospital, Burgos, Spain",1
"Neuroanesthesia Division, Anesthesiology Department, Hospital Clinic of Barcelona, Barcelona, Spain.",1
"Neurology Department, A Coruña University Hospital Complex, A Coruña, Spain",1
"Neurology Department, 12 de Octubre University Hospital, Madrid, Spain",1
Neurology Department Hospital del Mar – Parc de Salut Mar  Barcelona Spain,1
"Neurological Surgery, Hospital del Mar, Barcelona, ESP",1
"Neuroinmunology Unit, University and Polytechnic La Fe Hospital, València, Spain",1
"Neuroimmunology and Multiple Sclerosis Unit, Neurology Department, Dr. Josep Trueta University Hospital, IDIBGI, Girona, Spain",1
"Neuroimmunology and Multiple Sclerosis Unit, Department of Neurology, Dr Josep Trueta University Hospital. Neurodegeneration and Neuroinflammation Research Group, IDIBGI. Department of Medical Sciences, University of Girona, Girona-Salt, Spain",1
"Neuroimmunology Unit, Neurology Department, Hospital Clinico Universitario, Valencia, Spain",1
"Neuroimmunology Unit, La Fe University and Polytechnic Hospital, Valencia, Spain",1
"Neuroimagen de Enfermedades Neurodegenerativas y Envejecimiento Saludable, Hospital del Mar Research Institute, Barcelona, Spain",1
Neuroimagen de Enfermedades Neurodegenerativas y Envejecimiento Saludable Hospital del Mar Research Institute  Barcelona Spain,1
"Neurogenomics Group, Hospital del Mar Research Institute , Parc de Recerca Biomèdica de Barcelona (PRBB), Dr. Aiguader, 88,  Barcelona 08003, Catalonia ,",1
"Neurofunctionality and Language Group, Neurosciences Program, Hospital del Mar Research Institute (IMIM), Barcelona, Spain",1
"Neurodegenerative Diseases Research Group, Vall d'Hebron Research Institute (VHIR), 08035 Barcelona, Spain",1
"Neurochemistry Laboratory and Biobank, Department of Laboratory Medicine, Amsterdam Neuroscience, Amsterdam University Medical Center, Vrije Universiteit Amsterdam, Amsterdam, The Netherlands. mcampo@barcelonabeta.org.",1
"Neurology Department, Bellvitge-IDIBELL University Hospital, L'Hospitalet De Llobregat, Barcelona, Spain",1
"Nephrology Department, Hospital Rey Juan Carlos, Madrid, Spain",1
"Nephrology Department, Hospital Reina Sofía, Córdoba, Spain",1
"Nephrology Department, Hospital Reina Sofia, Cordoba, Spain",1
"Nephrology Department, Hospital Regional Universitario de Málaga, Spain",1
"Nephrology Department, Hospital Puertadel Mar, Cadiz, Spain",1
"Nephrology Department, Hospital Puerta de Hierro, Madrid, Spain",1
"Nephrology Department, Hospital Puerta de Hierro Mahadahonda, Institute IDHIPHIM for Medical Research, 28222 Madrid, Spain",1
"Nephrology Department, Hospital Moisès Broggi, Sant Joan Despí, 08970 Barcelona, Spain",1
"Nephrology Department, Hospital Marqués de Valdecilla, University of Cantabria, IDIVAL, Santander, Spain",1
"Nephrology Department, Hospital Lluis Alcanyis De Xátiva, Valencia, Spain",1
"Nephrology Department, Hospital La Paz, Madrid, Spain",1
"Nephrology Department, Hospital La Paz, 28046 Madrid, Spain",1
"Nephrology Department, Hospital Josep Trueta, 17007 Girona, Spain",1
"Nephrology Department, Hospital Joan XXIII, 43005 Tarragona, Spain",1
"Nephrology Department, Hospital Germans Trías i Pujol, 08916 Badalona, Spain",1
"Nephrology Department, Hospital d'Igualada, 08700 Igualada, Spain",1
"Nephrology Department, Hospital Germans Trias I Pujol, 08916 Barcelona, Spain",1
"Nephrology Department, Hospital General de Alicante, Alicante, Spain",1
"Nephrology Department, Hospital General Universitario Gregorio Marañón, Madrid, Spain",1
"Nephrology Department, Hospital General Universitario Gregorio Marañón, Madrid, Spain",1
"Nephrology Department, Hospital Da Mariña, Lugo, Spain",1
"Nephrology Department, Hospital Cruces, Bilbao, Spain",1
"Nephrology Department, Hospital Clínico San Carlos, Facultad de Medicina Universidad Complutense, Madrid , Spain",1
"Nephrology Department, Hospital Clínico Madrid, Madrid, Spain",1
"Nephrology Department, Hospital Clínic de Barcelona, 08036 Barcelona, Spain",1
"Nephrology Department, Hospital 12 de Octubre, Madrid, Spain",1
"Nephrology Department, Hospital 12 de Octubre, 28041 Madrid, Spain",1
"Nephrology Department, HU Puerta del Mar , Cádiz ,",1
"Nephrology Department, HU Miguel Servet, Institute for Health Research Aragón (IIS Aragón) , Zaragoza ,",1
"Nephrology Department, HU Marques de Valdecilla/IDIVAL, Santander, Spain",1
"Nephrology Department, HU Dr Peset, Valencia, Spain",1
"Nephrology Department, Hospital Germans Trias i Pujol, 08916 Badalona, Spain",1
"Nephrology Department, Hospital Vall d'Hebrón, Barcelona, Spain",1
"Nephrology Department, Hospital Vall d'Hebron, Barcelona, Spain",1
"Nephrology Department, Hospital Vall d'Hebron, 08035 Barcelona, Spain",1
"Nephrology Department, Hospital Universitario de la Princesa, Madrid, Spain,",1
"Nephrology Department, Hospital Universitario de la Princesa, Madrid, Spain",1
"Nephrology Department, Hospital Universitario de Salamanca, Spain",1
"Nephrology Department, Hospital Universitario de Gran Canaria Doctor Negrín, Las Palmas de Gran Canaria, Spain",1
"Nephrology Department, Hospital Universitario de Galdakao, Vizcaya, Spain",1
"Nephrology Department, Hospital Universitario de Donostia, San Sebastián, Spain",1
"Nephrology Department, Hospital Universitario de Cruces, Bilbao, Spain",1
"Nephrology Department, Hospital Universitario de Canarias, Spain",1
"Nephrology Department, Hospital Universitario Virgen del Rocío, Seville, Spain",1
"Nephrology Department, Hospital Universitario Son Espases , Mallorca , Spain",1
"Nephrology Department, Hospital Universitario Regional , Málaga , Spain RD21/0005/0010 (ISCIII RICORS2040)",1
"Nephrology Department, Hospital Universitario Puerto Real, Cádiz, Spain",1
"Nephrology Department, Hospital Universitari Dr Peset, FISABIO , Valencia , Spain",1
"Nephrology Department, Hospital Universitario Puerta del Mar , Cádiz , Spain",1
"Nephrology Department, Hospital Universitario Puerta de Hierro, IDIPHISA, Madrid, Spain",1
"Nephrology Department, Hospital Universitario Miguel Servet, Zaragoza, Spain",1
"Nephrology Department, Hospital Universitario Marqués de Valdecilla/IDIVAL , Santander , Spain RD21/0005/0010 (ISCIII RICORS2040)",1
"Nephrology Department, Hospital Universitario La Paz , Madrid , Spain",1
"Nephrology Department, Hospital Universitario Infanta Leonor—Universidad Complutense de Madrid, Madrid, Spain",1
"Nephrology Department, Hospital Universitario A Coruña, Spain",1
"Nephrology Department, Hospital Universitario 12 de Octubre, Madrid, Spain",1
"Nephrology Department, Hospital Universitario 12 Octubre, Spain",1
"Nephrology Department, Hospital Universitari de Girona Doctor Josep Trueta, 17001 Girona, Spain",1
"Nephrology Department, Hospital Universitari de Bellvitge, L’Hospitalet de Llobregat , Barcelona , Spain Biomedical Research Institute (IDIBELL), L’Hospitalet de Llobregat, University of Barcelona, Barcelona Spain",1
"Nephrology Department, Hospital Universitari de Bellvitge, L'Hospitalet de Llobregat, 08907 Barcelona, Spain",1
"Nephrology Department, Hospital Universitari de Bellvitge, Barcelona, Spain",1
"Nephrology Department, Hospital Universitari Joan XXIII, 43005 Tarragona, Spain",1
"Nephrology Department, Hospital Universitari Dr. J Trueta, 17007 Girona, Spain",1
"Nephrology Department, Hospital Universitario Puerta del Mar, Cádiz, Spain",1
"Obstetrics and Gynecology Department, Hospital de la Plana, Castellón, Spain",1
"Obstetrics and Gynecology Department , Hospital del Mar, Barcelona, Spain",1
"Obstetrics and Gynaecology Service, Hospital del Mar, Barcelona, Spain",1
"Obstetrics and Gynaecology Service, Hospital Universitario Puerta de Hierro, Majadahonda, Spain",1
"Obstetrics and Gynaecology Service, Hospital Universitario 12 de Octubre, Madrid, Spain",1
"Obstetrics and Gynaecology Service Hospital Universitario Puerta de Hierro, Majadahonda Universidad Autónoma de Madrid Madrid Spain",1
"Oblikue Consulting, S.L. Barcelona, Spain",1
OSI. CIBERSAM,1
"Nutritional Support Unit, Vall d'Hebron Hospital Campus, 08035, Barcelona, Spain",1
"Nutritional Genomics and Epigenomics Group, IMDEA Food, CEI UAM + CSIC, Madrid, Spain",1
"Nutritional Genomics and Epigenomics Group, IMDEA Food, CEI UAM + CSIC, Crta. de, Carr. de Canto Blanco, 8., Madrid, 28049 Spain",1
"Nutritional Genomics and Epigenomics Group, IMDEA Alimentación, 28049 Madrid, Spain",1
"Nutritional Genomics and Epigenomics Group IMDEA Food, CEI UAM + CSIC  Crta. de, Carr. de Canto Blanco, 8. Madrid 28049 Spain",1
Nutritional Genomics and Epigenomics Group IMDEA Food CEI UAM + CSIC  Madrid 28049 Spain,1
"Nutritional Epidemiology Unit, University Miguel Hernandez, Alicante, Spain",1
"Neurology Department, Hospital de Mataró, Mataró, Barcelona, Spain",1
"Nutritional Control of the Epigenome Group, Precision Nutrition and Obesity Program.IMDEA Food, CEI UAM + CSIC, 28049, Madrid, Spain",1
"Nutritional Control of the Epigenome Group, Precision Nutrition and Obesity Program, IMDEA Food, CEI UAM + CSIC, 28049, Madrid, Spain",1
"Nutritional Control of the Epigenome Group, Precision Nutrition and Obesity Program, IMDEA Food, CEI UAM + CSIC, 28049 Madrid, Spain",1
"Nutritional Control of the Epigenome Group, IMDEA Food, CEI UAM + CSIC, Madrid, Spain",1
"Nutritional Control of the Epigenom Group, Precision Nutrition and Obesity Program, IMDEA Food, CEI UAM + CSIC, Madrid, Spain",1
"Nutrition and Obesity Group, Dept. Pharmacy and Food Science, Faculty of Pharmacy, University of the Basque Country (UPV/EHU), Lucio Lascaray Research Centre, Vitoria, Spain",1
"Nutrition and Mental Health (NUTRISAM) Research Group, Universitat Rovira i Virgili, Reus, Spain",1
"Nutrition and Genomics Laboratory, JM-USDA Human Nutrition Research Center on Aging at Tufts University, Boston, MA 02111, USA",1
"Nutrition and Dietetic Unit, Hospital Clinic de Barcelona, 08036 Barcelona, Spain",1
"Nutrition and Dietetic Unit, Hospital Clinic Barcelona, 08036 Barcelona, Spain",1
"Nutrition and Cancer Group; Epidemiology, Public Health, Cancer Prevention and Palliative Care Program; Bellvitge Biomedical Research Institute - IDIBELL, L'Hospitalet de Llobregat , Avinguda de la Granvia de l'Hospitalet, 199, 08908, Barcelona , Spain",1
Nutrition and Cancer Group,1
"Nutrition Unit. University Hospital of Sant Joan de Reus.  Avinguda del Doctor Josep Laporte, 2 Reus Tarragona 43204 Spain",1
"Nutrition Unit, Institut d'Investigació Sanitària Pere Virgili (IISPV), University Hospital of Sant Joan de Reus , Reus , Spain",1
"Nutrition Research Group Research Institute of Biomedical and Health Sciences (IUIBS) University of Las Palmas de Gran Canaria Instituto Universitario de Investigaciones Biomédicas y Sanitarias (iUIBS)., Paseo Blas Cabrera Felipe “Físico” (s/n)., 35016 ‐ Las Palmas de Gran Canaria Islas Canarias  Spain",1
"Nutritional Epidemiology Unit, Universidad Miguel Hernández, ISABIAL-UMH, Alicante, Spain",1
"Organización Nacional de Trasplantes, Madrid, España",1
"Organización Nacional de Trasplantes, Madrid, Spain",1
"Ophthalmology department, Consorci parc de Salut MAR de Barcelona, C/de Ramon Turró, 337, 08003 Barcelona, Spain",1
"Ophthalmology Department, Vall d'Hebron Hospital Barcelona, Passeig de la Vall d'Hebron, 119-129|, 08035, Barcelona, Spain",1
"Ophthalmology Department, Hospital del Mar, Barcelona, Spain",1
"Ophthalmology Department, Hospital de l’Esperanza–Consorci Parc de Salut MAR, Sant Josep de la Muntanya 12, 08024 Barcelona, Spain",1
"Ophthalmology Department, Hospital de Bellvitge, L'Hospitalet de Llobregat, Barcelona, Spain",1
"Ophthalmology Department, Hospital Universitario Los Arcos del Mar Menor, Murcia, Spain",1
"Ophthalmology Department, Hospital Universitari Vall d'Hebron, Barcelona, Spain",1
"Ophthalmology Department, Hospital Sant Joan de Déu, Barcelona, Spain",1
"Ophthalmology Department, Hospital Quirón Salud Barcelona, Barcelona, Spain",1
"Oncología Radioterápica, Hospital de la Esperanza, Parc de Salut del Mar, Universitat Autónoma de Barcelona, Barcelona, Spain",1
"Oncología Radioterápica, Hospital Universitario Sant Joan de Reus, Universitat Rovira I Virgili, Reus, Spain",1
"Oncología Radioterápica, Hospital Universitario HM Sanchinarro, Madrid, Spain",1
"Oncology, Hospital Universitario Virgen Macarena, Seville, Spain",1
"Obstetrics and Gynecology Department, Infanta Sofia University Hospital, Madrid, Spain",1
"Oncology Unit, Hospital Juan Ramón Jiménez, Huelva, Spain",1
"Oncology Radiotherapy Unit, Hospital Universitario Clínico San Cecilio, Granada, Spain",1
"Oncology Department, Hospital de la Santa Creu i Sant Pau, Barcelona, Spain",1
"Oncology Clinical Trials Unit, Hospital del Mar, Barcelona, Spain",1
"Oncology Biomedical Research National Network (CIBERONC-ISCIII), Madrid, Spain",1
"Oncological Pharmacy Unit, Santiago de Compostela University Clinical Hospital, Health Research Institute of Santiago de Compostela (IDIS), University of Santiago de Compostela, A Coruña, Spain",1
"Onclology, Hospital Universitari i Politècnic La Fe, Valencia, Spain",1
"Occupational Therapy Research Group (InTeO: Investigación en Terapia Ocupacional), Miguel Hernández University, Alicante, Spain",1
"Occupational Medicine and Occupational Risk Prevention Service, Hospital Universitario, 12 de Octubre, Madrid, Spain",1
"Occupational Health Service, Hospital del Mar, Barcelona, Spain. consol.serra@upf.edu.",1
"Occupational Health Service, Hospital del Mar, Barcelona, Spain.",1
"Occupational Health Service, Consorci Corporació Sanitària Parc Taulí, Sabadell, Spain.",1
"Obstetrics and Gynecology, Hospital del Mar, Barcelona 08003, Spain",1
"Obstetrics and Gynecology, Hospital Clinic Barcelona, Fetal Medicine Unit, Fetal Medicine Research Centre, Barcelona Centre for Maternal-Fetal and Neonatal Medicine (BCNatal), Hospital San Joan de Déu, Barcelona, Spain",1
"Obstetrics and Gynecology, Consorci Parc de Salut Mar, Hospital del Mar, Barcelona, Spain",1
"Oncology, Hospital Gregorio Marañón, Madrid, Spain",1
"Neuromodulation Unit, Brain 360 Institute, Barcelona, Spain",1
"Neurometabolic Diseases Laboratory, Bellvitge Biomedical Research Institute (IDIBELL), Barcelona, Catalonia, Spain",1
"Neurometabolic Diseases Laboratory, Bellvitge Biomedical Research Institute (IDIBELL), 08908 L'Hospitalet de Llobregat, Barcelona, Catalonia, Spain",1
"Neurology, Hospital del Mar, Neurovascular Research Group, IMIM, Universitat Autònoma de Barcelona/DCEXS‐Universitat Pompeu Fabra, Barcelona, Spain",1
"Neurology, Hospital del Mar, Barcelona, Spain.",1
"Neurology, Hospital de La Santa Creu i Sant Pau, Barcelona, Spain",1
"Neurology, Hospital Universitari i Politècnic La Fe, Valencia, Spain.",1
"Neurology, Hospital Universitari MútuaTerrassa/Fundacio Docència i Recerca MutuaTerrassa, Terrassa, Spain",1
"Neurology department, Consorci parc de Salut MAR de Barcelona, C/de Ramon Turró, 337, 08019 Barcelona, Spain",1
"Neurology Unit, Neurophysiologic Section, Parc de Salut MAR, Barcelona, Spain",1
"Neurology Unit, Hospital Universitari MútuaTerrassa. Terrassa, Spain",1
"Neurology Service, Sierrallana Hospital-IDIVAL, University of Cantabria, Satander, Spain",1
"Neurology Department, Álvaro Cunqueiro Hospital, Vigo, Spain",1
"Neurology Department, Virgen Macarena University Hospital, Sevilla, Spain",1
"Neurology Department, Torrejón University Hospital, Madrid, Spain",1
"Nursing department, Hospital del Mar, Parc de Salut Mar, Barcelona, Spain",1
"Neurology Department, Son Espases University Hospital, Palma de Mallorca, Spain",1
"Neurology Department, Santiago Clinical University Hospital, Instituto de Investigaciones Sanitarias de Santiago, Santiago de Compostela, Spain",1
"Neurology Department, San Agustín University Hospital, Avilés, Asturias, Spain",1
"Neurology Department, Salamanca University Hospital, Salamanca, Spain",1
"Neurology Department, Reina Sofia University Hospital, Córdoba, Spain",1
"Neurology Department, Puerta de Hierro University Hospital, Madrid, Spain",1
"Neurology Department, Nuestra Señora de la Candelaria University Hospital, Santa Cruz de Tenerife, Spain",1
"Neurology Department, Mutua de Terrasssa University Hospital, Barcelona, Spain",1
"Hospital Reina Sofia, IMIBIC, UCO, Av. Menendez Pidal, s/n, 14004, Córdoba, Spain",1
"Neurology Department, Marqués de Valdecilla University Hospital, Santander, Spain",1
"Neurology Department, Marqués de Valdecilla University Hospital, Cantabria, Spain",1
"Neurology Department, Lozano Blesa Clinical University Hospital, Zaragoza, Spain",1
"Neurology Department, La Princesa University Hospital, Madrid, Spain",1
"Neurology Department, Hospital Álvaro Cunqueiro, Vigo, Spain",1
"Neurology Department, Hospital de la Santa Creu i Sant Pau, Barcelona, Spain",1
"Neurology Department, Torrecárdenas University Hospital, Almería, Spain",1
"Nursing and Healthcare Research Group, Rheumatology and Health Research Group, Instituto de Investigación Biomédica de A Coruña (INIBIC), Complexo Hospitalario Universitario de A Coruña (CHUAC), Sergas. Universidade da Coruña (UDC), As Xubias, 15006. A, Coruña, Spain",1
"Nursing Department, Vall d'Hebron Hospital Campus, 08035, Barcelona, Spain",1
"Nursing Department, Medicine and Health Sciences Faculty, Universitat Internacional de Catalunya, Barcelona, Spain",1
"Nursing Department, Hospital Universitario Nuestra Señora de Candelaria, Tenerife, Spain",1
"Nursing Department (Intensive Care), Hospital General Universitario Gregorio Marañón, Madrid, Spain",1
"Nursing Department (Coronary Unit), Hospital General Universitario Gregorio Marañón, Madrid, Spain",1
"Nuestra Senora de la Candelaria University Hospital, 16825, Endocrinology, Santa Cruz de Tenerife, Canarias, Spain;",1
Now with Allergy Service Hospital Universitario de La Plana  Villarreal Spain,1
"Novartis Farmacéutica, S.A., Barcelona, Spain",1
"Novartis Farmacéutica, Barcelona, Spain",1
"Novartis Farmacéutica S.A., España",1
"Novartis Farmacéutica S.A., Barcelona, Spain",1
"Neurovascular Unit, Biocruces Bizkaia Health Research Institute, Bilbao, Spain",1
"Neurovascular Research Laboratory, Vall d'Hebron Institut de Recerca (VHIR), Barcelona, Spain",1
"Neurovascular Research Group, Neurology Department, Hospital de Mar, 08003 Barcelona, Spain",1
"Neuromuscular Unit, Neurology Department, Hospital del Mar, Barcelona, Spain",1
"Neurosurgery Service, Hospital del Mar, Barcelona, Spain",1
"Neurosurgery Service of the Hospital del Mar, 08003 Barcelona, Spain",1
"Neurosurgery Department, Hospital del Mar, Barcelona, Spain",1
"Neurosurgery Department, Hospital Regional Universitario de Málaga, Málaga, Spain",1
Neuroscience Research Group Hospital del Mar Research Institute  Barcelona Spain,1
"Neuroscience Program, Hospital del Mar Research Institute, Barcelona, Spain",1
"Neuroscience Area, CIMA, University of Navarra, Av. de Pío XII 55, 31008 Pamplona, Spain",1
"Neuroradiology Unit, Radiology Department, Hospital del Mar, Barcelona, Spain",1
"Neuroradiology Section, Radiology Department, Hospital del Mar, Barcelona, Spain",1
"Neuroradiology Section, Hospital Universitari Vall d'Hebrón, Barcelona, Spain",1
"Neuroradiology Section, Diagnostic Imaging Institute, Hospital Germans Trias i Pujol, Badalona, Barcelona, Spain",1
"Neuroradiology Department, Hospital del Mar, Barcelona, Spain",1
"Neuropsychopharmacology and Psychobiology Research Group, University of Cadiz, Cádiz, Spain",1
"Neuropsychiatry and Drug Addiction Institute, Barcelona MAR Health Park Consortium PSMAR, Barcelona, Spain",1
"Neuropharmacology Laboratory, Department of Experimental and Health Sciences, Pompeu Fabra University, Barcelona, Spain",1
"Neurotraumatology and Neurosurgery Research Unit, Department of Neurosurgery, Vall d'Hebron University Hospital, Barcelona, Spain",1
Serveis de Salut Integrats Baix Empordà  Palamós Spain,1
"Servei d’Hematologia Clínica, Hospital del Mar, 08003 Barcelona, Spain",1
"Servei d’Emergencies Mèdiques, Catalunya, Spain",1
"Servei de malalties infeccioses Hospital Universitari MutuaTerrassa, Universitat de Barcelona, Barcelona, Catalonia, Spain",1
"Servei de Salut Laboral, Parc de Salut Mar, Barcelona",1
"Servei de Reumatología, Hospital del Mar, Parc de Salut Mar, Barcelona, Spain",1
"Servei de Reumatologia, Hospital del Mar, Parc de Salut Mar, Barcelona, Spain",1
"Servei de Reumatologia, Hospital del Mar, Barcelona, Spain",1
"Servei de Pneumologia, Grup de Recerca Pneumològic, Institut d'Investigacions Biomèdiques de Bellvitge (IDIBELL), Hospital Universitari de Bellvitge, Barcelona, Spain",1
"Servei de Pneumologia i Al·lèrgia Respiratòria, Institut Clínic del Tórax, Hospital Clínic de Barcelona, CIBERES, Barcelona, Spain",1
"Servei de Pneumologia (Institut Clínic de Respiratori), Hospital Clínic - Fundació Clínic per la Recerca Biomèdica, Universitat de Barcelona, Barcelona, Spain",1
"Servei de Patologia, Hospital del Mar, Barcelona, Spain",1
"Servei de Patologia, Hospital del Mar, 08003 Barcelona, Spain",1
"Servei de Neurología, Hospital del Mar Research Institute, Barcelona, Spain",1
"Radiation Oncology Deparment, Hospital General de Catalunya, C/ Pere i Pons 1, 08190, Sant Cugat del Vallés, Spain",1
Servei de Neurologia Hospital del Mar Pg. Marítim de la Barceloneta  Barcelona Spain,1
Servei de Neurologia Hospital del Mar  Barcelona Spain,1
"Servei de Medicina Interna, Hospital del Mar, IMIM, Barcelona, Spain",1
"Servei de Medicina Intensiva, Parc Taulí Hospital Universitari, Institut de Recerca Part Taulí (I3PT-CERCA), Parc del Taulí 1, 08028, Sabadell, Spain",1
"Servei de Medicina Intensiva, Parc Salut Mar Hospital, Barcelona, Spain",1
"Servei de Medicina Intensiva, Hospital Universitari Vall d'Hebron, Barcelona, Spain",1
"Servei de Medicina Intensiva, Hospital Universitari Joan XXIII, Tarragona, Spain",1
"Servei de Farmacia, Parc de Salut Mar , Barcelona ,",1
"Servei de Cardiologia, Hospital del Mar, Barcelona, Spain",1
"Servei de Cardiologia, Hospital Universitari Josep Trueta, Girona, Spain",1
"Servei de Cardiologia Parc Salut Mar / IMIM-PRBB, Barcelona, Spain",1
"Servei d'Hematologia, Grup de Recerca Clínica Aplicada en Neoplàsies Hematològiques IMIM Hospital del Mar Research Institute  Barcelona Spain",1
"Serra Húnter fellow. Department of Statistics and Operations Research (DEIO), Universitat Politècnica de Catalunya · BarcelonaTech (UPC), Barcelona, Spain",1
"Serra Hunter Fellow, Universitat Rovira i Virgili, Nutrition and Mental Health Research Group (NUTRISAM), 43201 Reus, Spain",1
See the Addendum for members of the group,1
"Servei de Neurologia, Hospital del Mar, Barcelona, Spain.",1
"Servicio de Anatomía Patológica, Hospital del Mar, Barcelona, Spain",1
"Servicio de Anatomía Patológica, Hospital Vall d’Hebron, Barcelona, España",1
"Servicio de Anatomía Patológica, Hospital Universitario de Bellvitge, L’Hospitalet de Llobregat, Barcelona, España",1
"Servicio de Anatomía Patológica, Hospital Universitario Ramón y Cajal, IRYCIS, 28034 Madrid, Spain",1
"Servicio de Anatomía Patológica, Hospital Universitario Miguel Servet, Zaragoza, España",1
"Servicio de Anatomía Patológica, Hospital Universitario Arnau de Vilanova, Lleida, España",1
"Servicio de Anatomía Patológica, Hospital Universitario 12 de Octubre, Instituto de Investigación Hospital 12 de Octubre (i+12), Universidad Complutense de Madrid (UCM), Madrid, España",1
"Servicio de Anatomía Patológica, Hospital Ramón y Cajal, Madrid, España",1
"Servicio de Anatomía Patológica, Hospital Clínico Universitario Lozano Blesa, Zaragoza, España",1
"Servicio de Alergología, Hospital Universitario Virgen Macarena, Sevilla, Spain",1
"Servicio de Alergología, Hospital Universitario Virgen Macarena, Sevilla, España",1
"Servicio de Alergología, Hospital San Pedro de Alcántara, Cáceres, Spain",1
"Servicio de Alergología, Hospital San Pedro de Alcántara, Cáceres, España",1
"Servicio de Alergia. Instituto de Investigación Sanitaria (IIS)- Hospital Universitario de la Princesa, Madrid, Spain.",1
Servicio de Alergia Instituto de Investigación Sanitaria (IIS)‐Hospital Universitario de La Princesa  Madrid Spain,1
"Serveis de Salut Integrats Baix Empordà - Hospital de Palamós. Unitat d'Inf. Assistencial, Palamós, 17230, Spain",1
"Servicio Navarro de Salud-Osasunbidea, Gerencia de Atención Primaria de Navarra, Navarra, Spain",1
"Servicio Navarro de Salud-Osasumbidea, Pamplona, Navarra, Spain",1
"Servicio Medicina Interna, Hospital Universitario Rio Hortega, Valladolid, Spain",1
"Servicio Integrado de Neurología. Hospital Universitario Rey Juan Carlos (Móstoles), Hospital General de Villalba, Hospital Universitario Infanta Elena (Valdemoro), Madrid, España",1
Servicio Anestesiología Reanimación y Tratamiento del dolor. Parc de Salut Mar  Barcelona Spain,1
"Servicio Anatomía Patológica, Hospital del Mar, Barcelona, Spain",1
"Service of Rheumatology, Hospital del Mar, Barcelona, Spain",1
"Service of Psychiatry, Son Espases University Hospital, 07120 Palma de Mallorca, Spain",1
"Service of Pneumology, Hospital Dos de Maig, Consorci Sanitari Integral, Barcelona, Spain",1
"Service of Pharmacy, Hospital del Mar, Barcelona, Spain",1
"Service of Intensive Care Medicine, Hospital del Mar de Barcelona, IMIM (GREPAC), Department of Medicine (MELIS), Universitat Pompeu Fabra, Barcelona, Spain.",1
"Service of Genetics, Hospital del Mar and Hospital del Mar Research Institute (IMIM), Barcelona, Spain",1
"Service of Genetics, Hospital del Mar and Hospital del Mar Research Institute (IMIM), 08003 Barcelona, Spain",1
"Service of Anesthesia, Área Sanitaria de Pontevedra, Pontevedra, Spain",1
"Service of Anesthesia, Hospital Clínico Universitario de Valencia, Valencia, Spain",1
"Servicio Nefrologia, Hospital Universitario Ramón y Cajal, Madrid, Spain",1
"START Madrid-CIOCC, Centro Integral Oncológico Clara Campal, 28050 Madrid, Spain.",1
SEQC Data Science Working Group,1
"SABIAL, Alicante, Spain",1
"S. de Medicina Nuclear, H. del Mar, Barcelona, Spain",1
"S. de Medicina Nuclear, H. Virgen de la Arrixaca, Murcia, Spain",1
"S. de Medicina Nuclear, H. Universitario N.S. de la Candelaria, Tenerife, Spain",1
"S. de Medicina Nuclear, H. Universitari de Bellvitge-IDIBELL, Barcelona, Spain",1
"S. de Medicina Nuclear, H. Santa Lucia, Cartagena, Murcia, Spain",1
"S. de Medicina Nuclear, H. Puerta de Hierro, Madrid, Spain",1
"S. de Medicina Nuclear, H. La Fe, Valencia, Spain",1
S. de Medicina Nuclear H. Clínico Universitario de Salamanca/IBSAL  Salamanca Spain,1
"S. de Hematología y Oncología Médica H.J.M. Morales Meseguer, IMIB‐Pascual Parrilla.  Murcia Spain",1
S. de Hematología Josep Carreras Leukaemia Research Institute (IJC)  Badalona Spain,1
S. de Hematología ICO‐H. Germans Trias i Pujol  Badalona Spain,1
S. de Hematología H. del Mar  Barcelona Spain,1
"Section of Neuroradiology and Magnetic Resonance Unit, Vall d'Hebron University Hospital, Barcelona, Spain",1
S. de Hematología H. Sta. Lucia  Cartagena Spain,1
S. de Hematología H. La Fe  Valencia Spain,1
"S. de Hematología H. Clínico Universitario, Salamanca, IBSAL, CIBERONC  Valladolid Spain",1
S. de Hematología H. Arnau de ViIlanova  Valencia Spain,1
"Roche Farma, SA, Madrid, Spain",1
"Roche Farma S.A., Madrid, Spain",1
"Rheumatology Unit, Hospital del Mar, Barcelona, Spain",1
"Rheumatology Unit, Hospital de la Santa Creu i Sant Pau, Barcelona, Spain",1
"Rheumatology Unit, Hospital de Torrejón de Ardoz, Madrid, Spain",1
"Rheumatology Unit, Hospital de Manacor, Manacor, Spain",1
"Rheumatology Unit, Hospital Vall d' Hebrón, Passeig de la Vall d'Hebron 119, Barcelona 08035, Spain",1
"Rheumatology Unit, Hospital U. de La Princesa, IIS-Princesa, Madrid, Spain",1
"Rheumatology Unit, Hospital U. Germans Trias i Pujol, Badalona, Spain",1
"Rheumatology Unit, Hospital U. Fundación Alcorcón, Madrid, Spain",1
"Rheumatology Unit, Hospital U. Bellvitge, Hospitalet de Llobregat, Barcelona, Spain",1
"S. de Hematología H. Universitario de Canarias  La Laguna, Tenerife Spain",1
Secretaria Research Group GRISCA (Grupo en Recerca Enfermera en Simulación en Cataluña y Andorra)  Barcelona Spain,1
"Sección de Neurofisiología. Departamento de Neurología. Hospital del Mar, Barcelona, España",1
"Sección de Neurofisiología, Departamento de Neurología, Hospital del Mar, Barcelona, Spain",1
"Sección de Medicina Interna, Unidad de Lípidos y Riesgo Cardiovascular, Hospital Abente y Lago Complejo Hospitalario Universitario A Coruña, A Coruña, España.",1
Sección de Genética Clínica Instituto de Genética Médica y Molecular (INGEMM) Hospital Universitario La Paz Madrid Spain,1
"Sección de Endocrinología y Nutrición, Complejo Hospitalario Universitario Insular Materno-Infantil, Instituto Universitario de Investigaciones Biomédicas y Sanitarias de La Universidad de Las Palmas de Gran Canaria, de Las Palmas de Gran Canaria, Spain.",1
"Sección de Cirugía Hepatobiliopancreática, Hospital Universitario Infanta Sofía, Universidad Europea de Madrid, San Sebastián de los Reyes, Madrid, España",1
"Sección de Cirugía Hepatobiliopancreática, Hospital Universitario Infanta Sofía, San Sebastián de los Reyes, Madrid. Universidad Europea de Madrid, Madrid, España",1
"Sección de Cirugía Gastrointestinal, Hospital Universitario del Mar, Barcelona, Spain",1
"Sección de Cirugía Colorrectal, Hospital del Mar, Barcelona, Spain.",1
"Sección de Cirugía Colorrectal, Hospital Clínic de Barcelona, Barcelona, Spain. Electronic address: PENA@clinic.cat.",1
"School of Nursing, University of Barcelona, 08907 Hospitalet de Llobregat, Spain",1
"School of Medicine, University of Valencia, Valencia, Spain",1
"School of Medicine, University of Cantabria, Santander, Spain",1
"School of Medicine, Universitat de Vic-Central de Catalunya (UCC), Spain",1
"START Madrid-FJD, Hospital Fundación Jiménez Díaz, 28040 Madrid, Spain.",1
"School of Medicine, Universitat Autònoma de Barcelona, Barcelona, Spain",1
"School of Medicine, Universidad Complutense, Madrid, Spain",1
"School of Medicine, Universidad Autónoma de Madrid, Madrid, Spain",1
School of Medicine Complutense University  Madrid Spain,1
"School of Management, Pompeu Fabra University, Barcelona, Spain",1
"School of Health Sciences, Universidad de La Laguna, Tenerife, Spain",1
"School of Health Sciences, Blanquerna-Ramon Llull University, 08025 Barcelona, Spain",1
"School of Engineering, Pompeu Fabra University, Barcelona, Spain",1
"Sant Pau Memory Unit, Hospital de la Santa Creu i Sant Pau - Biomedical Research Institute Sant Pau, Barcelona, Spain",1
"Sant Pau Memory Unit, Department of Neurology, Hospital de la Santa Creu i Sant Pau, Barcelona, Spain; Centro de Investigación Biomédica en Red de Enfermedades Neurodegenerativas (CIBERNED), Madrid, Spain. (Spain)",1
"Sant Pau Biomedical Research Institute (IIB-Sant Pau), Department of Psychiatry, Hospital de la Santa Creu i Sant Pau, 08041 Barcelona, Spain",1
Sant Andreu Mental Health Care Centre Vidal i Barraquer Foundation  Barcelona Spain,1
"San Cecilio Hospital, Spain",1
"San Carlos Hospital Health Research Institute (IdISSC & IML), 28040 Madrid, Spain",1
"START Madrid‐FJD, Early Phase Clinical Trials Unit Hospital Universitario Fundación Jiménez Díaz  Madrid Spain",1
"School of Medicine, Universitat Pompeu Fabra, Plaça de la Mercè, 10-12, 08002 Barcelona, Catalonia, Spain",1
"Servicio de Cardiología, Hospital Universitario 12 de Octubre, Instituto de Investigación Sanitaria Hospital 12 de Octubre (imas12) , Madrid , Spain",1
"Servicio de Cardiología, Hospital Universitario 12 Octubre, Madrid, España.",1
"Servicio de Cardiología, Hospital Universitari de la Vall d'Hebron, Barcelona, Spain",1
"Servicio de Cardiología, Hospital Universitari de Bellvitge, ĹHospitalet de Llobregat, Barcelona, Spain",1
"Servicio de Cardiología, Hospital Universitari de Bellvitge, L’Hospitalet de Llobregat (Barcelona), Spain",1
"Servicio de Cardiología, Hospital Universitari de Bellvitge, IDIBELL, Universitat de Barcelona, L'Hospitalet de Llobregat, Barcelona, Spain",1
"Servicio de Cardiología, Hospital Universitari de Bellvitge , Barcelona , Spain",1
"Servicio de Cardiología, Hospital Universitari Son Espases, Palma de Mallorca, Islas Baleares, Spain",1
"Servicio de Cardiología, Hospital Universitari Mútua de Terrassa, Terrassa, Barcelona, Spain",1
"Servicio de Cardiología, Hospital Universitari Germans Trias i Pujol, Badalona, Barcelona, Spain",1
"Servicio de Cardiología, Hospital Universitari Dr. Josep Trueta, Girona, Spain",1
"Servicio de Cardiología, Hospital Universitari Arnau de Vilanova, Lleida, Spain",1
"Servicio de Cardiología, Hospital Txagorritxu, Vitoria, Álava, Spain.",1
"Servicio de Cardiología, Hospital Txagorritxu, Vitoria, España.",1
"Servicio de Anatomía Patológica, Hospital del Mar, Hospital del Mar Research Institute, 08003 Barcelona, Spain",1
"Servicio de Cardiología, Hospital Reina Sofía. Córdoba, Spain",1
"Servicio de Cardiología, Hospital Miguel Servet Zaragoza, Zaragoza, Spain",1
"Servicio de Cardiología, Hospital Marqués de Valdecilla, Santander, Cantabria, España.",1
"Servicio de Cardiología, Hospital La Paz, Madrid, Spain",1
"Servicio de Cardiología, Hospital La Paz, Madrid, España.",1
"Servicio de Cardiología, Hospital La Paz, IDIPAZ, Madrid, Spain",1
"Servicio de Cardiología, Hospital Juan Ramón Jiménez, Huelva, Spain",1
"Servicio de Cardiología, Hospital Joan XXIII, Tarragona, Spain.",1
"Servicio de Cardiología, Hospital Joan XXIII, Tarragona, España.",1
"Servicio de Cardiología, Hospital General de Valencia, Valencia, Spain",1
"Servicio de Cardiología, Hospital General Universitario de Toledo , Toledo , Spain",1
"Servicio de Cardiología, Hospital General Universitario de Ciudad Real, Ciudad Real, Spain",1
"Servicio de Cardiología, Hospital General Universitario de Alicante, Alicante, España",1
"Servicio de Cardiología, Hospital General Universitario Gregorio Marañón. Instituto de Investigación Sanitaria Gregorio Marañón, Centro de Investigación Biomédica en Red de Enfermedades Cardiovasculares (CIBER-CV), Madrid, Spain",1
"Servicio de Cardiología, Hospital General Universitario Gregorio Marañón, Madrid, Spain.",1
"Servicio de Cardiología, Hospital San Pedro de Logroño, Logroño, Spain",1
"Servicio de Cardiología, Hospital Universitario de Badajoz, Badajoz, Spain",1
"Servicio de Cardiología, Hospital Universitario de Badajoz , Badajoz , Spain",1
"Servicio de Cardiología, Hospital Universitario de Alicante Doctor Balmis, Alicante, Spain.",1
"Servicio de Cardiología, Hospital Universitario de Albacete, Albacete, Spain.",1
"Servicio de Cardiología, Hospital Universitario de Albacete, Albacete, Spain",1
"Servicio de Cardiología, Hospital Universitario de Albacete, Albacete, España.",1
"Servicio de Cardiología, Hospital Universitario de A Coruña, A Coruña, Spain.",1
"Servicio de Cardiología, Hospital Universitario de A Coruña, A Coruña, España.",1
"Servicio de Cardiología, Hospital Universitario Virgen Macarena, Sevilla, España",1
"Servicio de Cardiología, Hospital Universitario San Juan de Alicante, San Juan de Alicante, España.",1
"Servicio de Cardiología, Hospital Universitario San Juan de Alicante, San Juan de Alicante, Alicante, Spain.",1
"Servicio de Cardiología, Hospital Universitario San Cecilio, Granada, Spain",1
"Servicio de Cardiología, Hospital Universitario Reina Sofía, Instituto Maimónides de Investigación Biomédica (IMIBIC), Universidad de Córdoba, Córdoba, Spain",1
"Servicio de Cardiología, Hospital Universitario Reina Sofía, Córdoba, Spain",1
"Servicio de Cardiología, Hospital Universitario Ramón y Cajal, Madrid, Spain.",1
"Servicio de Cardiología, Hospital Universitario 12 de Octubre, Madrid, Spain",1
"Servicio de Cardiología, Hospital Universitario Puerta del Mar, Departamento de Medicina, Universidad de Cádiz, Grupo de investigación EM1 GADICOR, Instituto de Investigación e Innovación Biomédica de Cádiz (INiBICA), Cádiz, España.",1
"Servicio de Cardiología, Hospital Universitario Puerta de Hierro, Majadahonda, Madrid, Spain",1
"Servicio de Cardiología, Hospital Universitario Miguel Servet , Zaragoza , Spain",1
"Servicio de Cardiología, Hospital Universitario Marqués de Valdecilla, Santander, Cantabria, Spain.",1
"Servicio de Cardiología, Hospital Universitario Marqués de Valdecilla, Santander, Cantabria, Spain",1
"Servicio de Cardiología, Hospital Universitario La Princesa, Madrid, Spain",1
"Servicio de Cardiología, Hospital Universitario La Paz, Madrid, Spain.",1
"Servicio de Cardiología, Hospital Universitario Gregorio Marañon, Madrid, España.",1
"Servicio de Cardiología, Hospital Universitario Fundación Alcorcón, Madrid, España",1
"Servicio de Cardiología, Hospital Universitario Fundación Alcorcón, Alcorcón, Madrid, España",1
"Servicio de Cardiología, Hospital Universitario Central de Asturias, Instituto de Investigación Sanitaria del Principado de Asturias (ISPA), Universidad de Oviedo, Oviedo, Asturias, Spain",1
"Servicio de Cardiología, Hospital Universitario Central de Asturias & Instituto de Investigación Sanitaria del Principado de Asturias, ISPA , Oviedo , Spain",1
"Servicio de Cardiología, Hospital Universitario Arnau de Vilanova, Institut de Recerca Biomèdica de Lleida (IRBLleida), Lleida, Spain.",1
"Servicio de Cardiología, Hospital Universitario Arnau de Vilanova, Institut de Recerca Biomèdica de Lleida (IRBLleida), Lleida, España.",1
"Servicio de Cardiología, Hospital Universitario Arnau de Vilanova & Institut de Recerca Biomèdica de Lleida (IRBLleida) , Lleida , Spain",1
"Servicio de Cardiología, Hospital Universitario Ramón y Cajal, Madrid, España",1
"Servicio de Anestesiología, Reanimación y Tratamiento del dolor, Hospital Clínic, Universitat de Barcelona, Barcelona, Spain",1
"Servicio de Anestesiología, Reanimación y Tratamiento del dolor, Clínica Diagonal, Barcelona, Spain",1
"Servicio de Anestesiología, Reanimación y Tratamiento del Dolor. Hospital del Mar, Barcelona, España.",1
"Servicio de Anestesiología, Reanimación y Tratamiento del Dolor, Hospital del Mar, Parc de Salut Mar, Barcelona, España",1
"Servicio de Anestesiología, Reanimación y Terapéutica del Dolor, Hospital del Mar, Instituto Municipal de Investigación Médica (IMIM-Hospital del Mar), Barcelona, Spain",1
"Servicio de Anestesiología, Reanimación y Terapéutica del Dolor, Hospital del Mar, Barcelona, Spain",1
"Servicio de Anestesiología, Hospital del Mar, Barcelona, España",1
"Servicio de Anestesiología y Reanimación. Parc de Salut Mar, Barcelona, España",1
"Servicio de Anestesiología y Reanimación. Hospital Clínic de Barcelona, Barcelona, España",1
"Servicio de Anestesiología y Reanimación, Parc de Salut Mar, Barcelona, Spain",1
"Servicio de Anestesiología y Reanimación, Hospital del Mar. Jefe de Sección de la Unidad de Dolor. Vice-Presidente de la Sección Dolor Agudo y Crónico SEDAR, Barcelona, Spain",1
"Servicio de Anestesiología y Reanimación, Hospital del Mar, Barcelona, España",1
"Servicio de Anestesiología y Reanimación, Hospital de Viladecans, Barcelona, España",1
"Servicio de Anestesiología y Reanimación, Hospital d'Igualada, Barcelona, España",1
"Servicio de Anestesiología y Reanimación, Hospital Verge de la Cinta, Tortosa, España",1
"Servicio de Cardiología, Hospital General Universitario Gregorio Marañón, Madrid, Spain",1
"Servicio de Anestesiología y Reanimación, Hospital Universitari Sagrat Cor, Barcelona, España",1
"Servicio de Anestesiología y Reanimación, Hospital Universitari Joan XIII, Tarrragona, España",1
"Servicio de Anestesiología y Reanimación, Hospital Universitari Arnau de Vilanova, Lleida, España",1
"Servicio de Anestesiología y Reanimación, Hospital Sant Joan de Déu. Instituto de Investigación Sanitaria de las Islas Baleares (IdISBa), Palma de Mallorca, Spain",1
"Servicio de Anestesiología y Reanimación, Hospital Clínico Universitario de Valladolid. Coordinadora del Grupo de Trabajo de Dolor Agudo SEDAR, Valladolid, Spain",1
"Servicio de Anestesiología y Reanimación, Hospital Clínico Universitario de Valladolid, 47003 Valladolid, Spain",1
"Servicio de Anestesiología y Reanimación, Hospital Clínic de Barcelona, Barcelona, Spain",1
"Servicio de Anestesiología y Reanimación, Hospital Althaia Xarxa Assistencial Universitària de Manresa, Barcelona, España",1
"Servicio de Anestesiología y Reanimación, Fundació Hospital de l'Esperit Sant, Santa Coloma de Gramenet, España",1
"Servicio de Anestesiología y Reanimación, Consorci Hospitalari de Vic, España",1
"Servicio de Anestesiología y Reanimación y Tratamiento del Dolor, Hospital del Mar, Parc de Salut Mar, Barcelona, Spain",1
"Servicio de Anestesia y Reanimación, Hospital de La Ribera, Alzira, Valencia, España",1
"Servicio de Anestesia y Reanimación, Hospital Universitario 12 de Octubre, Madrid, España",1
"Servicio de Anestesia y Reanimación, Hospital General, Valencia, España",1
"Servicio de Anestesia y Reanimación, Hospital General Universitario Gregorio Marañón, Madrid, España",1
"Servicio de Anestesiología y Reanimación, Hospital Universitari Vall d'Hebron, Barcelona, España",1
"Servicio de Cardiología, Hospital General Universitario Gregorio Marañón, Centro de Investigación Biomédica en Red de Enfermedades Cardiovasculares (CIBERCV), Madrid, Spain",1
"Servicio de Cardiología, Hospital General Universitario Ciudad Real, Ciudad Real, Spain.",1
"Servicio de Cardiología, Hospital General Universitario Ciudad Real, Ciudad Real, España.",1
"Servicio de Cardiología, Hospital Doctor José Molina Orosa, Las Palmas de Gran Canaria, Las Palmas, España.",1
"Servicio de Cardiología, Hospital Clínico de Valencia, Valencia, Spain",1
"Servicio de Cardiología, Hospital Clínico Universitario de Valladolid, 47003 Valladolid, Spain",1
"Servicio de Cardiología, Hospital Clínico Universitario de Valencia, Valencia, Spain",1
"Servicio de Cardiología, Hospital Clínico Universitario de Valencia, Instituto de Investigación Sanitaria INCLIVA, Valencia, Spain.",1
"Servicio de Cardiología, Hospital Clínico Universitario de Salamanca, Salamanca, Spain",1
"Servicio de Cardiología, Hospital Clínico San Carlos, IdISSC and Universidad Complutense de Madrid, Madrid, Spain",1
"Servicio de Cardiología, Hospital Clínico San Carlos, IdISSC and Universidad Complutense de Madrid , Madrid , Spain",1
"Servicio de Cardiología, Hospital Clínic, Barcelona, Spain.",1
"Servicio de Cardiología, Hospital Clínic i Provincial, Barcelona, Spain",1
"Servicio de Cardiología, Hospital Clinic, Barcelona, España.",1
"Servicio de Cardiología, Hospital Clinic de Barcelona, Barcelona, Spain",1
"Servicio de Anestesiología, Reanimación y Tratamiento del dolor, Hospital Universitari Mútua de Terrassa, Barcelona, Spain",1
"Servicio de Cardiología, Hospital 12 de Octubre, Facultad de Medicina UCM, CIBERCV, Madrid, Spain",1
"Servicio de Cardiología, Complexo Hospitalario Universitario de A Coruña , A Coruña , Spain",1
"Servicio de Cardiología, Complex Hospitalari Moisès Broggi, Sant Joan Despí, Barcelona, España.",1
"Servicio de Cardiología, Complejo Hospitalario de Toledo, Toledo, Spain",1
"Servicio de Cardiología, Complejo Hospitalario de Navarra, Pamplona, Navarra, Spain.",1
"Servicio de Cardiología, Complejo Hospitalario de Navarra, Pamplona, Navarra, España. (",1
"Servicio de Cardiología, Complejo Asistencial Universitario de Salamanca, Salamanca, Spain",1
"Servicio de Cardiología, CIBERCV, Hospital General Universitario Gregorio Marañón , Madrid , Spain",1
"Servicio de Cardiología Hospital Arnau de Vilanova, Valencia, España; Facultad de Medicina, Departamento de Medicina y Cirugía, Universidad CEU Cardenal Herrera, Alfara del Patriarca, Valencia, España. Electronic address: jcosinsales@gmail.com.",1
"Servicio de Bioquímica Clínica, Unidad de Lípidos, Hospital General Universitario San Jorge de Huesca, Huesca, España",1
"Servicio de Bioquímica Clínica, Hospital Universitario Miguel Servet, Zaragoza, España",1
"Servicio de Bioquímica Clínica, Hospital Universitario Miguel Servet, Centro de Investigación en Red en EnfermedadesCardiovasculares (CIBERCV), ISS Aragón, Universidad de Zaragoza, Zaragoza, España",1
"Servicio de Aparato Digestivo. Hospital Universitario de Canarias, Tenerife",1
"Servicio de Angiología y Cirugía Vascular, Hospital del Mar, Barcelona, Spain",1
"Servicio de Anestesiología, Reanimación y Tratamiento del dolor, Hospital del Mar, Universitat Pompeu Fabra, Barcelona, Spain",1
"Servicio de Cardiología, Hospital Clinic de Barcelona , Barcelona , Spain",1
"Research Group on Health, Gender and Aging, University of Girona, Girona, Spain",1
"Research Group on Health and Psycho-Social Adjustment (GI-SAPS), Valencian International University, Spain",1
"Research Group on Health Inequalities, Environment, and Employment Conditions (GREDS-EMCONET), Department of Political and Social Sciences, Universitat Pompeu Fabra, 08005, Barcelona, Spain",1
"Research Group on Community Nutrition and Oxidative Stress, University of Balearic Islands-IUNICS, Palma de Mallorca, Spain",1
"Research Group on Community Nutrition and Oxidative Stress, University of Balearic Islands-IUNICS & Health Research Institute of the Balearic Islands (IDISBA), 07122 Palma de Mallorca, Spain",1
"Research Group on Community Nutrition &amp; Oxidative Stress University of Balearic Islands  Carretera de Valldemossa, km 7.5. Palma de Mallorca 07122 Spain",1
"Research Group on Community Nutrition & Oxidative Stress, University of the Balearic Islands—IUNICS, 07122 Palma de Mallorca, Spain",1
"Research Group on Community Nutrition & Oxidative Stress, University of Balearic Islands-IUNICS, Guillem Colom Bldg, Campus, E-07122, Palma de Mallorca, Spain",1
"Research Group on Community Nutrition & Oxidative Stress, University of Balearic Islands-IUNICS, 07120 Palma de Mallorca, Spain",1
"Research Group on Community Nutrition & Oxidative Stress, University of Balearic Islands, Palma de Mallorca, Spain",1
"Research Group of Community Nutrition and Oxidative Stress, University of the Balearic Islands and IDISBA, 07122 Palma de Mallorca, Spain",1
"Research Group in Integrated Pharmacology and Systems Neuroscience, Hospital del Mar Research\nInstitute Doctors (IMIM), Barcelona, Spain",1
"Research Group GIES (Grupo de investigación en Enfermería, Educación y Sociedad) Barcelona Spain",1
"Research Group GIES (Grupo de investigación en Enfermería, Educación y Sociedad)  Barcelona Spain",1
"Rheumatology Unit, Hospital U, Mútua Terrassa, Barcelona, Spain",1
"Research Group GEIMAC (Consolidated Group 2017-1681): Group of Studies of Invarianza of the Instruments of Measurement and Analysis of Change in the Social and Health Areas, Barcelona, Spain",1
"Research Group Fisioterapia y Discapacidad, Instituto Murciano de Investigación Biosanitaria (IMIB), Murcia, Spain",1
"Research Center for High Performance Sport, San Antonio Catholic University of Murcia, 30830 Murcia, Spain",1
"Renal Transplantation and Nephrology Department, Hospital Clinic de Barcelona, 08036 Barcelona, Spain",1
"Renal Transplantation and Nephrology Department, Hospital Clinic Barcelona, 08036 Barcelona, Spain",1
"Renal Division, Brigham & Women’s Hospital, Harvard Medical School, Boston, MA, United States",1
"Renal Division, Brigham & Women's Hospital, Harvard Medical School, Boston, Massachusetts, USA",1
"Rehabilitation Research Group, Hospital del Mar Research Institute, Universitat Autònoma de Barcelona, 08003 Barcelona, Spain",1
"Rehabilitation Research Group, Hospital del Mar Research Institute, Universitat Autònoma de Barcelona , Parc de Salut Mar (Hospital del Mar-Hospital de l'Esperança) , , Barcelona , Spain",1
"Rehabilitation Research Group, Hospital del Mar Research Institute, Barcelona, Spain",1
"Rehabilitation Research Group, Hospital Del Mar Medical Research Institute (IMIM), Carrer de Llull, 410, 08019, Barcelona, Catalonia, Spain",1
Registre Gironí del Cor (REGICOR) Study Group Hospital del Mar Research Institute (IMIM) Barcelona Spain,1
Refractory Epilepsy Unit of Hospital Universitario y Politécnico La Fe Valencia Spain,1
"Redes de Investigación Cooperativa Orientadas a Resultados en Salud (RICORS) del Instituto de Salud Carlos III, Universidad Autónoma Madrid, Madrid, Spain",1
"Red de Investigación en Servicios de Salud en Enfermedades Crónicas (REDISSEC)Galdakao, Bizkaia, Spain",1
Research Group GEIMAC (Consolidated Group 2017‐1681): Group of Studies of Invarianza of the Instruments of Measurement and Analysis of Change in the Social and Health Areas  Barcelona Spain,1
"Research Unit, Fundación Piel Sana de la Academia Española de Dermatología y Venereología (AEDV)  Madrid Spain",1
"Research Unit, Fundación Piel Sana Academia Española de Dermatología y Venereología  Madrid Spain",1
"Research Unit, Department of Family Medicine, Distrito Sanitario Atención Primaria Sevilla, 41010 Sevilla, Spain",1
"Research Unit, Costa del Sol Hospital University of Málaga, Instituto de Investigación Biomédica de Málaga (IBIMA)  Marbella Spain",1
"Research Unit, Basurto Universitary Hospital, Bilbao, Spain",1
"Research Unit of Spanish Society of Rheumatology, 28001 Madrid, Spain",1
Research Unit of Spanish Society of Rheumatology,1
Research Unit Hospital General Mancha‐Centro  Alcázar de San Juan Spain,1
"Research Unit Fundación Piel Sana, Academia Española de Dermatología y Venereología  Madrid Spain",1
Research Unit Fundación Piel Sana Academia Española de Dermatología y Venereología  Madrid Spain,1
"Research Support Unit Lleida, Fundació Institut Universitari per a la recerca a l'Atenció Primària de Salut Jordi Gol i Gurina (IDIAPJGol), Lleida, Spain",1
Research Support Unit Hospital General La Mancha Centro  Alcázar de San Juan Spain,1
"Research Programme on Biomedical Informatics (GRIB), Hospital del Mar Research Institute, Barcelona, Spain",1
"Research Programme on Biomedical Informatics (GRIB), Hospital Del Mar Medical Research Institute (IMIM), Department of Medicine and Life Sciences (MELIS), Universitat Pompeu Fabra (UPF), Barcelona, Spain",1
"Research Programme on Biomedical Informatics (GRIB), Department of Medicine and Life Sciences (MELIS), Hospital del Mar Research Institute (IMIM), Universitat Pompeu Fabra , Barcelona, Spain",1
"Research Group on Nutritional Epidemiology & Cardiovascular Physiopathology (NUTRECOR), Health Research Institute of the Balearic Islands (IdISBa), Palma de Mallorca, 07120 Spain",1
"Research Program on Biomedical Informatics, Universitat Pompeu Fabra, Barcelona, Spain",1
"Research Program on Biomedical Informatics (GRIB). Hospital del Mar Research Institute (IMIM), Barcelona, Spain",1
"Research Program in Lymphoid Malignancies, Research Institute Against Leukemia Josep Carreras, Barcelona, Spain.",1
"Research Program in Cancer, Hospital del Mar Research Institute, Barcelona, Spain.",1
Research Network on Health Services in Chronic Diseases (REDISSEC),1
"Research Network in Primary Addiction Care (RIAPAd), Spain",1
"Research Institute of Health Sciences (IUNICS), University of the Balearic Islands (UIB), Palma, Spain",1
"Research Institute of Biomedical and Health Sciences, University of Las Palmas de Gran Canaria , Las Palmas , Spain",1
Research Institute of Biomedical and Health Sciences IUIBS University of Las Palmas de Gran Canaria  Las Palmas 35001 Spain,1
"Research Institute of Biomedical and Health Sciences (IUIBS), University of Las Palmas de Gran Canaria, 35001 Las Palmas, Spain",1
"Research Institute of Biomedical and Health Sciences (IUIBS), University of Las Palmas de Gran Canaria & Centro Hospitalario Universitario Insular Materno Infantil (CHUIMI), Canarian Health Service, Las Palmas de Gran Canaria, Spain",1
"Research Institute of Biomedical and Health Sciences (IUIBS), University of Las Palmas de Gran Canaria & Centro Hospitalario Universitario Insular Materno Infantil (CHUIMI), Canarian Health Service, 35016 Las Palmas de Gran Canaria, Spain",1
"Research Institute Hospital 12 de Octubre (I + 12), Madrid, Spain",1
Research Group on Nutritional Epidemiology &amp; Cardiovascular Physiopathology (NUTRECOR) Health Research Institute of the Balearic Islands (IdISBa)  Palma de Mallorca 07120 Spain,1
"Research Group on Nutritional Epidemiology & Cardiovascular Physiopathology, Health Research Institute of the Balearic Islands (IdISBa). University Hospital Son Espases, 07120 Palma, Spain",1
Research Programme on Biomedical Informatics (GRIB) Hospital del Mar Research Institute  Barcelona Spain,1
"Radiation Oncology Department, Virgen del Rocío University Hospital, Av. Manuel Siurot, S/n, 41013 Sevilla, Spain",1
"Radiation Oncology Department, University Hospital of Leon, C. Altos de Nava, s/n, 24071 León, Spain",1
"Radiation Oncology Department, Santa Lucia General University Hospital, C. Minarete, s/n, 30202 Cartagena, Spain",1
"Radiation Oncology Department, Parc de Salut Mar, Universitat Autònoma de Barcelona, Barcelona, Spain",1
"Radiation Oncology Department, La Paz University Hospital, P.° de la Castellana, 261, 28046 Madrid, Spain",1
"Radiation Oncology Department, La Fe Polytechnic University Hospital, Av. Fernando Abril Martorell, 106, 46026 Valencia, Spain",1
"Radiation Oncology Department, Institut Català d’Oncologia, L’Hospitalet de Llobregat, Spain",1
"Radiation Oncology Department, Institut Català d’Oncologia, Girona, Spain",1
"Radiation Oncology Department, Institut Català d’Oncologia, Badalona, Spain",1
"Radiation Oncology Department, Institut Català d'Oncologia, Hospital Duran i Reynals, Avda Gran Via de l'Hospitalet, 199-203, 08908, L'Hospitalet de Llobregat, Spain",1
"Radiation Oncology Department, Institut Català d'Oncologia Girona, Avda de França,0, 17007, Girona, Spain",1
"Radiation Oncology Department, Institut Català d'Oncologia Badalona, Carretera del Canyet s/n, 08916, Badalona, Spain",1
"Radiation Oncology Department, Hospital del Mar, Edifici B, -2. C/ del Gas s/n, 08003, Barcelona, Spain",1
"Radiation Oncology Department, Hospital del Mar, 08003 Barcelona, Spain",1
"Radiation Oncology Department, Hospital de la Santa Creu i Sant Pau, C/ Sant Antoni Maria Claret 167, 08025, Barcelona, Spain",1
"Red de Investigación en Servicios de Salud en Enfermedades Crónicas (REDISSEC) , C. de Irunlarrea, 3, 31008 Pamplona , Spain",1
"Radiation Oncology Department, Hospital Universitario HM Sanchinarro, Madrid, Spain",1
"Radiation Oncology Department, Hospital Universitari Vall d'Hebron, Pass. de la Vall d'Hebron 119, 08035, Barcelona, Spain",1
"Radiation Oncology Department, Hospital Universitari Sant Joan de Reus, Universitat Rovira I VIrgili, Reus, Spain",1
"Radiation Oncology Department, Hospital Universitari Sant Joan de Reus, Avda Doctor Josep Laporte 2, 43204, Reus, Spain",1
"Radiation Oncology Department, Hospital Universitari Arnau de Vilanova, Av. Alcalde Rovira Roure, 80, 25198, Lleida, Spain",1
"Radiation Oncology Department, Hospital Clínic de Barcelona, C/ Villarroel 170, 08036, Barcelona, Spain",1
"Radiation Oncology Department, Hospital Carlos Haya, Málaga, Spain",1
"Radiation Oncology Department, Gregorio Marañón University General Hospital, C. Dr. Esquerdo, 46, 28007 Madrid, Spain",1
"Radiation Oncology Department, Del Mar Hospital, Passeig Maritim 25, 08003 Barcelona, Spain",1
"Radiation Oncology Department, De La Ribera Hospital, km 1, Ctra. Corbera, 46600 Alzira, Spain",1
"Radiation Oncology Department, Castellón Provincial Hospital, Av. del Dr. Clarà, 19, 12002 Castellón de La Plana, Spain",1
"Radiation Oncology Department, Cabueñes University Hospital, Los Prados, 395, 33394 Gijón, Spain",1
"Radiation Oncology Department, Araba Txagorritxu University Hospital, Jose Atxotegi Kalea, s/n, 01009 Gasteiz, Spain",1
"Radiation Oncology Department Institut Català d'Oncologia ‐ ICO, L'Hospitalet de Llobregat  Barcelona Spain",1
"Radiation Oncology Departement, Hospital Universitari Arnau de Vilanova, Av. Alcalde Rovira Roure, 80, 25198, Lleida, Spain",1
"Radiation Oncology Department, Hospital Universitario Rey Juan Carlos, Móstoles, Spain",1
"Red de Investigación Renal (REDINREN – RD16/0009), Instituto de Salud Carlos III, Madrid, Spain",1
"Real-World Evidence Solutions, IQVIA, Madrid, Spain",1
"ReDPyD group from the Spanish Society of Hospital Pharmacy (SEFH), Tenerife, Canarias, Spain",1
"ReDPyD group from the Spanish Society of Hospital Pharmacy (SEFH) , Tenerife, Canarias , Spain",1
"Ramón y Cajal, 28034 Madrid, Spain",1
Rafael Cantón. Servicio de Microbiología. Hospital Universitario Ramón y Cajal-IRYCIS. Madrid. Spain. rafael.canton@salud.madrid.org.,1
"Radiotherapy Department, Miguel Servet University Hospital, Zaragoza, Spain",1
"Radiología Vascular e Intervencionista, Servicio de Radiología, Hospital del Mar, Barcelona, Spain",1
"Radiology and Nuclear Medicine Department, Hospital del Mar, Barcelona, Spain",1
"Radiology Department, Vall d'Hebron University Hospital, Barcelona, Spain",1
"Radiology Department, Sant Joan de Déu Children Hospital, Barcelona, Spain",1
"Radiology Department, Hospital del Mar/Parc de Salut Mar, Barcelona, Spain",1
"Radiology Department, Hospital del Mar, Barcelona, Spain",1
"Radiology Department, Hospital del Mar, 08003 Barcelona, Spain",1
"Radiology Department, Hospital de Bellvitge, L'Hospitalet de Llobregat, Barcelona, Spain",1
"Radiation Oncology Department, de Cruces University Hospital, Plaza de Cruces, 48903 Barakaldo, Spain",1
"Radiology Department CDI, Hospital Clinic of Barcelona, Barcelona, Spain",1
"Radiation Physics and Radioprotection Department, Hospital Universitari Arnau de Vilanova, Lleida, Spain",1
"Radiation Oncology, Parc de Salut Mar, Barcelona, Spain",1
"Radiation Oncology, Institut Català d'Oncologia, Hospital Josep Trueta, Barcelona, Spain",1
"Radiation Oncology, Institut Català d'Oncologia, Hospital Duran i Reynals, Hospitalet de Llobregat, Barcelona, Spain",1
"Radiation Oncology, Institut Català d'Oncologia, Hospital Can Ruti, Badalona, Spain",1
"Radiation Oncology, Hospital de la Santa Creu i Sant Pau, Barcelona, Spain",1
"Radiation Oncology, Hospital Universitario Doctor Negrín, Las Palmas de Gran Canaria, Spain",1
"Radiation Oncology, Hospital Universitari Vall d'Hebron, Vall d'Hebron Barcelona Hospital Campus, Barcelona, Spain",1
"Radiation Oncology, Hospital Universitari Arnau de Vilanova, Lleida, Spain",1
"Radiation Oncology, Hospital Sant Joan de Reus, Reus, Tarragona, Spain",1
"Radiation Oncology, Hospital Clínic, ICMHO (Institut Clínic de Malalties Hematològiques i Oncològiques), Barcelona, Spain",1
"Radiation Oncology, Consorci Sanitari de Terrassa, Hospital de Terrassa, Terrassa, Spain",1
"Radiation Oncology, Consorci Sanitari de Terrassa, Fundació Althaia, Manresa, Spain",1
"Radiation Oncology Department. Ramón y Cajal University Hospital, Madrid, Spain",1
"Radiology Department, Hospital Clinic Barcelona and Magnetic Resonance Image Core facility, Institut d'Investigacions Biomèdiques August Pi i Sunyer (IDIBAPS), Barcelona, Spain",1
"Rheumatology Department, Hospital Universitario de la Princesa , Madrid, Spain",1
"Rheumatology Department, Hospital Universitario de la Princesa , Madrid",1
"Rheumatology Department, Hospital Universitario de La Princesa, Madrid, Spain",1
"Rheumatology Department, Hospital Universitario de Jerez de la Frontera , Cádiz, Spain",1
"Rheumatology Department, Hospital Universitario de Jerez de la Frontera , Cádiz",1
"Rheumatology Department, Hospital Universitario de Gran Canaria Dr. Negrín , Las Palmas de Gran Canaria, Spain",1
"Rheumatology Department, Hospital Universitario de Gran Canaria Dr. Negrín , Las Palmas de Gran Canaria",1
"Rheumatology Department, Hospital Universitario Virgen de la Arrixaca, Murcia, Spain",1
"Rheumatology Department, Hospital Universitario Virgen de Valme, Sevilla, Spain",1
"Rheumatology Department, Hospital Universitario Virgen de La Arrixaca, Murcia, Spain",1
"Rheumatology Department, Hospital Universitario Reina Sofia, Córdoba, Spain",1
"Rheumatology Department, Hospital Universitario Ramón y Cajal, Madrid, Spain",1
"Rheumatology Department, Hospital Universitario Puerta de Hierro, Madrid, Spain",1
"Rheumatology Department, Hospital Universitario Marqués de Valdecilla, Santander, Spain",1
"Rheumatology Department, Hospital Universitario La Princesa, IIS La Princesa, Madrid, Spain",1
"Research Unit, Hospital Costa del Sol, Marbella, Spain",1
"Rheumatology Department, Hospital Universitario Infanta Sofía, Madrid, Spain",1
"Rheumatology Department, Hospital Universitario Guadalajara, Guadalajara, Spain",1
"Rheumatology Department, Hospital Universitario Fundación Alcorcón, Madrid, Spain",1
"Rheumatology Department, Hospital Universitario Dr. Negrin, Gran Canaria, Spain",1
"Rheumatology Department, Hospital Universitario Araba, Instituto de Investigación BIORABA, Universidad del País Vasco, Vitoria-Gasteiz, Spain",1
"Rheumatology Department, Hospital Universitario 12 de Octubre , Madrid, Spain",1
"Rheumatology Department, Hospital Universitari de Bellvitge, Barcelona, Spain",1
"Rheumatology Department, Hospital Universitari MútuaTerrassa, Terrassa, Spain",1
"Rheumatology Department, Hospital Universitari Germans Trias i Pujol, Badalona, Spain",1
"Rheumatology Department, Hospital U. 12 Octubre, Madrid, Spain",1
"Rheumatology Department, Hospital Son Llatzer, Palma, Spain",1
"Rheumatology Department, Hospital Monte Naranco, Oviedo, Spain",1
"Rheumatology Department, Hospital La Mancha Centro, Alcázar de San Juan, Spain",1
"Rheumatology Department, Hospital Juan Canalejo, A Coruña, Spain",1
"Rheumatology Department, Hospital General Universitario de Alicante, Alicante, Spain",1
"Rheumatology Department, Hospital Universitario Infanta Sofía, San Sebastián de los Reyes, Spain",1
"Rheumatology Unit, Hospital Clinic, Barcelona, Spain",1
"Rheumatology Unit, Consorci Sanitari de l'Alt Penedès, Spain",1
"Rheumatology Unit, Complexo Hospitalario U. de A Coruña, A Coruña, Spain",1
"Rheumatology Unit, Althaia Xarxa Assistencial Universitària, Manresa, Spain",1
Rheumatology Unit,1
"Rheumatology Service, University Hospital Parc Taulí (I3PT), Medicine Department UAB, Barcelona, Spain",1
"Rheumatology Service, Parc de Salut Mar (PSMAR), Barcelona, Spain",1
"Rheumatology Service, Hospital del Mar, Passeig Marítim de la Barceloneta, 25, 29, Barcelona 08003, Spain",1
"Rheumatology Service, Hospital del Mar, Barcelona, Spain; IMIM (Hospital Del Mar Medical Research Institute), PRBB, Barcelona, Spain.",1
"Rheumatology Service, Hospital del Mar, Barcelona, Spain.",1
"Rheumatology Service, Hospital Universitario y Politécnico La Fe, Avinguda de Fernando Abril Martorell, 106, València 46026 , Spain",1
"Rheumatology Service, Hospital Universitario Ramón y Cajal, M-607, km. 9, 100, Madrid 28034, Spain",1
"Rheumatology Service, Hospital Universitario Ramón y Cajal, M-607 km. 9, 100, Madrid 28034, Spain",1
"Rheumatology Service, Hospital Universitario Fundación Jiménez Díaz, Av. de los Reyes Católicos 2, Madrid 28040, Spain",1
"Rheumatology Service, Hospital Universitario Basurto, Montevideo Etorb. 18, Bilbao 48013, Spain",1
"Rheumatology Department, Hospital Universitario, 12 de Octubre , Madrid, Spain",1
"Rheumatology Service, Hospital Universitari Arnau de Vilanova, Av. Alcalde Rovira Roure, 80, Lleida 25198, Spain",1
"Rheumatology Research Group, Vall Hebron Research Institute, 08035, Barcelona, Spain",1
"Rheumatology Department, Parc de Salut Mar/Hospital del Mar-IMIM, 08003 Barcelona, Spain",1
"Rheumatology Department, Parc de Salut Mar-Hospital del Mar-IMIM, Barcelona, Spain",1
"Rheumatology Department, León University Health Care Complex, León, Spain.",1
"Rheumatology Department, Hospital del Mar-Parc de Salut Mar , Barcelona, Spain",1
"Rheumatology Department, Hospital del Mar-Parc de Salut MAR, Barcelona, Spain.",1
"Rheumatology Department, Hospital del Mar, Spain",1
"Rheumatology Department, Hospital del Mar, 08003 Barcelona, Spain",1
"Rheumatology Department, Hospital del Mar , Barcelona, Spain",1
"Rheumatology Department, Hospital del Mar , Barcelona",1
"Rheumatology Department, Hospital de la Santa Creu i Sant Pau, Spain",1
"Rheumatology Department, Hospital de la Santa Creu I Sant Pau, 08041 Barcelona, Spain",1
"Rheumatology Department, Hospital de San Rafael, Barcelona, Spain",1
"Rheumatology Department, Hospital Vall d'Hebron, Barcelona, Spain",1
"Rheumatology Service, Hospital Universitari Bellvitge, Carrer de la Feixa Llarga, s/n, Barcelona, L'Hospitalet de Llobregat 08907 , Spain",1
"Respiratory Department, Hospital Universitary Son Espases, Palma de Mallorca, CibeRes, Spain",1
"Respiratory Department, Hospital Universitario y Politécnico La Fe, 46003 Valencia, Spain",1
"Respiratory Department, Hospital Universitario y Politecnico La Fe, Valencia, Spain",1
"Respiratory Department, Hospital Universitario Marqués de Valdecilla, Santander, Spain",1
"Respiratory Department, Hospital Universitario Cruces, Osakidetza, Biocruces Bizkaia Health Research Institute, CibeRes, Barakaldo, Spain",1
"Respiratory Department, Hospital Universitario Basurto, Bilbao, Spain",1
"Respiratory Department, Hospital San Carlos, Madrid, Spain",1
"Respiratory Department, Hospital San Agustín, 33401 Avilés, Spain",1
"Respiratory Department, Hospital San Agustin, Aviles, Spain",1
"Respiratory Department, Hospital Regional de Málaga, Málaga, Spain",1
"Respiratory Department, Hospital Regional Universitario de Málaga, 29009 Málaga, Spain",1
"Respiratory Department, Hospital Ramón y Cajal, 28015 Madrid, Spain",1
"Respiratory Department, Hospital Ramon y Cajal, Madrid, Spain",1
"Respiratory Department, Hospital Plató, Barcelona, Spain",1
"Respiratory Department, Hospital Lucus Augusti, Lugo, Spain",1
"Rheumatology Department, Hospital General Universitario Dr Balmis Alicante/ISABIAL/Universidad Miguel Hernandez, Alicante, Spain",1
"Respiratory Department, Hospital La Paz, 28046 Madrid, Spain",1
"Respiratory Department, Hospital General de Asturias, Oviedo, Spain",1
"Respiratory Department, Hospital Clinic, CIBERES, BRN, Barcelona, Spain.",1
"Respiratory Department, Hospital Clinic, 08035 Barcelona, Spain",1
"Respiratory Department, Complejo Hospitalario Navarra, Pamplona, Spain",1
"Respiratory Department, Central University Hospital, 33011 Oviedo, Spain",1
"Research net REDInREN 016/0009, Instituto Salud Carlos III, Madrid, Spain",1
"Research group in nursing care (GRECI), Hospital del Mar Institute of Medical Research (IMIM) , Barcelona, España",1
"Research and Development Unit, Parc Sanitari Sant Joan de Déu, Institut de Recerca Sant Joan de Déu, Barcelona, Spain.",1
"Research and Development Center (CID-CSIC), Jordi Girona 18, 08034 Barcelona, Spain",1
"Research Unit, University Hospital Son Espases-Health Research Institute of the Balearic Islands (IdISBa), Palma, Spain",1
"Research Unit, University Hospital Son Espases-Health Research Institute of the Balearic Islands (IdISBa), Microbiology Department, University Hospital Son Espases, Crtra. Valldemossa 79, 07010, Palma, Spain",1
"Research Unit, Spanish Society of Rheumatology",1
"Research Unit, Hospital Universitario de Canarias, Tenerife, Spain.",1
"Research Unit, Hospital Costa del Sol, Málaga, Spain",1
"Respiratory Department, Hospital Lucus Augusti, 27080 Lugo, Spain",1
"Rheumatology Department, Hospital Comarcal d'Amposta, Amposta, Spain",1
"Rheumatology Department, Hospital Comarcal Alt Penedès-Garraf (CSAPG), Espirall s/n, 08720, Vilafranca del Penedès, Spain",1
"Rheumatology Department, Hospital Clínico San Carlos, Madrid, Spain",1
"Rheumatology Department, Hospital Clínic de Barcelona and IDIBAPS, Barcelona, Spain",1
"Rheumatology Department, Hospital Clínic de Barcelona , Barcelona, Spain",1
"Rheumatology Department, Hospital Clinico Universitario de Santiago, Santiago de Compostela, Spain",1
"Rheumatology Department, Hospital Clinic, Institut d'Investigacions Biomèdiques August Pi i Sunyer (IDIBAPS), Spain",1
"Rheumatology Department, Gran Canaria University Hospital Doctor Negrin, Las Palmas de Gran Canaria, Spain.",1
"Rheumatology Department, Fundació Clínic per a la Recerca Biomèdica, Barcelona, Spain",1
"Rheumatology Department, Complexo Hospitalario Universitario de Ourense, Ourense, Spain",1
"Rheumatology Department, Complejo Hospitalario Universitario de Vigo , Vigo, Spain",1
"Rheumatology Department, Complejo Hospitalario Universitario de Vigo",1
"Rheumatology Department, Complejo Hospitalario Universitario de Pontevedra, Pontevedra, Spain",1
"Rheumatology Department, Complejo Asistencial Universitario de León, León, Spain",1
"Rheumatology Department, Clínica Universidad de Navarra, Madrid, Spain",1
"Respiratory Department, Hospital de la Santa Creu i San Pau, CibeRes, Barcelona, Spain",1
"Rheumatology Department, Araba University Hospital, Vitoria, Spain; Research Institute BIOARABA, Spain; País Vasco University, Spain. Electronic address: jcalvo@ser.es.",1
"Rheumatology Department, 12 de Octubre University Hospital, Madrid, Spain.",1
"Reumatology Department, Hospital del Mar, Barcelona, Spain",1
"Respiratoty Service, Basurto Universitary Hospital, Bilbao, Spain",1
"Respiratory Group, Biocruces Bizkaia Health Research Institute, Barakaldo, Spain",1
"Respiratory Dept, Hospital General Universitario Gregorio Marañón, Madrid, Spain",1
"Respiratory Department, Instituto de Investigación Sanitaria, Hospital Universitario de la Princesa, 28015 Madrid, Spain",1
"Respiratory Department, Hospital Álvaro Cunqueiro, Vigo, Spain",1
"Respiratory Department, Hospital la Princesa, Madrid, Spain",1
"Respiratory Department, Hospital la Paz, Madrid, Spain",1
"Respiratory Department, Hospital del Mar-IMIM, Parc de Salut Mar, 08003 Barcelona, Spain",1
"Respiratory Department, Hospital del Mar-IMIM, CEXS, UPF, CIBERES, BRN, Barcelona, Spain.",1
"Respiratory Department, Hospital del Mar-IMIM, CEXS, CIBERES, Barcelona, Spain",1
"Respiratory Department, Hospital del Mar, CibeRes, Barcelona, Spain",1
"Respiratory Department, Hospital del Mar, Barcelona, Spain",1
"Rheumatology Department, Centre d'Atenció Especialitzada Cornellà de Llobregat, Barcelona, Spain",1
"Department of Construction and Manufacturing Engineering, University of Oviedo, Oviedo, Spain",1
"Department of Construction and Manufacturing Engineering, Polytechnic School of Engineering of Gijón, University of Oviedo, 33204 Gijón, Spain",1
"Department of Computer Sciences. University Jaume I, Castellon, Spain",1
"Department of Computer Languages and Systems, University Jaume I, Castelló de la Plana, Spain",1
"Department of Computer Languages and Systems, Universitat Jaume I, 12071 Castellon, Spain",1
"Department of Colorectal and Gastrointestinal Surgery, Hospital Universitario Gregorio Marañón, 28009 Madrid, Spain",1
"Department of Colorectal and Gastrointestinal Surgery, Hospital General Universitario de Elche, 03203 Alicante, Spain",1
"Department of Colorectal Surgery, Vall d'Hebron University Hospital, Barcelona, Spain",1
"Department of Clinical and Health Psychology, Autonomous University of Barcelona, Cerdanyola del Vallès, Spain",1
"Department of Clinical and Health Psychology, Autonomous University of Barcelona, Barcelona, Spain",1
"Department of Clinical Sciences, University of Fernando Pessoa Canarias, Las Palmas de Gran Canaria, Spain",1
"Department of Clinical Pharmacology, Hospital Universitario de La Princesa, Instituto de Investigación Sanitaria La Princesa, Universidad Autónoma de Madrid, Diego de León 62, 28006, Madrid, Spain",1
"Department of Clinical Pharmacology, Clinical Research Support Unit (HUB-IDIBELL), Bellvitge University Hospital, L'Hospitalet de Llobregat, Barcelona, Spain",1
"Department of Clinical Pharmacology, Area Medicament, Hospital Clinic of Barcelona, 08036 Barcelona, Spain",1
Hospital Clínico Universitario de Valencia Unidad de hospitalización de psiquiatría y toxicomanía  Valencia Spain,1
"Department of Clinical Oncology, Hospital Universitario Insular, Las Palmas de Gran Canaria, Spain",1
"Department of Clinical Oncology, Hospital Universitari Sant Joan de Reus URV, IISPV, Reus, Spain",1
"Department of Clinical Oncology, Hospital General Universitario de Elche, Elche, Spain",1
"Department of Clinical Microbiology and Infectious Diseases, Hospital Gregorio Marañón, Madrid, Spain",1
"Department of Clinical Microbiology and Infectious Diseases, Gregorio Marañon University Hospital; Instituto de Investigación Biomédica Gregorio Marañón; Universidad Complutense de Madrid, Madrid, Spain. CIBERES (CB06/06/0058), Madrid, Spain",1
"Department of Clinical Genetics, Hospital Infantil Universitario Niño Jesús, Madrid, Spain",1
"Department of Clinical Foundations, Pharmacology Unit, University of Barcelona, Barcelona, Spain",1
"Department of Clinical Foundations, Pharmacology Unit University of Barcelona  Barcelona Spain",1
"Department of Clinical Farmacology, Hospital Clinic and Medical Statistics Core Facility, Institut d’Investigacions Biomèdiques August Pi i Sunyer (IDIBAPS), Barcelona, Spain",1
"Department of Clinical Epidemiology, Hospital de la Santa Creu i Sant Pau, Barcelona. CIBER Epidemiología y Salud Pública (CIBERESP),",1
"Department of Clinical Chemistry, Hospital Clínico Universitario Valladolid, Valladolid, Spain",1
"Department of Child and Adolescent Psychiatry, Institute of Psychiatry, Psychology & Neuroscience, King’s College London , London , UK",1
"Department of Child and Adolescent Psychiatry, Institute of Psychiatry and Mental Health, Hospital General Universitario Gregorio Marañón School of Medicine, Universidad Complutense, IiSGM, CIBERSAM , Madrid , Spain",1
"Department of Child and Adolescent Psychiatry, Institute of Psychiatry and Mental Health, Hospital General Universitario Gregorio Marañon, CIBERSAM, IiSGM, School of Medicine, Universidad Complutense, Madrid, Spain",1
"Department of Child and Adolescent Psychiatry, Institute of Psychiatry and Mental Health Hospital General Universitario Gregorio Marañón  Madrid Spain",1
"Department of Clinical Oncology, Hospital Universitario La Fé, Valencia, Spain",1
Department of Dermatology Hospital Universitario Vírgen de Valme  Sevilla Spain,1
Department of Dermatology Hospital Universitario Virgen del Rocío  Seville Spain,1
Department of Dermatology Hospital Universitario Reina Sofía  Córdoba Spain,1
Department of Dermatology Hospital Universitario Reina Sofía  Cordoba Spain,1
Department of Dermatology Hospital Universitario Puerto Real  Cádiz Spain,1
Department of Dermatology Hospital Universitario Parque Tecnológico de la Salud  Granada Spain,1
Department of Dermatology Hospital Universitario Nuestra Señora de Candelaria  Santa Cruz de Tenerife Spain,1
Department of Dermatology Hospital Universitario Marqués de Valdecilla  Santander Spain,1
"Department of Dermatology Hospital Universitario Insular, Universidad de las Palmas de Gran Canaria  La Palmas de Gran Canaria Spain",1
Department of Dermatology Hospital Universitario Gregorio Marañón Madrid Spain,1
Department of Dermatology Hospital Universitario Fundación Alcorcon  Madrid Spain,1
Department of Dermatology Hospital Universitari i Politècnic La Fe  Valencia Spain,1
"Department of Dermatology Hospital Universitari Sagrat Cor, Grupo Quirónsalud  Barcelona Spain",1
"Department of Dermatology Hospital Universitari Sagrat Cor, Grupo Quiron salud Barcelona Spain",1
"Department of Critical Care, Critical Illness Research Group (GREPAC), Barcelona, Spain",1
Department of Dermatology Hospital Mútua de Terrassa  Terrassa Spain,1
Department of Dermatology Hospital General de Alicante Alicante Spain,1
Department of Dermatology Hospital General Universitario Gregorio Marañón  Madrid Spain,1
Department of Dermatology Hospital Fundación Jiménez Diaz  Madrid Spain,1
Department of Dermatology Hospital Del Mar IMIM Universitat Autònoma y Universitat Pompeu Fabra  Barcelona Spain,1
Department of Dermatology Hospital Clínico Universitario de Valladolid  Valladolid Spain,1
Department of Dermatology Hospital Clínico Universitario Virgen de la Arrixaca  Murcia Spain,1
Department of Dermatology Hospital Clínic i Provincial de Barcelona  Barcelona Spain,1
Department of Dermatology Hospital Clínic i Provincial  Barcelona Spain,1
Department of Dermatology Hospital Clínic de Barcelona  Barcelona Spain,1
Department of Dermatology Hospital Arnau de Vilanova  València Spain,1
Department of Dermatology Fundación Jiménez‐Díaz  Madrid Spain,1
Department of Dermatology Complejo Asistencial Universitario de León  Leon Spain,1
Department of Dermatology Clínica Universidad de Navarra Pamplona Spain,1
"Department of Critical Care, Hospital Universitario HM Sanchinarro, Hospitales Madrid, Madrid 28050, Spain",1
Department of Dermatology Hospital Universitari Sagrat Cor Grupo Hospitalario Quirónsalud Barcelona Spain,1
"Department of Cardiology, Hospital Universitario La Paz, Madrid, Spain",1
"Department of Cardiology, Hospital Universitario Juan Ramón Jiménez, Huelva, Spain.",1
"Department of Cardiology, Hospital Universitario Fundación Alcorcón, Madrid, Spain",1
"Department of Cardiology, Hospital Universitario 12 de Octubre, Instituto de Investigación Sanitaria Hospital 12 de Octubre (imas12), CIBER-CV, Madrid, Spain.",1
"Department of Cardiology, Hospital Universitari de Bellvitge, Barcelona, Spain.",1
"Department of Cardiology, Hospital Txagorritxu, 01009 Vitoria, Spain",1
"Department of Cardiology, Hospital Sierrallana, Torrelavega, Spain",1
"Department of Cardiology, Hospital General Universitario Gregorio Marañón, Madrid, Spain.",1
"Department of Cardiology, Hospital Clínico Universitario de Valladolid, 47005 Valladolid, Spain",1
"Department of Cardiology, Hospital Clínico Universitario Lozano Blesa, Zaragoza, Spain.",1
"Department of Cardiology, Hospital Clínico San Carlos, Madrid, Spain.",1
"Department of Cardiology, Hospital Clínic, Barcelona, Spain",1
"Department of Cardiology, Hospital Clinic, Institut d'Investigacions Biomèdiques August Pi i Sunyer, Barcelona, Spain.",1
"Department of Cardiology, Hospital Arnau de Vilanova, Valencia, Spain",1
"Department of Child and Adolescent Psychiatry, Hospital Sant Joan de Déu de Barcelona , Esplugues de Llobregat , Spain",1
Department of Cardiology University Hospital of Alava  Vitoria 01009 Spain,1
"Department of Cardiology Organización Sanitaria Integrada (OSI) ARABA University Hospital Araba  C/ Jose Atxotegi Kalea, s/n. Araba Vitoria‐Gasteiz 01009 Spain",1
Department of Cardiology Hospital del Mar Barcelona Spain,1
Department of Cardiology Hospital Universitario Regional Carlos Haya  Málaga Spain,1
"Department of Cardiology Hospital Universitario Gregorio Marañon, CIBERCV, Universidad Europea, Universidad Complutense  Madrid Spain",1
Department of Cardiology Hospital Josep Trueta &amp; University of Girona Girona Spain,1
"Department of Cardiology Hospital Clínico Universitario de Valladolid, CIBERCV  Valladolid Spain",1
"Department of Cardiac Surgery, Institute of Biomedicine of Seville (IBiS) University of Seville/CSIC/University Hospital Virgen del Rocío Seville, Spain",1
"Department of Cardiac Surgery, Hospital Clínico Universitario, Avda. Ramón y Cajal 3, 47003, Valladolid, Spain",1
"Department of Cardiac Surgery, Hospital Clínico Universitario Valladolid, Valladolid, Spain",1
"Department of Brain Ischemia and Neurodegeneration, Institut d'Investigacions Biomèdiques de Barcelona (IIBB), Consejo Superior de Investigaciones Científicas (CSIC), Area of Neurosciences, Institut d'Investigacions Biomèdiques August Pi i Sunyer (IDIBAPS), Barcelona, Catalonia, Spain",1
"Department of Biotechnology, Universitat Politècnica De València, Valencia, Spain",1
"Department of Biological Sciences, Faculty of Science, University of Girona, 17003 Girona, Spain",1
"Department of Biochemistry and Molecular Biology I, University of Granada, 18071 Granada, Spain; Genomic Oncology Area, GENYO, Centre for Genomics and Oncological Research, Pfizer/University of Granada/Andalusian Regional Government, PTS, 18016 Granada, Spain",1
"Department of Biochemistry and Molecular Biology I, University of Granada, 18071 Granada, Spain",1
"Department of Cardiology, Complexo Hospitalario Universitario de A Coruña, Spain.",1
"Department of Child and Adolescent Psychiatry and Psychology, Institute of Neurosciences, Hospital Clinic Barcelona, Spain",1
"Department of Child and Adolescent Psychiatry and Psychology, Institute of Neuroscience Hospital Clínic de Barcelona  Barcelona Spain",1
"Department of Child and Adolescent Psychiatry and Psychology, Clínic Institute of Neurosciences, Hospital Clínic de Barcelona, 2017SGR881, University of Barcelona, CIBERSAM, IDIBAPS, Barcelona, Spain",1
"Department of Cell Biology, Physiology and Immunology, University of Cordoba, Maimonides Biomedical Research Institute of Cordoba (IMIBIC), UGC Nefrología, Hospital Universitario Reina Sofía, Córdoba, Spain",1
"Department of Cell Biology, Physiology and Immunology, University of Cordoba, 14014 Cordoba, Spain",1
"Department of Cardiovascular Sciences, University of Leicester, NIHR Leicester Biomedical Research Centre, Glenfield Hospital, Leicester, United Kingdom",1
"Department of Cardiology, University Hospital of Araba , Vitoria-Gasteiz, Araba , Spain",1
"Department of Cardiology, Parc Taulí Hospital Universitari, 08208, Sabadell, Barcelona, Spain",1
"Department of Cardiology, Institute i+12, CIBERCV, Hospital Universitario 12 de Octubre, Madrid, Spain",1
"Department of Cardiology, Hospital del Mar/Parc de Salut Mar, Barcelona, Spain",1
"Department of Cardiology, Hospital del Mar, Parc de Salut Mar, Barcelona, Spain",1
"Department of Cardiology, Hospital del Mar, Barcelona, Spain",1
"Department of Cardiology, Hospital del Mar, Barcelona 08003, Spain",1
"Department of Cardiology, Hospital del Mar, 08003 Barcelona, Spain",1
"Department of Cardiology, Hospital del Mar and Hospital del Mar Research Institute, Barcelona, Spain.",1
"Department of Cardiology, Hospital Universitario Virgen de la Victoria-IBIMA CIBERCV, Málaga, Spain",1
"Department of Cardiology, Hospital del Mar - Parc de Salut Mar, Grupo de Investigación Biomédica en Enfermedades del Corazón, Instituto Hospital del Mar de Investigaciones Médicas (IMIM), Barcelona, Spain; Centro de Investigación Biomédica en Red de Enfermedades Cardiovasculares (CIBER-CV), ISCIII, Madrid, Spain.",1
"Department of Cardiology, Hospital del Mar - Parc de Salut Mar, Grupo de Investigación Biomédica en Enfermedades del Corazón, Instituto Hospital del Mar de Investigaciones Médicas (IMIM), Barcelona, Spain.",1
"Department of Cardiology, Hospital del Mar (IMAS-UAB), Barcelona, Spain",1
"Department of Cardiology, Hospital de la Santa Creu i Sant Pau, Barcelona, Spain.",1
"Department of Cardiology, Hospital de Fuenlabrada, Madrid, Spain.",1
"Department of Cardiology, Hospital Virgen de la Concha, Zamora, Spain.",1
"Department of Cardiology, Hospital Virgen de la Arrixaca, Murcia, Spain",1
"Department of Cardiology, Hospital Universitario de Marqués de Valdecilla, Cantabria, Spain.",1
"Department of Cardiology, Hospital Universitario de La Princesa, Instituto de Investigación Sanitaria Princesa (IIS-IP), Universidad Autónoma de Madrid, CIBER-CV, Madrid, Spain",1
"Department of Cardiology, Hospital Universitario de La Princesa, Instituto de Investigación Sanitaria Princesa (IIS-IP), CIBER-CV, Universidad Autónoma de Madrid, Madrid, Spain. Electronic address: falf@hotmail.com.",1
"Department of Cardiology, Hospital Universitario de La Princesa, Instituto de Investigación Sanitaria Princesa (IIS-IP), CIBER-CV, Universidad Autónoma de Madrid, Madrid, Spain.",1
"Department of Cardiology, Hospital Universitario de Jaén, Jaén, Spain",1
"Department of Cardiology, Hospital Universitario de Canarias, Tenerife, Spain",1
"Department of Cardiology, Hospital Universitario de Basurto, Bilbao, Spain.",1
"Department of Cardiology, Hospital Universitario de Badajoz, Badajoz, Spain.",1
"Department of Cardiology, Hospital del Mar / Parc de Salut Mar, Barcelona, Spain",1
"Department of Dermatology, Hospital Universitario Ramón y Cajal, Madrid, Spain",1
"Department of Dermatology, Hospital Universitario Ramon y Cajal , Madrid , Spain",1
"Department of Dermatology, Hospital Universitario Puerta de Hierro, Majadahonda, Spain",1
"Department of Dermatology, Hospital Universitario PTS, Granada, Spain",1
"Department of Dermatology, Hospital Universitario Miguel Servet, Zaragoza, Spain",1
"Department of Dermatology, Hospital Universitario Lozano Blesa, Zaragoza, Spain",1
"Department of Dermatology, Hospital Universitario Insular, Universidad de las Palmas de Gran Canaria, La Palmas, Spain",1
"Department of Dermatology, Hospital Universitario Insular, Universidad de las Palmas de Gran Canaria, La Palmas de Gran Canaria, Spain",1
"Department of Dermatology, Hospital Universitario Insular de Gran Canaria, Universidad de Las Palmas de Gran Canaria, Las Palmas, Spain",1
"Department of Dermatology, Hospital Universitario Infanta Sofia, Madrid, Spain",1
"Department of Dermatology, Hospital Universitario Germans Trias i Pujol, Barcelona, Spain",1
"Department of Dermatology, Hospital Universitario Dr Peset, Valencia, Spain",1
"Department of Dermatology, Hospital Universitario Doctor Peset, Valencia, Spain",1
"Department of Dermatology, Hospital Universitario Central de Asturias, Oviedo, Spain",1
Department of Dermatology Hospital Universitario Vírgen del Rocío  Sevilla Spain,1
"Department of Dermatology, Hospital Universitario 12 de Octubre, Institute I+12 Research Institute, Universidad Complutense, Madrid, Spain",1
"Department of Dermatology, Hospital Universitario 12 de Octubre , Madrid , Spain",1
"Department of Dermatology, Hospital Universitari de Bellvitge, Universitat de Barcelona, IDIBELL, L'Hospitalet de Llobregat, Barcelona, Spain",1
"Department of Dermatology, Hospital Universitari Sant Joan de Reus, Tarragona, Spain",1
"Department of Dermatology, Hospital Universitari Sagrat Cor-Grupo Quironsalud, Barcelona, Spain",1
"Department of Dermatology, Hospital Universitari Sagrat Cor, Barcelona,",1
"Department of Dermatology, Hospital Universitari Sagrat Cor - Grupo Quirónsalud , Barcelona , Spain",1
"Department of Dermatology, Hospital Universitari Germans Trias i Pujol, Barcelona, Spain",1
"Department of Dermatology, Hospital Universitari Doctor Peset, Valencia, Spain",1
"Department of Dermatology, Hospital Universitari Bellvitge, L'Hospitalet de Llobregat, Barcelona, Spain",1
"Department of Dermatology, Hospital Son Llatzer, Palma de Mallorca, Spain",1
"Department of Dermatology, Hospital San Cecilio , Granada , Spain",1
"Department of Dermatology, Hospital Royo Villanova, Zaragoza, Spain",1
"Department of Dermatology, Hospital Royo Villanova Hospital, Zaragoza, Spain",1
"Department of Dermatology, Hospital Puerta de Hierro , Majadahonda, Madrid , Spain",1
"Department of Dermatology, Hospital Universitario Araba, Vitoria-Gasteiz, Spain",1
"Department of Dermatology, Hospital de la Santa Creu i Sant Pau, Barcelona,",1
"Department of Dermatology, Hospital de Viladecans, Viladecans, Barcelona, Spain",1
"Department of Dermatology, Hospital de Terrassa, Barcelona, Spain",1
"Department of Dermatology, Hospital de Sant PAu, Barcelona, Spain",1
"Department of Dermatology, Hospital de Sagunto, Valencia, Spain",1
"Department of Dermatology, Hospital de Manises, Valencia, Spain",1
"Department of Dermatology, Hospital de Manacor, Palma de Mallorca, Spain",1
"Department of Dermatology, Hospital de Manacor, Mallorca, Spain",1
"Department of Dermatology, Hospital de Bellvitge, l’Hospitalet de Llobregat, Barcelona,",1
"Department of Dermatology, Hospital de Basurto, Bilbao, Spain",1
"Department of Dermatology, Hospital Vital Álvarez Buylla, Mieres, Spain",1
"Department of Dermatology, Hospital Virgen del Valle Complejo Hospitalario de Toledo, Toledo, Spain",1
"Department of Dermatology, Hospital Virgen del Rocio, Sevilla, Spain",1
"Department of Dermatology, Hospital Virgen de los Lirios, Alicante, Spain",1
"Department of Dermatology, Hospital Universitario Rey Juan Carlos Mostoles, Madrid, Spain",1
"Department of Dermatology, Hospital Universitario y Politécnico la Fe , Valencia , Spain",1
"Department of Dermatology, Hospital Universitario y Politécnico La Fe, Valencia, Spain",1
"Department of Dermatology, Hospital Universitario de Santiago de Compostela, Santiago de Compostela, Spain",1
"Department of Dermatology, Hospital Universitario de Pontevedra, Pontevedra, Spain",1
"Department of Dermatology, Hospital Universitario de Navarra, Pamplona, Navarra, Spain",1
"Department of Dermatology, Hospital Universitario de Cruces, Barakaldo, Bizkaia, Spain",1
"Department of Dermatology, Hospital Universitario de Alcorcón, Madrid, Spain",1
"Department of Dermatology, Hospital Universitario \Joan XXIII\, Tarragona, Spain",1
"Department of Dermatology, Hospital Universitario Virgen de la Macarena, Sevilla, Spain",1
"Department of Dermatology, Hospital Universitario Virgen Macarena, Sevilla, Spain",1
"Department of Dermatology, Hospital Universitario Trias i Pujol, Barcelona, Spain",1
"Department of Dermatology, Hospital Universitario Son Espases, Palma, Spain",1
"Department of Dermatology, Hospital Universitario Severo Ochoa, Madrid, Spain",1
"Department of Dermatology, Hospital Universitario Severo Ochoa, Leganés, Madrid, Spain",1
"Department of Dermatology, Hospital Universitario Sagrat-Cor, Barcelona, Spain",1
"Department of Dermatology, Hospital Virgen de las Nieves Hospital, Granada, Spain",1
"Department of Dermatology, Complejo Hospitalario Universitario Santiago de Compostela, Santiago de Compostela, Spain",1
"Department of Dermatology, Complejo Hospitalario Universitario Insular Materno-Infantil, Las Palmas de Gran, Canaria, Las Palmas, Spain",1
"Department of Dermatology, Complejo Hospitalario Universitario Insular Materno Infantil. Universidad de las Palmas de Gran Canaria, Las Palmas de Gran Canaria, Spain",1
"Department of Dermatology, Clínica Universidad de Navarra, Pamplona, Spain",1
"Department of Dermatology, Clínica Universidad de Navarra , Pamplona , Spain",1
Department of Dermatology Parc Salut Mar Barcelona Spain,1
Department of Dermatology Hospitalario Universitario de Santiago de Compostela  A Coruña Spain,1
Department of Dermatology Hospital del Mar‐Parc de Salut Mar  Barcelona Spain,1
Department of Dermatology Hospital del Mar. Universitat Autònoma de Barcelona Barcelona Spain,1
Department of Dermatology Hospital del Mar. Universitat Autònoma and Pompeu Fabra Barcelona Spain,1
"Department of Dermatology Hospital del Mar. Parc de Salut Mar, Universitat Autònoma de Barcelona  Barcelona Spain",1
"Department of Dermatology Hospital del Mar, Universitat Autònoma de Barcelona  Barcelona Spain",1
"Department of Dermatology Hospital del Mar, Universitat Autònoma Barcelona  Barcelona Spain",1
"Department of Dermatology Hospital del Mar, Universitat Autònoma  Barcelona Spain",1
"Department of Dermatology, Hospital Germans Trias i Pujol, Badalona, Barcelona,",1
"Department of Dermatology Hospital del Mar, IMIM, Universitat Autònoma de Barcelona  Barcelona Spain",1
Department of Dermatology Hospital del Mar – Parc de Salut Mar Barcelona Spain,1
Department of Dermatology Hospital del Mar &amp; Research Institute Barcelona Spain,1
"Department of Dermatology Hospital de la Santa Creu i Sant Pau, Universitat Autònoma  Barcelona Spain",1
Department of Dermatology Hospital de Sant Joan Despí Moisés Broggi  Barcelona Spain,1
Department of Dermatology Hospital de Sant Joan Despí Moisès Broggi  San Joan d'Espí Spain,1
Department of Dermatology Hospital de Bellvitge Barcelona Spain,1
Department of Dermatology Hospital Virgen de la Victoria  Málaga Spain,1
Department of Dermatology Hospital Universitario y Politécnico de La Fe  Valencia Spain,1
"Department of Dermatology Hospital Universitario y Politécnico La Fe, Instituto de Investigación Sanitaria La Fe  Valencia Spain",1
"Department of Dermatology Hospital Universitario de la Princesa, Instituto de Investigación Sanitaria La Princesa  Madrid Spain",1
Department of Dermatology Hospital Universitario de Puerto Real  Cádiz Spain,1
Department of Dermatology Hospital Universitario de León  León Spain,1
Department of Dermatology Hospital Universitario de Gran Canaria Dr. Negrín  Las Palmas Spain,1
Department of Dermatology Hospital Universitario de Canarias  San Cristóbal de La Laguna Spain,1
"Department of Dermatology Hospital del Mar, Instituto Municipal de Investigación Médica  Barcelona Spain",1
"Department of Dermatology, Hospital General de Granollers, Barcelona, Spain",1
"Department of Dermatology, Hospital General Universitario, Alicante, Spain",1
"Department of Dermatology, Hospital General Universitario de Guadalajara, Guadalajara, Spain",1
"Department of Dermatology, Hospital General Universitario de Alicante-ISABIAL, Alicante, Spain",1
"Department of Dermatology, Hospital General Universitario de Alicante, Spain",1
"Department of Dermatology, Hospital General Universitario de Alicante Doctor Balmis, Alicante, Spain",1
"Department of Dermatology, Hospital General Universitario La Fe, Valencia, Spain",1
"Department of Dermatology, Hospital General Universitario Jose M Morales Meseguer, Murcia, Spain",1
"Department of Dermatology, Hospital General Universitario Infanta Sofia, Madrid, Spain",1
"Department of Dermatology, Hospital General Universitario Dr Balmis-ISABIAL-UMH, Alicante, Spain",1
"Department of Dermatology, Hospital General Universitario Dr Balmis, ISABIAL, Alicante, Spain",1
"Department of Dermatology, Hospital General Universitario 12 de octubre, Madrid, Spain",1
"Department of Dermatology, Hospital General Universitario , Valencia , Spain",1
"Department of Dermatology, Hospital General Universitari de Valencia, Valencia, Spain",1
"Department of Dermatology, Hospital General Universitari German Trias i Pujol, Barcelona, Spain",1
"Department of Dermatology, Complejo Hospitalario Universitario de Santiago, Universidad de Santiago de Compostela, Santiago de Compostela, Spain",1
"Department of Dermatology, Hospital Del Mar, IMIM, Universitat Pompeu Fabra, Barcelona, Spain",1
"Department of Dermatology, Hospital Comarcal d'Inca, Inca, Spain",1
"Department of Dermatology, Hospital Clínico Universitario Virgen de la Victoria, Málaga, Spain",1
"Department of Dermatology, Hospital Clínico Universitario Lozano Blesa, Zaragoza, Spain",1
"Department of Dermatology, Hospital Clínic, Barcelona,",1
"Department of Dermatology, Hospital Clínic Universitat de Barcelona, IDIBAPS  Barcelona Spain",1
"Department of Dermatology, Hospital Clinic, Barcelona, Spain",1
"Department of Dermatology, Hospital Clinic, Barcelona, Catalonia, Spain",1
"Department of Dermatology, Hospital Arnau de Vilanova, Valencia, Spain",1
"Department of Dermatology, Hospital Arnau de Vilanova, Lleida,",1
"Department of Dermatology, Hospital Arnau de Vilanova de Lleida, Barcelona, Spain",1
"Department of Dermatology, Hospital Arnau Vilanova de de Valencia, Valencia, Spain",1
"Department of Dermatology, Consorcio Hospital General Universitario de Valencia, Valencia, Spain",1
"Department of Dermatology, Consorci Sanitari Alt Penedès-Garraf,",1
"Department of Dermatology, Complejo Hospitalario Universitario de Vigo, Vigo, Spain",1
"Department of Dermatology, Hospital Doctor Peset , Valencia , Spain",1
"Departamento de Dermatología, Hospital Universitario Nuestra Señora de la Candelaria, Tenerife, España",1
"Departamento de Dermatología, Hospital Universitario Marqués de Valdecilla, Santander Cantabria, Spain",1
"Departamento de Dermatología, Hospital Universitario Marqués de Valdecilla, Santander Cantabria, España",1
"Departamento de Dermatología, Hospital Universitario La Fe, Valencia, Spain",1
"Departamento de Dermatología, Hospital Universitario La Fe, Valencia, España",1
"Departamento de Dermatología, Hospital Universitario Infanta Leonor, Madrid, España",1
"Departamento de Dermatología, Hospital Universitario Fundación Jiménez Díaz, Madrid, Spain",1
"Departamento de Dermatología, Hospital Universitario Fundación Jiménez Díaz, Madrid, España",1
"Departamento de Dermatología, Hospital Universitario Dr. Peset, Valencia, Spain",1
"Departamento de Dermatología, Hospital Universitario Dr. Peset, Valencia, España",1
"Departamento de Dermatología, Hospital Universitario Central de Asturias, Oviedo, España",1
"Departamento de Dermatología, Hospital Universitario 12 de Octubre, Madrid, Spain",1
"Departamento de Dermatología, Hospital Universitario 12 de Octubre, Madrid, España",1
"Departamento de Dermatología, Hospital Universitari de Bellvitge, IDIBELL, L'Hospitalet de Llobregat, Barcelona, Spain",1
"Department of Biochemistry and Biotechnology, Universitat Rovira i Virgili, Reus, Spain",1
"Departamento de Dermatología, Hospital Santa Creu i Sant Pau, UAB Barcelona, Barcelona, Spain",1
"Departamento de Dermatología, Hospital Santa Creu i Sant Pau, UAB Barcelona, Barcelona, España",1
"Departamento de Dermatología, Hospital Puerta del Mar, Cádiz, Spain",1
"Departamento de Dermatología, Hospital Puerta del Mar, Cádiz, España",1
"Departamento de Dermatología, Hospital General Universitario de Valencia, Valencia, Spain",1
"Departamento de Dermatología, Hospital General Universitario de Valencia, Valencia, España",1
"Departamento de Dermatología, Hospital General Universitario de Alicante, Alicante, Spain",1
"Departamento de Dermatología, Hospital General Universitario de Alicante, Alicante, España",1
"Departamento de Dermatología, Hospital General Universitario Dr. Balmis de Alicante-ISABIAL, Universidad Miguel Hernández, Alicante, España",1
"Departamento de Dermatología, Hospital Clínico, IDIBAPS, Universitario de Barcelona, Barcelona, Spain",1
"Departamento de Dermatología, Hospital Clínico, IDIBAPS, Universitario de Barcelona, Barcelona, España",1
"Departamento de Dermatología, Hospital Clínico Universitario de Valencia, Valencia, Spain",1
"Departamento de Dermatología, Hospital Clínico Universitario de Valencia, Valencia, España",1
"Departamento de Dermatología, Hospital Clínico Universitario Lozano Blesa, Zaragoza, Spain",1
"Departamento de Dermatología, Hospital Clínico Universitario Lozano Blesa, Zaragoza, España",1
"Departamento de Dermatología, Hospital Universitari de Bellvitge, IDIBELL, L'Hospitalet de Llobregat, Barcelona, España",1
"Departamento de Hematología, Hospital Clínico Universitario, Valencia, España",1
"Departamento de Geografía y Sociología, Universidad de Lleida, Lleida, España",1
"Departamento de Farmacología y Toxicología, Facultad de Medicina, Universidad Complutense de Madrid, Madrid, España",1
"Departamento de Estadística, Facultad de Medicina, Universidad de Salamanca, Salamanca, Spain",1
Departamento de Estadística y Ciencias de los Datos Facultad de Estudios Estadísticos Universidad Complutense Madrid Spain,1
"Departamento de Estadística e Investigación Operativa, Universidad de Cádiz, Cádiz, Spain",1
"Departamento de Enfermería, Universidad de Murcia, Cartagena (Murcia), España",1
"Departamento de Enfermería, Hospital General, Valencia, España",1
"Departamento de Enfermería, Fisioterapia y Medicina, Universidad de Almería, Almería, España",1
"Departamento de Enfermería, Facultad de Ciencias de la Salud, Universidad de Málaga – Instituto de Investigación en Biomedicina (IBIMA), Málaga, Spain",1
"Departamento de Enfermería I, Universidad del País Vasco, Leioa (Bizkaia), España",1
"Departamento de Endocrinología y Nutrición, Hospital del Mar, Barcelona, Spain",1
"Departamento de Endocrinología y Nutrición, Hospital del Mar, Barcelona, España",1
Departamento de Endocrinología y Nutrición Hospital Universitario Lucus Augusti  Lugo Spain,1
"Departamento de Dermatología, Hospital Universitario Nuestra Señora de la Candelaria, Tenerife, Spain",1
"Departamento de Dermatología, Hospital del Mar, Barcelona, Spain",1
"Departamento de Dermatología, Hospital de la Santa Creu i Sant Pau, Barcelona, España",1
"Departamento de Dermatología, Hospital de Sant Joan Despí Moisés Broggi, Barcelona, España",1
"Departamento de Dermatología, Hospital de Manacor, Palma de Mallorca, Islas Baleares, España",1
"Departamento de Dermatología, Hospital Virgen del Rocío, Sevilla, Spain",1
"Departamento de Dermatología, Hospital Virgen del Rocío, Sevilla, España",1
"Departamento de Dermatología, Hospital Universitario del Henares, Coslada, Madrid, Spain",1
"Departamento de Dermatología, Hospital Universitario del Henares, Coslada, Madrid, España",1
"Departamento de Dermatología, Hospital Universitario de Cruces, Barakaldo, Bizkaia, Spain",1
"Departamento de Dermatología, Hospital Universitario de Cruces, Barakaldo, Bizkaia, España",1
"Departamento de Dermatología, Hospital Universitario de Basurto, Bilbao, Bizkaia, Spain",1
"Departamento de Dermatología, Hospital Universitario de Basurto, Bilbao, Bizkaia, España",1
"Departamento de Dermatología, Hospital Universitario Virgen del Rocío, Sevilla, España",1
"Departamento de Dermatología, Hospital Universitario Príncipe de Asturias, Madrid, Spain",1
"Departamento de Dermatología, Hospital Universitario Príncipe de Asturias, Madrid, España",1
"Departamento de Dermatología, Hospital del Mar, Parc de Salut Mar, Universitat Autònoma de Barcelona, Barcelona, España",1
"Departamento de Cardiología, Hospital de Cabueñes, Gijón, Asturias, Spain",1
"Departamento de Cardiología, Hospital Virgen de la Arrixaca, El Palmar, Murcia, Spain.",1
"Departamento de Cardiología, Hospital Virgen de la Arrixaca, El Palmar, Murcia, Spain",1
"Departamento de Cardiología, Hospital San Cecilio, Granada, Spain.",1
"Departamento de Cardiología, Hospital Reina Sofia, Instituto Maimónides de investigación biomédica de Córdoba (IMIBIC), Córdoba, Spain",1
"Departamento de Cardiología, Hospital Reina Sofia, Instituto Maimonides de investigación biomédica de Córdoba (IMIBIC), Córdoba, Spain.",1
"Departamento de Cardiología, Hospital Puerta de Hierro, Majadahonda, Madrid, Spain.",1
"Departamento de Cardiología, Hospital La Paz, Madrid, Spain; Departamento de Cardiología, Hospital de Ciudad Real, Ciudad Real, Spain",1
"Departamento de Cardiología, Hospital Juan Ramón Jimenez, Huelva, Spain.",1
"Departamento de Cardiología, Hospital Joan XXIII, Tarragona, Spain.",1
"Departamento de Cardiología, Hospital Galdakao, Bizkaia, Spain.",1
"Departamento de Cardiología, Hospital Clínico San Carlos, Madrid, Spain",1
"Departamento de Cardiología, Hospital Clínic, Instituto de Investigaciones Bioéticas August Pi i Sunyer (IDIBAPS), Barcelona, Spain.",1
"Departamento de Cardiología Intervencionista, Hospital del Mar, IMIM, Universidad Autónoma, Barcelona, Spain",1
"Departamento de Dermatología, Complejo Hospitalario Universitario de Pontevedra, Pontevedra, Spain",1
"Departamento de Bioquímica, Universidad Autónoma de Madrid (UAM), Instituto de Investigaciones Biomédicas 'Alberto Sols', Conexión Cáncer (UAM-CSIC), IdiPAZ, Madrid, Spain",1
"Departamento de Biomedicina, Biotecnología y Salud Pública, Universidad de Cádiz, Cádiz, Spain",1
"Departamento de Anestesiología, Hospital del Mar, Barcelona, Spain",1
"Departamento de Anestesia, Hospital Universitario Infanta Leonor, Madrid, Spain",1
"Departamento de Anatomía Patológica, Hospital del Mar, Barcelona, Spain",1
"Departamento de Anatomía Patológica, Hospital del Mar, Barcelona, España",1
"Departamento de Anatomía Humana, Medicina Legal e Historia de la Ciencia, Universidad de Málaga, 29071 Málaga, Spain",1
"Departamento Radiología, Hospital del Mar, Barcelona, Spain",1
"Departamento Radiología, Hospital Universitario Bellvitge, Hospitalet de Llobregat, Barcelona, Spain",1
"Departamento Radiología, Hospital Clínic, Barcelona, Spain",1
"Departamento Médico, GlaxoSmithKline, Madrid, Spain",1
"Departamento Médico MSD España , Madrid , Spain",1
"Departamento MELIS, Universidad Pompeu Fabra, Barcelona, España",1
"Departament of Preventive Medicine, University of Málaga, Málaga, Spain",1
"Departament of Preventive Medicine and Public Health, Hospital Universitario de la Princesa, Diego de Leon 62, 28006 Madrid, Spain",1
"Departamento de Cardiología Intervencionista, Hospital Universitario Clínico San Carlos, IdISSC, Universidad Complutense, Madrid, Spain",1
"Departamento de Dermatología, Complejo Hospitalario Universitario de Pontevedra, Pontevedra, España",1
"Departamento de Dermatología, Complejo Hospitalario Universitario Insular Materno-Infantil, Gran Canaria, Spain",1
"Departamento de Dermatología, Complejo Hospitalario Universitario Insular Materno-Infantil, Gran Canaria, España",1
Departamento de Dermatología Hospital del Mar  Barcelona Spain,1
Departamento de Dermatología Hospital de la Santa Creu i Sant Pau  Barcelona Spain,1
Departamento de Dermatología Hospital de Sagunto  Valencia Spain,1
Departamento de Dermatología Hospital de Manises  Valencia Spain,1
Departamento de Dermatología Hospital Virgen de los Lirios  Alicante Spain,1
Departamento de Dermatología Hospital Universitario y Politécnico La Fe  Valencia Spain,1
Departamento de Dermatología Hospital Universitario Virgen de las Nieves  Granada Spain,1
Departamento de Dermatología Hospital Universitario Puerta de Hierro  Madrid Spain,1
Departamento de Dermatología Hospital Universitario Gregorio Marañón  Madrid Spain,1
Departamento de Dermatología Hospital Reina Sofía  Córdoba Spain,1
Departamento de Dermatología Hospital Clínico Universitario  Valencia Spain,1
"Departamento de Dermatología Complejo Hospitalario de Navarra, Navarra, Spain",1
"Departamento de Cardiología, Hospital de Cabueñes, Gijón, Asturias, Spain.",1
Departamento de Dermatología Complejo Hospitalario Universitario de Albacete  Albacete Spain,1
"Departamento de Cirugía, Pediatría, Obstetricia y Ginecología, Universidad de Murcia, Murcia, España",1
"Departamento de Cirugía, Facultad de Medicina, Universitat Autonoma de Barcelona, (U.A.B.), Barcelona, Catalunya, Spain",1
"Departamento de Cirugía, Facultad de Medicina, Universidad de Valladolid, 47005 Valladolid, Spain",1
"Departamento de Cirugía Ortopédica y Traumatología, Hospital del Mar, Parc de Salut Mar, Barcelona, España. Electronic address: albaporteschiva@gmail.com.",1
"Departamento de Cirugía Ortopédica y Traumatología, Hospital del Mar, Parc de Salut Mar, Barcelona, España.",1
"Departamento de Cirugía General y del Aparato Digestivo, Sección de Cirugía Hepatobiliar, Hospital del Mar, Barcelona, Spain",1
"Departamento de Ciencias Morfológicas y Sociosanitarias, Universidad de Córdoba, Córdoba, Spain;",1
"Departamento de Ciencias Humanas, Área de Sociología, Universidad de La Rioja, La Rioja, España",1
"Departamento de Ciencias Farmacéuticas y de la Salud, Facultad de Farmacia, Universidad San Pablo—CEU, CEU Universities, Urbanización Montepríncipe, 28660 Boadilla del Monte, Spain",1
"Departamento de Ciencias Farmacéuticas y de la Salud, Facultad de Farmacia Universidad San Pablo‐CEU, CEU, CEU Universities Madrid  Madrid Spain",1
"Departamento de Ciencias Farmacéuticas y de La Salud, Facultad de Farmacia, Universidad San Pablo-CEU, CEU Universities, Madrid, Spain. mcampo@barcelonabeta.org.",1
"Departamento de Cardiología, Hospital del Mar, Barcelona, Spain.",1
"Departamento de Cardiología, Hospital de La Princesa, Madrid, Spain.",1
"Departamento de Cardiología, Hospital de Ciudad Real, Ciudad Real, Spain.",1
"Departamento de Dermatología Complejo Hospitalario de Navarra, Navarra, España",1
Department of Advanced Medical and Surgical Sciences Universitá degli Studi della Campania “Luigi Vanvitelli” Naples Italy,1
"Department of Advanced Medical and Surgical Science, Università degli Studi della Campania ‘Luigi Vanvitelli’ , Naples, Italy",1
"Department de Genètica, Microbiologia i Estadística, Facultat de Biologia, Universitat de Barcelona, Barcelona, Catalonia, Spain",1
"Department and Laboratory of Urology. Hospital Clínic. Institut d'Investigacions Biomèdiques August Pi i Sunyer (IDIBAPS), Universitat de Barcelona. Spain, C/Villarroel 170, 08036, Barcelona, Spain",1
"Department Servicio de of Infectious Diseases, Health Research Institute Valdecilla (IDIVAL), University Hospital Universitario Marqués de Valdecilla/ University of Cantabria, Santander",1
"Department Servicio de of Infectious Diseases, Health Research Institute Valdecilla (IDIVAL), University Hospital Universitario Marqués de Valdecilla/",1
"Department Reproductive Medicine and Gynaecology, Obstetrics, Dexeus University Hospital, Barcelona, Catalunya, Spain",1
"Department Obstetrics and Gynaecology, Virgen de las Nieves University Hospital, Granada, Andalucía, Spain",1
"Department Obstetrics and Gynaecology, Virgen de la Luz Hospital, Cuenca, Castilla-La Mancha, Spain",1
"Department Obstetrics and Gynaecology, Virgen Macarena University Hospital, Sevilla, Andalucía, Spain",1
"Department Obstetrics and Gynaecology, University Hospital of Jerez de la Frontera, Jerez de la Frontera, Andalucía, Spain",1
"Department Obstetrics and Gynaecology, University Hospital of Cabueñes, Gijon, Asturias, Spain",1
"Department Obstetrics and Gynaecology, University Hospital Complex of A Coruña, A Coruña, Spain",1
"Department Obstetrics and Gynaecology, Txagorritxu University Hospital of Araba, Vitoria-Gasteiz, País Vasco, Spain",1
"Departamento de Investigación y Psicología en Educación, Facultad de Educación, UCM, Madrid, Spain",1
"Department Obstetrics and Gynaecology, Son Espases University Hospital, Palma de Mallorca, Illes Balears, Spain",1
"Department Obstetrics and Gynaecology, Sant Joan de Reus University Hospital, Reus, Catalunya, Spain",1
"Department Obstetrics and Gynaecology, San Cecilio University Hospital of Granada, Granada, Andalucía, Spain",1
"Department Obstetrics and Gynaecology, Regional Hospital of Inca, Inca, Illes Balears, Spain",1
"Department Obstetrics and Gynaecology, Quironsalud Madrid University Hospital. Madrid, Madrid, Spain",1
"Department Obstetrics and Gynaecology, Poniente Hospital of Almería, El Ejido, Andalucía, Spain",1
"Department Obstetrics and Gynaecology, Joan XXIII University Hospital of Tarragona, Tarragona, Catalunya, Spain",1
"Department Obstetrics and Gynaecology, HM Hospitals, Madrid, Spain",1
"Department Obstetrics and Gynaecology, Germans Trias i Pujol University Hospital, Barcelona, Catalunya, Spain",1
"Department Obstetrics and Gynaecology, Central University Hospital of Asturias, Oviedo, Asturias, Spain",1
"Department Gynaecology and Obstetrics, Virgen de la Concha Hospital, Zamora, Castilla y León, Spain",1
"Department Gynaecology and Obstetrics, Virgen de Valme University Hospital, Sevilla, Andalucía, Spain",1
"Department Gynaecology and Obstetrics, Valladolid University Hospital, Valladolid, Castilla y León, Spain",1
"Department Gynaecology and Obstetrics, University of Seville, G. Chacon (Viamed Santa Angela de la Cruz Hospital), Sevilla, Andalucia, Spain",1
"Department Gynaecology and Obstetrics, University Hospital of Torrejon, Torrejon de Ardoz, Madrid, Spain",1
"Department Obstetrics and Gynaecology, Son Llatzer University Hospital, Palma de Mallorca, Illes Balears, Spain",1
"Department of Biochemistry and Biotechnology, Universitat Rovira i Virgili, 43201 Reus, Spain",1
"Department of Biochemistry and Biotechnology, Human Nutrition Unit, University of Rovira I Virgili, Reus, Spain",1
"Department of Basic, Developmental and Educational Psychology, Autonomous University of Barcelona, Cerdanyola del Vallès, Spain",1
"Department of Basic, Developmental and Educational Psychology, Autonomous University of Barcelona, Barcelona, Spain",1
"Department of Applied Mathematics, Malaga University, Málaga, Spain",1
"Department of Applied Mathematics and Operational Research, University of the Basque Country, Leioa, Spain",1
"Department of Anesthesiology, Consorci Sanitari Alt Penedès i Garraf, Barcelona, Spain",1
"Department of Anesthesiology and Surgical-Trauma Intensive Care, Hospital Clínico Universitario de Valencia, Valencia, Spain",1
"Department of Anesthesiology and Critical Care, Hospital Universitario Ramón y Cajal, Madrid, Madrid, Spain",1
"Department of Anesthesiology and Critical Care, Hospital Universitario Marques de Valdecilla, Santander, Spain",1
"Department of Anesthesia, Hospital del Mar, Barcelona, Catalunya, Spain",1
"Department of Anesthesia, Hospital Universitario Central de Asturias, Oviedo, Spain",1
"Department of Anesthesia and Intensive Care, Hospital Universitario 12 de Octubre, Madrid, Comunidad de Madrid, Spain",1
"Department of Analytical Chemistry and Applied (Chromatography section), School of Engineering, Institut Químic de Sarrià-Universitat Ramon Llull, Via Augusta 390, 08017 Barcelona, Spain",1
"Department of Anaesthesiology, Infanta Leonor University Hospital, Gran Via del Este 80, 28031 Madrid, Spain",1
"Department of Advanced Medical and Surgical Sciences, Università degli Studi della Campania ‘Luigi Vanvitelli’ , Naples, Italy",1
"Department of Anaesthesiology and Surgical Intensive Care, Hospital del Mar, Passeig Marítim 25-29, 08003 Barcelona, Spain",1
"Department of Anaesthesiology and Surgical Intensive Care, Hospital Universitario de la Princesa, Diego de León 62, 28006 Madrid, Spain",1
"Department of Anaesthesiology and Intensive Care Medicine, Consorci Parc de Salut MAR de Barcelona, Barcelona, Catalunya, Spain",1
"Department of Anaesthesiology IMIM-Hospital del Mar-UAB, Barcelona, Spain",1
"Department of Allergy, Clinica Universidad de Navarra, Instituto de Investigación Sanitaria de Navarra Pamplona IDISNA, RETIC de Asma, Reacciones Adversas y Alérgicas (ARADyAL), Pamplona, Spain.",1
"Department of Allergy and Clinical Immunology Clinica Universidad de Navarra Instituto de Investigación Sanitaria de Navarra (IdiSNA) RETIC de Asma, Reacciones Adversas y Alérgicas (ARADYAL)  Pamplona Spain",1
"Department of Allergy La Paz University Hospital Madrid, Spain",1
"Department of Allergology, Hospital Universitari Santa Maria, Lleida,",1
"Department of Allergology, Hospital Germans Trias i Pujol, Badalona, Barcelona,",1
"Department of Advanced Medical and Surgical Sciences, Universitá degli Studi della Campania ‘Luigi Vanvitelli’ , Naples, Italy",1
"Department of Advanced Medical and Surgical Sciences, Università degli Studi della Campania, Luigi Vanvitelli, Naples, Italy",1
"Department of Advanced Medical and Surgical Sciences, Università degli Studi della Campania “Luigi Vanvitelli,”   Naples , Italy",1
"Department of Advanced Medical and Surgical Sciences, Università degli Studi della Campania \Luigi Vanvitelli,\ Naples",1
"Department of Advanced Medical and Surgical Sciences, Università Degli Studi Della Campania “Luigi Vanvitelli”, Naples, Italy",1
"Department of Advanced Medical and Surgical Sciences, Università Degli Studi Della Campania Luigi Vanvitelli, Naples, Italy",1
"Department of Anaesthesiology, Hospital Universitario La Paz, Madrid, Madrid, Spain",1
"Departamento de Pedagogía, Universidad de Lleida, Lleida, España",1
"Departamento de Patología, Laboratorio de Inmunología, Hospital del Mar, Instituto Municipal de Investigación Médica (IMIM-Hospital del Mar), Barcelona, Spain",1
Departamento de Patología e Investigación Traslacional Fundación MD Anderson  Madrid Spain,1
"Departamento de Oftalmología, Hospital de l’Esperança - Parc de Salut Mar, Barcelona, Spain",1
"Departamento de Oftalmología, Hospital de l'Esperança, Barcelona, Spain.",1
"Departamento de Oftalmología, Hospital de Araba, Vitoria, España",1
"Departamento de Oftalmología, Hospital Virgen de la Salud, Toledo, España",1
"Departamento de Oftalmología, Hospital Virgen de la Arrixaca, Murcia, España",1
"Departamento de Oftalmología, Consorci Sanitari Moisès Broogi, Sant Joan Despí, Barcelona, Spain. Electronic address: alejandra.herranz.cabarcos@gmail.com.",1
"Departamento de Oftalmología, Consorci Sanitari Moisès Broggi, Barcelona, Spain",1
"Departamento de Neurología. Hospital del Mar, Barcelona, España",1
"Departamento de Neurología, Hospital del Mar, Barcelona, Spain",1
"Departamento de Neurología, Hospital Clínic, Barcelona, Spain",1
"Departamento de Neurocirugía, Hospital del Mar, Barcelona, Spain",1
"Department Gynaecology and Obstetrics, University Hospital of Salamanca, Salamanca, Castilla y León, Spain",1
"Departamento de Nefrología, Clínica Universidad de Navarra, Pamplona, Spain",1
"Departamento de Microbiología, Complexo Hospitalario de Pontevedra , Pontevedra , Spain",1
"Departamento de Medicina, Universidad de Valencia, Valencia, España",1
"Departamento de Medicina, Toxicología y Dermatología, Facultad de Medicina, Universidad de Valladolid, 47002 Valladolid, Spain",1
"Departamento de Medicina, Servicio de Reumatología, Hospital General Universitario Gregorio MarañónInstituto de Investigación Sanitaria Gregorio MarañónUniversidad Complutense de Madrid, C. del Dr. Esquerdo, 46, Madrid, 28007, Spain",1
"Departamento de Medicina, Servicio de Reumatología, Hospital General Universitario Gregorio MarañónInstituto de Investigación Sanitaria Gregorio MarañónUniversidad Complutense de Madrid, C. del Dr. Esquerdo, 46, 28007, Madrid, Spain",1
"Departamento de Medicina y Especialidades, Universidad de Alcalá, Hospital Universitario de Guadalajara, Guadalajara, Spain",1
"Departamento de Medicina y Especialidades Médicas, Facultad de Medicina y Ciencias de la Salud, Universidad de Alcalá, Alcalá de Henares, Madrid, Spain",1
"Departamento de Medicina y Ciencias de la Vida, Universidad Pompeu Fabra, Barcelona, Unidad de Pared Abdominal, Parc de Salut Mar, Hospital del Mar, Barcelona, Spain",1
"Departamento de Medicina de la Universitat de València, Valencia, Spain",1
"Departamento de Medicina Preventiva y Salud Pública, Universidad de Navarra Instituto de Investigación Sanitaria de Navarra (IdiSNA)  Pamplona Spain",1
"Departamento de Medicina Preventiva y Epidemiología, Hospital Clínic, Barcelona, España",1
"Departamento de Medicina Interna, Hospital de Cruces, Bilbao, España",1
"Departamento de Medicina Interna y Reumatología, Hospital MAZ, Zaragoza, Spain",1
"Departamento de Medicina Interna y Odontología, Universidad Católica de Valencia, Valencia, Spain",1
"Departamento de Neurocirugía, Hospital del Mar, Barcelona, España",1
"Department Gynaecology and Obstetrics, University Hospital of Fuenlabrada, Fuenlabrada, Madrid, Spain",1
"Department Gynaecology and Obstetrics, University Hospital of El Tajo, Aranjuez, Madrid, Spain",1
"Department Gynaecology and Obstetrics, Severo Ochoa University Hospital, Leganes, Madrid, Spain",1
"Department Gynaecology and Obstetrics, Santa Caterina Hospital, Girona, Catalunya, Spain",1
"Department Gynaecology and Obstetrics, San Pedro de Alcántara Hospital, Caceres, Extremadura, Spain",1
"Department Gynaecology and Obstetrics, San Carlos University Hospital. Madrid, Madrid, Spain",1
"Department Gynaecology and Obstetrics, Rio Hortega University Hospital, Valladolid, Castilla y León, Spain",1
"Department Gynaecology and Obstetrics, Regional University Hospital of Malaga, Malaga, Andalucía, Spain",1
"Department Gynaecology and Obstetrics, Puerta de Hierro University Hospital of Majadahonda, Majadahonda, Madrid, Spain",1
"Department Gynaecology and Obstetrics, Parc de Salut Mar University Hospital, Barcelona, Catalunya, Spain",1
"Department Gynaecology and Obstetrics, La Paz University Hospital. Madrid, Madrid, Spain",1
"Department Gynaecology and Obstetrics, La Fe University and Polytechnic Hospital, Comunidad Valenciana, Valencia, Spain",1
"Department Gynaecology and Obstetrics, Infanta Sofia University Hospital, San Sebastian de los Reyes, Madrid, Spain",1
"Department Gynaecology and Obstetrics, Getafe University Hospital, Getafe, Madrid, Spain",1
"Department Gynaecology and Obstetrics, General University Hospital of Ciudad Real, Ciudad Real, Castilla-La Mancha, Spain",1
"Departamento de Personalidad, Evaluación y Tratamientos Psicológicos, University of Valencia UV, Valencia, Spain",1
"Department Gynaecology and Obstetrics, Doce de Octubre University Hospital, Comunidad de Madrid, Madrid, Spain",1
"Department Gynaecology and Obstetrics, Arnau de Vilanova University Hospital, Lleida, Catalunya, Spain",1
"Department Clinical Sciences, University of Las Palmas de Gran Canaria, 35016 Palmas de Gran Canaria, Spain",1
"Departamento y Facultad de Enfermería y Fisioterapia, Universidad de Lleida, Lleida, España",1
"Departamento de oncología médica, Hospital del Mar, Barcelona, Spain",1
"Departamento de Sociología, Universidad de Murcia, Murcia, España",1
Departamento de Sociología I Facultad de Ciencias Políticas y Sociología Universidad Complutense Madrid Spain,1
"Departamento de Salud Pública, Facultad de Medicina, Universidad de Málaga – Instituto de Investigación en Biomedicina (IBIMA), Málaga, Spain",1
"Departamento de Reumatología, Hospital del Mar, Barcelona, España",1
"Departamento de Radiología, Hospital Sant Joan de Déu, Esplugues de Llobregat, Barcelona, Spain",1
"Departamento de Radiología, Hospital Sant Joan de Déu, Esplugues de Llobregat, Barcelona, España",1
"Departamento de Psiquiatría, Universidad Autónoma de Madrid, CIBER en Salud Mental (CIBERSAM), Spain",1
"Departamento de Psiquiatría, Hospital Clinic. Institut d'Investigacions Biomèdiques August Pi i Sunyer (IDIBAPS). Villarroel 170, 08036, Barcelona, España.",1
"Departamento de Psiquiatría y Medicina Legal, Universidad Autónoma de Barcelona, Barcelona, España",1
"Departamento de Psicología, Facultad de Medicina, UCAM Universidad Católica de Murcia, Murcia, Spain",1
"Department Gynaecology and Obstetrics, Doctor Josep Trueta University Hospital of Girona, Girona, Catalunya, Spain",1
"Department of Infectious Diseases, Hospital Universitario Cruces, Barakaldo, Spain",1
"Department of Infectious Diseases, Hospital Universitari de la Vall d'Hebron, Barcelona, Spain",1
"Department of Infectious Diseases, Donosti Hospital, Donostia-San Sebastian, Spain",1
"Department of Infectious Diseases, Consorci Parc de Salut MAR/Hospital del Mar, Barcelona, Spain",1
"Department of Infectious Diseases and Microbiology Clinical, University Hospital Virgen Macarena",1
Department of Infectious Diseases Hospital del Mar Research Institute Barcelona Spain,1
"Department of Immunology, University Hospital of Gran Canaria Dr. Negrin, Canarian Health System, Las Palmas de Gran Canaria, Spain",1
"Department of Immunology, IMIM Hospital del Mar Research Institute, Barcelona, Spain",1
"Department of Immunology and Immunotherapy, Clinica Universidad de Navarra and CIMA, 31008 Pamplona, Spain.",1
"Department of Hepatology, Hospital Universitario Ntra. Sra. de Candelaria, Santa Cruz de Tenerife, Spain",1
"Department of Hepatology, Hospital Río Ortega, Valladolid, Spain",1
"Department of Hepatology, Hospital Clínic, Villarroel 170, 08036, Barcelona, Spain",1
"Department of Hepatobiliary and Transplant Surgery, Hospital Clínic, Villarroel 170, 08036, Barcelona, Spain",1
"Department of Hepatobiliary and Pancreatic Surgery, Hospital Universitari de Bellvitge, Research Group of Hepato-biliary and Pancreatic Diseases, Institut d'Investigació Biomèdica de Bellvitge - IDIBELL, Barcelona University, L'Hospitalet de Llobregat, Barcelona 08907, Spain",1
"Department of Dermatology, Hospital del Mar - IMIM, Universitat Pompeu Fabra, Barcelona Spain",1
"Department of Hepato-pancreato-biliary and Transplant Surgery, Hospital Universitario Vall d'Hebron, Barcelona, Spain",1
"Department of Hematology/Clinical Oncology, Hospital Costa del Sol, Marbella, Spain",1
"Department of Hematology. Son Llatzer University Hospital, 07120 Palma de Mallorca, Spain",1
"Department of Hematology, Vall d'Hebron Institute of Oncology (VHIO), Vall d'Hebron Hospital Universitari, Vall d'Hebron Barcelona Hospital Campus, Barcelona, Spain",1
"Department of Hematology, Research Unit, Hospital Universitario de Burgos, Burgos, Spain",1
"Department of Hematology, Institut Català d’Oncologia, Hospital Duran i Reynals, Barcelona, Spain",1
"Department of Hematology, Infanta Leonor University Hospital, Madrid, Spain",1
"Department of Hematology, ICO-IJC-Hospital Germans Trias i Pujol, LUMN, UAB, Badalona, Spain",1
"Department of Hematology, Hospital Álvaro Cunqueiro, Vigo, Spain",1
"Department of Hematology, Hospital del Mar, 08003 Barcelona, Spain.",1
"Department of Hematology, Hospital de Jerez, Jerez de la Frontera, Spain",1
"Department of Hematology, Hospital de Cabueñes, Gijón, Spain",1
"Department of Hematology, Hospital Universitario y Politécnico La Fe, Valencia, Spain",1
"Department of Hematology, Hospital Universitario y Politécnico La Fe, Valencia & CIBERONC, Instituto de Salud Carlos III, Valencia, Spain",1
"Department of Hematology, Hospital Universitario de Valme, Seville, Spain",1
"Department of Hepato-pancreato-biliary and Transplant Surgery, Hospital Universitario Vall d’Hebron, Barcelona, Spain",1
Department of Internal Medicine Regional University Hospital of Malaga Instituto de Investigación Biomédica de Malaga (IBIMA) Plaza del Hospital Civil  s/n. Malaga 29009 Spain,1
"Department of Internal Medicine Maimonides Biomedical Research Institute of Cordoba (IMIBIC) Reina Sofia University Hospital University of Cordoba  Av. Menendez Pidal, s/n. Cordoba 14004 Spain",1
"Department of Internal Medicine Institut d'Investigacions Biomèdiques August Pi Sunyer (IDIBAPS) Hospital Clinic University of Barcelona  Carrer del Rosselló, 149. Barcelona 08036 Spain",1
Department of Internal Medicine Institut d'Investigacions Biomèdiques August Pi Sunyer (IDIBAPS) Hospital Clinic University of Barcelona  Barcelona 08036 Spain,1
"Department of Internal Medicine Hospital del Mar, Hospital-at-Home Hospital del Mar Institute for Medical Research (IMIM), CIBER on Frailty and Healthy Ageing-CIBERFES, Barcelona, Spain",1
Department of Internal Medicine Hospital Vega Baja Orihuela Spain,1
"Department of Intensive Medicine, Hospital Universitario Infanta Leonor, Madrid, Spain",1
"Department of Intensive Care, Hospital Universitario Marqués de Valdecilla, Santander 39008, Spain",1
"Department of Intensive Care, Hospital Clínico Universitario de Valladolid, Valladolid 47005, Spain",1
"Department of Intensive Care, Complejo Hospitalario Universitario de Ourense, Ourense 32005, Spain",1
"Department of Intensive Care Medicine, Hospital del Mar, Barcelona, Spain",1
"Department of Intensive Care Medicine, Hospital Universitario de Burgos, Burgos, Spain",1
"Department of Intensive Care Medicine, Hospital Universitario Vall d’Hebrón, Barcelona, Spain",1
"Department of Intensive Care Medicine, Hospital Universitario Arnau de Vilanova de Lleida, Lleida, Spain",1
"Department of Infectious Diseases, Hospital Universitario Reina Sofia, Instituto Maimónides de Investigación Biomédica de Córdoba (IMIBIC), Universidad de Córdoba (UCO) , Córdoba , Spain",1
"Department of Infectious Diseases. Hospital Clínic/ Biomedical Research Institute August Pi i Sunyer (IDIBAPS)/ University of Barcelona, Barcelona, Spain",1
"Department of Infectious Diseases. Hospital Clínic/ Biomedical Research Institute August Pi i Sunyer (IDIBAPS)/ University of Barcelona, Barcelona (Spain)",1
"Department of Infectious Diseases, University Hospital Mútua Terrassa, Barcelona, Spain",1
"Department of Infectious Diseases, Reina Sofia University Hospital, Cordoba, Spain",1
"Department of Infectious Diseases, Parc Sanitari Sant Joan de Déu, Sant Boi, Barcelona, Spain",1
"Department of Infectious Diseases, Parc Sanitari Sant Joan de Deu , Sant Boi, Barcelona , Spain",1
"Department of Infectious Diseases, MutuaTerrassa Group, Terrassa, Spain",1
"Department of Infectious Diseases, Microbiology and Parasitology, Institute of Biomedicine of Seville, University Hospital Virgen del Rocío, Spanish National Research Council, University of Seville, Spain",1
"Department of Infectious Diseases, Hospital del Mar-IMIM. Barcelona",1
"Department of Infectious Diseases, Hospital del Mar- Parc de Salut MAR, Barcelona, Spain",1
"Department of Infectious Diseases, Hospital del Mar, Barcelona, Spain",1
"Department of Infectious Diseases, Hospital del Mar Research Institute, Barcelona, Spain",1
"Department of Infectious Diseases, Hospital del Mar Research Insititute, UPF, Barcelona, Spain;",1
"Department of Infectious Diseases, Hospital del Mar Research Insititute, UPF , Barcelona , Spain",1
"Department of Infectious Diseases, Hospital Universitario Virgen del Rocío, Sevilla, Spain",1
"Department of Intensive Care Medicine, Hospital Clínico Universitario Valladolid, Valladolid, Spain",1
"Department of Hematology, Complejo Asistencial de Zamora, Zamora, Spain",1
"Department of Hematology, Complejo Asistencial Universitario de Palencia, Palencia, Spain",1
"Department of Hematology, Complejo Asistencial Universitario de León, León, Spain",1
"Department of Hematology, Cabueñes Hospital, Gijón, Spain",1
Department of Hematology University Hospital Vall d'Hebron Barcelona Spain,1
Department of Hematology University Hospital Marqués de Valdecilla Santander Spain,1
"Department of Hematology Institut Català d'Oncologia, Hospital Duran i Reynals, IDIBELL, L'Hospitalet de LLobregat  Barcelona Spain",1
Department of Hematology Hospital Universitario de Burgos Burgos Spain,1
Department of Hematology Hospital Universitario Vírgen del Rocío. Instituto de Biomedicina de Sevilla (IBIS)/CSIC/Universidad de Sevilla  Sevilla Spain,1
Department of Hematology Hospital Príncipe de Asturias  Madrid Spain,1
Department of Hematological Malignancies and Stem Cell Transplantation Research Institute of Marques de Valdecilla (IDIVAL) Santander Spain,1
"Department of Health, Basque Government, Vitoria, Spain",1
"Department of Health Sciences, Universidad Europea de Canarias, Tenerife, Spain",1
"Department of Health Psychology, Miguel Hernández University, Elche, Spain",1
"Department of Hematology, Hospital Universitario de Salamanca, IBSAL, CIBERONC, University of Salamanca, Salamanca, Spain",1
"Department of Health Psychology, Miguel Hernandez University of Elche, Elche, Spain.",1
"Department of Haematology, University Hospital of Salamanca (HUS-IBSAL), CIBERONC (CB16/12/00233) and Cancer Research Centre (CIC-IBMCC, USAL-CSIC), Salamanca, Spain",1
"Department of Haematology and Medical Oncology, Hospital Clinico, Valencia, Spain",1
"Department of Haematology University Hospital of Salamanca (HUS‐IBSAL), CIBERONC (CB16/12/00233) and Cancer Research Centre (CIC‐IBMCC, USAL‐CSIC) Salamanca Spain",1
"Department of Gynecology, Hospital del Mar, Barcelona, Spain",1
"Department of Gynecology and Obstetrics, Women and Perinatal Health Research Group, Biomedical Research Institute (IIB-Sant Pau), Santa Creu i Sant Pau University Hospital, 08025 Barcelona, Spain",1
"Department of Gynecology and Obstetrics, Virgen de las Nieves University Hospital, 18014 Granada, Spain",1
"Department of Gynecology and Obstetrics, Virgen de la Luz Hospital, 16002 Cuenca, Spain",1
"Department of Gynecology and Obstetrics, Virgen de la Concha Hospital, 49022 Zamora, Spain",1
"Department of Gynecology and Obstetrics, Virgen de Valme University Hospital, 41014 Sevilla, Spain",1
"Department of Gynecology and Obstetrics, Virgen Macarena University Hospital, 41009 Sevilla, Spain",1
"Department of Gynecology and Obstetrics, Valladolid University Clinical Hospital, 47003 Valladolid, Spain",1
"Department of Gynecology and Obstetrics, University Hospital of Torrejon, 28850 Madrid, Spain",1
"Department of Gynecology and Obstetrics, University Hospital of Salamanca, 37007 Salamanca, Spain",1
"Department of Gynecology and Obstetrics, University Hospital of Jerez de la Frontera, 11407 Cadiz, Spain",1
"Department of Health Psychology, Miguel Hernández University of Elche (UMH), Alicante, Spain",1
"Department of Hematology, Hospital Universitario de Girona Doctor Josep Trueta, Girona, Spain",1
"Department of Hematology, Hospital Universitario de Cruces, Barakaldo, Bizkaia, Spain",1
"Department of Hematology, Hospital Universitario Virgen del Rocío, Seville, Spain",1
"Department of Hematology, Hospital Universitario Virgen de la Victoria, Málaga, Spain",1
"Department of Hematology, Hospital Universitario Virgen de la Macarena, Sevilla, Spain",1
"Department of Hematology, Hospital Universitario Virgen de Las Nieves, Granada, Spain",1
"Department of Hematology, Hospital Universitario Son Espases, Palma, Spain",1
"Department of Hematology, Hospital Universitario Marqués de Valdecilla, Santander, Spain",1
"Department of Hematology, Hospital Universitario Joan XXIII, Tarragona, Spain",1
"Department of Hematology, Hospital Universitario Doctor Peset, Av. de Gaspar Aguilar, 90 46017, Valencia, Spain",1
"Department of Hematology, Hospital Universitario Central de Asturias, Oviedo, Spain",1
"Department of Hematology, Hospital Universitario Carlos Haya, Málaga, Spain",1
"Department of Hematology, Hospital Universitario 12 de Octubre, Universidad Complutense de Madrid, 28040 Madrid, Spain",1
"Department of Hematology, Hospital Universitari Vall d´Hebron, Barcelona, Spain.",1
"Department of Hematology, Hospital Son Espases, Palma de Mallorca, Spain",1
"Department of Hematology, Complejo Hospitalario Universitario Insular Materno-Infantil, Las Palmas de Gran Canaria, Spain",1
"Department of Hematology, Hospital Mútua de Terrassa, Terrassa, Spain",1
"Department of Hematology, Hospital Gregorio Marñón (HGUGM), Instituto de Investigación Gregorio Marañón, 28006 Madrid, Spain",1
"Department of Hematology, Hospital General Universitario Gregorio Marañón, Madrid, Spain",1
"Department of Hematology, Hospital Del Mar Medical Research Institute, 08003 Barcelona, Spain",1
"Department of Hematology, Hospital Clínico Universitario de Valladolid, Valladolid, Spain",1
"Department of Hematology, Hospital Central de Asturias, Oviedo, Asturias, Spain",1
"Department of Hematology, Hospital Arnau de Vilanova, Lleida, Spain",1
"Department of Hematology, Health Research Institute IIS-FJD, Fundacion Jimenez Diaz University Hospital, Madrid, Spain.",1
"Department of Hematology, Gregorio Marañón General University Hospital (HGUGM) Madrid, Instituto de Investigación Gregorio Marañón, 28009 Madrid, Spain",1
"Department of Hematology, Gregorio Marañon Health Research Institute, Gregorio Marañón Hospital, 28007 Madrid, Spain",1
"Department of Hematology, Fundació Althaia, Manresa, Spain",1
"Department of Hematology, Experimental Hematology Unit, Vall d'Hebron Institute of Oncology (VHIO), University Hospital Vall d'Hebron, 08035 Barcelona, Spain.",1
"Department of Hematology, Consorcio Hospital General Universitario Valencia, 46014 Valencia, Spain",1
"Department of Hematology, Complejo Hospitalario Universitario de Ourense, Ourense, Spain",1
"Department of Hematology, Complejo Hospitalario Universitario Insular Materno-Infantil, Las Palmas de Gran, Canaria, Las Palmas, Spain",1
"Department of Hematology, Hospital San Pedro de Alcántara de Cáceres, Cáceres, Spain",1
"Department of Medical Oncology, Hospital Universitario Puerta de Hierro-Majadahonda, Madrid, Spain",1
"Department of Medical Oncology, Hospital Universitario Puerta de Hierro-Majadahonda, Facultad de Medicina, Universidad Autónoma de Madrid, IDIPHISA, Madrid, Spain",1
"Department of Medical Oncology, Hospital Universitario Miguel Servet, 50009 Zaragoza, Spain",1
"Department of Medical Oncology, Hospital Universitario Miguel Servet , Zaragoza ,",1
"Department of Medical Oncology, Hospital Universitario Marqués de Valdecilla , Santander ,",1
"Department of Medical Oncology, Hospital Universitario La Paz , Madrid, Spain",1
"Department of Medical Oncology, Hospital Universitario Gregorio Marañón , Madrid ,",1
"Department of Medical Oncology, Hospital Universitario Clínico San Carlos, Madrid, Spain",1
"Department of Medical Oncology, Hospital Universitario Central de Asturias. Instituto de Investigación Sanitaria del Principado de Asturias, Oviedo, Spain",1
"Department of Medical Oncology, Hospital Universitario A Coruña, Health Research Institute, INIBIC, A Coruña, Spain",1
"Department of Medical Oncology, Hospital Universitario 12 de Octubre, Madrid, Spain",1
"Department of Medical Oncology, Hospital Universitari i Politécnic La Fe de Valencia, Valencia, Spain",1
"Department of Medical Oncology, Hospital Universitari Mútua de Terrassa, Terrassa, Spain",1
"Department of Medical Oncology, Hospital Universitari Mutua Terrassa, Terrassa, Barcelona, Spain",1
"Department of Internal Medicine and Infectious Diseases, Hospital Universitari de Bellvitge, Hospitalet de Llobregat, Barcelona, Spain",1
"Department of Medical Oncology, Hospital San Pedro de Alcántara, Cáceres, Spain",1
"Department of Medical Oncology, Hospital Miguel Servet de Zaragoza, Zaragoza, Spain",1
"Department of Medical Oncology, Hospital General Universitario de Valencia , Valencia ,",1
"Department of Medical Oncology, Hospital General Universitario de Elche, Camino de la Almazara, 11, 03202, Alicante, Spain",1
"Department of Medical Oncology, Hospital General Universitario de Ciudad Real, Ciudad Real, Spain",1
"Department of Medical Oncology, Hospital Del Mar, CIBERONC, Barcelona, Spain",1
"Department of Medical Oncology, Hospital Clínico Universitario, INCLIVA, University of Valencia, Valencia, Spain",1
"Department of Medical Oncology, Hospital Clínico Universitario, INCLIVA Biomedical Research Institute, University of Valencia, Valencia, Spain",1
"Department of Medical Oncology, Hospital Clínico San Carlos, Instituto de Investigación Sanitaria del Hospital Clínico San Carlos (IdISSC), CIBERONC, Madrid, Spain",1
"Department of Medical Oncology, Hospital Clínico San Carlos , Madrid ,",1
"Department of Medical Oncology, Hospital Clínic of Barcelona , Barcelona, Spain",1
"Department of Medical Oncology, Hospital Clínic Barcelona , Barcelona ,",1
"Department of Medical Oncology, Hospital Clinico Universitario de Valencia, University of Valencia, Incliva Biomedical Research Institute, Valencia, Spain",1
"Department of Medical Oncology, Hospital Clinic, Barcelona, Spain",1
"Department of Medical Oncology, Hospital Althaia, Manresa, Spain",1
"Department of Medical Oncology, Hospital Universitari Dexeus, Instituto Oncológico Dr. Rosell , Barcelona ,",1
"Department of Medical Oncology, Lucus Augusti University Hospital, Lugo, Spain",1
"Department of Medical Oncology, Institute of Oncology of Southern Catalonia (IOCS), Hospital Universitari Sant Joan de Reus, Reus, Spain",1
"Department of Medical Oncology, Institut Catalá d’Oncologia (ICO) L’Hospitalet de Llobregat , Barcelona ,",1
"Department of Medical Oncology, Infanta Elena University Hospital, 28342 Madrid, Spain",1
"Department of Medical Oncology, INCLIVA Biomedical Research Institute, University of Valencia, Valencia, Spain",1
"Department of Medical Oncology, INCLIVA Biomedical Research Institute, University of Valencia, CIBERONC, Spain",1
"Department of Medical Oncology, Hospital del Mar-IMIM, CIBERONC, Barcelona, Spain",1
"Department of Medical Oncology, Hospital del Mar-CIBERONC, IMIM Research Institute, Barcelona, Spain",1
"Department of Medical Oncology, Hospital del Mar-CIBERONC, 08003 Barcelona, Spain.",1
"Department of Medical Oncology, Hospital del Mar, CIOCC Barcelona, CIBERONC, Barcelona, Spain",1
"Department of Medical Oncology, Hospital del Mar, Barcelona, Spain.",1
"Department of Medical Oncology, Hospital del Mar, Barcelona, Spain",1
"Department of Medical Oncology, Hospital del Mar – IMIM, CIBERONC, Barcelona, Spain",1
"Department of Medical Oncology, Hospital del Mar – IMIM, Barcelona, Spain",1
"Department of Medical Oncology, Hospital Universitario Ramón y Cajal (IRYCIS), Madrid, Spain",1
"Department of Medical Oncology, Hospital de la Santa Creu i Sant Pau. U705. CIBERER, Barcelona, Spain",1
"Department of Medical Oncology, Hospital de la Santa Creu i Sant Pau, IIB Sant Pau, Barcelona, Spain",1
"Department of Medical Oncology, Hospital Virgen del Rocío, Seville, Spain",1
"Department of Medical Oncology, Hospital Vall d'Hebron, Barcelona, Spain",1
"Department of Medical Oncology, Hospital Universitario y Politécnico La Fe de Valencia , Valencia ,",1
"Department of Medical Oncology, Hospital Universitario de Navarra",1
"Department of Medical Oncology, Hospital Universitario de Galdakao, Galdakao-Usansolo, Spain",1
"Department of Medical Oncology, Hospital Universitario Virgen del Rocío, Sevilla, Spain",1
"Department of Medical Oncology, Hospital Universitario Virgen de la Macarena , Sevilla ,",1
"Department of Medical Oncology, Hospital Universitario Vall d'Hebron, Barcelona, Spain",1
"Department of Medical Oncology, Hospital Universitario Son Espases, Palma de Mallorca, Spain",1
"Department of Medical Oncology, Hospital Universitario Son Espases , Palma de Mallorca ,",1
"Department of Medical Oncology, Hospital Universitario Reina Sofía. IMIBIC. CIBERONC, Córdoba, Spain",1
"Department of Medical Oncology, Hospital Universitario Reina Sofía , Córdoba ,",1
"Department of Medical Oncology, Hospital Universitario Ramón y Cajal , Madrid ,",1
"Department of Medical Oncology, Hospital del Mar , Barcelona ,",1
"Department of Internal Medicine, Infanta Leonor University Hospital, Madrid, Spain",1
"Department of Internal Medicine, Hospital del Mar-IMIM-UAB, CIBERFES, Institute Carlos III, Barcelona, Barcelona, Spain",1
"Department of Internal Medicine, Hospital del Mar-IMIM, Pompeu Fabra University Barcelona- and CIBERFES, Instituto Carlos III, Barcelona, Spain",1
"Department of Internal Medicine, Hospital del Mar-IMIM, Autonomous University of Barcelona and CIBERFES, Instituto Carlos III, Barcelona, Spain.",1
"Department of Internal Medicine, Hospital del Mar, Parc de Salut Mar, Barcelona, Spain",1
"Department of Internal Medicine, Hospital del Mar, Hospital del Mar Research Institute (IMIM), Centro de Investigación Biomédica en Red de Fragilidad y Envejecimiento Saludable (CIBERFES), Universidad Pompeu Fabra, Barcelona, Spain",1
"Department of Internal Medicine, Hospital Universitario de Puerto Real, Cádiz, Spain",1
"Department of Internal Medicine, Hospital Universitario de Guadalajara, Guadalajara, Spain",1
"Department of Internal Medicine, Hospital Universitario de Fuenlabrada, Madrid, Spain",1
"Department of Internal Medicine, Hospital Universitario Reina Sofía, Córdoba, Spain",1
"Department of Internal Medicine, Hospital Universitario Infanta Sofía, Madrid, Spain",1
"Department of Internal Medicine, Hospital Universitario HM Montepríncipe, Hospitales Madrid, Boadilla del Monte 28860, Madrid, Spain",1
"Department of Internal Medicine, Hospital Universitario A Coruña, A Coruña, Spain",1
"Department of Internal Medicine, Hospital Universitari de Bellvitge, Hospitalet de Llobregat, Spain",1
"Department of Medical Oncology, Hospital 12 de Octubre, 28041 Madrid, Spain",1
"Department of Internal Medicine, Hospital Universitari Mútua Terrassa, Barcelona, Spain",1
"Department of Internal Medicine, Hospital San Rafael, A Coruña, Spain.",1
"Department of Internal Medicine, Hospital Ramón y Cajal, Madrid, Spain.",1
"Department of Internal Medicine, Hospital Provincial Reina Sofía, Córdoba, Spain",1
"Department of Internal Medicine, Hospital Germans Trias i Pujol, Badalona, Barcelona, Spain",1
"Department of Internal Medicine, Hospital General Universitario de Elche, Alicante, Spain",1
"Department of Internal Medicine, Hospital Clínico Universitario de Valladolid, Valladolid 47005, Spain",1
"Department of Internal Medicine, Hospital Clínico Universitario Valladolid, Valladolid, Spain",1
"Department of Internal Medicine, Hospital Clinic, Institut d'Investigació Biomèdica August Pi i Sunyer (IDIBAPS), University of Barcelona, 170 Villarroel, 08036, Barcelona, Spain",1
"Department of Internal Medicine, Dr. Josep Trueta University Hospital de Girona, 17190 Girona, Spain",1
"Department of Internal Medicine, Consorci Sanitari Integral, Hospitalet del Llobregat, Barcelona, Spain",1
"Department of Internal Medicine, Complejo Hospitalario de Pontevedra, Pontevedra, Spain",1
"Department of Internal Medicine, Complejo Hospitalario Universitario de A Coruña, A Coruña, Spain.",1
"Department of Internal Medicine of Regional University Hospital, Institute of Biomedical\rResearch in Malaga (IBIMA), Málaga, Spain",1
"Department of Internal Medicine of Regional University Hospital, Institute of Biomedical Research in Malaga (IBIMA), 29009 Málaga, Spain",1
"Department of Internal Medicine, Hospital Universitari Vall d'Hebron, Barcelona, Spain",1
"Department of Medical Oncology, Gregorio Marañón University Hospital, Madrid, Spain",1
"Department of Medical Oncology, Fundación Jiménez Díaz University Hospital, 28040 Madrid, Spain",1
"Department of Medical Oncology, Fundación Instituto Valenciano de Oncología, Valencia, Spain",1
"Department of Medical Oncology, Consorcio Hospital General Universitario de Valencia, Universidad de Valencia. CIBERONC, Valencia, Spain",1
"Department of Medical Oncology, Complex Sanitari Parc Tauli , Sabadell, Spain",1
"Department of Medical Oncology, Complejo Hospitalario de Jaén, 23007 Jaén, Spain",1
"Department of Medical Oncology, Clinical University Hospital Virgen Arrixaca, Murcia, Spain",1
"Department of Medical Oncology, Clinica Universidad de Navarra, 31008 Pamplona, Spain.",1
"Department of Medical Oncology, Centro de Investigación Biomédica en Red - Cáncer (CIBERONC) , Madrid, Spain",1
"Department of Medical Oncology, Catalan Institute of Oncology, IDIBELL, University of Barcelona, Barcelona, Spain",1
"Department of Medical Oncology, Badalona Applied Research Group in Oncology, Catalan Institute of Oncology Badalona, Hospital Universitario Germans Trias i Pujol, Institut Germans Trias i Pujol, Barcelona, Spain",1
"Department of Medical Oncology and Translational Genomics and Targeted Therapies in Solid Tumors, IDIBAPS, Barcelona, Spain.",1
"Department of Medical Oncology and Department of Genitourinary, Germ cell and Endocrine Tumors, Ramón y Cajal University Hospital and Ramón y Cajal Health Research Institute (IRYCIS), Madrid, Spain",1
"Department of Medical Oncology Intercenter Unit, Regional and Virgen de la Victoria University Hospitals, IBIMA, Málaga, Spain",1
Department of Medical Oncology Hospital Clínico INCLIVA Biomedical Research Institute University of Valencia Valencia Spain,1
"Department of Internal Medicine, Institut d'Investigacions Biomèdiques August Pi Sunyer Hospital Clinic University of Barcelona  Barcelona 08036 Spain",1
"Department of Medical Biochemistry and Molecular Biology, School of Medicine, Virgen Macarena University Hospital, University of Seville, Seville, Spain",1
"Department of Medical Biochemistry and Molecular Biology and Immunology, Virgen Macarena University Hospital, University of Seville, Av. Dr. Fedriani 3, 41009 Seville, Spain",1
"Department of Medical Biochemistry and Molecular Biology and Immunology, Medical School, Virgen Macarena University Hospital, University of Seville, Seville, Spain",1
"Department of Maxillofacial Surgery, University Clinical Hospital Virgen de la Arrixaca, Murcia, Spain",1
"Department of Mathematics, Faculty of Engineering, Universitat Politècnica de Catalunya, Barcelona, Spain",1
"Department of Legal Medicine, Toxicology, and Physical Anthropology, School of Medicine, University of Granada, 18071 Granada, Spain",1
"Department of Legal Medicine, Psychiatry and Pathology, School of Medicine, Universidad Complutense de Madrid, Spain",1
"Department of Justice, Generalitat of Catalonia, Barcelona, Spain",1
"Department of Interventional Neuroradiology. University Hospital Marqués de Valdecilla, Santander, Spain",1
"Department of Interventional Neuroradiology, Hospital Universitario Marques de Valdecilla, Santander, Spain",1
"Department of Interventional Neuroradiology, Hospital Clínic of Barcelona, Barcelona, Spain.",1
"Department of Internal Medicine, University of Murcia, Murcia, Spain",1
"Department of Internal Medicine, Maimonides Biomedical Research Institute of Cordoba (IMIBIC), Reina Sofia University Hospital, University of Cordoba, Av. Menendez Pidal, s/n., Cordoba, 14004 Spain",1
"Department of Internal Medicine, Institut d’Investigacions Biomèdiques August Pi Sunyer (IDIBAPS), Hospital Clinic, University of Barcelona , Barcelona , Spain",1
"Department of Internal Medicine, Institut dÌnvestigacions Biomèdiques August Pi Sunyer (IDIBAPS), Hospital Clinic, University of Barcelona, Barcelona, Spain",1
Department of Medical Informatics Erasmus University Medical Centre  Rotterdam The Netherlands,1
Department of Gastroenterology Clínica Universidad de Navarra  Pamplona Spain,1
Department of Gastroenterology Althaia Xarxa Assistencial Universitària de Manresa  Manresa Spain,1
"Department of Family Medicine, Research Unit, Distrito Sanitario Atención Primaria Sevilla, Sevilla, Spain",1
"Department of Family Medicine, Research Unit, Distrito Sanitario Atención Primaria , Sevilla , Spain",1
"Department of Family Medicine Research Unit, Distrito Sanitario Atención Primaria Sevilla, Edificio Isla  Av. de Ramón y Cajal, 9. Sevilla 41005 Spain",1
"Department of Experimental Sciences, Universitat Pompeu Fabra (UPF), Barcelona, Spain",1
"Department of Experimental Medicine, University of Lleida-Lleida Biomedical Research Institute (UdL-IRBLleida), Lleida, Spain",1
"Department of Experimental & Health Sciences, Universitat Pompeu Fabra (CEXS-UPF), Barcelona, Spain",1
"Department of Epidemiology, Murcia Regional Health Council , IMIB-Arrixaca, 30120 El Palmar, Murcia , Spain",1
"Department of Epidemiology, Johns Hopkins Bloomberg School of Public Health, Baltimore, MD, 21205, USA",1
"Department of Epidemiology, Hospital del Mar, Parc de Salut Mar, Barcelona, Spain",1
"Department of Epidemiology, Gillings School of Global Public Health, University of North Carolina at Chapel Hill, USA",1
"Department of Epidemiology and Public Health, University College London, London, United Kingdom;",1
"Department of Epidemiology and Evaluation, IMIM, Hospital del Mar INAD, Barcelona, Spain",1
"Department of Gynecology and Obstetrics, University Hospital of Ferrol, 15405 A Coruña, Spain",1
"Department of Epidemiology and Evaluation, Hospital del Mar, Barcelona, Spain",1
"Department of Epidemiology and Evaluation, Hospital del Mar Research Institute, Barcelona, Spain; Research Network on Chronicity, Primary Care and Health Promotion (RICAPPS), Madrid, Spain.",1
"Department of Epidemiology and Evaluation, Hospital del Mar Research Institute, Barcelona, Spain",1
"Department of Epidemiology and Evaluation, Hospital del Mar Institute for Medical Research, Barcelona, Spain",1
"Department of Epidemiology and Biostatistics, School of Public Health Imperial College London  London UK",1
"Department of Epidemiology & Biostatistics, School of Public Health, Faculty of Medicine, Imperial College London, St Mary's Campus, Norfolk Place, London, W2 1PG",1
"Department of Endocrinology, Institut dÌnvestigacions Biomèdiques August Pi Sunyer (IDIBAPS), Hospital Clinic, University of Barcelona, Barcelona, Spain",1
"Department of Endocrinology, IDIBAPS, Hospital Clinic, University of Barcelona, 08036, Barcelona, Spain",1
"Department of Endocrinology, Hospital del Mar, Barcelona, Spain",1
"Department of Endocrinology, Hospital Clínic, Villarroel 170, 08036, Barcelona, Spain",1
"Department of Endocrinology, Fundación Jiménez-Díaz, 28040, Madrid, Spain",1
"Department of Endocrinology and Nutrition, Virgen de la Victoria University Hospital, the Biomedical Research Institute of Malaga and Platform in Nanomedicine (IBIMA-BIONAND Platform), University of Malaga, Malaga, Spain",1
"Department of Endocrinology and Nutrition, Virgen de la Victoria University Hospital, The Biomedical Research Institute of Malaga and Platform in Nanomedicine (IBIMA BIONAND Platform), University of Malaga, 29016 Malaga, Spain",1
"Department of Endocrinology and Nutrition, Virgen de la Victoria University Hospital, Institute of Biomedical Research in Malaga (IBIMA), University of Malaga, 29016, Málaga, Spain",1
"Department of Endocrinology and Nutrition, San Carlos University Hospital of Madrid, Madrid, Spain",1
"Department of Epidemiology and Evaluation, IMIM (Hospital del Mar Research Institute), Passeig Marítim 25-29, 08003 Barcelona, Spain",1
"Department of Gastroenterology of Hospital Universitario Reina Sofía, Córdoba, Spain",1
"Department of Gastroenterology of Hospital Universitario Ramón y Cajal, Madrid, Spain",1
"Department of Gastroenterology of Hospital Universitario Nuestra Señora Candelaria, Santa Cruz de Tenerife, Spain",1
"Department of Gastroenterology of Hospital Universitario Miguel Servet, Zaragoza, Spain",1
"Department of Gastroenterology of Hospital Universitario Marqués de Valdecilla, Santander, Spain",1
"Department of Gastroenterology of Hospital Universitario Fundación Alcorcón, Madrid, Spain",1
"Department of Gastroenterology of Hospital Universitario Central de Asturias, Asturias, Spain",1
"Department of Gastroenterology of Hospital Universitari de Bellvitge, Barcelona, Spain",1
"Department of Gastroenterology of Hospital Universitari Germans Trias i Pujol, Barcelona, Spain",1
"Department of Gastroenterology of Hospital Sant Jaume de Calella, Barcelona, Spain",1
"Department of Gastroenterology of Hospital General Universitario de Valencia, Valencia, Spain",1
"Department of Gastroenterology of Hospital General Universitario Elche, Alicante, Spain",1
"Department of Gastroenterology of Hospital General Universitari de Castelló, Castellón, Spain",1
"Department of Gastroenterology of Hospital General San Jorge, Huesca, Spain",1
Department of Gastroenterology Hospital Clínico Universitario San Carlos  Madrid Spain,1
"Department of Gastroenterology of Hospital Clínico de Valencia, Valencia, Spain",1
"Department of Gastroenterology of Hospital Clínico de Málaga, Málaga, Spain",1
"Department of Gastroenterology of Hospital Clinic, Barcelona, Spain",1
"Department of Gastroenterology of Consorci Sanitari Terrassa, Barcelona, Spain",1
"Department of Gastroenterology and Hepatology, Marqués de Valdecilla University Hospital, Research Institute Marqués de Valdecilla (IDIVAL), Santander, Spain",1
"Department of Gastroenterology and Hepatology, Hospital Universitario Ramon y Cajal , Madrid , Spain",1
Department of Gastroenterology Río Hortega University Hospital  Valladolid Spain,1
Department of Gastroenterology Hospital Álvaro Cunquerio  Vigo Spain,1
Department of Gastroenterology Hospital Universitario Valld’Hebrón  Barcelona Spain,1
Department of Gastroenterology Hospital Universitario Vall d’Hebrón  Barcelona Spain,1
Department of Gastroenterology Hospital Universitario Santa Lucía  Cartagena Spain,1
Department of Gastroenterology Hospital Universitario Infanta Sofía  San Sebastián de los Reyes Spain,1
Department of Gastroenterology Hospital Sant Joan Despí Moisès Broggi  Barcelona Spain,1
Department of Gastroenterology Hospital General Universitario Gregorio Marañón  Madrid Spain,1
Department of Gastroenterology Hospital Donostia  San Sebastián Spain,1
"Department of Gastroenterology of Hospital Dr. Josep Trueta, Girona, Spain",1
"Department of Dermatology, Instituto de Investigación Sanitaria de La Princesa (IIS-IP), Hospital Universitario de La Princesa, Diego de León, 62, 28006, Madrid, Spain",1
"Department of Dermatology, Institut Mar de Investigacions Mèdiques, Universitat Pompeu Fabra, Barcelona, Spain",1
"Department of Dermatology, Hospital del Mar. IMIM, Universitat Pompeu Fabra, Barcelona, Spain.",1
"Department of Dermatology, Hospital del Mar. IMAS, Barcelona, Spain",1
"Department of Dermatology, Hospital del Mar-Parc sde Salut Mar (Barcelona), Spain",1
"Department of Dermatology, Hospital del Mar-Parc de Salut Mar, Barcelona",1
"Department of Dermatology, Hospital del Mar-Parc de Salut Mar, (Barcelona), Spain",1
"Department of Dermatology, Hospital del Mar-Parc de Salut Mar (Barcelona), Barcelona, Spain",1
"Department of Dermatology, Hospital del Mar-IMIM, University Pompeu Fabra, 08003 Barcelona, Spain.",1
"Department of Dermatology, Hospital del Mar-IMIM, Universitat Pompeu Fabra de Barcelona, Spain",1
"Department of Dermatology, Hospital del Mar, Universitat Pompeu Fabra, Barcelona, Spain",1
"Department of Dermatology, Hospital del Mar, Universitat Autònoma de Barcelona, Passeig Maritim 25-29, Barcelona 08021, Spain",1
"Department of Dermatology, Hospital del Mar, Passeig Marítim 25-29, 08003 Barcelona, Spain",1
"Department of Dermatology, Hospital del Mar, IMIM, Universitat Pompeu Fabra, Barcelona, Spain",1
"Department of Endocrinology and Nutrition, Instituto de Investigación imas12, Universidad Complutense, Hospital 12 de Octubre, Madrid, Spain",1
"Department of Dermatology, Hospital del Mar, IMIM, Universitat Autònoma, Barcelona, Spain",1
"Department of Dermatology, Hospital del Mar, IMIM, Universitat Autònoma de Barcelona, Barcelona, Spain",1
"Department of Dermatology, Hospital del Mar, IMIM, Universitat Autònoma Barcelona, Spain.",1
"Department of Dermatology, Hospital del Mar, IMIM Universitat Pompeu Fabra Barcelona Spain",1
"Department of Dermatology, Hospital del Mar, IMIM Universitat Autònoma de Barcelona  Barcelona Spain",1
"Department of Dermatology, Hospital del Mar, Autonomous University of Barcelona, Barcelona, Spain",1
"Department of Dermatology, Hospital del Mar and Research Institute, Barcelona, Universitat Pompeu Fabra, Barcelona, Spain",1
"Department of Dermatology, Hospital del Mar and Research Institute of Barcelona, Universitat Pompeu Fabra, Barcelona, Spain",1
"Department of Dermatology, Hospital del Mar Universitat Autònoma de Barcelona Barcelona Spain",1
"Department of Dermatology, Hospital del Mar Research Institute, Universitat Pompeu Fabra, Barcelona, Spain",1
"Department of Dermatology, Hospital del Mar Research Institute, Universitat Autònoma de Barcelona, Barcelona, Spain",1
"Department of Dermatology, Hospital del Mar Research Institute, Department of Medicine, Autonomous University of Barcelona/Universitat Autonoma de Barcelona (UAB), Barcelona, Spain",1
"Department of Dermatology, Hospital del Mar Parc de Salut Mar  Barcelona Spain",1
"Department of Dermatology, Hospital del Mar Instituto Municipal de Investigación Médica  Barcelona Spain",1
"Department of Dermatology, Hospital del Mar - Parc de Salut Mar, ES-08003 Barcelona, Spain",1
"Department of Dermatology, Hospital del Mar, IMIM, Universitat Autònoma. Barcelona, Spain",1
"Department of Endocrinology and Nutrition, Instituto de Investigación Sanitaria San Carlos (IdISSC), 28040, Madrid, Spain",1
"Department of Endocrinology and Nutrition, Instituto de Investigación Sanitaria Hospital Clínico San Carlos (IdISSC), 28040, Madrid, Spain",1
"Department of Endocrinology and Nutrition, Instituto de Investigación Biomédica de Málaga (IBIMA), Hospital Universitario Virgen de la Victoria, Málaga, Spain",1
"Department of Endocrinology and Nutrition, Hospital del Mar, Parc de Salut Mar, Barcelona, Spain",1
"Department of Endocrinology and Nutrition, Hospital del Mar, Institute Hospital del Mar of Medical Investigations (IMIM), Barcelona, Spain",1
"Department of Endocrinology and Nutrition, Hospital del Mar, Institut Hospital del Mar of Medical Investigations (IMIM), Barcelona, Spain",1
"Department of Endocrinology and Nutrition, Hospital del Mar, Barcelona, Spain.",1
"Department of Endocrinology and Nutrition, Hospital del Mar, 08003 Barcelona, Spain",1
"Department of Endocrinology and Nutrition, Hospital del Mar Universitat Autònoma de Barcelona  Barcelona Spain",1
"Department of Endocrinology and Nutrition, Hospital Universitario Virgen de la Victoria, Instituto de Investigagión Biomedica de Málaga-IBIMA, Málaga, Spain.",1
"Department of Endocrinology and Nutrition, Hospital Universitario S. Carlos de Madrid, Madrid, Spain.",1
"Department of Endocrinology and Nutrition, Hospital Universitario Cruces, BioCruces Bizkaia, UPV/EHU, Barakaldo, Spain.",1
"Department of Endocrinology and Nutrition, Hospital Universitario Central de Asturias/University of Oviedo, Instituto de Investigación Sanitaria del Principado de Asturias (ISPA), Oviedo, Spain.",1
"Department of Endocrinology and Nutrition, Hospital Regional Universitario de Málaga, Instituto de Investigación Biomedica de Málaga-IBIMA, Málaga, Spain.",1
"Department of Endocrinology and Nutrition, Hospital Fundación Jiménez-Díaz, Instituto de Investigaciones Biomédicas IISFJD. University Autónoma, Madrid, Spain",1
"Department of Dermatology, Severo Ochoa University Hospital, Leganés, Madrid, Spain",1
Department of Endocrinology and Nutrition Virgen de la Victoria University Hospital Malaga University. Instituto de Investigación Biomédica de Málaga (IBIMA)  Avda. Teatinos s/n. Málaga 29010 Spain,1
Department of Endocrinology and Nutrition Virgen de la Victoria University Hospital  Málaga Spain,1
"Department of Endocrinology and Nutrition Instituto de Investigación Sanitaria Hospital Clínico San Carlos (IdISSC)  Calle del Prof Martín Lagos, s/n. Madrid 28040 Spain",1
Department of Endocrinology and Nutrition Hospital Clínic  Barcelona Spain,1
"Department of Endocrinology Institut d` Investigacions Biomédiques August Pi Sunyer (IDIBAPS) Hospital Clinic, University of Barcelona  Carrer del Rosselló, 149. Barcelona 08036 Spain",1
Department of Endocrinology Institut d` Investigacions Biomédiques August Pi Sunyer (IDIBAPS) Hospital Clinic University of Barcelona  Barcelona 08036 Spain,1
Department of Endocrinology Hospital Ramón y Cajal  Madrid Spain,1
"Department of Endocrinology Fundación Jiménez‐Díaz  Av. de los Reyes Católicos, 2. Madrid 28040 Spain",1
"Department of Electronics [Barcelona] (University of Barcelona\r\nDepartament of Electronics\r\nC. de Martí i Franquès, 1\r\n08028 Barcelona - Spain)",1
"Department of Education Sciences, University of La Rioja, Logroño, Spain.",1
"Department of Digestive, Oncologic and Metabolic Surgery, Institut Mutualiste Montsouris, Paris, France.",1
"Department of Digestive Surgery, Hospital Universitario del Mar, Barcelona, Spain",1
"Department of Diabetes, Endocrinology and Nutrition, Dr Josep Trueta University Hospital, Girona, Spain",1
"Department of Dermatology. Hospital d’Igualada-Consorci Sanitari de l’Anoia, Barcelona,",1
"Department of Dermatology, UCARE, Hospital del Mar and Research Institute, Universitat Pompeu Fabra, Barcelona, Spain",1
"Department of Endocrinology and Nutrition, August Pi i Sunyer Biomedical Research Institute – IDIBAPS, Hospital Clínic of Barcelona, Barcelona, Spain",1
"Department of Gynecology and Obstetrics, Gregorio Marañon University Hospital, 28007 Madrid, Spain",1
"Department of Gynecology and Obstetrics, Getafe University Hospital, 28905 Madrid, Spain",1
"Department of Gynecology and Obstetrics, Germans Trias i Pujol University Hospital, 08916 Barcelona, Spain",1
"Department of Gynecology and Obstetrics, General University Hospital of Ciudad Real, 13005 Ciudad Real, Spain",1
"Department of Gynecology and Obstetrics, G. Chacon (Viamed Santa Angela de la Cruz Hospital), 41014 Sevilla, Spain",1
"Department of Gynecology and Obstetrics, Doctor Josep Trueta University Hospital of Girona, 17007 Girona, Spain",1
"Department of Gynecology and Obstetrics, Doce de Octubre University Hospital, 28041 Madrid, Spain",1
"Department of Gynecology and Obstetrics, Dexeus University Hospital, 08028 Barcelona, Spain",1
"Department of Gynecology and Obstetrics, Complejo Hospitalario Universitario de Pontevedra Pontevedra, Spain",1
"Department of Gynecology and Obstetrics, Central University Hospital of Asturias, 33011 Asturias, Spain",1
"Department of Gynecology and Obstetrics, Arnau de Vilanova University Hospital, 25198 Lleida, Spain",1
"Department of Geriatrics, Hospital del Mar, 08003 Barcelona, Spain",1
"Department of Geriatrics, Complejo Hospitalario Universitario de Albacete, Albacete, Spain",1
"Department of Geriatrics, Centre-Fòrum Hospital del Mar, 08019 Barcelona, Spain",1
"Department of Gastroenterology of Hospital Universitario Rio Hortega, Valladolid, Spain",1
"Department of Geriatrics Hospital Universitari Germans Trias i Pujol, Badalona, Spain",1
"Department of Geriatric and Palliative care, Hospital Universitari Sant Joan de Reus, Tarragona, Spain",1
"Department of Geriatric Medicine. Parc de Salut Mar, Barcelona, Spain",1
"Department of Geriatric Medicine, Parc de Salut Mar, Pg. Marítim de la Barceloneta, 25, 29, 08003, Barcelona, Spain",1
"Department of Genetics, Biocruces Bizkaia Health Research Institute, Cruces University Hospital, Barakaldo, Spain",1
"Department of General and Digestive Surgery. Hospital, Universitario Doctor Peset, Valencia, Spain",1
"Department of General and Digestive Surgery. Hospital Universitario 12 de Octubre, Av. de Córdoba s/n, 28041, Madrid, Spain",1
"Department of General and Digestive Surgery-Colorectal Unit, Bellvitge University Hospital, C/Feixa Llarga, s/n, 08907 L'Hospitalet de Llobregat, Barcelona, Spain",1
"Department of General and Digestive Surgery--Colorectal Unit, Josep Trueta University Hospital, Girona, Spain",1
"Department of General and Digestive Surgery, Hospital del Mar, Barcelona, Spain",1
"Department of General and Digestive Surgery, Hospital Universitario de Cruces, Universidad del Pais Vasco, Plaza de Cruces S/N, 48903, Baracaldo, Vizcaya, Spain",1
"Department of General and Digestive Surgery, Hospital Universitario de Basurto, Montevideo Etorb 18, 48013, Bilbao, Vizcaya, Spain",1
"Department of General and Digestive Surgery, Hospital Universitario Virgen del Rocío, Av. Manuel Siurot s/n, 41013, Sevilla, Spain",1
"Department of General and Digestive Surgery, Hospital Universitario Virgen de las Nieves, Avda. de las Fuerzas Armadas 2, 18014, Granada, Spain",1
"Department of General and Digestive Surgery, Hospital Universitario Virgen Macarena, Dr. Fedriani 3, 41009, Sevilla, Spain",1
"Department of Geriatrics Parc de Salut Mar, Barcelona, Spain",1
"Department of Gynecology and Obstetrics, University Hospital of El Tajo, 28300 Madrid, Spain",1
"Department of Gynecology and Obstetrics, University Hospital of Cabueñes, 33394 Asturias, Spain",1
"Department of Gynecology and Obstetrics, University Hospital Complex of A Coruña, 15006 A Coruña, Spain",1
"Department of Gynecology and Obstetrics, Txagorritxu University Hospital of Araba, 01009 Araba, Spain",1
"Department of Gynecology and Obstetrics, Son Llatzer University Hospital, 07198 Illes Balears, Spain",1
"Department of Gynecology and Obstetrics, Son Espases University Hospital, 07120 Illes Balears, Spain",1
"Department of Gynecology and Obstetrics, Severo Ochoa University Hospital, 28911 Madrid, Spain",1
"Department of Gynecology and Obstetrics, Santa Caterina Hospital, 17190 Girona, Spain",1
"Department of Gynecology and Obstetrics, Sant Joan de Reus University Hospital, 43204 Tarragona, Spain",1
"Department of Gynecology and Obstetrics, San Pedro de Alcántara Hospital, 10003 Cáceres, Spain",1
"Department of Gynecology and Obstetrics, San Cecilio University Hospital of Granada, 18016 Granada, Spain",1
"Department of Gynecology and Obstetrics, San Carlos University Hospital, 28040 Madrid, Spain",1
"Department of Gynecology and Obstetrics, Rio Hortega University Hospital, 47012 Valladolid, Spain",1
"Department of Gynecology and Obstetrics, Regional Hospital of Inca, 07300 Illes Balears, Spain",1
"Department of Gynecology and Obstetrics, Quironsalud Madrid University Hospital, 28223 Madrid, Spain",1
"Department of Gynecology and Obstetrics, HM Hospitals, 28015 Madrid, Spain",1
"Department of Gynecology and Obstetrics, Poniente Hospital of Almeria, 04700 Almeria, Spain",1
"Department of Gynecology and Obstetrics, Parc de Salut Mar University Hospital, 08003 Barcelona, Spain",1
"Department of Gynecology and Obstetrics, Parc Taulí Hospital, 08208 Barcelona, Spain",1
"Department of Gynecology and Obstetrics, La Paz University Hospital, 28046 Madrid, Spain",1
"Department of Gynecology and Obstetrics, La Fe University and Polytechnic Hospital, 46026 Valencia, Spain",1
"Department of Gynecology and Obstetrics, Juan Ramon Jimenez University Hospital, 21005 Huelva, Spain",1
"Department of Gynecology and Obstetrics, Joan XXIII University Hospital of Tarragona, 43005 Tarragona, Spain",1
"Department of Gynecology and Obstetrics, Infanta Sofia University Hospital, 28703 Madrid, Spain",1
"Department of Gynecology and Obstetrics, Hospital del Tajo, Madrid, Spain",1
"Department of Gynecology and Obstetrics, Hospital Universitario de Cabueñes Asturias, Spain",1
"Department of Gynecology and Obstetrics, Hospital Universitario Río Hortega, Valladolid, Spain",1
"Department of Gynecology and Obstetrics, Hospital Universitario Puerta de Hierro de Majadahonda, Madrid, Spain",1
"Department of Gynecology and Obstetrics, Hospital Universitari Parc de Salut Mar Barcelona, Spain",1
"Department of Gynecology and Obstetrics, Hospital Sant Joan de Reus Tarragona, Spain",1
"Department of Gynecology and Obstetrics, Hospital Alvaro Cunqueiro, Vigo Pontevedra, Spain",1
"Department of Gynecology and Obstetrics, Puerta de Hierro University Hospital of Majadahonda, 28222 Madrid, Spain",1
"Department of Gastroenterology, Hospital Universitario Ramón y Cajal, Madrid, Spain",1
"Department of Gastroenterology, Hospital Universitario Central de Asturias, Instituto de Investigación Sanitaria del Principado de Asturias (ISPA), 33011 Oviedo, Spain",1
"Department of Gastroenterology, Hospital Universitario 12 de Octubre, Madrid, Spain",1
"Department of Gastroenterology, Hospital Universitari de Bellvitge, L’Hospitalet de Llobregat, Catalonia, Spain",1
"Department of Gastroenterology, Hospital Universitari Son Espases, Palma de Mallorca, Spain",1
"Department of Gastroenterology, Hospital Universitari Germans Trias i Pujol, Badalona, Catalonia, Spain",1
"Department of Gastroenterology, Hospital Ramón y Cajal, Madrid, Spain",1
"Department of Gastroenterology, Hospital General Universitario de Elche, Elche, Spain",1
"Department of Gastroenterology, Hospital Costa del Sol, Marbella, Spain",1
"Department of Gastroenterology, Hospital Clínico Universitario Lozano Blesa, Aragón Health Research Institute (IIS Aragón), Zaragoza, Spain",1
"Department of Gastroenterology, Hospital Clínico Universitario Lozano Blesa, Aragon Health Research Institute, Zaragoza, Spain",1
"Department of Gastroenterology, Germans Trias i Pujol Hospital, Badalona, Spain",1
"Department of Gastroenterology, Consorci Sanitari de Terrassa, Terrassa, Spain",1
"Department of Gastroenterology, Consorci Parc de Salut MAR/Hospital del Mar, Barcelona, Spain",1
"Department of General and Digestive Surgery, Hospital Universitario Ramón y Cajal, Ctra. Colmenar Viejo km. 9,100, 28034, Madrid, Spain",1
"Department of Gastroenterology, Complexo Hospitalario Universitario de Vigo, Instituto de Investigación Biomédica, Xerencia Integrada de Vigo, Vigo, Spain",1
"Department of Gastroenterology, Complejo Universitario de Navarra, Pamplona, Spain",1
"Department of Gastroenterology, Complejo Asistencial de Soria, Soria, Spain",1
"Department of Gastroenterology, Burgos University Hospital, Burgos, Spain",1
"Department of Gastroenterology of La Paz University Hospital. Hospital La Paz Institute for Health Research, La Paz Hospital , Madrid , Spain",1
"Department of Gastroenterology of La Paz University Hospital, School of Medicine, Universidad Autónoma de Madrid, Hospital La Paz Institute for Health Research, La Paz Hospital , Madrid , Spain",1
"Department of Gastroenterology of La Paz Hospital, Madrid, Spain",1
"Department of Gastroenterology of Hospital de la Santa Creu i Sant Pau, Barcelona, Spain",1
"Department of Gastroenterology of Hospital de Torrejón, Madrid, Spain",1
"Department of Gastroenterology of Hospital de Sant Joan Despí Moisès Broggi, Barcelona, Spain",1
"Department of Gastroenterology of Hospital de Galdakao, Vizcaya, Spain",1
"Department of Gastroenterology of Hospital Universitario Áraba, Vitoria-Gasteiz, Álava, Spain",1
"Department of Gastroenterology of Hospital Universitario de Salamanca, Salamanca, Spain",1
"Department of Gastroenterology of Hospital Universitario de Fuenlabrada, Madrid, Spain",1
"Department of Gastroenterology of Hospital Universitario de Burgos, Burgos, Spain",1
"Department of Gastroenterology, Complexo Hospitalario de Ourense, Instituto de Investigación Sanitaria Galicia Sur, Centro de Investigación Biomédica en Red de Enfermedades Hepáticas y Digestivas (CIBERehd), Ourense, Spain",1
"Department of General and Digestive Surgery, Hospital Universitario Puerta de Hierro, Manuel de Falla 1, 28222, Majadahonda, Madrid, Spain",1
"Department of General and Digestive Surgery, Hospital Universitario La Princesa, Instituto de Investigación Sanitaria La Princesa, Universidad Autónoma de Madrid, Diego de León 62, 28006, Madrid, Spain",1
"Department of General and Digestive Surgery, Hospital Universitario Fundación Jiménez Díaz, Av. de los Reyes Católicos 2, 28040, Madrid, Spain",1
"Department of General and Digestive Surgery, Hospital General Universitario Gregorio Marañón, Doctor Esquerdo 46, 28007, Madrid, Spain",1
"Department of General and Digestive Surgery, Hospital Clínico Universitario, Universidad de Valencia, Av. de Blasco Ibáñez 17, 46010, Valencia, Spain",1
"Department of General and Digestive Surgery, Hospital Clínico Universitario Lozano Blesa, Avda. San Juan Bosco 15, 50009, Zaragoza, Spain",1
"Department of General and Digestive Surgery, Hospital Clínic Barcelona, Barcelona, 08036, Spain",1
"Department of General and Digestive Surgery, Hospital Clinic, Villarroel 170, 08036, Barcelona, Spain",1
"Department of General and Digestive Surgery, HPB Unit, Parc Salut Mar Hospital, Pompeu Fabra University, Passeig Maritim, 25, 08003, Barcelona, Spain",1
"Department of General and Digestive Surgery, HPB Unit, Hospital Universitari de Girona Dr. Josep Trueta, Gerona, Spain",1
"Department of General and Digestive Surgery, Complejo Asistencial Universitario de Salamanca, Paseo San Vicente 58-182, 37007, Salamanca, Spain",1
"Department of General and Digestive Surgery, Colorectal Unit, Bellvitge University Hospital, University of Barcelona and IDIBELL, Barcelona, Spain",1
"Department of General and Digestive Surgery, Bellvitge University Hospital, University of Barcelona and IDIBELL, 08908 L'Hospitalet de Llobregat, Spain",1
Department of General and Digestive Surgery HPB Unit University Hospital of León  León Spain,1
"Department of General and Digestive Surgery Department, Institute of Digestive and Metabolic Diseases (ICMDM), Biomedical Research Centre (CIBERehd), Hospital Clinic, IDIBAPS, University of Barcelona, Barcelona, Spain",1
"Department of Gastroenterology, Hospital Universitario de Canarias, La Laguna, Spain",1
"Department of General Surgery, University Clinical Hospital Virgen de la Arrixaca, Murcia, Spain",1
"Department of General Surgery, Hospital del Mar, Parc de Salut Mar, Barcelona, Spain",1
"Department of General Surgery, Hospital del Mar, Barcelona 08907, Spain",1
"Department of General Surgery, Hospital del Mar, Barcelona 08003, Spain",1
"Department of General Surgery, Hospital de Mataró, Barcelona 08907, Spain",1
"Department of General Surgery, Colorectal Surgery Unit, Hospital Valle de Hebron, Autonomous University of Barcelona, Barcelona, Spain",1
"Department of Gastrointestinal Surgery, Institute of Digestive and Metabolic Diseases, Hospital Clinic of Barcelona, University of Barcelona, Catalonia, Spain",1
"Department of Gastrointestinal Surgery, Hospital Clínic, Villarroel 170, 08036, Barcelona, Spain",1
"Department of Gastroenterology, Vega Baja Hospital of Orihuela, Spain",1
"Department of Gastroenterology, Parc de Salut Mar, Hospital del Mar, Barcelona, Spain",1
"Department of Gastroenterology, Parc de Salut Mar, Barcelona, Spain",1
"Department of Gastroenterology, Hospital del Mar, Barcelona, Catalonia, Spain",1
"Department of Gastroenterology, Hospital de la Santa Creu i Sant Pau, Barcelona, Catalonia, Spain",1
"Department of Gastroenterology, Hospital Universitario de Galdakao, Biocruces Bizkaia Health Research Institute , Vizcaya , Spain",1
"Department of Gastroenterology, Hospital Universitario de Canarias, Santa Cruz de Tenerife, Spain",1
"Department of General Surgery, University Hospital Reina Sofia, Murcia, Spain",1
"CIBER de Enfermedades Cardiovasculares (CIBERCV), Instituto de Salud Carlos III, | C/ Monforte de Lemos 3-5, Pabellón, 11 | 28029, Madrid, Spain",1
"CIBER de Enfermedades Cardiovasculares (CIBERCV), Barcelona, Spain",1
"CIBER de Enfermedades Cardiovasculares (CIBERCV), 28029 Madrid, Spain",1
"CIBER de Diabetes y Enfermedades Metabólicas (CIBERDEM), Instituto de Salud Carlos III (ISCIII), Madrid, España",1
"CIBER Physiopathology of Obesity and Nutrition (CIBERobn), Instituto de Salud Carlos III, 28029 Madrid, Spain",1
"CIBER Physiopathology of Obesity and Nutrition (CIBERobn), 14004 Cordoba, Spain",1
"CIBER Physiopathology of Obesity and Nutrition (CIBEROBN), Carlos III Health Institute (ISCIII), Madrid, Spain",1
"CIBER Physiology of Obesity and Nutrition (CIBEROBN), Carlos III Health Institute, Madrid, Spain",1
"CIBER Fragilidad y Envejecimiento Saludable (CIBERFES), Madrid, Spain",1
CIBER Fragilidad y Envejecimiento Saludable (CIBERFES)  Madrid Spain,1
"CIBER Fisiopatología de la Obesidad y Nutrición, Instituto de Salud Carlos III, 28029 Madrid, Spain",1
"CIBER Fisiopatología de la Obesidad y Nutrición (CIBERobn), Madrid, Spain",1
"CIBER Fisiopatología de la Obesidad y Nutrición (CIBEROBN), Instituto de Salud Carlos III (ISCIII), Madrid, España",1
"CIBER Fisiopatología de la Obesidad y Nutrición (CIBEROBN), Instituto de Salud Carlos III (ISCIII), 28029, Madrid, Spain",1
"Departament of Physical Therapy, University of Murcia, Spain",1
"CIBER Fisiopatología de la Obesidad y Nutrición (CIBEROBN), ISCIII, Córdoba, España",1
"CIBER Fisiopatología de La Obesidad Y Nutrición (CIBEROBN), Instituto de Salud Carlos III (ISCIII), Madrid, Spain",1
"CIBER Fisiopatología Obesidad y Nutrición (CIBERobn), Instituto de Salud Carlos III, Madrid, Spain",1
"CIBER Epidemiología y Salud Pública (CIBERESP), Instituto de Salud Carlos III (ISCIII), 28029, Madrid, Spain",1
"CIBER Epidemiología y Salud Pública (CIBERESP), Instituto de Salud Carlos III (ISCIII), 28029 Madrid, Spain",1
"CIBER Epidemiología y Salud Pública (CIBERESP), Barcelona, Spain",1
"CIBER Epidemiología y Salud Pública (CIBERESP), 28029, Madrid, Spain",1
"CIBER Epidemiología y Salud Pública (CIBERESP) and Department of Medical and Surgical Sciences, University of Cantabria",1
CIBER Epidemiología y Salud Pública (CIBERESP) Barcelona Spain,1
"CIBER Epidemiología y Salud Pública (CIBERESP) , Instituto de Salud Carlos III, C. de Melchor Fernández Almagro, 3, 28029 Madrid , Spain",1
"CIBER Epidemiology and Public Health (CIBERESP), Madrid, Spain",1
"CIBER Epidemiology and Public Health (CIBERESP), Carlos III Health Institute, Madrid, Spain",1
"CIBER Epidemiology and Public Health (CIBERESP), Carlos III Health Institute, 28029 Madrid, Spain",1
"CIBER Epidemiologia y Salud Pública (CIBERESP), Spain",1
"CIBER Epidemiologia y Salud Pública (CIBERESP), Madrid, Spain",1
"CIBER Fisiopatología de la Obesidad y Nutrición (CIBEROBN), Instituto de Salud Carlos III (ISCIII), 28029 Madrid, Spain",1
"CIBER of Epidemiology and Public Health, Carlos III Health Institute (CIBERESP, ISCIII), Madrid, Spain",1
"CIBER of Epidemiology and Public Health (CIBERESP), Madrid, Spain.",1
"CIBER of Epidemiology and Public Health (CIBERESP), Institute of Health Carlos III, 28029 Madrid, Spain",1
"CIBER in Physiopathology of Obesity and Nutrition (CIBEROBN), Carlos III Health Institute, Madrid, Spain",1
"CIBER in Physiopathology of Obesity and Nutrition (CIBEROBN), Carlos III Health Institute, 28029 Madrid, Spain",1
"CIBER en Epidemiología y Salud Pública, CIBERESP, Madrid, Spain",1
"CIBER de enfermedades respiratorias (CIBERES), Instituto de Salud Carlos III, Madrid, Spain",1
"CIBER de Salud Mental, Instituto de Salud Carlos III, Barcelona, Spain",1
"CIBER de Respiratorio (CIBERES), Madrid, España",1
"CIBER de Fisiopatología de la Obesidad y la Nutrición (CIBEROBN), Instituto de Salud Carlos III, Madrid, Spain",1
"CIBER de Fisiopatología de la Obesidad y la Nutrición (CIBEROBN), Instituto de Salud Carlos III, 28029 Madrid, Spain",1
"CIBER de Fisiopatología de la Obesidad y Nutrición (CIBEROBN), Instituto de Salud Carlos III, Madrid, Spain.",1
"CIBER de Epidemiología y Salud Pública, Instituto de Salud Carlos III",1
"CIBER de Epidemiología y Salud Pública (CIBEResp), Instituto de Salud Carlos III, 28029, Madrid, Spain",1
"CIBER de Enfermedades Hepáticas y Digestivas (CIBEREHD), España",1
"CIBER de Epidemiología y Salud Pública (CIBERESP), Instituto de Salud Carlos III, 28029 Madrid, Spain",1
"CIBER de Epidemiología y Salud Pública (CIBERESP), Instituto de Salud Carlos III (ISCIII), Madrid, Spain",1
"CIBER de Epidemiología y Salud Pública (CIBERESP), Instituto de Salud Carlos III (ISCIII), 28029, Madrid, Spain",1
"CIBER de Epidemiología y Salud Pública (CIBERESP), Institute of Health Carlos III, Madrid, Spain",1
"CIBER de Epidemiología y Salud Pública (CIBERESP) Instituto de Salud Carlos III C/ Monforte de Lemos, 5. Madrid 28029 Spain",1
"CIBER de Epidemiología y Salud Pública (CIBERESP) Instituto de Salud Carlos III  C/ Monforte de Lemos, 5. Madrid 28029 Spain",1
"CIBER de Enfermedades Respiratorias, Instituto de Salud Carlos III, Madrid, Spain",1
"CIBER de Enfermedades Respiratorias (CIBERES), Instituto de Salud Carlos III , Madrid , Spain",1
"CIBER de Enfermedades Respiratorias (CIBERES), ISC III. Madrid, Spain",1
"CIBER de Enfermedades Respiratorias (CIBERES), ISC III, Madrid, España",1
CIBER de Enfermedades Respiratorias (CIBERES) Instituto de Salud Carlos III  Madrid Spain,1
"CIBER de Enfermedades Raras (CIBERER), Instituto de Salud Carlos III, Barcelona, Spain",1
"CIBER de Enfermedades Infecciosas, Institute of Health Carlos III, Madrid, Spain",1
"CIBER de Enfermedades Infecciosas (CIBERINFEC), Instituto de Salud Carlos III , Madrid , Spain",1
CIBER de Enfermedades Infecciosas (CIBERINFEC) Instituto de Salud Carlos III  Madrid Spain,1
"CIBER de Epidemiología y Salud Pública (CIBERESP), Instituto de Salud Carlos III, 28049 Madrid, Spain",1
"CAP Can Serra Hospitalet de Llobregat, Barcelona, Spain",1
"CAP Barberà del Vallés, Barcelona, Spain",1
"Breast Diseases Unit, Hospital del Mar, Parc de Salut Mar, Barcelona, Spain",1
"Breast Diseases Unit, Hospital del Mar, Parc de Salut Mar, 08003 Barcelona, Spain",1
"Breast Cancer Unit, Vall d'Hebron University Hospital, Barcelona, Spain",1
"Breast Cancer Unit, ICO - Institut Català d'Oncologia l'Hospitalet (Hospital Duran i Reynals) L'Hospitalet De, Llobregat, Spain",1
"Boehringer Ingelheim España, S.A., Barcelona, Spain",1
"Blanquerna School of Health Sciences, Universitat Ramon Llull, 08025 Barcelona, Spain",1
"Bipolar and Depressive Unit, Hospital Clinic de Barcelona, Institute of Neurosciences, Barcelona, Spain",1
"Bipolar and Depressive Unit, Hospital Clinic de Barcelona Institute of Neurosciences  Barcelona Spain",1
"Bipolar and Depressive Disorders Unit, Institute of Neuroscience, Hospital Clínic University of Barcelona, IDIBAPS, CIBERSAM  Barcelona Spain",1
"Bipolar Disorders Unit, Hospital Clinic, Institute of Neurosciences, University of Barcelona, IDIBAPS, CIBERSAM, Barcelona, Catalonia, Spain.",1
"Biostatistics Unit, IdiPAZ-Hospital Universitario La Paz, Madrid, Spain",1
"Biostatistics Unit, Faculty of Medicine, Universitat Autònoma de Barcelona, Barcelona, Spain",1
CIBER Enfermedades Respiratorias‐CIBERES (CB06/06/0058)  Madrid Spain,1
"Biosistemak Institute for Health Systems Research, Basque Country, Spain",1
Biosfer Teslab  Reus Spain,1
"Biosanitary Research Foundation in Eastern Andalusia, Alejandro Otero, Hospital Universitario de Jaén, Jaén, Spain",1
"Biomedicine, Biotechnology and Public Health Department, University of Cadiz, Cádiz, Spain",1
"Biomedicine Institute of Sevilla (IBiS)/CSIC, Seville, Spain",1
"Biomedical Research in Heart Diseases Group, Hospital del Mar Research Institute (IMIM), Barcelona, Spain",1
Biomedical Research in Heart Diseases Group Hospital del Mar Research Institute (IMIM) Barcelona Spain,1
"Biomedical Research in Heart Diseases (GREC), Instituto Hospital del Mar de Investigaciones Médicas (IMIM), Barcelona, Spain",1
"Biomedical Research and Innovation Institute of Cadiz (INiBICA), Cádiz, Spain",1
"Biomedical Research Networking Centre on Respiratory Diseases (CIBERES), Madrid, Spain",1
"Biomedical Research Networking Centre on Respiratory Diseases (CIBERES), 28029 Madrid, Spain",1
"Biomedical Research Networking Centre Consortium of Oncology (CIBERONC), Instituto de Salud Carlos III, 28029, Madrid, Spain",1
"Biomedical Research Networking Center in Bioengineering, Biomaterials and Nanomedicine (CIBER‐BBN) Instituto de Salud Carlos III  Cerdanyola del Vallès Spain",1
"Biomedical Research Networking Center for Rare Diseases (CIBERER), Barcelona 08003, Spain.",1
"Biomedical Research Institute of Málaga (Instituto de Investigación Biomédica de Málaga, IBIMA), Málaga, Spain",1
"Biostatistic Unit, Hospital Ramón y Cajal, IRYCIS, CIBERESP, Nursery Department and Physiotherapy, Alcalá University, Madrid, Spain",1
"CIBER Enfermedades Cardiovasculares, Barcelona, Spain",1
"CIBER Enfermedades Cardiovasculares (CIBERCV), 28029 Madrid, Spain",1
"CIBER Diabetes y Enfermedades Metabólicas (CIBERDEM), Instituto de Salud Carlos III (ISCIII), 28029, Madrid, Spain",1
"CIBER Diabetes y Enfermedades Metabólicas (CIBERDEM), Instituto de Salud Carlos III (ISCIII), 28029 Madrid, Spain",1
CIBER Diabetes y Enfermedades Metabólicas (CIBERDEM) Instituto de Salud Carlos III (ISCIII)  Madrid 28029 Spain,1
"CIBER Diabetes y Enfermedades Metabólicas (CIBERDEM) Instituto de Salud Carlos III (ISCIII)  C/ Monforte de Lemos, 5. Madrid 28029 Spain",1
"CIBER Cardiovascular Diseases (CIBERCV), Instituto de Salud Carlos III (ISCIII), Madrid, Spain",1
"CHUF,Complejo Hospitalario Universitario de Ferrol, A Coruña, Spain",1
"CHUF, Complejo Hospitalario Universitario de Ferrol, A Coruña, Spain.",1
"CHUF, Complejo Hospitalario Universitario de Ferrol, 15006 A Coruña, Spain",1
"CHUF, Complejo Hospitalario Universitario de Ferrol  A Coruña Spain",1
CHUF Complejo Hospitalario Universitario de Ferrol  A Coruña Spain,1
"CHUAC,Complejo Hospitalario Universitario de A Coruña, A Coruña, Spain",1
"CHUAC, Complejo Hospitalario Universitario de A Coruña, A Coruña, Spain.",1
"CHUAC, Complejo Hospitalario Universitario de A Coruña, 15006 A Coruña, Spain",1
"CAP Centre Hospitalet Llobregat, Barcelona, Spain",1
CHUAC Complejo Hospitalario Universitario de A Coruña  A Coruña Spain,1
"CEXS, Universitat Pompeu Fabra, Cataluña, Spain",1
"CEXS, Universitat Pompeu Fabra, Cataluña, España",1
"CERBA Internacional, Chromatography Department, 08203 Sabadell, Spain",1
"CEE Estudio-3, Afanias, Madrid, Spain",1
"CDR-Life AG [Zurich, Switzerland] (Suisse)",1
"CB15/00055-CIBERER, Murcia, Spain",1
"CAUSALab, Harvard TH Chan School of Public Health, Boston, MA, USA",1
CARMA Project Collaborative Group,1
"CAP Vila Olímpica, Parc Sanitari Pere Virgili, Barcelona, Spain.",1
"CAP Trinitat Vella, Institut Català de La Salut, Barcelona, Spain",1
"CAP Poblenou, Barcelona, Spain",1
"CAP El Clot, Institut Català de La Salut, Barcelona, Spain",1
"CAP Drassanes, Barcelona, Spain",1
"CAP Chafarinas, Institut Català de La Salut, Barcelona, Spain",1
"CHUAC, Complejo Hospitalario Universitario de A Coruña  A Coruña Spain",1
"Cardiology Department, Department of Medicine, Hospital Clínico Universitario de Valencia, INCLIVA Biomedical Research Institute, University of Valencia, Valencia, Spain",1
"Cardiology Department, Clinic Cardiovascular Institute, Hospital Clinic, IDIBAPS, Barcelona, Spain; CIBER CV CB16/11/00411, Spain. Electronic address: masabate@UB.edu.",1
"Cardiology Department, Clinic Cardiovascular Institute, Hospital Clinic, IDIBAPS, Barcelona, Spain.",1
"Cardiology Department, Bioheart Grup de Malalties Cardiovasculars, Hospital Universitari de Bellvitge, Institut d'Investigació Biomèdica de Bellvitge—IDIBELL, L'Hospitalet de Llobregat, Feixa Llarga s/n. 08907, Barcelona, Spain",1
"Cardiology Department of Hospital Germans Trias i Pujol, Badalona, Spain",1
"Cardiology Department IBSAL-Hospital Universitario de Salamanca, Universidad de Salamanca, CIBER-CV Salamanca Spain",1
Cardiology Department Hospital del Mar Barcelona Spain,1
Cardiology Department Hospital Universitario de Bellvitge Barcelona Spain,1
Cardiology Department Hospital Universitario Virgen de la Victoria Málaga Spain,1
Cardiology Department Hospital Universitario Ramón y Cajal Madrid Spain,1
"Cardiac Deprtament, Hospital Clínico Universitario de Valladolid, Centro de Investigación Biomédica en Red de Enfermedades Cardiovasculares (CIBERCV), Instituto de Ciencias del Corazón (ICICOR), Valladolid, Spain",1
"Cardiac Department. Hospital Universitario 12 de Octubre, imas12, Centro de Investigación Biomédica en Red de Enfermedades Cardiovasculares (CIBERCV), Madrid, Spain",1
"Cardiac Department, Hospital del Mar – Parc de Salut Mar, Barcelona, Spain",1
"Cardiac Department, Hospital Universitario de la Princesa, IIS-IP, Universidad Autónoma de Madrid, Centro de Investigación Biomédica en Red de Enfermedades Cardiovasculares (CIBERCV), Madrid, Spain",1
"CIBER of Epidemiology and Public Health, Madrid, Spain.",1
"Cardiac Department, Hospital Universitario de Badajoz, Badajoz, Spain",1
"Cardiac Department, Hospital Universitario Marqués de Valdecilla, Santander, Spain",1
"Cardiac Department, Hospital Universitario Fundación Jiménez Díaz, Madrid, Spain",1
"Cardiac Department, Hospital Universitari de Bellvitge, Barcelona, Spain",1
"Cardiac Department, Hospital Juan Ramón Jiménez, Huelva, Spain",1
"Cardiac Department, Hospital General Universitario Gregorio Marañón, IIS-GM, Centro de Investigación Biomédica en Red de Enfermedades Cardiovasculares (CIBERCV), Madrid, Spain",1
"Cardiac Department, Hospital Clínico San Carlos, IdISSC, Universidad Complutense de Madrid, Madrid, Spain",1
"Cancer Unit for Research on Novel Therapeutic Targets, Oncohealth Institute, ISS-FJD-UAM, 28040 Madrid, Spain",1
"Cancer Unit for Research on Novel Therapeutic Targets, Oncohealth Institute, IIS-Fundación Jiménez Díaz-UAM, E-28040 Madrid, Spain",1
"Cancer Research Program, Instituto Hospital del Mar de Investigaciones Médicas, 08003 Barcelona, Spain",1
"Cancer Research Program, Hospital del Mar Research Institute, Barcelona, Spain.",1
"Cancer Research Program, Hospital del Mar Research Institute, 08003 Barcelona, Spain",1
"Cancer Research Program, Hospital del Mar Research Institute , Barcelona , Spain",1
"Cancer Research Program, Hospital del Mar Research Institute (IMIM), Barcelona, Spain",1
"Cancer Research Program, FIMIM, Hospital del Mar, 08003 Barcelona, Spain",1
"Cardiac Department, Hospital Universitario de Cáceres, Cáceres, Spain",1
Cardiovascular Epidemiology and Genetics Group Hospital del Mar Research Institute (IMIM) Barcelona Spain,1
"Cardiovascular Diseases Research Group, Vall d’Hebron Institut de Recerca (VHIR), Hospital Universitari Vall d’Hebron, 08035 Barcelona, Spain",1
"Cardiology Service, Hospital Universitario Severo Ochoa, Madrid, Spain",1
"Cardiology Service, Hospital Universitario La Paz, Madrid, Spain",1
"Cardiology Service, Hospital San Juan De La Cruz, Jaen, Spain",1
"Cardiology Service, Hospital Del Mar, Barcelona, Spain",1
"Cardiology Service, Hospital Clinico de Valencia, Valencia, Spain",1
"Cardiology Service, Hospital Clinic I Provincial De Barcelona, Barcelona, Spain",1
"Cardiology Service, Complexo Hospitalario Universitario A Coruña (CHUAC)-CIBERCV, A Coruña, Spain",1
"Cardiology Department. Hospital Universitario de La Princesa, Universidad Autónoma de Madrid. IIS-IP. CIBER-CV, Madrid, Spain",1
"Cardiology Department, La Paz University Hospital, Madrid, Spain",1
"Cardiology Department, La Paz University Hospital, Hospital La Paz Health Research Institute (IdiPAZ), Madrid, Spain",1
"Cardiology Department, Hospital del Mar/Parc de Salut Mar, Barcelona, Spain",1
"Cardiology Department, Hospital del Mar, Barcelona, Spain.",1
"Cardiology Department, Grup de Fisiologia i Patologia Cardíaca, Institut de Recerca Biomèdica de Lleida (IRBLleida), Lleida, Spain",1
"Cardiology Department, Hospital Universitario de la Princesa, Madrid, Spain",1
"Cardiology Department, Hospital Universitario Virgen de las Nieves, Granada, Spain",1
"Cardiology Department, Hospital Universitario Gregorio Marañón, CIBERCV. Universidad Europea. Universidad Complutense, Madrid, Spain",1
"Cardiology Department, Hospital Universitario Arnau de Vilanova, Lleida, Spain",1
"Cardiology Department, Hospital Universitario 12 de Octubre, Madrid, Spain",1
"Cardiology Department, Hospital Universitari Vall d’Hebron, 08035 Barcelona, Spain",1
"Cardiology Department, Hospital Universitari Vall d'Hebrón, Barcelona, Spain",1
"Cardiology Department, Hospital Josep Trueta, Girona, Spain",1
"Cardiology Department, Hospital General Universitario Gregorio Marañón, Spain",1
"Cardiology Department, Hospital Complex of Navarra, Pamplona, Navarra, Spain",1
"Cardiology Department, Hospital Clínico San Carlos, Madrid, Spain",1
"Cardiology Department, Hospital Clínic, 08036 Barcelona, Spain",1
"Cardiology Department, Hospital Clínic de Valencia, Valencia, Spain",1
"Cardiology Department, Hospital Clinico San Carlos, IDISSC, Facultad de Medicina, Universidad Complutense, Madrid, Spain",1
"Cardiology Department, Heart Institute, Hospital Universitari Germans Trias i Pujol, 08916 Badalona, Spain",1
"Cardiology Department, Hospital Universitario Álvaro Cunqueiro de Vigo, Pontevedra, Spain",1
"CIBERONC, Barcelona, Spain.",1
"CIBERONC, 28050 Madrid, Spain",1
CIBERONC Instituto de Salud Carlos III  Madrid Spain,1
"CIBEROBN Physiopathology of Obesity and Nutrition, Carlos III Health Institute, 28029 Madrid, Spain",1
"CIBERNED, Network Center for Biomedical Research in Neurodegenerative Diseases, National Institute of Health Carlos III, Madrid, Spain",1
CIBERNED Network Center for Biomedical Research in Neurodegenerative Diseases National Institute of Health Carlos III  Madrid Spain,1
"CIBERNED (Centro de Investigación Biomédica en Red sobre Enfermedades Neurodegenerativas), Álava, Spain",1
"CIBERNED (Centro de Investigación Biomédica en Red Enfermedades Neurodegenerativas), Madrid, Spain.",1
"CIBERNED (Centro de Investigación Biomédica en Red Enfermedades Neurodegenerativas), 28031 Madrid, Spain",1
"CIBERNED (Centro de Investigación Biomédica en Red Enfermedades Neurodegenerativas), 19171 Madrid, Spain",1
"CIBERINFEC, Instituto de Salud Carlos III, Madrid, Spain; Hospital del Mar-IMIM, UPF, Barcelona, Spain",1
"CIBERINFEC, Instituto de Salud Carlos III, Madrid, Spain;",1
"CIBERINFEC, Instituto de Salud Carlos III, Madrid, Spain",1
"CIBERINFEC, Instituto de Salud Carlos III , Madrid , Spain",1
"Cancer Research  Program, IMIM (Instituto de Investigación Hospital del Mar), Barcelona, Spain",1
"CIBERINFEC, A Coruña, España",1
"CIBERESP. Madrid, España",1
"CIBERESP, Hospital de La Santa Creu I Sant Pau, Sant Antoni María Claret 165, Pavilion 18, 08025, Barcelona, Spain",1
"CIBERESP, CIBER in Epidemiology and Public Health, Spain",1
CIBERES/CIBERESUCICOVID,1
"CIBERER, Centro de Investigación Biomédica en Red de Enfermedades Raras, ISCIII, Madrid, Spain",1
"CIBERDEM - Centro de Investigación Biomédica en Red de Diabetes y Enfermedades Metabólicas Asociadas (Passeig de la Bonanova, 69, 6a Planta 08017 Barcelona - Espagne)",1
"CIBERCV, Universidad Europea. Madrid, Spain",1
"CIBERCV, Madrid, Spain",1
"CIBERCV Cardiovascular Diseases, Carlos III Health Institute, 28029 Madrid, Spain",1
"CIBER-ONC, Instituto de Salud Carlos III, 28029 Madrid, Spain",1
"CIBER of Pathophysiology of Obesity and Nutrition (CIBEROBN), Instituto de Salud Carlos III, Madrid, Spain",1
"CIBER of Pathophysiology of Obesity and Nutrition (CIBEROBN), Carlos III Health Institute, Madrid, Spain",1
"CIBER of Pathophysiology of Obesity and Nutrition (CIBEROBN) , Instituto de Salud Carlos III, C. de Melchor Fernández Almagro, 3, 28029 Madrid , Spain",1
"CIBER of Epidemiology and Public Health, Madrid, Spain. consol.serra@upf.edu.",1
"CIBERINFEC, ISCIII—CIBER de Enfermedades Infecciosas Instituto de Salud Carlos III , Madrid , Spain",1
"Cancer Prevention and Control Program, Institut Català d’ Oncologia, Barcelona, Spain",1
"Cancer ImmunoTherapy (CIT) Group – iPROCURE, Bellvitge Biomedical Research Institute IDIBELL‐OncoBell, L'Hospitalet de Llobregat  Barcelona Spain",1
"Cancer Genetic Counselling Unit, Medical Oncology Department, Hospital General Universitario de Elche, Elche, Spain",1
"Cancer Genetic Counseling, Hospital Clínico Universitario de Valencia, Valencia, Spain",1
"Cancer Epigenetics Group, Josep Carreras Leukaemia Research Institute, Barcelona, Spain",1
"Cancer Center Clínica Universidad de Navarra, CIMA, IDISNA, CIBERONC, Pamplona, Spain",1
"Campus Docent, Sant Joan de Déu, Research Group DAFNIs. IMIM (Hospital del Mar medical research institute), Spain",1
"Campus Docent, Sant Joan de Déu ‐ Fundació Privada School of Nursing University of Barcelona Barcelona Spain",1
"Campus Docent, Sant Joan de Déu ‐ Fundació Privada School of Nursing University of Barcelona  Barcelona Spain",1
"Campus Docent Sant Joan de Déu Fundació Privada, School of Nursing University of Barcelona  Barcelona Spain",1
"Cambrian Intelligence SLU, Madrid, Spain",1
"Cajal, Madrid, Espa ña",1
"CSUR Multiple Sclerosis, Neurology Department, Málaga Regional University Hospital, Málaga, Spain",1
"CSUR Multiple Sclerosis, Hospital Universitario Clínico San Carlos, IdISCC, Madrid, Spain",1
"CSUR Multiple Sclerosis and Clinical Neuroimmunology Unit, Neurology Department, Virgen de la Arrixaca Clinical University Hospital, IMIB-Arrixaca, Murcia, Spain",1
"CIBERONC, Biomedical Research Institute INCLIVA, University of Valencia, Spain",1
CSIC-University of Salamanca),1
"CS MilladoiroÁrea Sanitaria de Santiago de Compostela, Santiago de Compostela, Spain",1
"COTO - Catalan Organ Transplant Organization [Barcelona, Spain] (Spain)",1
"CNAG-CRG, Centre for Genomic Regulation (CRG), The Barcelona Institute of Science and Technology (BIST), Barcelona, Spain",1
CMIC - Centre for Medical Image Computing (Centre for Medical Image Computing The Malet Place Engineering Building University College London Gower Street London WC1E 6BT - Royaume-Uni),1
"CM Teknon, Barcelona, Spain",1
"CIOCC HM Delfos, Barcelona, Spain",1
"CIMA, Center of Applied Medical Research, Universidad de Navarra, Neurosciences Program, Pamplona, Spain",1
"CIBERehd, Madrid, Spain",1
"CIBERehd, Instituto de Salud Carlos III, Madrid, Spain; Hepatology, HBP Surgery and Transplants, IIS La Fe, Hospital La Fe, Valencia, Spain.",1
CIBERSAM. Universitat de Barcelona,1
"CIBERSAM (Mental Health Networking Biomedical Research Centre), Spain",1
"CIBERONC/IDISNA Program of Solid Tumours and Biomarkers, CIMA and Department of Histology and Pathology, School of Medicine, University of Navarra, Pamplona, Spain",1
"CIBERONC, Instituto de Salud Carlos III, Madrid, Spain",1
"CIBERONC, Hospital Clínico San Carlos, Instituto de Investigación Hospital Clinico San Carlos (IdISSC), Madrid, Spain",1
"CSIC-University of Salamanca), Salamanca, Spain",1
"Abdominal Wall Surgery Unit, Hospital Universitari Vall d'Hebron, Barcelona, Spain",1
"Abdominal Wall Surgery Unit, General Surgery Service, Hospital Universitari Vall d'Hebron, Autonomous University of Barcelona, Barcelona, Spain",1
"AMIB—Assessoria Metodològica i Bioestadística, IMIM , Barcelona, Spain",1
"AMIB, Institut Hospital del Mar Investigación Médica, Barcelona, Spain",1
"ALS/Motor Neuron Diseases Unit, Pneumology Department, Hospital del Mar, Barcelona, Spain",1
"ALS/Motor Neuron Diseases Unit, Physical Medicine and Rehabilitation Department, Hospital del Mar, Barcelona, Spain",1
"ALS/Motor Neuron Diseases Unit, Neurology Department, Hospital del Mar, Barcelona, Spain",1
"ALS/Motor Neuron Diseases Unit, Dietetics and Nutrition Department, Hospital del Mar, Barcelona, Spain",1
"ALS Research Lab - ALS Unit, Instituto de Investigación Sanitaria Hospital 12 de Octubre \i + 12\, CIBERER, Madrid, Spain",1
"ABS Ripoll-Sant Joan de les Abadesses, Institut Català de la Salut (ICS), Ripoll, Spain",1
"ABS Girona 2 – EAP Can Gibert del Pla, Girona, Spain",1
"ABS CamprodonInstitut Català de la Salut (ICS), Camprodon, Spain",1
"<!--<label>6</label>--> Iberic Group Hip Preservation Surgery GIPCA, Spain–Portugal Barcelona Spain",1
<!--<label>5</label>--> ReSport Clinic Barcelona Spain,1
"Biomedical Research Institute of Malaga-IBIMA Plataforma BIONAND, 29010 Malaga, Spain",1
"<!--<label>3</label>--> Dep. Of Orthopedics Parc de Salut Mar, UAB Barcelona Spain",1
<!--<label>2</label>--> Dep. of Orthopedics. Hospital d’Igualada. Consorci Sanitari de L’Anoia Universitat de Lleida Lleida Spain,1
"9Hospital del Mar, Barcelona, Spain",1
"9Hospital Universitario Germans Trias i Pujol, Barcelona, Spain",1
"9Gerència d’Àmbit d'Atenció Primària Barcelona Ciutat, Institut Català de la Salut, Primary Health Care Center La Mina, Sant Adrià de Besòs, Spain",1
"8Hospital Clinic, Barcelona, Spain",1
"7Hospital Universitario Virgen Macarena, Sevilla, Spain",1
"7Gerència del Medicament, Institut Català de la Salut, Gerència d’Atenció Primaria, Barcelona, Spain",1
"6Institut de Recerca Hospital de la Santa Creu i Sant Pau, Barcelona, Spain",1
"6Hospital del Mar Research Institute, Barcelona, Spain",1
"6Hospital Universitario Virgen de la Victoria, Málaga, Spain",1
"61 Department of Neurology, Basurto University Hospital, Vizcaya, Spain",1
"5Primary Health Care Center Raval Sud, Gerència d’Àmbit d'Atenció Primària Barcelona Ciutat, Institut Català de la Salut, Barcelona, Spain",1
"5Hospital Universitario Ramón y Cajal, Centro de Investigación Biomédica en Red de Diabetes y Enfermedades Metabólicas Asociadas (CIBERDEM), Madrid, Spain",1
"51 Neuromuscular Unit, Department of Neurology, Hospital del Mar, Barcelona, Spain",1
"<!--<label>4</label>--> Hip Unit, iMove Traumatologia Clínica Mitrestorres Barcelona Spain",1
"Addictive Behaviours Unit, Department of Psychiatry, Hospital de la Santa Creu i Sant Pau, Biomedical Research Institute Sant Pau (IIB Sant Pau), Barcelona, Spain",1
"Addiction Service, Hospital del Mar, 08003 Barcelona, Spain",1
"Addiction Research Group, Hospital del Mar Research Institute Barcelona, 08003 Barcelona, Spain",1
"Addiction Research Group (GRAd), Neuroscience Research Program, Hospital del Mar Research Institute, Spain",1
"Acute and Intensive Cardiovascular Care Unit, Department of Cardiology, Biomedical Research Institute, Hospital de la Santa Creu i Sant Pau, IIB-Sant Pau, 08041, Barcelona, Spain",1
"Acute and Intensive Cardiovascular Care Unit, Cardiology Department, Hospital del Mar, 08003, Barcelona, Spain",1
"Acute Geriatric Unit, Consorci Corporació Sanitària Parc Taulí, Sabadell, Spain",1
"Acute Cardiac Care Unit, Department of Cardiology Hospital Universitario de Canarias  Ctra. La Cuesta—Taco, Ofra s/n, 38320 San Cristóbal de La Laguna Tenerife Spain",1
"Ace Alzheimer Center Barcelona, Barcelona, Spain",1
"Ace Alzheimer Center Barcelona – Universitat Internacional de Catalunya, Barcelona, Spain",1
"Ace Alzheimer Center Barcelona - Universitat Internacional de Catalunya, Barcelona, Spain",1
Academia Española de Dermatologiía y Venereologiía Research Unit Fundaciión Piel Sana Madrid Spain,1
Academia Española de Dermatologiía y Venereologiía Research Unit Fundaciión Piel Sana &amp; Complexo Hospitalario Universitario de Vigo Servicio de Dermatologia Vigo Spain,1
Abteilung Dermatologie Universitätsklinikum Son Espases  Palma de Mallorca Spanien,1
"Abdominal Wall Surgery Unit, Hospital Universitari Vall d’Hebron, Barcelona, Spain",1
Abteilung Dermatologie Universitätsklinikum Río Hortega  Valladolid Spanien,1
Abteilung Dermatologie Universitätsklinikum Puerta del Mar  Cádiz Spanien,1
Abteilung Dermatologie Universitätsklinikum La Princesa  Madrid Spanien,1
Abteilung Dermatologie Universitätsklinikum La Paz  Madrid Spanien,1
Abteilung Dermatologie Universitätsklinikum Central de Asturias  Oviedo Spanien,1
Abteilung Dermatologie Universitätsklinikum 12 de Octubre  Madrid Spanien,1
Abteilung Dermatologie Hospital del Sureste Arganda del Rey Madrid Spanien,1
Abteilung Dermatologie Hospital del Mar Barcelona Spanien,1
Abteilung Dermatologie Hospital de la Santa Creu i Sant Pau Barcelona Spanien,1
Abteilung Dermatologie Hospital Virgen de las Nieves Granada Spanien,1
Abteilung Dermatologie Hospital Universitari Vall d´Hebron  Barcelona Spanien,1
Abteilung Dermatologie Hospital Universitari Germans Trias i Pujol Badalona Barcelona Spanien,1
Abteilung Dermatologie Hospital Infanta Leonor Madrid Spanien,1
Abteilung Dermatologie Hospital General Gregorio Marañon  Madrid Spanien,1
Abteilung Dermatologie Complexo Hospitalario Universitario A Coruña  A Coruña Spanien,1
Abteilung Dermatologie Universitätsklinikum San Cecilio  Granada Spanien,1
". Department of Rheumatology, Hospital del Mar, Barcelona, Spain",1
". Department of Rheumatology, Hospital de Sant Joan Despí Moises Broggi, Sant Joan Despí, Spain",1
". Department of Rheumatology, Hospital de Basurto, Bilbao, Spain",1
". Department of Rheumatology, Hospital Villajoyosa, Alicante, Spain",1
" . Otorhinolaryngology, Hospital del Mar, Barcelona, ESP",1
"Óscar Rodríguez-Nogueira, PhD, MSc, PT, SALBIS Research Group, Department of Nursing and Physiotherapy, Universidad de León, Campus de Ponferrada, Ponferrada, Spain",1
"Área del Corazón, Hospital Universitario Virgen de la Victoria, Málaga, Spain",1
"Área de Urgencias, Hospital Clínic de Barcelona",1
Área de Evaluación y Estadística Instituto de Evaluación Sanitaria Universidad Complutense Madrid Spain,1
"Àrea de Sistemes d’Informació, Servei Català de la Salut, Barcelona, España",1
"Àrea de Crítics, Parc Taulí Hospital Universitari, Sabadell, Spain",1
"Àrea Bàsica de Salut Gaudí, Consorci Sanitari Integral, Barcelona, Spain",1
"w H.U. La Paz, Madrid, Espa ña",1
the REDISSEC-CARESS/CCR group,1
"4Hospital Universitario Virgen del Rocío, Sevilla, Spain",1
"s:31:\Hospital de Terrassa, Barcelona\",1
"plantea recomendaciones generales y específicas para su tratamiento. Por último,",1
información del artículo Historia del artículo,1
"incluye la estimación del RV, criterios diagnósticos de las entidades que son factores de riesgo vascular (FRV),",1
" ICU Hospital de la Ribera, Alzira (Spain)",1
"• Hospital Universitario de la Princesa -Calle Diego de León 62, 28006. Madrid. Spain.",1
" Unidad VIH, Pospital Parc Salut Mar, Barcelona, España.",1
"documento de responsabilidades del autor,",1
"iMove Traumatología, Clínica Mi Tres Torres, Barcelona 08017, Spain",1
". Department of Rheumatology, Hospital Universitario Miguel Servet, Zaragoza, Spain",1
"Virgen Macarena University Hospital , Sevilla , Spain",1
" UCI Hospital la Moncloa, Madrid (Spain)",1
" Servicio de Reumatología, Hospital General Universitario Gregorio Marañón, Madrid, #N#Spain",1
" Servicio de Cirugía Torácica, Hospital Arnau de Vilanova, Lleida, España",1
" Servicio de Alergología, Hospital Universitario La Paz, Madrid, Spain",1
suicida y las necesidades de intervención en la población penitenciaria.,1
"4Grup de Diabetis d'Atenció Primària (DAP-Cat), Unitat de Suport a la Recerca Barcelona, Fundació Institut Universitari per a la recerca a l'Atenció Primària de Salut Jordi Gol i Gurina, Barcelona, Spain",1
"47 Functional Unit of Amyotrophic Lateral Sclerosis (UFELA), Service of Neurology, Bellvitge University Hospital, Hospitalet de Llobregat, Spain",1
"45 ALS Unit/Neurology, Hospital San Rafael, Madrid, Spain",1
"3Hospital General Universitario de Ciudad Real, Ciudad Real, Spain",1
"3Hematopoietic Transplantation Unit, Hematology Department, Clinical Institute of Hematology and Oncology, Hospital Clínic de Barcelona, Barcelona, Spain",1
"3Department of Medicine, Universitat Autònoma de Barcelona, Bellaterra, Spain",1
"38Department of Hematology, Vall d’Hebron University Hospital, Barcelona, Spain",1
"2Hospital Santa Creu i Sant Pau, Barcelona, Spain",1
"2Centro de Investigación Biomédica en Red de Diabetes y Enfermedades Metabólicas asociadas (CIBERDEM), Instituto de Salud Carlos III, Madrid, Spain",1
"1Vall d’Hebron Research Institute, Vall d’Hebron University Hospital, Barcelona, Spain",1
"1Hospital Universitario de Badajoz, Badajoz, Spain",1
"19 Neurology Service, Hospital Universitario La Paz, Madrid, Spain",1
"15Hospital Universitari Mutua de Terrassa, Barcelona, Spain",1
"14Universidad de Santiago de Compostela, Santiago de Compostela, Spain",1
"14Department of Medicine, University of Vic - Central University of Catalonia, Vic, Spain",1
". Department of Rheumatology, University Hospital of Donosti, Donosti, Spain.",1
"13Department of Endocrinology and Nutrition, Hospital de la Santa Creu i Sant Pau, Barcelona, Spain",1
"12Hospital Reina Sofía, Córdoba, Spain",1
"12Department of Endocrinology and Nutrition, Hospital Universitari Parc Taulí, Institut d’Investigació I Innovació Parc Tauli, Sabadell, Spain",1
"12 de Octubre University Hospital , Madrid , Spain",1
"11Hospital Infanta Sofía, Madrid, Spain",1
"11Centro de Investigación Biomédica en Red de Fisiopatología de la Obesidad y Nutrición (CIBEROBN), Instituto de Salud Carlos III, Madrid, Spain",1
"11Centro de Investigación Biomédica en Red de Enfermedades Cardiovasculares, Madrid, Spain",1
"10Hospital del Mar, Barcelona, Spain",1
"10Hospital del Mar Research Institute, Barcelona, Spain",1
"10Department of Endocrinology and Nutrition, Institut d’Investigacions Biomèdiques August Pi i Suñer, Hospital Clínic, Barcelona, Spain",1
. Sant Esteve Sesrovires. Barcelona.,1
". Physical Medicine and Rehabilitation Department, Parc de Salut Mar (Hospital del Mar, Hospital de l'Esperança), Barcelona, Catalonia, Spain.",1
". Physical Medicine and Rehabilitation Department, Parc de Salut Mar (Hospital del Mar,",1
". IRIDIS Group (Investigation in Rheumatology and Immune-Diseases), Galicia Sur Health Research Institute (IISGS), Vigo, Spain",1
". Faculty of Medicine and Life Sciences, Universitat Pompeu Fabra, Barcelona, Catalonia, Spain.",1
"13Hospital Sant Joan de Déu, Barcelona, Spain",1
"Barcelonaβeta Brain Research Center (BBRC), Pasqual Maragall Foundation, Barcelona, Spain. mcampo@barcelonabeta.org.",1
"Barcelonaβeta Brain Research Center (BBRC), Pasqual Maragall Foundation, Barcelona, Spain.",1
"Barcelonaβeta Brain Research Center (BBRC), Pasqual Maragall Foundation, 08005, Barcelona, Spain",1
"Barcelonaβeta Brain Research Center (BBRC), Pasqual Maragall Foundation Barcelona Spain",1
"Barcelonaβeta Brain Research Center (BBRC), Pasqual Maragall Foundation  Barcelona Spain",1
Barcelonaβeta Brain Research Center (BBRC) Pasqual Maragall Foundation  Barcelona Spain,1
"Barcelonabeta Brain Research Center, Pasqual Maragall Foundation, Barcelona, Spain",1
"Barcelonabeta Brain Research Center, Barcelona, Spain",1
"Barcelonabeta Brain Research Center, Barcelona, España",1
"Barcelona-Department of Internal Medicine, Hospital del Mar-IMIM, Autonomous University of Barcelona and CIBERFES, Instituto Carlos III, Spain",1
"Barcelona- Department of Internal Medicine, Hospital del Mar-IMIM, Instituto Carlos III, Autonomous University of Barcelona and CIBERFES, Barcelona, Spain",1
"Barcelona- Department of Internal Medicine, Hospital del Mar-IMIM, Autonomous University of Barcelona and CIBERFES, Instituto Carlos III, Spain",1
"Barcelona supercomputing Center, Barcelona",1
"Barcelona Supercomputing Center (BSC), Barcelona, Spain",1
"Advanced Heart Failure Unit, Department of Cardiology, IRYCIS. Hospital Universitario Ramón y Cajal, M-607, km. 9, 100, 28034, Madrid, Spain",1
"Barcelona Lab for Urban Environmental Justice and Sustainability, Institut de Ciencia i Tecnologia Ambientals (ICTA-UAB), Universitat Autonoma de Barcelona, Barcelona, Spain",1
"Barcelona Clínic Schizophrenia Unit (BCSU), Hospital Clínic de Barcelona University of Barcelona  Barcelona Spain",1
"Barcelona Biomedical Research Park, Barcelona, Spain",1
"Barcelona -Spain Hospital Universitario de Badajoz,",1
"Barcelona -Spain Hospital Universitario Clínico San Carlos, 5 Madrid -Spain",1
"Balearic Islands Health Research Institute, Cardiology Department, Son Espases University Hospital, Palma de Mallorca, Balearic Islands, Spain",1
"Balearic Islands Health Research Institute (IdISBa), University Hospital Son Espases, Edificio S, Carretera de Valldemossa, 79, 07120, Palma, Majorca, Spain",1
"Badalona Serveis Assistencials, Badalona, 08911, Spain",1
"Badalona Serveis Assistencials (BSA), Badalona, Spain",1
"Badalona Applied Research Group in Oncology (B-ARGO), Institut Investigació Germans Trias i Pujol (IGTP), Badalona, Spain.",1
"BCNatal, Hospital Clínic and Hospital Sant Joan de Déu, Universitat de Barcelona , Mejia Lequerica 1, 08028 Barcelona , Spain",1
"BCBL. Basque Center on Cognition, Brain and Language, Paseo Mikeletegui 69, 2, 20009 San Sebastián, Spain",1
"Autonomous University of Barcelona (UAB), Barcelona, Spain",1
"August Pi i Sunyer Biomedical Research Institute (IDIBAPS), Barcelona, ​​Spain",1
"August Pi I Sunyer Biomedical Research Institute (IDIBAPS), Barcelona, Spain",1
Barcelona Macula Foundation (Hospital Quirón-Teknon),1
"Biomedical Research Institute of Malaga (IBIMA) - Plataforma Bionand, UGC of Rheumatology, Regional University Hospital of Malaga, Department of Medicine and Dermatology, University of Malaga, Malaga, Spain.",1
"Biomedical Research Institute of Lleida Fundació Dr. Pifarré (IRBLleida), Lleida, Spain",1
"Biomedical Research Institute of Bellvitge (IDIBELL), Universitat de Barcelona, C/Feixa Llarga, s/n, 08907 L'Hospitalet de Llobregat, Barcelona, Spain",1
"Biomedical Research Institute (IRBLleida), Lleida, Spain",1
"Biomedical Research Group on Heart Disease (GREC), Hospital del Mar Medical Research Group (IMIM), Barcelona, Spain",1
"Biomedical Research Group in Gynecology, Vall Hebron Institute of Research, Universitat Autònoma de Barcelona. CIBERONC, Barcelona, Spain",1
"Biomedical Research Centre Network for or Cardiovascular Diseases - CIBERCV, Madrid, Spain",1
"Biomedical Research Centre Network for Infectious Diseases- CIBERINFEC, Madrid, Spain",1
"Biomedical Engineering, Faculty of Health and Life Sciences, Pompeu Fabra University, Barcelona, Spain",1
"Biomarkers Unit, Department of Applied Research and Technological Development, Fondazione Istituto Di Ricovero e Cura a Carattere Scientifico, Istituto Nazionale dei Tumori, Milano, Italy",1
"Bioinformatics and Medical Statistics Group, Facultat de Ciències i Tecnologia, UVIC-UCC, 08500 Vic, Barcelona, Spain",1
"Bioinformatics Unit, Instituto de Investigación Sanitaria-Fundación Jiménez Díaz University Hospital, Universidad Autónoma de Madrid (IIS-FJD, UAM) Madrid, Madrid, Spain",1
"Bioinformatics Department, ESCI-UPF, 08003 Barcelona, Spain",1
"Biodonostia Health Research Institute, Epidemiology of Chronic and Communicable Diseases Group , Paseo Dr Bergiristain, s/n, 20014, San Sebastián , Spain",1
"Biochemistry and Molecular Genetics Department Hospital Clínic de Barcelona, Institut d'Investigacions Biomèdiques August Pi Sunyer (IDIBAPS), University of Barcelona  Barcelona Spain",1
"Barcelonaβeta Brain Research Center (BBRC), Pasqual Maragall Foundation, Barcelona, Spain; Hospital del Mar Research Institute (IMIM), Barcelona, Spain (Spain)",1
"Biochemistry and Biotechnology Department, Human Nutrition Unit, IISPV, Universitat Rovira i Virgili, Hospital Universitari de Sant Joan, 43201, Reus, Spain",1
"Biobizkaia Health Research Institute, Plaza de Cruces 12, 48903 Barakaldo, Bizkaia, Spain",1
"Biobizkaia Health Research Institute ,  Plaza de Cruces 12, 48903 Barakaldo, Bizkaia ,",1
"Bioaraba Health Research Institute, Osakidetza Basque Health Service, Araba University Hospital, University of the Basque Country UPV/EHU, Vitoria-Gasteiz, 48013 Bilbao, Spain",1
"Bioaraba Health Research Institute, Cardiovascular, Respiratory and Metabolic Area, Osakidetza Basque Health Service, Araba University Hospital, University of the Basque Country UPV/EHU, Vitoria-Gasteiz, Spain",1
"Bioaraba Health Research Institute Osakidetza Basque Health Service, Araba University Hospital University of the Basque Country UPV/EHU, Vitoria-Gasteiz, Spain",1
"BioCruces Research Institute, University of the Basque Country Cruces Plaza, 48903 Barakaldo, Bizkaia, Spain",1
"BioCritic, Group for Biomedical Research in Critical Care Medicine, 47005 Valladolid, Spain",1
"Bio-Heart Cardiovascular Diseases Research Group, Bellvitge Biomedical Research Institute (IDIBELL), L’Hospitalet de Llobregat, 08908 Barcelona, Spain",1
"Bellvitge University Hospital, L'Hospitalet de Llobregat, Spain",1
"Bellvitge University Hospital, L'Hospitalet de Llobregat, Barcelona, Catalonia, Spain",1
"Basurto University Hospital, Bilbao, Spain",1
"Barcelonaβeta Brain Research Center, Pasqual Maragall Foundation, Barcelona, Spain",1
"Barcelonaβeta Brain Research Center, Fundació Pasqual Maragall, Barcelona, España",1
"Barcelonaβeta Brain Research Center (BBRC), Pasqual Maragall Foundation, Wellington 30, 08005, Barcelona, Spain",1
"Biochemistry and Molecular Biology Department, School of Biology, Complutense University, 28040 Madrid, Spain",1
"Angiology and Vascular Surgery Department, Hospital del Mar, Barcelona, Spain",1
"Anesthesiology and Critical Care, Clinical University Hospital of Valladolid, 47003 Valladolid, Spain",1
"Anesthesiology Department, Hospital del Mar, Barcelona, Spain",1
"Anemia Working Group of the Spanish Society of Nephrology , Madrid ,",1
"Anderson Cancer Center, Madrid, Spain",1
"Anaxomics Biotech SL, Barcelona, Spain",1
"Anatomía Patológica, Hospital del Mar, Barcelona, Spain.",1
"Anatomía Patológica, Hospital del Mar, Barcelona, España",1
"Anatomical Pathology Department, Hospital Sant Joan de Déu, Barcelona, Spain",1
"Anaesthesiology, Reanimation, and Pain Therapy Unit Parc de Salut MAR Institut Mar d'Investigacions Mèdiques (IMIM) Barcelona Spain",1
"Anaesthesia and Reanimation Department, Hospital General de Sant Boi, Barcelona, Spain",1
"Amyloidosis and Myeloma Unit, Hospital Clínic, Barcelona, Spain",1
"Althaia Xarxa Assistencial Universitària de Manresa (Gastroenterology Department, Manresa, Spain)",1
"Althaia (Xarxa Assistencial Universitària de Manresa), Manresa, Spain",1
"Attending Physician, Department of Orthopedic Surgery, Parc de Salut Mar, Barcelona, Spain",1
Allergy and Clinical Immunology Department Hospital Maternoinfantil Sant Joan de Déu  Barcelona Spain,1
Allergy Unit University Hospital of Salamanca‐IBSAL‐UMA‐ARADyAL Salamanca Spain,1
Allergy Unit Regional University Hospital of Malaga‐IBIMA‐UMA‐ARADyAL Malaga Spain,1
"Allergy Section, Marina Baixa Hospital Villajoyosa Spain",1
"Allergy Section, Department of Internal Medicine. Hospital Vall d’Hebron, Barcelona, ARADyAL research network, Instituto de Salud Carlos III (ISCIII),",1
"Allergy Section, Department of Internal Medicine, Hospital de Bellvitge, l’Hospitalet de Llobregat, Barcelona,",1
"Allergology Department, Hospital Universitario Arnau Vilanova, Valencia, Spain",1
"Alimentació, Nutrició, Desenvolupament i Salut Mental (ANUT-DSM), Departament de Bioquímica i Biotecnologia, Universitat Rovira i Virgili, Reus, Spain",1
"Alicante General Hospital, Spain",1
"Albacete General University Hospital, Albacete (Spain)",1
"Agència de Salut Pública de Catalunya (ASPCat), Barcelona, Spain",1
"Agència de Qualitat i Avaluació Sanitàries de Catalunya, Barcelona, Spain",1
"Agència de Qualitat I Avaluació Sanitàries de Catalunya (AQuAS), Barcelona, Spain",1
"Agencia de Qualitat i Avaluació Sanitaria de Catalunya, Catalan Agency for Quality and Health Assessment, Generalitat de Catalunya, Barcelona, Spain",1
"Advanced Practice Nurse, Sant Joan de Déu Maternity and Chidren’s Hospital, 08950 Esplugues de Llobregat, Spain",1
"Alonso Pérez-Toribio, PhD, MSc, RN, Unitat de Salut Mental de l’Hospitalet, Gerència Territorial Metropolitana Sud/Institut Català de la Salut, L’Hospitalet de Llobregat, Spain",1
"Attending Physician, Department of Orthopedic Surgery, Hospital de la Florida, Santiago de Chile",1
"Atlantic Fellow for Equity in Brain Health, The University of California San Francisco, San Francisco, California, USA",1
"Atherosclerosis Unit, Department of Internal Medicine, Hospital la Paz-Carlos III, Madrid, Spain. Electronic address: josemaria.mostaza@salud.madrid.org.",1
"Atención Primaria Institut Catalá de la Salut, EAP Cap LLibertat, 43201 Reus, Spain",1
"Atenció Primària i Hospital Universitari Mútua de Terrassa, Barcelona, Spain",1
"Associated Unit IIBB-IMIM, Barcelona, Spain",1
"Associate Profedsor Neurosurgery, Director Spine center Hospital del Mar, Barcelona, Spain",1
"Arrythmia Unit, Cardiology Department, Hospital del Mar, Barcelona, Universidad Pompeu Fabra , Paseo marítimo de la Barceloneta 25, 08003 Barcelona , Spain",1
"Arrythmia Unit, Cardiology Department, Hospital Universitario de Girona Dr Josep Trueta , Spain Avinguda de França, S/N, 17007 Girona , Spain",1
"Arrythmia Unit, Cardiology Department, Hospital Universitario de Burgos , Avda Islas Baleares 3, 09006 Burgos , Spain",1
"Arrhythmia Unit, Cardiology Department, Hospital del Mar, Barcelona, Spain",1
"Arrhythmia Unit, Cardiology Department, Hospital de Basurto, Bilbao, Spain",1
"Arrhythmia Unit, Cardiology Department, Hospital Universitario Virgen de la Arrixaca-IMIB, Murcia, Spain",1
"Arrhythmia Unit, Cardiology Department, Hospital Universitario Virgen Macarena, Sevilla, Spain",1
"Arrhythmia Unit, Cardiology Department, Hospital Universitario Puerta de Hierro, Madrid, Spain",1
"Antonio R. Moreno-Poyato, PhD, MSc, MHN, RN, Department of Public Health, Mental Health and Maternal and Child Health Nursing, Universitat de Barcelona, L'Hospitalet de Llobregat, Spain",1
"Arrhythmia Unit, Cardiology Department, Hospital Clínico Universitario, INCLIVA Foundation, Avenida Blasco Ibáñez 17, 46010, Valencia, Spain",1
"Arrhythmia Unit, Cardiology Department Hospital Virgen de la Victoria Málaga, Málaga, Spain",1
"Arrhythmia Section, Cardiology Department, Hospital Universitari Doctor Josep Trueta, Girona, Spain",1
"Area of Genomics and Health, Foundation for the Promotion of Sanitary and Biomedical Research of Valencia Region (FISABIO-Public Health), Valencia, Spain",1
Archivos de Bronconeumología xxx,1
Araba University Hospital,1
"Applied Metabolomics Research Laboratory, IMIM-Hospital Del Mar Medical Research Institute, 88 Doctor Aiguader, 08003, Barcelona, Spain",1
"Applied Metabolomics Research Group, Hospital del Mar Research Institute, Doctor Aiguader 88, 08003 Barcelona, Spain",1
"Applied Metabolomics Research Group, Hospital del Mar Research Institute, 08003 Barcelona, Spain",1
"Applied Metabolomics Research Group, Hospital del Mar Research Institute (IMIM), Doctor Aiguader 88, 08003 Barcelona, Spain",1
"Applied Metabolomics Research Group, Hospital Del Mar Medical Research Institute - (IMIM), Barcelona, Spain",1
"Applied Mathematics Department, University of Vigo, Vigo, Pontevedra, Spain",1
"Applied Clinical Research in Hematological Malignances Group, Cancer Research Program, Hospital del Mar Research Institute (HMRI), 08003 Barcelona, Spain",1
"Apheresis and Cell Therapy Unit, Haemotherapy and Haemostasis Department, Hospital Clinic Universitari, Barcelona, Spain",1
"Anxiety Unit, Hospital del Mar, Institute Neuropsychiatry and Addictions, Spain",1
"Arrhythmia Unit, Cardiology Department, Hospital Universitario Fundación Jiménez Díaz, Madrid, Spain",1
"Complejo Hospitalario Universitario de Pontevedra, Pontevedra, Spain.",1
"Complejo Hospitalario Universitario de Pontevedra (CHOP), Pontevedra, Spain.",1
"Complejo Hospitalario Universitario de Pontevedra (CHOP), 36071 Pontevedra, Spain",1
"Complejo Hospitalario Universitario de Pontevedra (CHOP), 36001 Pontevedra, Spain",1
Complejo Hospitalario Universitario de Pontevedra,1
"Complejo Hospitalario Universitario de Ourense, Ourense, España",1
"Complejo Hospitalario Universitario de Ourense, Orense, Spain",1
"Complejo Hospitalario Universitario de Orense (CHUO), Orense, Spain.",1
"Complejo Hospitalario Universitario de Orense (CHUO), 32005 Orense, Spain",1
"Complejo Hospitalario Universitario de Guadalajara, Guadalajara, España",1
"Complejo Hospitalario Universitario de Granada, Granada, Spain",1
"Complejo Hospitalario Universitario de Canarias, Santa Cruz De Tenerife, España",1
"Complejo Hospitalario Universitario de A Coruña, A Coruña, Spain.",1
"Complejo Hospitalario Universitario de A Coruña, A Coruña, Spain",1
"Cardiovascular Epidemiology and Genetics group, Hospital Del Mar Research Institute (IMIM), Barcelona, Spain",1
"Complejo Hospitalario Universitario Santiago de Compostela, Santiago de Compostela, A Coruña, Spain",1
Complejo Hospitalario Universitario Santiago de Compostela,1
"Complejo Hospitalario Universitario Insular Materno-Infantil de Canarias. Universidad de Las Palmas de Gran Canaria, Las Palmas de Gran Canaria, Spain;",1
"Complejo Hospitalario Universitario Insular Materno Infantil. Universidad de las Palmas de Gran Canaria, Las Palmas de Gran Canaria, Spain",1
"Complejo Hospitalario Universitario Insular Materno Infantil, Universidad de las Palmas de Gran Canaria, Las Palmas, Spain",1
"Complejo Hospitalario Universitario Insular Materno Infantil, Universidad de Las Palmas de Gran Canaria, Las Palmas de Gran Canaria, Spain",1
"Complejo Hospitalario Universitario Insular Materno Infantil, Las Palmas de Gran Canaria, Las Palmas, Spain",1
Complejo Hospitalario Universitario Insular Materno Infantil,1
"Complejo Hospitalario Universiatrio A Coruña, As Xubias, 84, 15006 A, Coruña, Spain",1
"Complejo Hospitalario Torrecárdenas, Almería, Spain",1
Complejo Hospitalario Torrecardenas,1
"Complejo Hospitalario Materno-Insular, 16853, Las Palmas de Gran Canaria, Spain;",1
"Complejo H.U. de Salamanca, Salamanca, Espa",1
"Complejo H.U. de A Coruña, A Coruña, España",1
"Complejo Asistencial de Salamanca, Salamanca, Spain",1
"Complejo Hospitalario Universitario Santiago de Compostela, Santiago, Spain",1
"Consorci Corporació Sanitària Parc Taulí, Sabadell, Spain",1
"Comunidad Terapéutica Jaén Servicio Andaluz de Salud, Jaén, Spain",1
"Computer Science Department, University of Oviedo, Oviedo, Spain",1
"Computational Neuroscience Group, Center for Brain and Cognition, Department of Information and Communication Technologies, Universitat Pompeu Fabra, Barcelona, Spain",1
"Comprehensive Stroke Unit, Hospital Clínic de Barcelona, Barcelona, Catalonia, Spain",1
"Comprehensive Stroke Unit, Hospital Clinic de Barcelona, Barcelona 08036, Spain",1
"Complutense University of Madrid, Madrid, Spain",1
"Complexo Universitario Hospitalario de Santiago de Compostela, A Coruña (Spain)",1
"Complexo Universitario Hospitalario Pontevedra, Pontevedra, España",1
Complexo Hospitalario Universitario de Vigo,1
"Complexo Hospitalario Universitario de Santiago, Santiago de Compostela, Spain",1
"Complexo Hospitalario Universitario de Ourense, Ourense",1
Complexo Hospitalario Universitario A Coruna,1
"Complexo Hospital Universitario de Santiago de Compostela, Santiago de Compostela, Spain",1
"Complejo Hospitalario Universitario de Santiago de Compostela, Santiago De Compostela, Galicia, Spain. Electronic address: juancueva@telefonica.net.",1
"Complex Hospitalari Moisès Broggi, Sant Joan Despí, Barcelona, Spain",1
"Complejo Universitario Asistencial de León, León, Spain",1
Complejo Universitario Asistencial de León,1
"Complejo Hospitalario de Toledo, Toledo, Spain.",1
"Complejo Hospitalario de Toledo, 45007 Toledo, Spain",1
"Complejo Hospitalario de Toledo, 45004 Toledo, Spain",1
Complejo Hospitalario de Ourense. CIBERSAM,1
"Complejo Hospitalario de Navarra, Pamplona, Spain.",1
"Complejo Hospitalario de Navarra, Pamplona, Navarra, Spain. Electronic address: nuria.lainez.milagro@navarra.es.",1
"Complejo Hospitalario de Navarra, Navarra, Spain",1
"Complejo Hospitalario Universitario, Hospital Abente y Lago, A Corūna, Spain",1
"Complejo Hospitalario Universitario de Vigo, Vigo, Spain",1
"Complejo Hospitalario Universitario de Toledo, Toledo, Spain",1
"Complejo Hospitalario Universitario de Toledo , Toledo , Spain",1
"Complejo Hospitalario Universitario de Toledo , Toledo , España",1
"Complex Hospitalari Moisès Broggi, Sant Joan Despí, Spain",1
"Colorectal Surgery Department, Complejo Hospitalario Universitario de A Coruña (CHUAC), 15006 A Coruña, Spain",1
"Colorectal Surgery Department at Hospital Universitario de la Princesa, Madrid, Spain",1
"Colorectal Cancer Group, ONCOBELL Program, Bellvitge Biomedical Research Institute (IDIBELL), L'Hospitalet de Llobregat, Barcelona, Spain",1
"Coloproctology Unit, Hospital Universitario Son Espases, Palma de Mallorca, Spain",1
"Coloproctology Unit, Health Research Institute of the Balearic Islands, 3D-Reconstruction Unit and Simulation Center, Hospital Universitario Son Espases, Professor of Human Embriology and Anatomy Department, University of Islas Baleares, Palma de Mallorca, Spain",1
"Cognitive NeuroLab, Open University of Catalonia (UOC), Barcelona, Spain",1
"Cognitive Impairment and Movement Disorders Unit, Department of Neurology, Hospital del Mar, Barcelona, Spain",1
"Cognitive Impairment Unit, Hospital Universitario Virgen Macarena, Seville, Spain",1
"Cognitive Disorders Unit, Hospital Universitari Santa Maria de Lleida, Lleida, Spain",1
Cognitive Decline and Movement Disorders Unit Neurology Department Hospital del Mar  Barcelona Spain,1
"Clínica Universidad de Navarra, Pamplona, España",1
Clínica Universidad de Navarra Pamplona Spain,1
Clínica Universidad de Navarra  Pamplona Spain,1
Clínica Universidad de Navarra  Madrid Spain,1
Complejo Asistencial de Palencia,1
"Clinical and Biological Research in Neurodegenerative Diseases, Integrative Pharmacology and Systems Neurosciences Research Group, Neurosciences Research Program, Hospital del Mar Research Institute (IMIM), Barcelona, Spain",1
"Clinical Trials Unit, Hospital del Mar, Barcelona, Spain",1
"Clinical Trial Unit, Institut Català d'Oncologia, Hospital Duran i Reynals, IDIBELL, Barcelona, Spain",1
"Clinical Toxicology Unit, Emergency Department. Hospital Universitari Son Espases, Palma, Spain",1
"Clinical Research and Clinical Trials Unit, Hospital Universitario Virgen del Rocio, Sevilla, Spain",1
"Clinical Research Unit, Hospital del Mar Research Institute, Barcelona, Spain.",1
"Clinical Research Unit, Hospital Universitario de Canarias, Tenerife, Spain",1
"Clinical Research Support Unit, Clinical Pharmacology Department, Bellvitge University Hospital/Bellvitge Biomedical Research Institute (IDIBELL) , L'Hospitalet de Llobregat, Barcelona, Spain",1
"Clinical Practice and Biology of the Hematological Malignancies Research Group, IdISBa, Son Espases University Hospital, 07120 Palma de Mallorca, Spain",1
"Clinical Pharmacology, Institut d′Investigacions Biomèdiques August Pi i Sunyer (IDIBAPS), 08036 Barcelona, Spain",1
"Clinical Pharmacology, ISABIAL, Hospital General Universitario de Alicante , Spain",1
"Clinical Pharmacology, Hospital Universitario La Paz, Instituto de Investigación Hospital Universitario La Paz (IdiPAZ), Universidad Autónoma de Madrid, Madrid, Spain",1
"Clinical Pharmacology Service, Hospital Universitari Vall d'Hebron, Barcelona, Spain",1
"Clinical Pharmacology Department, Hospital Universitario La Paz, Madrid, Spain",1
"Clinical Pharmacology Department Hospital Universitario de La Princesa, Instituto Teófilo Hernando, Instituto de Investigación Sanitaria La Princesa, Universidad Autónoma de Madrid  Madrid Spain",1
"Clinical and Molecular Genetics Area, Vall d'Hebron Hospital, Medicine Genetics Group, Vall d'Hebron Research Institute (VHIR), Barcelona, Spain",1
Complejo Asistencial Universitario de Salamanca/IBSAL  Salamanca Spain,1
"Complejo Asistencial Universitario de Palencia, Palencia, Spain",1
"Complejo Asistencial Universitario de Palencia, Palencia",1
"Complejo Asistencial Universitario de León, Spain",1
"Complejo Asistencial Universitario de León, León, España",1
Complejo Asistencial Universitario de León León Spain,1
"Complejo Asistencial Universitario de Burgos, Burgos, Spain.",1
"Complejo Asistencial Universitario León (Gastroenterology Department, León, Spain)",1
"Comisión Nacional de la Especialidad de Neumología. Hospital Universitario Central de Asturias. Facultad de Medicina. Instituto de Investigación Sanitaria del principado de Asturias (ISPA), Oviedo, España",1
"Colorectal and Gastrointestinal Department Hospital General Universitario de Elche Universidad Miguel Hernández, Elche, Alicante, Spain",1
"Colorectal Unit, Vall d’Hebrón University Hospital , Barcelona , Spain",1
"Colorectal Unit, Hospital Universitario y Politecnico La Fe, University of Valencia, Spain",1
"Colorectal Unit, Department of General and Digestive Surgery, Hospital Universitario Marqués de Valdecilla, 39008 Santander, Spain",1
"Colorectal Surgery, Vall d’Hebron University Hospital , Barcelona , Spain",1
"Colorectal Surgery, Vall d'Hebron University Hospital, Barcelona, Catalunya, Spain",1
"Colorectal Surgery Department, Complejo Hospitalario Universitario de Vigo, 36312 Vigo, Spain",1
Colorectal Surgery Vall d'Hebron University Hospital Barcelona Spain,1
"Colorectal Surgery Unit, Vall d'Hebrón University Hospital, Pº de la Vall d'Hebron, 119-129, Barcelona, 08035, Spain",1
"Colorectal Surgery Unit, Hospital Universitario Son Espases, Mallorca Spain,",1
"Colorectal Surgery Department, Hospital del Mar de Barcelona, 08003 Barcelona, Spain",1
"Colorectal Surgery Department, Hospital de la Princesa, Madrid, Spain",1
"Colorectal Surgery Department, Hospital Vall d'Hebron, Barcelona, Spain",1
"Colorectal Surgery Department, Hospital Universitario y Politécnico la Fe, Valencia, Spain",1
"Colorectal Surgery Department, Hospital Universitario de la Princesa, Instituto de Investigación Sanitaria Princesa (IIS-IP), Universidad Autónoma de Madrid (UAM), 28006 Madrid, Spain",1
"Colorectal Surgery Department, Hospital Politécnico Universitario la Fe, 46026 Valencia, Spain",1
"Colorectal Surgery Department, Hospital General Universitario Gregorio Marañón, 28007 Madrid, Spain",1
"Colorectal Surgery Department, Hospital Clínico Universitario de Santiago, Santiago de Compostela, La Coruña, Spain",1
"Colorectal Surgery Department, Hospital Arnau de Vilanova de Lleida, 25198 Lleida, Spain",1
"Colorectal Surgery Department, Complexo Hospitalario Universitario de Vigo, Vigo, Spain",1
"Colorectal Surgery Department, Complexo Hospitalario Universitario de Ourense, 32005 Ourense, Spain",1
"Colorectal Surgery Department, Complejo Hospitalario Universitario de Vigo, Spain",1
"Colorectal Surgery, Badajoz University Hospital, Badajoz, Spain",1
"Departament Anesthesiology and Surgical Intensive Care, Valladolid University Clinical Hospital, 47003 Valladolid, Spain",1
"Deparment of Neurosurgery, Complejo Asistencial Universitario de Salamanca, University of Salamanca, Salamanca, Spain",1
"Deparment of Dermatology, Hospital General Universitario Jose Ma Morales Meseguer, Murcia, Spain",1
"Dementia Unit, Department of Neurology, Hospital Universitario Virgen del Rocío, Seville, Spain",1
"Dean Nursing Faculty, Universitat Rovira i Virgili, Tarragona, Spain.",1
"Data Science for Health Services and Policy Research Group, Institute for Health Sciences (IACS), Zaragoza, Aragon, 50009, Spain",1
"Data Science for Health Services and Policy Research Group, Institute for Health Sciences (IACS) , Zaragoza, Aragon, 50009, Spain",1
"Dana-Farber Cancer Institute and Brigham and Women's Hospital, Harvard Medical School, Boston, MA, USA",1
"DDepartment of Immunology, IMIM Hospital del Mar Research Institute, Barcelona, Spain",1
"DDepartment of Dermatology, Hospital del Mar Research Institute. Universitat Pompeu Fabra, Barcelona, Spain",1
"Córdoba, Espa ña h H.U. Virgen del Rocío, Valencia, Espa",1
"Cátedra Universidad Autónoma de Madrid UAM-Roche, enfermedad pulmonar intersticial difusa (EPID)-Future, Department of Medicine, Universidad Autónoma de Madrid (UAM), Madrid, Spain",1
"Cytometry Service, NUCLEUS",1
"Cruces University Hospital, BioCruces Bizkaia, UPV/EHU, Endo-ERN, Barakaldo, Spain",1
Consorci Hospital General Universitari de València,1
"Critical Illness Research Group (GREPAC), Hospital del Mar Research Institute (IMIM), Barcelona, Spain",1
"Critical Care Medicine, Complejo Hospitalario de Jaén, Jaén, ESP",1
"Critical Care Dept, Hospital Vall d'Hebrón, Barcelona, Spain",1
"Critical Care Dept, Hospital Universitario de Gran Canaria Dr Negrín, CIBERES, Las Palmas de Gran Canaria, Spain",1
"Critical Care Dept, Hospital Universitario Donostia, San Sebastián, Spain",1
"Critical Care Dept, Hospital Universitari de Tarragona Joan XXIII, URV/IISPV/CIBERES, Tarragona, Spain",1
"Critical Care Dept, Hospital Son Llàtzer, Palma de Mallorca, Spain",1
"Critical Care Dept, Hospital Del Mar, Research Group in Critical Disorders (GREPAC), IMIM, Barcelona, Spain",1
"Critical Care Department, Hospital del Mar-Parc de Salut MAR. GREPAC-Group Recerca Departamento de Medicina y Ciencias de la Vida Universitat Pompeu Fabra (UPF), Barcelona, Spain",1
"Critical Care Department, Hospital del Mar-IMIM; Critical Illness Research Group (GREPAC), Barcelona, Spain",1
"Critical Care Department, Hospital del Mar-IMIM, Barcelona, Spain",1
"Critical Care Department, Hospital del Mar-IMIM",1
"Critical Care Department, Hospital del Mar de Barcelona. Critical illness research group (GREPAC), Hospital del Mar Research Institute (IMIM)",1
"Critical Care Department, Hospital del Mar de Barcelona, Spain",1
"Critical Care Department, Hospital del Mar Barcelona, Barcelona, Spain",1
"Critical Illness Research Group (GREPAC), IMIM (Hospital Del Mar Medical Research Institute), Barcelona, Spain",1
"Departament of Occupational Risk Prevention, Virgen de la Arrixaca's Hospital (HCUVA), Murcia, Spain",1
"Departament of Medicine, School of Medicine, University of Sevilla",1
"Departament of Geriatrics Hospital Vall d'Hebron, Barcelona, Spain",1
"Departament of Clinical Analysis, Hospital Universitario de la Princesa, Diego de Leon 62, 28006 Madrid, Spain",1
"Departament d’Endocrinologia i Nutrició, Hospital Universitari Arnau de Vilanova, 25198 Lleida, Spain",1
"Departament de Salut, VINCat Programme - Surveillance of Healthcare Related Infections in Catalonia, Barcelona, Spain",1
"Departament de Salut, Generalitat de Catalunya, Barcelona, Spain",1
"Departament de Salut de Catalunya, Catsalut, Barcelona, Spain",1
Departament de Salut Organització Catalana de Trasplantaments Barcelona Spain,1
"Departament de Salut Catalunya, Pla Director Malalties Vasculars Cerebrals, Barcelona, Spain.",1
"Departament de Psicologia Clínica i de la Salut, Facultat de Psicologia, Universitat Autònoma de Barcelona, Bellaterra, Cerdanyola del Vallès, Barcelona, Spain",1
"Departament de Medicina, Universitat Autònoma de Barcelona, Barcelona, Spain",1
"Departament de Medicina, Universitat Autònoma de Barcelona (Barcelona, Spain)",1
"Departament de Medicina i Cirurgia, University Rovira i Vigili, IISPV, CIBERDEM, 43007 Tarragona, Spain",1
"Departament de Medicina i Cirurgia, Unitat de Recerca en Lípids i Arteriosclerosi (URLA) Universitat Rovira i Virgili  Reus Spain",1
"Departament de Bioquímica I Biotecnologia, Universitat Rovira I Virgili, Unitat de Nutrició Humana, Reus, Spain",1
"Departament de Matemàtiques, Barcelona Graduate School of Mathematics (BGSMath), Universitat Autònoma de Barcelona (UAB), Barcelona, Spain",1
"Departament de Geografia, Universitat de Barcelona, 08001, Barcelona, Spain",1
"Departament de Ciències, Experimentals I de La Salut, Universitat Pompeu Fabra, Dr. Aiguader 88, 08003, Barcelona, Spain",1
"Departament de Ciències Polítiques i Socials, Pompeu Fabra University, 08005, Barcelona, Spain",1
Departament de Ciències Mèdiques Bàsiques Universitat Rovira i Virgili  Reus Spain,1
"Departament de Cirurgia i Especialitats Medicoquirúrgiques, Facultat de Medicina i Ciències de la Salut, Universitat de Barcelona (UB), Carrer Casanova 143, 08036, Barcelona, Spain",1
"Departament de Bioquímica i Biotecnologia, Unitat de Nutrició, Universitat Rovira i Virgili, Reus, Spain",1
"Departament de Bioquímica i Biotecnologia, Unitat de Nutrició, Universitat Rovira i Virgili, 43201 Reus, Spain",1
"Departament de Bioquímica i Biotecnologia, Unitat de Nutrició, Universitat Rovira i Virgili , Reus , Spain",1
"Departament de Bioquímica i Biotecnologia Unitat de Nutrició. Universitat Rovira i Virgili Campus Sescelades. C/ Marcel·lí Domingo, 1. Reus Tarragona 43007 Spain",1
"Departament de Bioquímica i Biotecnologia Unitat de Nutrició. Universitat Rovira i Virgili  Campus Sescelades. C/ Marcel·lí Domingo, 1. Reus Tarragona 43007 Spain",1
Departament de Bioquímica i Biotecnologia Unitat de Nutrició Universitat Rovira i Virgili  Reus 43201 Spain,1
"Departament de Bioquímica i Biotecnologia Unitat de Nutrició Humana, Hospital Universitari San Joan de Reus Universitat Rovira i Virgili  Reus 43202 Spain",1
"Departament de Bioquímica i Biologia Molecular and Institut de Neurociències. Facultat de Medicina, Universitat Autònoma de Barcelona (UAB), Barcelona, Spain",1
"Departament de Bioquímica I Biotecnologia, Universitat Rovira I Virgili, Unitat de Nutrició, Reus, Spain",1
"Departament de Medicina Experimental, Universitat de Lleida, 25198 Lleida, Spain",1
"Consortium Center for Biomedical Research Network (CIBER), M.P. Pathophysiology of Obesity and Nutrition (CIBERobn), Instituto de Salud Carlos III, 28029 Madrid, Spain",1
"Consortium Center for Biomedical Research Network (CIBER), M.P. Epidemiology and Public Health (CIBEResp), Carlos III Health Institute, 28029 Madrid, Spain",1
"Consortium Center for Biomedical Research Network (CIBER), M.P. Cardiovascular Diseases (CIBERcv), Instituto de Salud Carlos III, 28029 Madrid, Spain",1
"Consorcio de Investigación Biomédica en Red, Epidemiología y Salud Pública Barcelona, España",1
"Consorcio Hospital General Universitario, Valencia, Spain",1
"Consorcio Hospital General Universitario de Valencia, Spain",1
Consorcio Hospital General Universitario de Valencia,1
"Consorcio Centro de Investigación Biomédica en Red de Enfermedades Infecciosas (CIBERINFEC), Instituto de Salud Carlos III, Madrid, Spain",1
"Consorcio CIBER, M.P. Fisiopatología de la Obesidad y Nutrición (CIBERObn), Instituto de Salud Carlos III (ISCIII), 28029, Madrid, Spain",1
"Consorcio CIBER, M.P. Fisiopatología de la Obesidad y Nutrición (CIBEROBN), Instituto de Salud Carlos III (ISCIII), Madrid, Spain",1
"Consorcio CIBER, Fisiopatología de la Obesidad y Nutrición (CIBERObn) Instituto de Salud Carlos III (ISCIII) Madrid 28029 Spain",1
"Consorci Sanitari del Maresme, Hospital de Mataró, Barcelona, Spain",1
"Consorci Sanitari del Maresme, Barcelona",1
"Consorci Sanitari de l'Anoia, Avda Catalunya, 11, 08700, Igualada, Spain",1
"Critical Care Department, Hospital de La Princesa, Madrid, Spain",1
"Consorci Sanitari de Terrassa, Barcelona, Spain",1
Consorci Sanitari de Terrassa,1
"Consorci Sanitari Integral, L'Hospitalet de Llobregat, Spain. Electronic address: mesastre@csi.cat.",1
"Consorci Sanitari Integral, Hospital Moisés Broggi, Sant Joan Despí, Spain.",1
"Consorci Sanitari Integral, Hospital Moisés Broggi, 08970 Sant Joan Despí, Spain",1
"Consorci Sanitari Integral, Hospital Moisés Broggi, 08970 Sant Joan Despí, Barcelona, Spain",1
"Consorci Sanitari Integral, Hospital General de L’Hospitalet, L’Hospitalet de Llobregat, Barcelona, Spain.",1
"Consorci Sanitari Integral, Hospital General de L'Hospitalet, L'Hospitalet de Llobregat, Barcelona, Spain",1
Consorci Sanitari Integral Hospital General de L´Hospitalet L´Hospitalet de Llobregat  Barcelona Spain,1
"Consorci Sanitari Alt Penedès-Garraf, Vilafranca del Penedès, Spain",1
"Consorci Sanitari Alt Penedès-Garraf, Barcelona, Spain",1
Consorci Parc de Salut MAR de Barcelona,1
Consorci Hospitalari de Vic. Carrer de Francesc Pla el Vigatà  Vic Spain,1
"Consorci Hospitalari de Vic, Vic, Spain",1
"Consorci Hospitalari de Vic, Vic, Barcelona, Spain",1
"Consorci Sanitari de Terrassa, Terrassa, 08227, Spain",1
"Critical Care Department, Hospital Universitario de Jerez, Jerez de la Frontera, Spain",1
"Critical Care Department, Hospital Universitario de Guadalajara, Guadalajara, Spain",1
"Critical Care Department, Hospital Universitario de Burgos, Burgos, Spain",1
"Critical Care Department, Hospital Universitario Lucus Augusti, Lugo, Spain",1
"Critical Care Department, Hospital Universitario Dr. Negrin/Universidad Fernando Pessoa, Las Palmas de Gran Canaria, Spain",1
"Critical Care Department, Hospital Universitari de Tarragona Joan XXIII, Tarragona, Spain",1
"Critical Care Department, Hospital Universitari Joan XXIII, URV, CIBERES, Tarragona, Spain.",1
"Critical Care Department, Hospital Son Llatzer, Palma de Mallorca, Spain",1
"Critical Care Department, Hospital Dr. Peset, Valencia, Spain",1
"Critical Care Department, Hospital Del Mar, Barcelona, Spain",1
"Critical Care Department – Hospital del Mar, Barcelona, Spain",1
"Critical Care Department – Hospital Universitario de Tarragona Joan XXIII, Mallafre Guasch 4, Tarragona, 43005, Spain",1
"Critical Care Department – Hospital Dr. Negrin, Las Palmas de Gran Canaria, Spain",1
"Critical Care Department Hospital –Hospital de Henares, Coslada, Spain",1
"Critical Care Department Hospital –Hospital Universitari i Politènic la Fe, Valencia, Spain",1
Consulta cardiología Galve Basilio Barcelona Spain,1
"Critical Care Department Hospital – Arnau de Vilanova, Valencia, Spain",1
"Critical Care Department Hospital del Mar-Parc de Salut MAR. GREPAC-Group Recerca Departamento de Medicina y Ciencias de la Vida Universitat Pompeu Fabra (UPF), Barcelona, Spain",1
"Critical Care Department Hospital de Guadalajara, Guadalajara, Spain",1
Critical Care Department Hospital Universitario de Tarragona Joan XXIII,1
"Critical Care Center, ParcTaulí Hospital Universitari, Institut d'Investigació i Innovació Parc Taulí I3PT, Sabadell, Spain",1
"Corporación Sanitaria Parc Taulí, Barcelona, Spain",1
"Corporació del Maresme i la Selva, Barcelona, Spain",1
"Corporació Sanitària Parc Taulí, Parc Taulí, 1., 08208, Barcelona, Spain",1
"Corporació Sanitaria Parc Taulí, Althaia, Hospital del Mar, Hospital Clínico San Carlos, Hospital Universitario La Paz, Hospital Infanta Sofía, Hospital Universitario Fundación Alcorcón, Hospital Galdakao-Usansolo, Hospital Uni-versitario Araba, Hospital Universitario Basurto, Hospital Universitario Cruces,",1
"Corporació Sanitaria Parc Tauli, Sabadell, Spain",1
Corporació Sanitaria Parc Tauli  Sabadell Spain,1
"Coordinación de trasplantes, Hospital Universitario Marqués de Valdecilla/IDIVAL, Universidad de Cantabria, Santander, España",1
"Coordinación Autonómica de Trasplantes de Andalucía, Sevilla, Spain",1
"Continúa a pie de página) Contribución de los autores: Todos los autores han confirmado su autoría en el documento de responsabilidades del autor,",1
"Consultant Neurosurgeon Hospital de Sant Pau, Barcelona, Spain",1
"Critical Care Department Hospital – Hospital Son Llatzer, Palma de Mallorca, Spain",1
"Centro de Investigación Biomédica en Red Enfermedades infecciosas, CIBERINFEC Instituto de Salud Carlos III, Madrid, Spain",1
"Centro de Investigación Biomédica en Red Enfermedades Respiratorias (CIBERES), Instituto de Investigación Carlos III, Madrid, Spain",1
"Centro de Investigación Biomédica en Red Enfermedades Infecciosas (CIBERINFEC), Instituto de Salud Carlos III, Madrid, Spain",1
Centro de Investigación Biomédica en Red Enfermedades Hepáticas y Digestivas  Madrid Spain,1
"Centro de Investigación Biomédica en Red Diabetes y Enfermedades Metabólicas (CIBERDEM), Instituto de Salud Carlos III (ISCIII), Madrid, Spain",1
"Centro de Investigación Biomédica en Red Bioingeniería, Biomateriales y Nanomedicina, Madrid, Spain",1
Centro de Investigación Biomédica en Red Bioingeniería Biomateriales y Nanomedicina (CIBERBBN) Instituto de Salud Carlos III  Madrid Spain,1
"Centro de Investigación Biomédica en Red - Fisiopatología de la Obesidad y Nutrición (CIBEROBN), Instituto de Salud Carlos III, Madrid, Spain",1
"Centro de Investigación Biomédica en Red (CIBERESP) de Epidemiología y Salud Pública, Instituto de Salud Carlos III, Madrid, Spain",1
Centro de Investigación Biomédica en Red (CIBER) de Fisiopatología de la Obesidad y Nutriciόn (CIBEROBN) Instituto de Salud Carlos III  Madrid Spain,1
"Centro de Investigación Biomédica en Red (CIBER) de Epidemiología y Salud Pública, Instituto de Salud Carlos III, Madrid, Spain.",1
"Centro de Investigación Biomédica en Red (CIBER) Salud Mental, Madrid, Spain",1
"Centro de Investigación Biomédica en RED (CIBEREHD), Madrid, Spain",1
"Centro de Investigacion Biomédica en Red de Enfermedades Hepaticas y Digestivas, Hospital Department of Gastroenterology and Hepatology, Universitario Germans Trias i Pujol , Barcelona , Spain",1
Clinical Pharmacology Department Clínica Universidad de Navarra Pamplona Spain,1
"Centro de Infertilidad y Reproducción Humana (CIRH), 08017, Barcelona, Spain",1
"Centro de Biología Molecular Severo Ochoa, CSIC-UAM, Madrid, Spain",1
"Centro de Atención Primaria Casc Antic, Instituto Catalán de Salud, Gerencia territorial de Barcelona, Barcelona, Spain",1
Centro Singular de Investigación en Medicina Molecular y Enfermedades Crónicas (CIMUS) Universidade de Santiago de Compostela Santiago de Compostela Spain,1
"Centro Sanitario Sandoval, Calle de Sandoval, 7, 28010 Madrid, Spain",1
"Centro Salud San Vicente del Raspeig, Alicante, Spain",1
"Centro Oncológico de Galicia, A Coruña, Spain.",1
"Centro Nacional de Microbiología, CIBERINFEC, Instituto de Salud Carlos III, Madrid, España",1
"Centro Nacional de Investigaciones Oncológicas (CNIO), Madrid, Spain",1
"Centro Nacional de Biotecnología (CNB), UAM-CSIC, Madrid, Spain",1
"Centro Médico Teknon, Barcelona, España",1
Centro Médico Teknon Barcelona Spain,1
Centro Médico Teknon  Barcelona Spain,1
"Centro Investigación Biomédica en Red (CIBER) Oncología (CIBERONC) y Enfermedades Hepáticas y Digestivas (CIBEREHED), Madrid, Spain",1
Centro Integral Oncológico Clara Campal START Madrid – Clara Campal Comprehensive Cancer Center (CIOCC)  Madrid Spain,1
"Centro de Investigacion Biomedica en Red Cancer (CIBERONC), Madrid, Spain",1
Centro de Investigación Biomédica en Red de Enfermedades Hepáticas y Digestivas Instituto de Salud Carlos III  Madrid Spain,1
"Centro de Investigación Biomédica en Red de Enfermedades Hepáticas y Digestivas (CIBERehd), Madrid, Spain",1
"Centro de Investigación Biomédica en Red de Enfermedades Hepáticas y Digestivas (CIBEREHD), Madrid, Spain",1
"Centro de Investigación Biomédica en Red de Enfermedades Hepáticas y Digestivas (CIBEREHD) , Madrid , Spain",1
"Centro de Investigación Biomédica en Red de Enfermedades Cardiovasculares, Grupo de Trabajo en Epidemiología y Genética Cardiovascular, Instituto Hospital del Mar de Investigaciones Médica (IMIM), Barcelona, Spain",1
Centro de Investigación Biomédica en Red de Enfermedades Cardiovasculares Instituto de Salud Carlos III Madrid Spain,1
"Centro de Investigación Biomédica en Red de Enfermedades Cardiovasculares (CIBERCV), Spain; Departamento de Cardiología, Hospital Clínico de Valencia, Valencia, Spain",1
"Centro de Investigación Biomédica en Red de Enfermedades Cardiovasculares (CIBERCV), Spain; Departamento de Cardiología, Hospital Clínico Universitario de Valladolid, Valladolid, Spain. Electronic address: ijamat@gmail.com.",1
"Centro de Investigación Biomédica en Red de Enfermedades Cardiovasculares (CIBERCV), Spain; Departamento de Cardiología, Hospital Clínico Universitario de Valladolid, Valladolid, Spain.",1
"Centro de Investigación Biomédica en Red de Enfermedades Cardiovasculares (CIBERCV), Spain; Departamento de Cardiología, Complejo Asistencial Universitario de Salamanca, Salamanca, Spain.",1
"Centro de Investigación Biomédica en Red de Enfermedades Cardiovasculares (CIBERCV), Instituto de Salud Carlos III, 28029 Madrid, Spain",1
"Centro de Investigación Biomédica en Red de Enfermedades Cardiovasculares (CIBERCV), España",1
"Centro de Investigación Biomédica en Red de Enfermedades Cardiovasculares (CIBER-CV), Madrid, Spain",1
"Centro de Investigación Biomédica en Red de Diabetes y Enfermedades Metabólicas Asociadas (CIBERDEM), Instituto de Salud Carlos III, Madrid, Spain.",1
"Centro de Investigación Biomédica en Red Epidemiología y Salud Pública (CIBERESP), Instituto de Salud Carlos III, Madrid, Spain",1
Centro de Investigación Biomédica en Red de Diabetes y Enfermedades Metabólicas Asociadas (CIBERDEM) Instituto de Salud Carlos III (ISCIII)  Madrid Spain,1
Centro de Investigación Biomédica en Red de Cáncer – CIBERONC  Madrid Spain,1
"Centro de Investigación Biomédica en Red de Cáncer (CIBERONC), Madrid, 28029, Spain",1
"Centro de Investigación Biomédica en Red de Cáncer (CIBERONC), Instituto de Salud Carlos III, Madrid, Spain",1
Centro de Investigación Biomédica en Red de Cáncer (CIBERONC)  Barcelona Spain,1
"Centro de Investigación Biomédica en Red de Cancer (CIBERONC), Spain",1
"Centro de Investigación Biomédica en Red de Bioingeniería, Biomateriales y Nanomedicina, Instituto de Salud Carlos III  Madrid Spain",1
Centro de Investigación Biomédica en Red de Bioingeniería Biomateriales y Nanomedicina (CIBER‐BBN) Instituto de Salud Carlos III  Madrid Spain,1
"Centro de Investigación Biomédica en Red Salud Mental (CIBERSAM), Madrid, Spain",1
Centro de Investigación Biomédica en Red Fisiopatología de la Obesidad y la Nutrición (CIBEROBN) Institute of Health Carlos III Madrid 28029 Spain,1
"Centro de Investigación Biomédica en Red Fisiopatología de la Obesidad y la Nutrición (CIBEROBN) Institute of Health Carlos III C/ Monforte de Lemos, 5. Madrid 28029 Spain",1
Centro de Investigación Biomédica en Red Fisiopatología de la Obesidad y la Nutrición (CIBEROBN) Institute of Health Carlos III  Madrid 28029 Spain,1
"Centro de Investigación Biomédica en Red Fisiopatología de la Obesidad y la Nutrición (CIBEROBN) Institute of Health Carlos III  C/ Monforte de Lemos, 5. Madrid 28029 Spain",1
"Centro de Investigación Biomédica en Red Fisiopatología de La Obesidad y La Nutrición (CIBEROBN), Instituto de Salud Carlos III, Madrid, Spain",1
"Centro de Investigación Biomédica en Red Fisiopatología de Epidemiología y Salud Pública (CIBERESP), Institute of Health Carlos III, 28029 Madrid, Spain",1
"Centro de Investigación Biomédica en Red de Diabetes y Enfermedades Metabólicas Asociadas (CIBERDEM), Instituto de Salud Carlos III (ISCIII), 28029 Madrid, Spain",1
"Cavanilles Institute of Biodiversity and Evolutionary Biology, University of Valencia, C/ Catedrático José Beltrán 2, 46980, Paterna, Valencia, Spain",1
"Catalonian Cancer Strategy, Health Department, Hospital Duran i Reynals Hospital, Av. Gran Via de l'Hospitalet, 199-203- 1ª planta,08908 L'Hospitalet de Llobregat, Barcelona, Spain",1
"Catalan Transplantation Organization, Spain",1
"Catalan Stroke Program, Hospital Universitari Germans Trias i Pujol, Badalona, Spain",1
"Catalan Sports Council, Generalitat de Catalunya, Barcelona, Spain",1
"Catalan Institution of Research and Advanced Studies (ICREA), Barcelona, Spain",1
"Catalan Institution for Research and Advanced Studies (ICREA), Universitat Autònoma de Barcelona (UAB), Institute for Environmental Sciences and Technology (ICTA), Barcelona Laboratory for Urban Environmental Justice and Sustainability, Medical Research Institute Hospital Del Mar (IMIM), 08003, Barcelona, Spain",1
"Catalan Institution for Research and Advanced Studies (ICREA), Barcelona, Spain",1
Catalan Institution for Research and Advanced Studies (ICREA)  Barcelona Spain,1
"Catalan Institute of Oncology, Hospital Josep Trueta, Girona, Spain",1
"Catalan Institute of Oncology, Hospital Bellvitge, Barcelona, Spain",1
"Catalan Institute of Oncology, Barcelona, Spain",1
"Catalan Institute for Research and Advanced Studies (ICREA) , Barcelona , Spain",1
"Carlos Haya University Hospital, Spain",1
"Centre for Research in Occupational Health, University Pompeu Fabra/Hospital del Mar Research Institute, Edifici PRBB (campus del Mar), Doctor Aiguader, 8808003, Barcelona, Spain. consol.serra@upf.edu.",1
"Cardiólogo y epidemiólogo cardiovascular, Hospital del Mar/Parc de Recerca Biomèdica de Barcelona, Barcelona, Spain",1
"Cardiovascular epidemiology and genetics, Hospital del Mar Research Institute (IMIM) , Carrer del Dr. Aiguader, 88, 08003, Barcelona , Spain",1
Cardiovascular and Nutrition Research Group Institut de Recerca Hospital del Mar  Barcelona 08003 Spain,1
"Cardiovascular and Nutrition Research Group IMIM. Consorcio CIBER, M.P. Epidemiologia y Salud Pública (CIBEResp), Instituto de Salud Carlos III (ISCIII)  Barcelona Spain",1
"Cardiovascular Surgery Department, Hospital Clínic, Barcelona, Spain",1
"Cardiovascular Surgery Department, Hospital Clínic de Barcelona, Barcelona, Spain",1
"Cardiovascular Risk and Nutrition Research Group, IMIM Hospital del Mar Medical Research Institut, 08003 Barcelona, Spain",1
"Cardiovascular Risk and Nutrition Research Group, Hospital del Mar Institute for Medical Research (IMIM), 08003 Barcelona, Spain",1
"Cardiovascular Risk and Nutrition Research Group (CARIN), Hospital del Mar, Barcelona, Spain",1
"Cardiovascular Risk and Nutrition Research Group (CARIN), Hospital del Mar Research Institute (IMIM), Departament de Medicina, Universitat Autònoma de Barcelona, 08003 Barcelona, Spain",1
"Cardiovascular Risk and Nutrition Research Group (CARIN), Hospital del Mar Institute for Medical Research, 08003 Barcelona, Spain",1
"Cardiovascular Risk and Nutrition Group, Hospital del Mar Research Institute (IMIM), Barcelona, Spain;",1
"Cardiovascular Risk and Nutrition (Regicor Study Group), Hospital Del Mar Research Institute (IMIM), Barcelona, Spain",1
"Cardiovascular Medicine Unit, Department of Medicine, Karolinska Institutet, Stockholm, Sweden",1
Cardiovascular Genetics Center Institut d'Investigació Biomèdica de Girona Dr. Josep Trueta (IdIBGi) Salt Spain,1
"Careggi University Hospital, Florence, Italy",1
Centre for Research in Environmental Epidemiology (CREAL) ISGlobAL Barcelona Spain,1
"Centre for Genomic Regulation (CRG), The Barcelona Institute of Science and Technology, Barcelona, Spain.",1
"Centre for Genomic Regulation (CRG), The Barcelona Institute of Science and Technology, Barcelona, Spain",1
"Centre for Genomic Regulation (CRG), The Barcelona Institute for Science and Technology, Barcelona, Spain",1
"Centre for Biomedical Research in Mental Health (CIBERSAM), Spain",1
"Centre for Biomedical Research in Mental Health (CIBERSAM), Instituto de Salud Carlos III, Madrid, Spain",1
"Centre for Biomedical Research Network Respiratory Diseases (CIBERES), 43005 Tarragona, Spain",1
"Centre for Biomedical Network Research on Rare Diseases (CIBERER), Instituto de Salud Carlos III, Madrid, Spain",1
"Centre de Salut Mental D’adults (CSMA) de Sarria-Sant Gervasi, Associació Centre D’higiene Mental Les Corts, Grup CHM Salut Mental, 08029 Barcelona, Spain",1
"Centre de Recerca Experimental Biomèdica Aplicada (CREBA), IRBLleida, Lleida, Spain",1
"Centre Fòrum de l´Hospital del Mar, Institut de Neuropsiquiatria i Addiccions, Parc de Salut Mar, Barcelona, Spain",1
"Centre Fòrum Research Unit, Institute of Neuropsychiatry and Addiction (INAD), Parc de Salut Mar, 08019 Barcelona, Spain",1
"Centre Fòrum Research Unit, Institute of Mental Health, Hospital del Mar Barcelona, Barcelona, SpainHospital del Mar Research Institute, Barcelona, Spain",1
"Centre Fòrum Research Unit, Hospital del Mar Research Institute, Parc de Salut Mar, Barcelona, Spain",1
"Centre Fòrum Research Unit, Hospital del Mar Research Institute, Barcelona, Spain.",1
"Cell-Type Mechanisms in Normal and Pathological Behavior Research Group, Neuroscience Programme, Hospital del Mar Research Institute, Barcelona, Spain.",1
"Centre Forum Research Unit Hospital del Mar, Barcelona, Spain",1
"Centre Estudis Epidemiològics sobre les Infeccions de Transmissió Sexual i Sida de Catalunya (CEEISCAT), Departament de Salut, Generalitat de Catalunya, Badalona, Spain",1
"Centre Assistencial Dr. Emili Mira, Parc de Salut Mar, Santa Coloma de Gramenet, Barcelona, Spain",1
"Central Services Osakidetza, Vitoria, Spain",1
"Center for Research in Occupational Health, Universitat Pompeu Fabra/ IMIM-PSMAR, PRBB Building 1.171.03 office, Dr. Aiguader, 88 | 08003 Barcelona, Spain.",1
"Center for Research in Occupational Health, Universitat Pompeu Fabra, CIBER of Epidemiology and Public Health (CIBERESP) and IMIM – Parc Salut Mar, Barcelona, Spain",1
"Center for Research in Occupational Health (CiSAL), Universitat Pompeu Fabra, PRBB Building, Dr. Aiguader, 88, 08003, Barcelona, Spain",1
"Center for Research in Occupational Health (CiSAL), Universitat Pompeu Fabra, Barcelona, Spain",1
"Center for Genomic Regulation (CRG), The Barcelona Institute of Science and Technology, Barcelona 08003, Spain.",1
"Center for Genomic Regulation (CRG), The Barcelona Institute of Science and Technology",1
"Center for Biomedical Research on Rare Diseases (CIBERER), ISCIII, Madrid, Spain",1
"Center for Biomedical Research in Infectious Diseases Network (CIBERINFEC), Instituto de Salud Carlos III, Madrid, Spain",1
"Center for Biomedical Research On Rare Diseases (CIBERER), ISCIII, Madrid, Spain",1
"Center for Advanced Studies in Olive Grove and Olive Oils, University of Jaén, Jaén, Spain",1
"Cell-Type Mechanisms in Normal and Pathological Behavior Research Group, Neuroscience Programme, Hospital del Mar Research Institute, Barcelona, Spain. Electronic address: abusquets@researchmar.net.",1
"Centre Fòrum Hospital del Mar Research Institute, Barcelona, Spain",1
"Clinical Microbiology Department, Complejo Asistencial Universitario de Burgos, Burgos, Spain.",1
"Clinical Microbiology Department, Complejo Asistencial Universitario de Burgos, Burgos, Spain",1
Clinical Microbiology Department Hospital Universitario de Móstoles  Móstoles Spain,1
Clinical Microbiology Department Hospital Universitario Severo Ochoa  Leganés Spain,1
Clinical Microbiology Department Hospital Universitario Clínico San Carlos  Madrid Spain,1
Clinical Microbiology Department Hospital Nuestra Señora de Sonsoles  Ávila Spain,1
"Clinical Microbiology & Infectious Diseases Department, Hospital Clínico Universitario San Carlos, 28040 Madrid, Spain",1
Clinical Medicine Department Miguel Herniández University of Elche Elche Spain,1
"Clinical Hematology Department, Catalan Institute of Oncology (ICO), ICO Hospital Germans Trias i Pujol, Carretera de Canyet, s/n, 08916, Badalona, Barcelona, Spain",1
"Clinical Expertise Unit (UEC) in Systemic Autoimmune Diseases and Vasculitis, Hospital del Mar, 08003 Barcelona, Spain",1
"Clinical Epidemiology Unit, Hospital Universitario de Cruces, Biocruces Bizkaia, Health Research Institute, Bilbao, Spain",1
"Clinical Biostatistics Unit, Hospital Universitario Ramón y Cajal, IRYCIS, CIBERESP: Universidad de Alcalá, Madrid, Spain",1
"Clinical Biochemistry Service, Virgen Macarena University Hospital, University of Seville, Seville, Spain",1
"Clinica Rotger, Palma de Mallorca, Spain",1
"Centro de Investigación Biomédica en Red de Enfermedades Hepáticas y Digestivas, Barcelona, Spain",1
Clinic Barcelona Hospital Universitari (Barcelona - Spain),1
Cirugía Torácica Videoasistida.,1
"Cirugía Endocrina, Servicio de Cirugía General, Hospital del Mar, Barcelona, Spain",1
"Ciccarone Center for the Prevention of Cardiovascular Disease, Johns Hopkins University School of Medicine, Baltimore, MD, USA",1
Ciber‐Cardiovascular Instituto de Salud Carlos III Madrid Spain,1
"CiberEHD, Spain",1
"Ciber Fisiopatología de la Obesidad y la Nutrición (CIBEROBN), Instituto de Salud Carlos III, Madrid, Spain",1
"Children's Mental Health Centre, Department of Mental Health Consorci Sanitari del Maresme  Mataró Spain",1
"Child and Adolescent Mental Health Services, South London and Maudsley NHS Foundation Trust , London , UK",1
"Chief of Instituto Quirúrgico Lacy, Barcelona, Catalonia, Spain",1
"Chemotargets, IMIM-Hospital del Mar, Universitat Pompeu Fabra, Barcelona, Catalonia, Spain",1
"Chemotargets SL, Baldiri Reixac 4, Parc Cientific de Barcelona (PCB), 08028, Barcelona, Catalonia, Spain",1
"Chair for the Study of Thromboembolic Disease, Faculty of Health Sciences, UCAM - Universidad Católica San Antonio de Murcia, Murcia, Spain",1
"Chair VIU-NED Foundation, Hospital de la Ribera, Alzira, Valencia, Spain;",1
"Centro de investigación Biomédica en Red de Enfermedades Cardiovasculares (CIBERCV), Madrid, Spain",1
"Clinic Psychologist, COVID-19 Assistance Project, 12 de Octubre University Hospital, Madrid, Spain",1
"Clinical Oncology Service, Hospital Universitario Virgen Macarena, University of Seville, Seville, Spain",1
"Clinical Oncology Dept. Medicine Department, University of Seville, Virgen Macarena University Hospital, Seville, Spain",1
"Clinical Oncology Dept, Sant Joan de Reus University Hospital URV, IISPV, Reus, Spain",1
"Clinical Oncology Dept, Puerta de Hierro University Hospital, Majadahonda, Madrid, Spain",1
"Clinical Oncology Dept, La Fé University Hospital, Valencia, Spain",1
"Clinical Oncology Dept, Insular University Hospital, Las Palmas de Gran Canaria, Spain",1
"Clinical Oncology Dept, Elche General University Hospital General, Elche, Alicante, Spain",1
"Clinical Oncology Dept, Alicante General University Hospital, Alicante, Spain",1
"Clinical Neurosciences Research Laboratories, Health Research Institute of Santiago de Compostela (IDIS), Santiago de Compostela, Spain",1
"Clinical Neurosciences Group, Institut de Recerca Biomèdica de Lleida, UdL, Lleida, Spain",1
Clinical Microbiology and Infectious Diseases Hospital General Universitario Gregorio Marañón Madrid Spain,1
Clinical Microbiology and Infectious Diseases Hospital General Universitario Gregorio Marañón  Madrid Spain,1
"Clinical Microbiology and Infectious Diseases Department, Hospital General Universitario Gregorio Marañón, Madrid, Spain; Instituto de Investigación Sanitaria Gregorio Marañón, Madrid, Spain; Faculty of Health Sciences - HM Hospitals, Universidad Camilo José Cela, Madrid, Spain.",1
"Clinical Microbiology and Infectious Diseases Department, Hospital General Universitario Gregorio Marañón, Madrid, Spain; Instituto de Investigación Sanitaria Gregorio Marañón, Madrid, Spain; CIBER Enfermedades Respiratorias-CIBERES (CB06/06/0058), Madrid, Spain; Faculty of Health Sciences - HM Hospitals, Universidad Camilo José Cela, Madrid, Spain. Electronic address: jguineaortega@yahoo.es.",1
"Clinical Microbiology and Infectious Diseases Department, Hospital General Universitario Gregorio Marañón, Madrid, Spain; Instituto de Investigación Sanitaria Gregorio Marañón, Madrid, Spain; CIBER Enfermedades Respiratorias-CIBERES (CB06/06/0058), Madrid, Spain; Department of Medicine, School of Medicine, Universidad Complutense de Madrid, Madrid, Spain.",1
"Clinical Microbiology Department, Hospital Nuestra Señora de Sonsoles, Ávila, Spain.",1
"Clinical Microbiology Department, Hospital del Mar, Barcelona, Spain",1
"Clinical Microbiology Department, Hospital Universitario de Móstoles, Móstoles, Madrid, Spain.",1
"Clinical Microbiology Department, Hospital Universitario de La Princesa, Madrid, Spain.",1
"Clinical Microbiology Department, Hospital Universitario de Getafe, Getafe, Spain.",1
"Clinical Microbiology Department, Hospital Universitario Severo Ochoa, Leganés, Spain.",1
"Clinical Microbiology Department, Hospital Universitario Ramón y Cajal, Madrid, Spain; Instituto Ramón y Cajal de Investigación Sanitaria (IRYCIS), Madrid, Spain; CIBER de Enfermedades Infecciosas (CIBERINFEC), Instituto de Salud Carlos III, Madrid, Spain.",1
"Clinical Microbiology Department, Hospital Universitario Puerta de Hierro-Majadahonda, Majadahonda, Spain",1
"Clinical Microbiology Department, Hospital Universitario Puerta de Hierro Majadahonda, Madrid, Spain.",1
"Clinical Microbiology Department, Hospital Universitario La Paz, Madrid, Spain.",1
"Clinical Microbiology Department, Hospital Universitario La Paz, Madrid, Spain",1
"Clinical Microbiology Department, Hospital Universitario Clínico San Carlos, Madrid, Spain; Instituto de Investigación Sanitaria del Hospital Clínico San Carlos IdISSC, Madrid, Spain.",1
"Clinical Microbiology Department, Hospital Universitario 12 de Octubre, Madrid, Spain; Instituto de Investigación Sanitaria del Hospital 12 de Octubre, Madrid, Spain.",1
"Clinical Microbiology Department, Hospital Universitario 12 de Octubre, Madrid, Spain",1
"Clinical Microbiology Department, Hospital Universitari Son Espases, Palma de Mallorca, Spain",1
"Clinical Microbiology Department, Hospital Universitari Son Espases, Mallorca, Spain.",1
"Clinical Microbiology Department, Hospital del Mar, Barcelona, Spain.",1
"Centro de Investigación Biomédica en Red de Fragilidad y Envejecimiento Saludable (CIBERFES), IMIM (Hospital del Mar Research Institute), Barcelona, Spain",1
Centro de Investigación Biomédica en Red de Fragilidad y Envejecimiento Saludable (CIBERFES)  Madrid Spain,1
"Centro de Investigación Biomédica en Red de Fisiopatología de la Obesidad y la Nutrición (CIBEROBN), Instituto de Salud Carlos III, Madrid, Spain",1
"Centro de Investigación Biomédica en Red de Fisiopatología de la Obesidad y Nutriciόn (CIBEROBN), Instituto de Salud Carlos III, Madrid, Spain",1
"Centro de Investigación Biomédica en Red de Fisiopatología de la Obesidad y Nutriciόn (CIBEROBN), Instituto de Salud Carlos III, 28029 Madrid, Spain",1
"Centro de Investigación Biomédica en Red de Fisiopatología de la Obesidad y Nutrición, Instituto de Salud Carlos III (ISCIII), 28029 Madrid, Spain",1
"Centro de Investigación Biomédica en Red de Fisiopatología de la Obesidad y Nutrición, Instituto de Salud Carlos III",1
"Centro de Investigación Biomédica en Red de Fisiopatología de la Obesidad y Nutrición (CIBEROBN), Instituto de Salud Carlos III , Madrid , Spain",1
"Centro de Investigación Biomédica en Red de Fisiopatología de la Obesidad y Nutrición (CIBEROBN), Instituto de Salud Carlos III (ISCIII), Madrid, Spain",1
"Centro de Investigación Biomédica en Red de Epidemiología y Salud Pública (CIBERESP), Spain",1
"Centro de Investigación Biomédica en Red de Epidemiología y Salud Pública (CIBERESP), Instituto de Salud Carlos III, Madrid, Spain",1
"Centro de Investigación Biomédica en Red de Epidemiología y Salud Pública (CIBERESP) , C/ Montforte de Lemos 3-5, 28029 Madrid , Spain",1
"Centro de Investigación Biomédica en Red de Enfermedades Respiratorias, Instituto de Salud Carlos III, 28220 Madrid, Spain",1
"Centro de Investigación Biomédica en Red de Enfermedades Respiratorias (CIBERES), Instituto de Salud Carlos III, Madrid, Spain; Pulmonology Department and Muscle Wasting and Cachexia in Chronic Respiratory Diseases and Lung Cancer Research Group, Hospital del Mar Research Institute (IMIM), Barcelona, Spain.",1
"Centro de Salud Sagrado Corazón, Lugo, Spain",1
"Centro de Investigación Biomédica en Red de Enfermedades Respiratorias (CIBERES), Instituto de Salud Carlos III, Madrid, Spain; Hospital Universitario La Paz, IdiPAZ, Madrid, Spain.",1
"Centro de Investigación Biomédica en Red de Enfermedades Raras, ISCIII, Madrid, Spain",1
Centro de Investigación Biomédica en Red de Enfermedades Raras Instituto de Salud Carlos III Madrid Spain,1
"Centro de Investigación Biomédica en Red de Enfermedades Raras (CIBERER), Valencia, Spain",1
"Centro de Investigación Biomédica en Red de Enfermedades Raras (CIBERER), Madrid, Spain.",1
"Centro de Investigación Biomédica en Red de Enfermedades Raras (CIBERER), Madrid, Spain",1
"Centro de Investigación Biomédica en Red de Enfermedades Raras (CIBERER), Instituto de Salud Carlos III, Madrid, Spain.",1
"Centro de Investigación Biomédica en Red de Enfermedades Raras (CIBERER), Instituto de Salud Carlos III, 08036 Barcelona, Spain",1
"Centro de Investigación Biomédica en Red de Enfermedades Raras (CIBERER) , 08003 Barcelona , Spain",1
"Centro de Investigación Biomédica en Red de Enfermedades Neurodegenerativas. CIBERNED, Barcelona, Spain",1
"Centro de Investigación Biomédica en Red de Enfermedades Neurodegenerativas (CIBERNED), Barcelona, Spain",1
"Centro de Investigación Biomédica en Red de Enfermedades Infecciosas, Madrid, Spain",1
"Centro de Investigación Biomédica en Red de Enfermedades Infecciosas, Madrid, España",1
Centro de Investigación Biomédica en Red de Enfermedades Infecciosas Instituto de Salud Carlos III Madrid Spain,1
Centro de Investigación Biomédica en Red de Enfermedades Infecciosas,1
"Centro de Investigación Biomédica en Red de Enfermedades Respiratorias (CIBERES), Instituto de Salud Carlos III, Madrid, Spain; Hospital Universitario y Politécnico la Fe, Valencia, Spain.",1
"Centro de Salud Raval de Elche, Alicante, Spain",1
"Centro de Salud Puerta de Madrid, Atención Primaria de Madrid, Spain",1
"Centro de Salud Palleter, Universidad CEU-Cardenal Herrera, Castellón, España",1
"Centro de Investigación en Salud Laboral, MELIS-Universitat Pompeu Fabra / IMIM-Hospital del Mar, Barcelona",1
"Centro de Investigación en Salud Laboral (CiSAL), Universitat Pompeu Fabra - IMIM Parc Salut Mar, Barcelona, España",1
"Centro de Investigación en Red en Enfermedades Cardiovasculares (CIBERCV), Instituto de Investigación Sanitaria (ISS) de Aragón, Universidad de Zaragoza, Zaragoza, España",1
"Centro de Investigación en Red de Enfermedades Respiratorias (CIBERES), Instituto de Salud Carlos III (ISCIII), Barcelona, Spain",1
"Centro de Investigación en Red de Enfermedades Respiratorias (CIBERES), Instituto de Salud Carlos III (ISCIII), 28015 Madrid, Spain",1
"Centro de Investigación en Red de Enfermedades Raras (CIBERER), Santiago de Compostela, Spain",1
"Centro de Investigación en Red de Enfermedades Infecciosas (CIBERINFEC), Instituto de Salud Carlos III, 28029 Madrid, Spain",1
"Centro de Investigación en Red de Enfermedades Cardiovasculares (CIBERCV), Spain",1
"Centro de Investigación en Red de Enfermedades Cardiovasculares (CIBERCV), Madrid, Spain",1
Centro de Investigación Biomédica en red de salud Mental (CIBERSAM) Spain,1
Centro de Investigación Biomédica en red de salud Mental (CIBERSAM)  Spain,1
"Centro de Investigación Biomédica en Red, Área de Salud Mental (CIBERSAM), Madrid, Spain",1
Centro de Investigación Biomédica en Red de Fragilidad y Envejecimiento Saludable Instituto de Salud Carlos III Madrid Spain,1
"Centro de Investigación Biomédica en Red, Enfermedades Infecciosas (CIBERINFEC), Madrid, Spain",1
"Centro de Investigación Biomédica en Red en Salud Mental (CIBERSAM), Instituto de Salud Carlos III, Madrid, Spain",1
"Centro de Investigación Biomédica en Red en Epidemiología y Salud Pública (CIBERESP), Instituto de Salud Carlos III, 28029 Madrid, Spain",1
"Centro de Investigación Biomédica en Red de Salud Mental, Instituto de Salud Carlos III, Spain",1
"Centro de Investigación Biomédica en Red de Salud Mental, CIBERSAM, Madrid, Spain.",1
"Centro de Investigación Biomédica en Red de Salud Mental, CIBERSAM , Madrid 28029 , Spain",1
"Centro de Investigación Biomédica en Red de Salud Mental (CIBERSAM), Instituto de Salud Carlos III, Madrid, Spain",1
"Centro de Investigación Biomédica en Red de Salud Mental (CIBERSAM), Instituto Carlos III, Madrid, Spain.",1
"Centro de Investigación Biomédica en Red de Salud Mental (CIBERSAM), ISCIII , Barcelona , Spain",1
"Centro de Investigación Biomédica en Red de Salud Mental (CIBERSAM), 28029 Madrid, Spain",1
"Centro de Investigación Biomédica en Red de Oncología, Madrid, Spain",1
"Centro de Investigación Biomédica en Red de Oncología, CIBERONC-ISCIII, Spain",1
"Centro de Investigación Biomédica en Red de Oncología, CIBERONC-ISCIII, Madrid, Spain. mmartin@geicam.org.",1
"Centro de Investigación Biomédica en Red de Oncología, CIBERONC-ISCIII, Madrid, Spain.",1
"Centro de Investigación Biomédica en Red de Fragilidad y Envejecimiento Saludable, Instituto de Salud Carlos III, Madrid, Spain",1
"Centro de Investigación Biomédica en Red, Fisiopatología de la Obesidad y la Nutrición (CIBERobn), Instituto de Salud Carlos III, 28029, Madrid, Spain",1
"Gastroenterology Department, Hospital Virgen de la Luz , Cuenca , Spain",1
"Gastroenterology Department, Hospital Vega Baja , Orihuela , Spain",1
"Gastroenterology Department, Hospital Universitario, 12 de Octubre, Madrid, Spain",1
"Gastroenterology Department, Hospital Universitario y Politécnico La Fe , Valencia , Spain",1
"Gastroenterology Department, Hospital Universitario de Torrejón, Torrejón de Ardoz , Spain",1
"Gastroenterology Department, Hospital Universitario de Santiago , Santiago de Compostela , Spain",1
"Gastroenterology Department, Hospital Universitario de Salamanca, Salamanca, Spain",1
"Gastroenterology Department, Hospital Universitario de La Princesa, Madrid, Spain",1
"Gastroenterology Department, Hospital Universitario de La Princesa, Instituto de Investigación Sanitaria Princesa IIS-IP, and Centro de Investigación Biomédica en Red de Enfermedades Hepáticas y Digestivas CIBERehd , Madrid , Spain",1
"Gastroenterology Department, Hospital Universitario de La Princesa, Instituto de Investigación Sanitaria Princesa (IISIP), Madrid, Spain",1
"Gastroenterology Department, Hospital Universitario de La Princesa, Instituto de Investigación Sanitaria Princesa (IIS-Princesa), Universidad Autónoma de Madrid (UAM), Centro de Investigación Biomédica en Red de Enfermedades Hepáticas y Digestivas (CIBERehd) , Madrid , Spain",1
"Gastroenterology Department, Hospital Universitario de La Princesa, Instituto de Investigación Sanitaria Princesa (IIS-Princesa), Universidad Autónoma de Madrid (UAM) , Madrid , Spain",1
"Gastroenterology Department, Hospital Universitario de La Princesa, Instituto de Investigación Sanitaria Princesa (IIS-IP), Universidad Autónoma de Madrid (UAM), Centro de Investigación Biomédica en Red de Enfermedades Hepáticas y Digestivas (CIBERehd), 28006 Madrid, Spain",1
"Gastroenterology Department, Hospital Universitario de Henares, 28002 Coslada, Spain",1
"Department of Medical Oncology, Lymphoma Research Group, Hospital Universitario Puerta de Hierro-Majadahonda, IDIPHISA, CIBERONC, Madrid, Spain",1
"Gastroenterology Department, Hospital Universitario de Fuenlabrada , Madrid , Spain",1
"Gastroenterology Department, Hospital Universitario de Cáceres, 10003 Cáceres, Spain",1
"Gastroenterology Department, Hospital Universitario de Cruces , Barakaldo , Spain",1
"Gastroenterology Department, Hospital Universitario de Cruces , Baracaldo , Spain",1
"Gastroenterology Department, Hospital Universitario de Cabueñes, 33203 Gijón, Spain",1
"Gastroenterology Department, Hospital Universitario de Cabueñes , Gijón , Spain",1
"Gastroenterology Department, Hospital Universitario de Bellvitge, Hospitalet de Llobregat, Barcelona, Spain",1
"Gastroenterology Department, Hospital Universitario de Bellvitge , Hospitalet de Llobregat , Spain",1
"Gastroenterology Department, Hospital Universitario de Basurto, 48013 Bilbao, Spain",1
"Gastroenterology Department, Hospital Universitario de Albacete, Albacete, Spain",1
"Gastroenterology Department, Hospital Universitario Vitoria-Gastéiz, 01002 Vitoria, Spain",1
"Gastroenterology Department, Hospital Universitario Virgen del Rocío, CIBEREHD, Seville, Spain",1
"Gastroenterology Department, Hospital Universitario Virgen del Rocío, 41013 Sevilla, Spain",1
"Gastroenterology Department, Hospital Universitario Virgen de la Macarena, Seville, Spain",1
"Gastroenterology Department, Hospital Universitario Virgen Macarena , Sevilla , Spain",1
"Gastroenterology Department, Hospital Universitario de Galdakao, Biocruces Bizkaia Health Research Institute , Galdakao , Spain",1
"Gastroenterology, Hospital Clínico Universitario San Carlos, Madrid, Spain",1
"Gastroenterology department, Hospital Nuestra Señora de la Candelaria , Santa Cruz de Tenerife , Spain",1
"Gastroenterology and Hepatology Department, Hospital Universitario Ramon y Cajal, CIBEREHD, IRYCIS, Universidad de Alcalá, M-607, Km. 9.100, 28034, Madrid, Spain",1
"Gastroenterology and Hepatology Department, Hospital Universitario Marqués de Valdecilla, Universidad de Cantabria, Instituto de Investigación Valdecilla (IDIVAL), Universidad de Cantabria , Santander , Spain",1
Gastroenterology and Hepatology,1
"Gastroenterology Department. School of Medicine. Universidad Autónoma de Madrid. Hospital La Paz Institute forHealth Research, La Paz Hospital, Madrid, Spain",1
"Gastroenterology Department. Hospital Universitario de Canarias. Santa Cruz de Tenerife, Spain",1
"Gastroenterology Department. Hospital Universitario Reina Sofia, Cordoba, Spain",1
"Gastroenterology Department. Hospital Clinico of Valencia, Valencia, Spain",1
"Gastroenterology Department, Xarxa Assistencial Universitària de Manresa , Manresa , Spain",1
"Gastroenterology Department, University Hospital Rio Hortega , Valladolid , Spain",1
"Gastroenterology Department, University Hospital Miguel Servet, Zaragoza , Spain",1
"Gastroenterology Department, University Hospital Lozano Blesa , Zaragoza , Spain",1
"Gastroenterology Department, University Hospital Central de Asturias, and Instituto de Investigación Sanitaria del Principado de Asturias (ISPA) , Oviedo, España",1
"Gastroenterology Department, Hospital de Burgos, Burgos, Spain",1
"Gastroenterology Department, La Paz Hospital Universitario, Madrid, Spain",1
"Gastroenterology Department, Infanta Leonor University Hospital, Madrid, Spain",1
"Gastroenterology Department, IDIVAL-Instituto de Investigación Valdecilla, Hospital Universitario de Valdecilla, Santander, Spain",1
"Gastroenterology Department, IBD Unit, Hospital Clínic de Barcelona Centro de Investigación Biomédica en Red Enfermedades Hepáticas y Digestivas (CIBERehd)  Barcelona Spain",1
"Gastroenterology Department, Hospital Álvaro Cunqueiro, Vigo, Spain",1
"Gastroenterology Department, Hospital Álvaro Cunqueiro de Vigo, 36312 Vigo, Spain",1
"Gastroenterology Department, Hospital del Mar, 08003 Barcelona, Spain",1
"Gastroenterology Department, Hospital del Mar , Barcelona, Barcelona , Spain",1
"Gastroenterology Department, Hospital del Mar , Barcelona , Spain",1
"Gastroenterology Department, Hospital de la Santa Creu i Sant Pau, Barcelona, Spain",1
"Gastroenterology Department, Hospital de la Santa Creu i Sant Pau , Barcelona , Spain",1
"Gastroenterology Department, Hospital de la Santa Creu I Sant Pau , Barcelona , Spain",1
"Gastroenterology Department, Hospital de Torrejón , Torrejón , Spain",1
"Gastroenterology Department, Hospital de Son Espases , Palma de Mallorca , Spain",1
"Gastroenterology Department, Hospital de Pontevedra, Pontevedra, Spain",1
"Gastroenterology Department, Ramón y Cajal University Hospital, Madrid, Spain",1
"Gastroenterology Department, Hospital Universitario Clínico de Valencia, Valencia, Spain",1
"Gastroenterology Department, Hospital Universitario Clínico de Santiago, Santiago de Compostela, Spain",1
"Gastroenterology Department, Hospital Universitario Clínico de Santiago, 15706 Santiago de Compostela, Spain",1
"Gastroenterology Department, Hospital Universitario Clínico de Santiago , Santiago de Compostela , Spain",1
"Gastroenterology Department, Hospital Universitario Central de Asturias, Instituto de Investigación Sanitaria del Principado de Asturias , Oviedo , Spain",1
"Gastroenterology Department, Hospital Universitario Central de Asturias, Instituto de Investigación Sanitaria del Principado de Asturias (ISPA) , Oviedo , Spain",1
"Gastroenterology Department, Hospital Universitario Cabueñes, Gijón, Spain",1
"Gastroenterology Department, Hospital Universitario Arnau de Vilanova de Lleida , Lleida , Spain",1
"Gastroenterology Department, Hospital Universitario Arnau de Vilanova , Lleida , Spain",1
"Gastroenterology Department, Hospital Universitario Araba , Vitoria , Spain",1
"Gastroenterology Department, Hospital Universitari de Bellvitge, L’Hospitalet de Llobregat , Spain",1
"Gastroenterology Department, Hospital Universitari Parc Taulí, Sabadell, Centro de Investigación Biomédica en Red de Enfermedades Hepáticas y Digestivas (CIBERehd), 08208 Barcelona, Spain",1
"Gastroenterology Department, Hospital Universitari MútuaTerrassa, Barcelona, Spain",1
"Gastroenterology Department, Hospital Universitari Mútua Terrassa, Terrassa, and Centro de Investigación Biomédica en Red de Enfermedades Hepáticas y Digestivas CIBERehd , Madrid , Spain",1
"Gastroenterology Department, Hospital Universitario Río Hortega, 47012 Valladolid, Spain",1
"Gastroenterology Department, Hospital Universitari Girona Dr. Josep Trueta , Girona , Spain",1
"Gastroenterology Department, Hospital Universitari Germans Trias i Pujol, Centro de Investigación Biomédica en Red Enfermedades Hepáticas y Digestivas (CIBERehd) , Badalona , Spain",1
"Gastroenterology Department, Hospital Universitari Germans Trias i Pujol, Badalona, and Centro de Investigación Biomédica en Red de Enfermedades Hepáticas y Digestivas CIBERehd , Madrid , Spain",1
"Gastroenterology Department, Hospital Universitari Germans Trias i Pujol, Badalona, Spain",1
"Gastroenterology Department, Hospital Uniersitari i Politècnic La fe, València, Spain",1
"Gastroenterology Department, Hospital Santa Creu i Sant Pau , Barcelona , Spain",1
"Gastroenterology Department, Hospital Sant Joan Despí-Moisès Broggi, 08970 Barcelona, Spain",1
"Gastroenterology Department, Hospital San Jorge , Huesca , Spain",1
"Gastroenterology Department, Hospital Royo Villanova, 50007 Zaragoza, Spain",1
"Gastroenterology Department, Hospital Rio Hortega, Valladolid, Spain",1
"Gastroenterology Department, Hospital Reina Sofía, IMIBIC, 14004 Córdoba, Spain",1
"Gastroenterology Department, Hospital Reina Sofía, Cordoba, Spain",1
"Gastroenterology Department, Hospital Rafael Méndez, 30817 Lorca, Spain",1
"Gastroenterology Department, Hospital Parc Tauli, CIBEREHD, Sabadell, Spain",1
"Gastroenterology Department, Hospital Nuestra Señora de la Candelaria, 38010 Tenerife, Spain",1
"Gastroenterology Department, Hospital Universitari Mútua Terrassa, Centro de Investigación Biomédica en Red de Enfermedades Hepáticas y Digestivas (CIBERehd), 08221 Terrassa, Spain",1
"Gastroenterology Department, Hospital Universitario Rio Hortega, Valladolid, Spain",1
"Gastroenterology Department, Hospital Universitario Reina Sofía, Córdoba, Spain",1
"Gastroenterology Department, Hospital Universitario Reina Sofía , Córdoba , Spain",1
"Gastroenterology Department, Hospital Universitario Ramón y Cajal, Madrid, Spain",1
"Gastroenterology Department, Hospital Universitario Ramón y Cajal, 28034 Madrid, Spain",1
"Gastroenterology Department, Hospital Universitario Puerto de Hierro , Madrid , Spain",1
"Gastroenterology Department, Hospital Universitario Puerta de Hierro, 28220 Majadahonda, Spain",1
"Gastroenterology Department, Hospital Universitario Puerta de Hierro Majadahonda, Madrid, Spain",1
"Gastroenterology Department, Hospital Universitario Puerta de Hierro , Majadahonda , Spain",1
"Gastroenterology Department, Hospital Universitario Parc Taulí, Sabadel, Spain",1
"Gastroenterology Department, Hospital Universitario Nuestra Señora de Candelaria, Santa Cruz de Tenerife , Spain",1
"Gastroenterology Department, Hospital Universitario Nuestra Señora de Candelaria , Tenerife , Spain",1
"Gastroenterology Department, Hospital Universitario Miguel Servet, Zaragoza, Spain",1
"Gastroenterology Department, Hospital Universitario Miguel Servet, Instituto de Investigación Sanitaria Aragón (IISA), 50009 Zaragoza, Spain",1
"Gastroenterology Department, Hospital Universitario Miguel Servet, Centro de Investigación Biomédica en Red de Enfermedades Hepáticas y Digestivas (CIBERehd) , Zaragoza , Spain",1
"Gastroenterology Department, Hospital Universitario Donostia, Donostia, Spain",1
"Gastroenterology Department, Hospital Universitario Marqués de Valdecilla, Instituto de Investigación IDIVAL Santander , Spain",1
"Gastroenterology Department, Hospital Universitario Marqués de Valdecilla e IDIVAL, Santander, Spain",1
"Gastroenterology Department, Hospital Universitario Marqués de Valdecilla and IDIVAL , Santander , Spain",1
"Gastroenterology Department, Hospital Universitario La Princesa Hospital, Madrid, Spain",1
"Gastroenterology Department, Hospital Universitario La Paz, IdiPAZ, CIBEREHD, Madrid, Spain",1
"Gastroenterology Department, Hospital Universitario La Paz, 28046 Madrid, Spain",1
"Gastroenterology Department, Hospital Universitario Infanta Sofía, San Sebastián de los Reyes , Spain",1
"Gastroenterology Department, Hospital Universitario Infanta Sofía , San Sebastián de los Reyes , Spain",1
"Gastroenterology Department, Hospital Universitario Infanta Sofía , Madrid , Spain",1
"Gastroenterology Department, Hospital Universitario Infanta Leonor, Vallecas, 28031 Madrid, Spain",1
"Gastroenterology Department, Hospital Universitario Gregorio Marañón, Madrid, Spain",1
"Gastroenterology Department, Hospital Universitario Gregorio Marañón, Instituto de Investigación Sanitaria Gregorio Marañón (IiSGM), and Departamento de Medicina, Universidad Complutense, 28009 Madrid, Spain",1
"Gastroenterology Department, Hospital Universitario Gregorio Marañon, Madrid, Spain",1
"Gastroenterology Department, Hospital Universitario Germans Trias i Pujol , Badalona , Spain",1
"Gastroenterology Department, Hospital Universitario Fundación de Alcorcón, Alcorcón, Spain",1
"Gastroenterology Department, Hospital Universitario Marqués de Valdecilla, Universidad de Cantabria, Instituto de Investigación Sanitaria Valdecilla (IDIVAL), 37008 Santander, Spain",1
"Grup de Recerca Anàlisi Social i Educativa (GR-ASE), Universidad de Lleida, Lleida, España",1
"Grup d'Investigació en Malaltia d'Alzheimer, Department of Neurology, Hospital Universitari i Politècnic La Fe, Valencia, Spain",1
"Grup d'Estudi REGICOR, Institut de Recerca Hospital del Mar (IMIM), Barcelona, Spain",1
"Grup d'Epidemiologia i Genètica Cardiovascular, Institut de Recerca Hospital del Mar (IMIM), Barcelona, Spain",1
"Grup Mutuam, Cornellà de Llobregat, España",1
"Growth, Exercise, NUtrition and Development (GENUD) Research Group, Facultad de Ciencias de la Salud, Universidad de Zaragoza, Instituto Agroalimentario de Aragón (IA2) and Instituto de Investigación Sanitaria de Aragón (IIS Aragón), Zaragoza, Spain",1
"Group of Translational Research on Hematological Neoplasms (GRETNHE), IMIM-Hospital del Mar, 08003 Barcelona, Spain",1
"Group of Lower Limb Reconstructive Surgery, Biocruces Bizkaia Health Research Institute, Osakidetza. Department of Orthopaedic Surgery and Traumatology, Hospital Galdakao-Usansolo, Bizkaia, Spain",1
"Group for Biomedical Research in Sepsis (BioSepsis), Instituto de Investigación Biomédica de Salamanca, (IBSAL), Gerencia Regional de Salud de Castilla y León, Salamanca, Spain",1
"Gregorio Marañón Health Research Institute, Gregorio Marañón General University Hospital, Madrid, Spain",1
"Gran Sol Badalona, Badalona, Spain",1
"Global Research on Wellbeing (GRoW), Blanquerna Ramon Llull University Faculty of Health Sciences, 08025 Barcelona, Spain",1
"GlaxoSmithkline, Madrid, Spain",1
Glaucoma and Research,1
"Gastroenterology, Hospital Quirón Salud Sagrado Corazón, Sevilla, Spain",1
"Glaucoma Department, Institut Oftalmològic Creu Groga, Calella, Barcelona, Spain",1
"Glaucoma Department, Hospital General De Granollers, Barcelona, Spain",1
"Glaucoma Department, Hospital De l’Esperança, Barcelona, Spain",1
"Glaucoma Department, Hospital De Mollet, Barcelona, Spain",1
"Girona Dr Josep Trueta University Hospital , Girona , Spain",1
"Girona Biomedical Research Institute, Girona, Spain",1
Girona Biomedical Research Institute Girona Spain,1
"Gipuzkoa Cancer Unit- Osakidetza / Biodonostia, San Sebastián, Spain",1
"Gilead Sciences, Madrid, Spain",1
"Gilead Sciences, Madrid",1
"Germans Trias i Pujol Hospital , Badalona , Spain",1
"Geriatrics and Palliative Care Department, Hospital General de L'Hospitalet de Llobregat-Consorci Sanitari Integral, L'Hospitalet de Llobregat, Av. Josep Molins, 29 L'Hospitalet de Llobregat, 08906, Barcelona, Spain",1
"Geriatrics Unit. Internal Medicine Department, Hospital Universitari de Bellvitge. L'Hospitalet de Llobregat, Barcelona, Spain",1
"Geriatrics Service, Hospital del Mar, Barcelona, Spain",1
"Geriatrics Department, Hospital Universitario de Getafe, 28905 Madrid, Spain",1
"Glaucoma Department, Oftalmologia Mèdica I Quirúrgica, Barcelona, Spain",1
"Grupo de Trabajo de Infecciones Bacterianas, Sociedad Española de Infectología Pediátrica (SEIP), España; Sección Enfermedades Infecciosas Pediátricas, Hospital General Universitario Gregorio Marañón, Madrid, España; Área de Enfermedades Infecciosas Pediátricas, Centro de Investigación Biomédica en Red del Instituto de Salud Carlos III (CIBERINFEC), Madrid, España; Instituto de Investigación Sanitaria Gregorio Marañón (IiSGM), Hospital General Universitario Gregorio Marañón, Madrid, España.",1
"Grupo de Trabajo de Farmacocinética y Farmacogenética, Sociedad Española de Farmacia Hospitalaria (SEFH), España; Servicio de Farmacia Hospitalaria, Hospital Universitario Nuestra Señora de Candelaria, Santa Cruz de Tenerife, España.",1
Grupo de Trabajo de Ciencia de Datos de la SEQC,1
"Grupo de Trabajo de Atención Farmacéutica en Enfermedades Infecciosas, Sociedad Española de Farmacia Hospitalaria (SEFH), España; Servicio de Farmacia Hospitalaria, Hospital del Mar, Barcelona, España; Grupo de Investigación en Patología Infecciosa y Antimicrobianos (IPAR), Instituto de Investigaciones Médicas Hospital Del Mar (IMIM), Barcelona, España.",1
"Grupo de Trabajo de Atención Farmacéutica en Enfermedades Infecciosas, Sociedad Española de Farmacia Hospitalaria (SEFH), España; Servicio de Farmacia Hospitalaria, Hospital Universitari Vall d'Hebron, Barcelona, España; Grupo de Investigación Infección e Inmunidad en el Paciente Pediátrico, Vall d'Hebron Institut de Recerca, Hospital Universitario Vall d'Hebron, Barcelona, España.",1
"Grupo de Simulación SimClínic. Hospital Clínic de Barcelona, Barcelona, España",1
"Grupo de Simulación SimClínic, Hospital Clínic de Barcelona, Barcelona, Spain",1
"Grupo de Neurofuncionalidad y Lenguaje, Programa de Neurociencias, IMIM-Hospital del Mar, Parc de Recerca Biomèdica de Barcelona, Barcelona, España",1
"Grupo de Investigación en Terapia Ocupacional (InTeO), Department of Surgery and Pathology, Miguel Hernández University, 03550, Alicante, Spain",1
"Grupo de Investigación en Servicios Sanitarios, Instituto Hospital del Mar de Investigaciones Médicas, Barcelona, España",1
"Grupo de Investigación en Patología Crítica, IMIM, Departamento de Medicina y Ciéncias de la Vida (MELIS), Universitat Pompeu Fabra, Barcelona, Spain.",1
"Grupo de Investigación en Hematología, Instituto de Investigación Hospital del Mar, IMIM-Parc de Salut Mar, Barcelona, Spain",1
"Grupo de Investigación en Determinantes Sociales de la Salud y Cambio Demográfico, Departamento de Sociología 2, Universidad del País Vasco UPV/EHU, Leioa, Spain",1
"Grupo de Investigación en Cuidados de Enfermería, IMIM (Instituto Hospital del Mar de Investigaciones Médicas), Barcelona, Spain",1
"Grup de Recerca Clínica Aplicada en Neoplàsies Hematològiques, Hospital del Mar Research Institute (IMIM), 08003 Barcelona, Spain",1
"Grupo de Investigación Translacional Vascular y Renal, IRBLleida, 25198 Lleida, Spain",1
"Grupo de Investigación Neurovascular, Instituto Hospital del Mar de Investigaciones Médicas (IMIM), Barcelona, Spain",1
"Grupo de Investigación Biomédica en Enfermedades del Corazón, IMIM, Barcelona, Spain",1
"Grupo de Estudios Sociedad, Salud, Educación y Cultura (GESEC), Universitat de Lleida, Lleida, España",1
"Grupo de Dermatología Pedro Jaén, Madrid, Spain",1
"Grupo Español de Investigación en Cáncer de Mama (GEICAM), Hospital del Mar-Parc de Salut Mar, Barcelona, Spain",1
"Grupo Español de Enfermedades de Depósito Lisosomal de la SEHH (GEEDL), Madrid, Spain",1
"Grup de Treball de Toxicologia de la SoCMUE (SoCMUETox). Servicio de Urgencias, Hospital del Mar, Barcelona, España. Universitat Pompeu Fabra, Barcelona, España.",1
"Grup de Treball de Malalties Pulmonars Intersticials. Pneumology Service, Hospital Clinic de Barcelona, Barcelona, Spain",1
"Grup de Recerca en Cures de la Salut (GRECS), Institut de Recerca Biomèdica de Lleida, Fundación Pifarré, Lleida, España",1
"Grup de Recerca en Cures Infermeres de Salut Mental Psicocials i de Complexitat, NURSEARCH – 2021 SGR 1083  Barcelona Spain",1
"Grup de Recerca Translacional en Neoplasies Hematològiques (GRETNHE), Hospital del Mar Research Institute (IMIM), 08003 Barcelona, Spain",1
"Grup de Recerca Obesitat i Metabolisme (ODIM), IRBLleida, Universitat de Lleida, 25198 Lleida, Spain",1
"Grup de Recerca Medicina Intensiva, Intensive Care Department Hospital, Universitari Arnau de Vilanova, Lleida, Spain",1
"Grup de Recerca Infància i Entorn (GRIE), Institut d'investigacions Biomèdiques August pi i Sunyer (IDIBAPS), Barcelona, Spain",1
"Grupo de Investigación Urgencias: Procesos y Patologías, IDIBAPS",1
"General and Digestive Surgery Department, Donostia University Hospital, Donostia, Spain",1
"General and Digestive Surgery Department, Colorectal Surgery Unit, Hospital Clínico Universitario de Santiago, Santiago de Compostela, Galicia, Spain",1
"General and Digestive Surgery Department, Colorectal Surgery Unit, Consorci Sanitari Integral - Hospital General de l'Hospitalet, Barcelona, Catalonia, Spain",1
"General and Colorectal Surgeon, Hospital Universitario Infanta Sofia Madrid, Madrid, Spain",1
"General and Colorectal Surgeon, Hospital General Universitario de Ciudad Real, Ciudad Real, Spain",1
General University Hospital Consortium of Valencia,1
"General Surgery Service, Fundación Alcorcón University Hospital, Madrid, Spain",1
"General Surgery Service, Department of Experimental and Health Sciences, Hospital Universitari del Mar, Pompeu Fabra University, Barcelona, Spain",1
"General Surgery Service of the University Hospital of Salamanca, Salamanca, Spain",1
"General Surgery Division. Hospital Universitario Virgen del Rocio, Sevilla, Spain",1
"General Surgery Department, Vall d’Hebrón University Hospital , Barcelona, Spain",1
"General Surgery Department, Vall D'Hebrón University Hospital, Barcelona, Spain",1
"General Surgery Department, University Hospital Parc de Salut Mar., Barcelona, Spain",1
"General Surgery Department, Section of Colon and Rectal Surgery Unit, Hospital del Mar, Barcelona, Catalonia, Spain",1
"Geriatrics Department, Hospital Universitario de Getafe , Madrid , Spain",1
"General Surgery Department, Hospital de Fuenlabrada, 28942 Madrid, Spain",1
"General Surgery Department, Hospital Universitario Marqués de Valdecilla. Santander, Spain",1
"General Surgery Department, Hospital Universitario HM Sanchinarro, HM Hospitales, Universidad CEU San Pablo, Madrid, Spain",1
"General Surgery Department , Hospital del Mar, Barcelona, Spain",1
"General Laboratory, Regional University Hospital of Malaga, Málaga, Spain",1
"Gastroneterology Department, Hospital del Mar, IMIM (Institut de Recerca Hospital del Mar ó Research Institute Hospital del Mar, Barcelona, Spain",1
"Gastrointestinal Surgery Department, Hospital Clinic de Barcelona, C/Villarroel 170, 08036, Barcelona, Spain",1
"Gastroenteroloy, Consorcio Hospitalario Provincial de Castelló, Castellón, Spain",1
Gastroenterología infantil Hospital Universitario severo Ochoa  Leganés Madrid Spain,1
"Gastroenterology, Parc Taulı́ Hospital Universitari, Institut d’Investigació i Innovació Parc Taulı́ I3PT, Sabadell, Spain",1
"Gastroenterology, IBIOMED",1
"Gastroenterology, Hospital del Mar, Barcelona, Spain",1
"Gastroenterology, Hospital Universitario La Zarzuela, Madrid, Spain",1
"Gastroenterology, Hospital San Rafael, A Coruña, Spain",1
"Gastroenterology, Hospital Ruber Juan Bravo, Madrid, Spain",1
"General Surgery Department, Hospital de Sant Joan Despí Moisés Broggi., Barcelona, Spain",1
"Geriatrics Department, Consorci Parc de Salut MAR, Barcelona, Spain",1
"Geriatric Department, Centre Fòrum-Hospital del Mar, Parc de Salut Mar, Llull, 410, 08029 Barcelona, Catalonia, Spain",1
"Georgina Casanova-Garrigos, PhD, MSc, RN, Department and Faculty of Nursing, Universitat Rovira i Virgili, Tortosa, Catalonia, Spain",1
"Geography Department, Autonomous University of Barcelona, Bellaterra, Spain",1
"Genética Molecular en Oncohematología, Instituto de Investigación Biomédica de Salamanca (IBSAL), Salamanca, Spain",1
"Genomics of Complex Disease Group, Institut d'Investigació Biomèdica Sant Pau (IIB SANT PAU), Barcelona, Spain",1
"Genomics and Bioinformatics Platform, Balearic Islands Health Research Institute (IdISBa), University Hospital Son Espases, Palma, Spain",1
Genomics Laboratory Fundación Pública Galega de Medicina Xenómica  Santiago de Compostela Spain,1
"Genomics Division, Institute of Technology and Renewable Energies (ITER), Santa Cruz de Tenerife, Spain",1
"Genomic and Genetic Diagnosis Unit, Research Foundation of Valencia University Clinical Hospital-INCLIVA, Valencia, Spain",1
"Genomic Studies and Genetic Diagnosis Unit, Fundación de Investigación del Hospital Clínico de Valencia-INCLIVA, Valencia, Spain.",1
"Genomic Oncology Area, GENYO, Centre for Genomics and Oncological Research, Pfizer/University of Granada/Andalusian Regional Government, PTS, 18016 Granada, Spain",1
"Genitourinary Oncology Translational Research Group, Instituto de Investigación Biomédica de Málaga (IBIMA), Málaga, Spain",1
"Genitourinary Cancer and Sarcoma Unit, Institut Català d'Oncologia, Hospitalet, Barcelona, Spain",1
"Genetics Unit, University Pompeu Fabra, Barcelona, Spain",1
"General and Digestive Surgery Department, Hospital Clínico Universitario Virgen de la Arrixaca, Murcia, Spain",1
"Genetics Unit, Department of Experimental and Health Sciences, Universitat Pompeu Fabra, 08003 Barcelona, Spain",1
"Genetics Service, Hospital del Mar Research Institute (IMIM), Barcelona, Spain",1
"Genetics Department, Health Research Institute-Fundación Jiménez Díaz (IIS-FJD, UAM), Center for Biomedical Network Research on Rare Diseases (CIBERER), ISCIII, 28040 Madrid, Spain",1
"Genetic and Molecular Epidemiology Group, Spanish National Cancer Research Centre (CNIO), Madrid, Spain",1
"Genetic Oncology Unit, CHUVI Hospital, Complexo Hospitalario Universitario de Vigo, Instituto de Investigación Biomédica Galicia Sur (IISGS), 36204, Vigo (Pontevedra), Spain",1
"Genetic Counseling Unit, Arnau de Vilanova University Hospital, Lleida, Spain",1
"General and Digestive Surgery. Virgen de la Arrixaca University Hospital (IMIB-Arrixaca), Murcia, Spain",1
"General and Digestive Surgery Department, University Hospital of Tarragona Joan XXIII, Tarragona, Spain",1
"General and Digestive Surgery Department, University Hospital Vall d'Hebron., Barcelona, Spain",1
"General and Digestive Surgery Department, University Hospital Parc de Salut Mar., Barcelona, Spain",1
"General and Digestive Surgery Department, University Hospital Mutua de Terrassa, Barcelona, Spain",1
"General and Digestive Surgery Department, University Hospital Arnau de Vilanova, Lleida, Spain",1
"General and Digestive Surgery Department, Reina Sofía University Hospital, Cordoba, Spain",1
"General and Digestive Surgery Department, Hospital de Mataró., Barcelona, Spain",1
"General and Digestive Surgery Department, Hospital General de Granollers., Barcelona, Spain",1
"Genetics Unit, Department of Experimental and Health Sciences, Universitat Pompeu Fabra, Barcelona, Spain",1
"Facultad de Medicina, Universitat Autònoma de Barcelona-UAB, Barcelona, Spain",1
"Facultad de Medicina, Universidad de Málaga, 29010 Málaga, Spain",1
"Facultad de Medicina, Universidad Francisco de Vitoria. Madrid, Spain",1
"Facultad de Medicina, Universidad Europea de Madrid y Universidad Complutense de Madrid, Madrid, Spain",1
"Facultad de Medicina, Universidad Complutense de Madrid, Instituto de Investigación Sanitaria Gregorio Marañón, Madrid, Spain",1
Facultad de Medicina Universitat de València  Valencia Spain,1
"Facultad de Medicina Universidad Complutense, Madrid, España",1
"Facultad de Ciencias de la Salud, Universidad Francisco de Vitoria, Pozuelo de Alarcón, 28223 Madrid, Spain",1
"FMC Valencia, Valencia Spain",1
"FLScience, Fight Infections Foundation , Badalona, Spain",1
"FIDMAG Research Foundation, Barcelona, Spain;",1
"FC Barcelona Medical Department, Barcelona, Spain",1
"FC Barcelona Foundation, Barcelona, Spain",1
"FC Barcelona Foundation, 08028 Barcelona, Spain",1
"Gastroenterology Department, Hospital Mútua de Terrasa , Terrasa , Spain",1
"Evolutionary Genomics Group, Research Program on Biomedical Informatics (GRIB), Hospital del Mar Research Institute (IMIM), Universitat Pompeu Fabra, Barcelona, Spain",1
"Evidence Generation Department, A Piece of Pie, Barcelona, Spain",1
"European Society for Primary Care Gastroenterology, London, United Kingdom",1
European Reference Network for Rare Neurological Diseases (ERN‐RND)  Barcelona Spain,1
"European Higher Education Area Doctoral Program in Methodology of Biomedical Research and Public Health in Department of Pediatrics, Obstetrics and Gynecology, Preventive Medicine and Public Health Universitat Autónoma de Barcelona (UAB) Barcelona Spain",1
"Eurecat, Centre Tecnològic de Catalunya, Unitat de Nutrició i Salut, Reus, Spain",1
"Estrutura Organizativa de Xestión Integrada (EOXI), Vigo, Pontevedra, España",1
Espa ña,1
"Esophagogastric and Bariatric Surgery Unit, Service of General Surgery and Digestive Surgery Hospital del Mar, Passeig Marítim de la Barceloneta, 25-29, 08003, Barcelona, Spain",1
"Escuela Universitaria de Osuna (Centro Adscrito a la Universidad de Sevilla), Osuna, Spain",1
"Escuela Andaluza de Salud Pública (EASP) , Cta. del Observatorio 4,18011 Granada , Spain",1
"Equip d'Atenció Primària Encants, Centre d'Atenció Primària (CAP) Maragall, Institut Català de La Salut, Barcelona, Spain",1
"Epilepsy Unit, Hospital del Mar, Barcelona, Spain;",1
"Epilepsy Unit, Hospital del Mar, Barcelona, Spain",1
"Epilepsy Monitoring Unit, Department of Neurology, Hospital del Mar-IMIM, Barcelona, Spain",1
"Experimental Medicine Department, Lleida University-Lleida Biomedical Research Institute (UdL-IRBLleida), 25198, Lleida, Spain",1
"Fatty Acid Research Institute, Sioux Falls, SD, United States; Hospital del Mar Research Institute, Barcelona, Spain.",1
"Family and Community Medicine, Hospital Universitari Germans Trias i Pujol, Badalona, Catalunya, Spain",1
Fakultät für medizinische Wissenschaft Universidad Francisco de Vitoria Pozuelo de Alarcón  Madrid Spanien,1
"Faculty of Sports Sciences and Physiotherapy, Universidad Europea de Madrid, Madrid, Spain",1
"Faculty of Sports Sciences and Physical Education, Universidade da Coruña, Coruña, Spain",1
"Faculty of Sports Sciences and Physical Education, Universidade da Coruña, 15701 A Coruña, Spain",1
"Faculty of Sports Sciences and Physical Education, Universidade da Coruña, 15179 A Coruña, Spain",1
"Faculty of Sports Sciences and Physical Education, Universidade da Coruña, 15008 A Coruña, Spain",1
"Faculty of Sports Sciences and Physical Education, Universidade da Coruña, 15001 A Coruña, Spain",1
"Faculty of Sport Sciences, Universidad Católica de Murcia, 30107 Murcia, Spain",1
"Faculty of Psychology, University of Barcelona, Barcelona, Spain",1
"Faculty of Psychology and Educational Sciences, Open University of Catalonia, Barcelona, Spain",1
"Faculty of Psychology and Educational Sciences, Cognitive NeuroLab, Open University of Catalonia, Barcelona, Spain",1
"Faculty of Medicine, University of Vic-Central University of Catalonia (UVic-UCC), Vic, Spain",1
"Facultad de Medicina, Universitat Pompeu Fabra (UPF), Barcelona, España",1
"Faculty of Medicine, Universidad Autónoma de Madrid , Madrid, Spain",1
"Faculty of Medicine, Pere Virgili Health Research Institute, Rovira i Virgili University, 43005 Tarragona, Spain",1
"Faculty of Medicine, Department of Neurosciences, University of the Basque Country UPV/EHU, Vitoria-Gasteiz, Spain",1
Faculty of Medicine University of Vic‐Central University of Catalonia (UVic‐UCC) Vic Spain,1
"Faculty of Human Sciences and Education, University of Zaragoza, Spain",1
"Faculty of Health and Life Sciences, Universitat Pompeu Fabra, Dr. Aiguader Building (Mar Campus), 08003 Barcelona, Spain",1
"Faculty of Health Sciences, Valencian International University, C/ Pintor Sorolla, 21, 46002, Spain",1
"Faculty of Health Sciences, Catholic University of Avila, 05005, Avila, Spain",1
Faculty of Health Sciences – HM Hospitals Universidad Camilo José Cela  Madrid Spain,1
Faculty of Health Sciences Universidad Francisco de Vitoria Pozuelo de Alarcón  Madrid Spain,1
"Facultat de Medicina, Universitat de Vic-Universitat Central de Catalunya, Vic, Barcelona, España",1
"Facultat de Medicina, Universitat de Vic-Universitat Central de Catalunya (UVic-UCC), Vic, Barcelona, Spain",1
"Facultat de Medicina, Universitat de Lleida, Lleida, Spain.",1
"Facultat de Medicina, Universitat de Barcelona, Barcelona, Spain",1
"Facultad de Medicina, Universitat de les Illes Balears (UIB)",1
"Faculty of Medicine, Universidad Complutense de Madrid, Madrid, Spain",1
"Endocrine Surgery Unit, Hospital Universitario de Bellvitge, Feixa Llarga s/n, 08907, Hospitalet de Llobregat (Barcelona), Spain",1
"Endocrine Surgery Unit, Department of General Surgery, University Clinical Hospital Virgen de la Arrixaca, Murcia, Spain",1
"Endocrine Surgery Unit, Department of General Surgery, Getafe University Hospital, Getafe, Spain",1
"Endocrine Surgery Unit, Department of General Surgery, Consorci Parc de Salut Mar de Barcelona, Barcelona, Spain",1
"Endocrine Surgery Unit, Department of General Surgery General University Hospital Santa Lucía  Cartagena Spain",1
"Emergency Surgery Unit, University Hospital of Gran Canaria Dr Negrin, Las Palmas de Gran Canaria, Spain",1
"Emergency Surgery Unit, Hospital Virgen del Rocío, Seville, Spain",1
"Emergency Surgery Unit, Department of General Surgery, Hospital del Mar, Barcelona, Spain",1
Emergency Medicine Osasunbidea Navarra Regional Health Service  Pamplona 31003 Spain,1
"Emergency Department-Clinical Toxicology Unit, Hospital del Mar, Barcelona, Spain",1
"Emergency Department-Clinical Toxicology Unit, Hospital Son Espases, Palma de Mallorca, Spain",1
"Emergency Department, Hospital del Mar, Barcelona, Catalonia, Spain",1
"Emergency Department, Hospital de Viladecans, Barcelona, Spain",1
"Emergency Department, Hospital Virgen de La Macarena, Seville, Spain",1
"Epilepsy Monitoring Unit, Department of Neurology, Hospital del Mar-IMIM , Barcelona, Spain",1
"Emergency Department, Hospital Universitario de Navarra, Pamplona, Spain",1
"Emergency Department, Hospital Universitario de Canarias, Tenerife, Spain",1
"Emergency Department, Hospital Universitario de Burgos, Burgos, Spain",1
"Emergency Department, Hospital Universitario La Fe, Valencia, Spain",1
"Emergency Department, Hospital Universitari de Bellvitge, L'Hospitalet de Llobregat, Barcelona, Catalonia, Spain",1
"Emergency Department, Hospital Universitari de Bellvitge, Barcelona, Spain",1
"Emergency Department, Hospital Universitari Vic, Vic, Spain",1
"Emergency Department, Hospital Sant Joan, Alicante, Spain",1
"Emergency Department, Hospital Rey Juan Carlos, Móstoles, Madrid, Spain",1
"Emergency Department, Hospital Reina Sofía, Murcia, Spain",1
"Emergency Department, Hospital Reina Sofía, Córdoba, Spain",1
"Emergency Department, Hospital Palamós, Palamós, Spain",1
"Emergency Department, Hospital Moisès Broggi, Sant Joan Despí, Barcelona, Spain.",1
"Emergency Department, Hospital Marqués de Valdecilla, Santander, Spain",1
"Emergency Department, Hospital Infanta Leonor, Madrid, Spain",1
"Emergency Department, Hospital Universitario de Torrejón, Madrid, Spain",1
"Epilepsy Monitoring Unit, Department of Neurology, Hospital del Mar, Barcelona, Spain",1
"Epilepsy Centre, Faculty of Health and Life Sciences, Hospital del Mar-IMIM, Universitat Pompeu Fabra, Barcelona, Spain",1
"Epidemiology, Public Health, Cancer Prevention and Palliative Care Program",1
"Epidemiology and Public Health program. Hospital del Mar Research Institute, Barcelona, Spain and CIBEROBN, Madrid, Spain",1
"Epidemiology and Evaluation Unit, Hospital del Mar, Passeig Marítim 25-29, 08003, Barcelona, Spain",1
"Epidemiology and Evaluation Department, Hospital del Mar Research Institute (IMIM) , Barcelona, 08003, Spain",1
"Epidemiology and Environmental Health Joint Research Unit, Fundació per al Foment de la Investigació Sanitària i Biomèdica de la Comunitat Valenciana (FISABIO)-Universitat Jaume I-Universitat de València, Valencia, Spain.",1
"Epidemiology National Centre, Institute of Health Carlos III, Calle de Melchor Fernández Almagro, 5, 28029, Madrid, Spain",1
"Epidemiology National Centre, Institute of Health Carlos III, Calle de Melchor Fernández Almagro, 5, 28029 Madrid, Spain.",1
Epidemiology,1
"EpiPhaan Research Group, Universidad de Málaga - Institute of Biomedical Research of Malaga (IBIMA), Málaga, Spain",1
"EpiChron Research Group, Aragon Health Sciences Institute (IACS), IIS Aragón Miguel Servet University Hospital  Zaragoza Spain",1
"Epi-Phaan Research Group, School of Medicine, Universidad de Málaga, Instituto de Investigación Biomédica de Málaga (IBIMA), 29071 Málaga, Spain",1
"Epi-Phaan Research Group, School of Health Sciences, Universidad de Málaga, Instituto de Investigación Biomédica de Málaga (IBIMA), 29071 Málaga, Spain",1
"Epi-Phaan Research Group, Institute of Biomedical research of Malaga (IBIMA), Universidad de Málaga, 29016 Málaga, Spain",1
"Endocrine Surgery, Hospital del Mar, 08003 Barcelona, Spain",1
"Epi-Phaan Research Group, Institute of Biomedical Research of Malaga (IBIMA), Universidad de Málaga, 29016 Malaga, Spain",1
"Environmental and Public Health Analytical Chemistry, Research Institute for Pesticides and Water, University Jaume I, Castelló, Spain",1
"Environmental and Public Health Analytical Chemistry, Research Institute for Pesticides and Water, University Jaume I, 12071 Castelló, Spain",1
"Endoscopy Unit, Hospital Universitario Rio Hortega, Valladolid, Spain",1
"Endocrinology and Nutrition Service, University Hospital “Puerta del Mar”, Instituto de Investigación e Innovación en Ciencias Biomédicas de la Provincia de Cádiz (INiBICA), Cádiz University (UCA), 11001 Cádiz, Spain",1
"Endocrinology and Nutrition Service, Ramón y Cajal University Hospital, 28034 Madrid, Spain",1
"Endocrinology and Nutrition Service, Puerta de Hierro University Hospital, Majadahonda, 28034 Madrid, Spain",1
"Endocrinology and Nutrition Department, Institut d'Investigacions Biomèdiques August Pi Sunyer (IDIBAPS), Hospital Clinic Universitari, Barcelona, Spain",1
"Endocrinology and Nutrition Department, Institut d'Investigacions Biomèdiques August Pi Sunyer (IDIBAPS), Hospital Clinic Universitari, 08036 Barcelona, Spain",1
"Endocrinology and Nutrition Department, Hospital Clinic Universitari, Barcelona, Spain",1
"Endocrinology and Nutrition Department, Clinic University Hospital, Barcelona, Spain",1
"Endocrinology and Nutrition Department, Clinic Universitary Hospital, 08036 Barcelona, Spain",1
"Endocrinology and Nutrition Department, Biomedical Research Institute of Malaga (IBIMA), Regional University Hospital of Malaga, Málaga, Spain",1
"Endocrinology and Nutrition Department, August Pi I Sunyer Biomedical Research Institute (IDIBAPS), Barcelona, Spain",1
Endocrinology and Nutrition Department Hospital Clínico Universitario Lozano Blesa  Zaragoza Spain,1
"Epi-Phaan Research Group, Institute of Biomedical Research of Malaga (IBIMA), Universidad de Málaga, 29016 Málaga, Spain",1
"Gastroenterology Department, Hospital Clinic , Barcelona , Spain",1
"Gastroenterology Department, Hospital Arquitecto Marcide, 15405 Ferrol, Spain",1
"Gastroenterology Department, Hospital Arnau de Vilanova, Lleida, Spain",1
"Gastroenterology Department, Hospital 12 de Octubre , Madrid , Spain",1
"Gastroenterology Department, Fundació Clínic per a la Recerca Biomèdica, Barcelona, Spain",1
"Gastroenterology Department, Corporació Parc Taulí, Sabadell, and Centro de Investigación Biomédica en Red de Enfermedades Hepáticas y Digestivas CIBERehd , Madrid , Spain",1
"Gastroenterology Department, Consorcio Sanitario de Terrasa, 08227 Barcelona, Spain",1
"Gastroenterology Department, Consorci Sanitari de Terrasa , Barcelona , Spain",1
"Gastroenterology Department, Consorci Hospitalari de Vic , Vic , Spain",1
"Gastroenterology Department, Consorci Corporació Sanitària Parc Taulí, Centro de Investigación Biomédica en Red de Enfermedades Hepáticas y Digestivas (CIBERehd) , Sabadell , Spain",1
"Gastroenterology Department, Complexo Hospitalario de Pontevedra, Pontevedra, Spain",1
"Gastroenterology Department, Complexo Hospitalario Universitario de Vigo , Vigo , Spain",1
"Gastroenterology Department, Complejo Universitario de Navarra , Pamplona , Spain",1
"Gastroenterology Department, Complejo Hospitalario de Navarra , Pamplona , Spain",1
"Federación Nacional de Enfermos y Trasplantados Hepáticos (FNETH), Madrid",1
"Gastroenterology Department, Complejo Hospitalario Universitario de Pontevedra , Pontevedra , Spain",1
"Gastroenterology Department, Complejo Hospitalario Universitario de Canarias, San Cristóbal de La Laguna , Spain",1
"Gastroenterology Department, Complejo Asistencial Universitario de León , León , Spain",1
"Gastroenterology Department, Biodonostia Health Research Institute, Centro de Investigación Biomédica en Red de Enfermedades Hepáticas y Digestivas [CIBERehd], and Universidad del País Vasco [UPV/EHU] , San Sebastián , Spain",1
"Gastroenterology Department, Althaia Xarxa Assistencial Universitària de Manresa , Manresa , Spain",1
"Gastroenterolgy Department, Hospital de la Santa Creu i Sant Pau, Barcelona, Spain",1
"Gasol Foundation Europe, Sant Boi de Llobregat, Barcelona, Spain",1
"Gasol Foundation Europe, 08830 Sant Boi de Llobregat, Spain",1
"Gasol Foundation Europe, 08330 Sant Boi de Llobregat, Spain",1
"GTPUH - Germans Trias i Pujol University Hospital [Badalona, Barcelona, Spain] (Carretera de Canyet, s/n, 08916 Badalona, Barcelona, - Spain)",1
"GRIB - Research Unit on Biomedical Informatics (Parc de Recerca Biomèdica de Barcelona (PRBB) Dr. Aiguader, 88 E-8003 Barcelona - Espagne)",1
"GREpS, Health Education Research Group, Nursing and Physiotherapy Department, University of Lleida, 25198 Lleida, Spain",1
"GREpS, Health Education Research Group, Nursing and Physiotherapy Department, University of Lleida, 25003 Lleida, Spain",1
"GREAT network; Hospital Clínico San Carlos, Madrid, Spain.",1
"GREAT network; Emergency Department, Hospital Clinic, Barcelona, Catalonia, Spain.",1
"Gastroenterology Department, Complejo Hospitalario Universitario de Pontevedra, 36071 Pontevedra, Spain",1
"Gastroenterology Department, Hospital Moisès Broggi , Sant Joan Despí , Spain",1
"Gastroenterology Department, Hospital Miguel Servet, Zaragoza, Spain",1
"Gastroenterology Department, Hospital Joan XXIII, Tarragona, Spain",1
"Gastroenterology Department, Hospital Germans Trias i Pujol, Badalona. Ciberehd, Spain",1
"Gastroenterology Department, Hospital General de Valencia, Valencia, Spain",1
"Gastroenterology Department, Hospital General de Tomelloso , Tomelloso , Spain",1
"Gastroenterology Department, Hospital General de Granollers, 08042 Granollers, Spain",1
"Gastroenterology Department, Hospital General de Ciudad Real , Ciudad Real , Spain",1
"Gastroenterology Department, Hospital General de Castelló , Castellón , Spain",1
"Gastroenterology Department, Hospital General de Alicante, Centro de Investigación Biomédica en Red de Enfermedades Hepáticas y Digestivas (CIBERehd), Instituto de Investigación Sanitaria y Biomédica de Alicante (ISABIAL), 03010 Alicante, Spain",1
"Gastroenterology Department, Hospital General de Alicante , Alicante , Spain",1
"Gastroenterology Department, Hospital General Universitario de Valencia, 46014 Valencia, Spain",1
"Gastroenterology Department, Hospital General Universitario de Elche, 03203 Alicante, Spain",1
"Gastroenterology Department, Hospital General Universitario de Elche , Elche , Spain",1
"Gastroenterology Department, Hospital General Universitario de Ciudad Real, Ciudad Real, Spain",1
"Gastroenterology Department, Hospital Clinic of Barcelona, 08036 Barcelona, Spain",1
"Gastroenterology Department, Hospital General Universitario de Alicante, Alicante, Spain",1
"Gastroenterology Department, Hospital General Universitario de Alicante , Alicante , Spain",1
"Gastroenterology Department, Hospital General Universitario Gregorio Marañón , Madrid , Spain",1
"Gastroenterology Department, Hospital General Universitari de Castelló , Castelló , Spain",1
"Gastroenterology Department, Hospital Del Mar, Barcelona, Spain",1
"Gastroenterology Department, Hospital Clínico y Politécnico La Fe, Valencia, Spain",1
"Gastroenterology Department, Hospital Clínico de Zaragoza, Zaragoza, Spain",1
"Gastroenterology Department, Hospital Clínico Universitario de Valencia, 46010 Valencia, Spain",1
"Gastroenterology Department, Hospital Clínico Universitario de Santiago, Santiago de Compostela , Spain",1
"Gastroenterology Department, Hospital Clínico Universitario Lozano Blesa , Zaragoza , Spain",1
"Gastroenterology Department, Hospital Clínico San Carlos, Madrid, Spain",1
"Gastroenterology Department, Hospital Clínic, Barcelona, Institut d’Investigacions Biomèdiques August Pi i Sunyer (IDIBAPS) , Barcelona , Spain",1
"Gastroenterology Department, Hospital Clínic Barcelona, Barcelona, Spain",1
"Gastroenterology Department, Hospital Clinico San Cecilio, Granada, Spain",1
"Gastroenterology Department, Hospital Clinic of Barcelona, Barcelona, Spain",1
"Gastroenterology Department, Hospital General Universitario de Castellón , Castellón , Spain",1
"Fundació Puigvert, Barcelona, España",1
"Fundació Puigvert [Barcelona, Spain] (Spain)",1
Fundació Institut d'Investigació Sanitària Illes Balears – IdISBa  Mallorca Spain,1
"Fundació Institut Universitari per a la recerca a l'Atenció Primària de Salut Jordi Gol i Gurina (IDIAPJGol), Barcelona, Spain; Department of Medical Informatics, Erasmus University Medical Center, Rotterdam, The Netherlands.",1
"Fundació Institut Universitari per a la recerca a l'Atenció Primària de Salut Jordi Gol i Gurina (IDIAPJGol), Barcelona, Spain.",1
"Fundació Institut Universitari per a la Recerca a l’Atenció Primària de Salut Jordi Gol I Gurina (IDIAPJGol), 08007 Barcelona, Spain",1
Fundació Institut Universitari per a la Recerca a l’Atencio Primaria de Salut Jordi Gol I Gurina (IDIAPJGol) Universitat Autonoma de Barcelona  Barcelona Spain,1
"Fundació Institut D'investigació en Ciències de la Salut Germans Trias I Pujol (IGTP), Badalona, Spain",1
Fundació Hospital de l'Esperit Sant,1
"Fundació Caubet-CIMERA, Bunyola, Illes Balears, Spain",1
"Fundaciò Docència i Recerca Mutua Terrassa i Hospital Universitari Mutua Terrassa, Barcelona, Catalonia, Spain",1
"Fundación Instituto para la Mejora de la Asistencia Sanitaria, Madrid, Spain",1
"Fundacion de Investigacion Biomedica, Puerta de Hierro University Hospital of Majadahonda, 28222 Madrid, Spain",1
"Fundacion Jimenez Diaz University Hospital, Health Research Institute IIS‐FJD Madrid Spain",1
GETGAG Study Group Investigators are listed in the supplementary material,1
"Fundacio per la Recerca Clinic Barcelona-IDIBAPS (FRCB-IDIBAPS), Barcelona, Spain",1
"Fundacio Institut de Recerca Hospital de la Santa Creu i Sant Pau, Barcelona, Spain",1
"Functional Unit of Primary Immunodeficiencies, Hospital del Mar, Barcelona, Spain",1
"Functional Clinical Toxicology Unit, Parc de Salut Mar, Barcelona, Spain",1
"From the Dermatology Department, Hospital General Universitario de Alicante, Alicante, Spain.",1
"Francesca González-Palau, PhD, MSc, MHN, RN, Hospital Santa Maria, Salut/Gestió de Serveis Sanitaris, Lleida, Catalonia, Spain",1
"Foundation Weber, Madrid, Spain",1
"Foot Attending Physician, Department of Orthopedic Surgery, Parc de Salut Mar, Barcelona, Spain and Ankle Fellow Resident, Department of Orthopedic Surgery, Hospital Clinic, Barcelona, Spain",1
"Fondazione IRCCS Istituto Nazionale dei Tumori, Milano, Italy",1
"Fondazione IRCCS Istituto Nazionale dei Tumori , Milano , Italy",1
"Fisioterapia Respiratoria, Hospital Universitario de A Coruña, La Coruña, España",1
"Fight Infections Foundation, Barcelona, Spain",1
"Fertinagro Biotech S.L., 44195 Teruel, Spain",1
"Ferrer Internacional, S.A., Barcelona, Spain",1
"Fellow Neurosurgeon Hospital de Sant Pau, Barcelona, Spain",1
"Fundacion Instituto Valenciano de Oncología, Valencia, Spain",1
"GEICAM, Spanish Breast Cancer Group, Madrid, Spain. mmartin@geicam.org.",1
"GEICAM, Spanish Breast Cancer Group, Madrid, Spain.",1
"GEICAM, Spanish Breast Cancer Group, Madrid, Spain",1
"Fundación de Investigación Biomédica, Puerta de Hierro University Hospital of Majadahonda, Majadahonda, Madrid, Spain",1
"Fundación de Investigación Biomédica, Puerta de Hierro University Hospital of Majadahonda, Madrid, Spain",1
Fundación de Investigación Biomédica Hospital Universitario Puerta de Hierro Majadahonda Spain,1
"Fundación SEIMC-GESIDA, Madrid, Spain",1
"Fundación Renal I ñigo Álvarez de Toledo, Madrid, Spain",1
"Fundación Pública Andaluza para la Gestión de la Investigación en Salud de Sevilla, Sevilla, Spain",1
"Fundación Pública Andaluza para la Gestión de la Investigación en Salud de Sevilla, Sevilla, España",1
"Fundación Puigvert, Barcelona, España",1
"Fundación Piel Sana Academia Española de Dermatología, Madrid, Spain",1
Fundación Piel Sana Academia Española de Dermatología Madrid Spain,1
Fundación Piel Sana Academia Española de Dermatología  Madrid Spain,1
"Fundación MD Anderson Internacional, Madrid, Spain",1
"Fundació Salut i Envelliment UAB (FSIE-UAB), Barcelona, Spain",1
"Fundación Jiménez Diaz, Hospital Rey Juan Carlos, Hospital Ruber Internacional, Madrid, Spain",1
"Fundación Investigación Cardiovascular, Programa Cardiovascular-ICCC, Institut de Recerca del Hospital de la Santa Creu i Sant Pau, IIB-Sant Pau, Barcelona, Spain",1
"Fundación Investigación Biomédica, Hospital General Universitario Gregorio Marañón, Instituto de Investigación Sanitaria Gregorio Marañón (IiSGM), Madrid, Spain",1
"Fundación Instituto para la Mejora de la Asistencia Sanitaria (IMAS), Madrid, Spain",1
"Fundación Instituto de Investigación Sanitaria de Santiago de Compostela. Hospital Universitario Lucus Augusti, Lugo, España",1
"Fundación Instituto Valenciano de Oncología, Medical Oncology Department, Valencia, Spain",1
"Fundación Instituto Valenciano de Oncología, Medical Oncology Department , Valencia , Spain",1
"Fundación IDIS, Rheumatology, Complejo Hospitalario Universitario de Santiago, Rúa da Choupana, s/n, Santiago de Compostela 15706 , Spain",1
"Fundación Hospital de Alcorcón, Madrid, Spain.",1
"Fundación Española para el Estudio y Terapéutica de la Enfermedad de Gaucher y otras Lisosomales (FEETEG), Zaragoza, Spain",1
"Fundación Española de Toxicología Clínica, Spain; Emergency Department, Hospital Universitario de Canarias, Tenerife, Spain; Department of Physical Medicine and Pharmacology, Universidad de La Laguna, Tenerife, Spain.",1
"Fundación Española de Toxicología Clínica, Spain",1
"Fundación Canaria Instituto de Investigación Sanitaria de Canarias, Santa Cruz de Tenerife, Spain",1
Fundació per la Docència i Recerca MútuaTerrassa Terrassa Catalonia Spain,1
"Fundació Sant Hospital, La Seu d’Urgell, Spain",1
Fundación Jiménez Díaz  Madrid Spain,1
"Hospital Clínico Universitario de Santiago, Santiago de Compostela, La Coruña, Spain",1
Hospital Clínico Universitario de Santiago  Santiago de Compostela Spain,1
"Hospital Clínico Universitario \Lozano Blesa\, Zaragoza, Spain",1
"Hospital Clínico Universitario Virgen del Rocío, Sevilla, Spain",1
"Hospital Clínico Universitario Virgen de la Victoria, Málaga, Spain",1
"Hospital Clínico Universitario Virgen de la Arrixaca-IMIB, Murcia, Spain.",1
"Hospital Clínico Universitario Virgen de la Arrixaca, Murcia, España",1
"Hospital Clínico Universitario Virgen de la Arrixaca, IMIB, Universidad de Murcia, Murcia, Spain",1
"Hospital Clínico Universitario Virgen de la Arrixaca, El Palmar, Spain",1
"Hospital Clínico Universitario Virgen de la Arrixaca [Murcia, Spain]",1
"Hospital Clínico Universitario Valladolid, Valladolid, Spain",1
"Hospital Clínico Universitario San Carlos, Madrid, Spain",1
"Hospital Clínico Universitario Miguel Servet, Zaragoza, Spain",1
"Hospital Clínico Universitario Lozano Blesa, Zaragoza, Spain.",1
"Grupo de Trabajo de Infección Fúngica Invasiva, Sociedad Española de Infectología Pediátrica (SEIP), España; Unidad de Patología Infecciosa e Inmunodeficiencias de Pediatría, Hospital Universitari Vall d'Hebron, Barcelona, España; Grupo de Investigación Infección e Inmunidad en el Paciente Pediátrico, Vall d'Hebron Institut de Recerca, Hospital Universitario Vall d'Hebron, Barcelona, España. Electronic address: nataliaana.mendoza@vallhebron.cat.",1
Hospital Clínico Universitario  Valladolid Spain,1
Hospital Clínico Universitario  Santiago de Compostela Spain,1
"Hospital Clínico San Carlos, Madrid, Spain.",1
"Hospital Clínico San Carlos, IdISSC, Universidad Complutense, Madrid, Spain",1
"Hospital Clínico San Carlos in Madrid, Madrid, Spain",1
"Hospital Clínico San Carlos IDISCC, Complutense University of Madrid , Madrid ,",1
Hospital Clínico San Carlos  Madrid Spain,1
Hospital Clínico San Carlos,1
Hospital Clínico  Valencia Spain,1
Hospital Clínic. Universitat de Barcelona,1
"Hospital Clínic-Institut d'Investigacions Biomèdiques August Pi i Sunyer, University of Barcelona, Barcelona, Spain",1
"Hospital Clínic, Cardiovascular Clinic Institute, Institut d'Investigacions Biomèdiques August Pi i Sunyer, Barcelona, Spain",1
"Hospital Clínic, Barcelona, España",1
Hospital Clínic of Barcelona  Barcelona Spain,1
Hospital Clínic de Barcelona. Universitat de Barcelona,1
"Hospital Clínico Universitario Lozano Blesa, Zaragoza, España",1
"Hospital Duran i Reynals, Av. de la Granvia de l'Hospitalet, 199,, 08908, L'Hospitalet de Llobregat, Barcelona, Spain",1
"Hospital Dr. Negrín, Las Palmas",1
"Hospital Donostia, Begiristain Doktorea Pasealekua, s/n, 20014, Donostia, Gipuzkoa, Spain",1
"Hospital Doctor Peset, Valencia, FISABIO, Valencia, Spain",1
"Hospital Doctor Negrín, Las Palmas de Gran Canaria, Spain.",1
"Hospital Del Mar, Barcelona, Spain.",1
"Hospital Del Mar, Barcelona, Spain",1
"Hospital Del Mar Research Institute, Universitat Pompeu Fabra , Barcelona , Spain",1
"Hospital Del Mar Medical Research Institute (IMIM), Barcelona, Spain",1
"Hospital De Cabueñes, Gijón, Asturias, Spain",1
"Hospital Da Costa, Burela, Lugo, Spain.",1
"Hospital Da Costa, Burela, 27880 Lugo, Spain",1
"Hospital Da Costa, 27880 Burela, Spain",1
Hospital Complejo Asistencial Universitario de Salamanca,1
"Hospital Clínico Universitario de Santiago, Santiago de Compostela, Spain",1
"Hospital Clínico, Madrid, España",1
"Hospital Clínico de San Carlos, Madrid, Spain. Electronic address: jorgeopita@gmail.com.",1
"Hospital Clínico de Navarra, Pamplona, Spain",1
Hospital Clínico de Navarra  Pamplona Spain,1
"Hospital Clínico Universitario, Valladolid, Spain",1
"Hospital Clínico Universitario, Valladolid",1
"Hospital Clínico Universitario, Valencia (Spain)",1
"Hospital Clínico Universitario, Santiago de Compostela, Spain",1
"Hospital Clínico Universitario, Dermatology Department, Valencia, Spain",1
"Hospital Clínico Universitario de Valencia, Gdt Diabetes Semfyc, Valencia, España",1
"Hospital Clínico Universitario de Valencia, Biomedical Research Institute INCLIVA. Universidad de Valencia, Valencia, Spain.",1
"Hospital Clínico Universitario de Valencia, Av. de Blasco Ibáñez, 17, 46010, Valencia, Spain",1
"Hospital Clínico Universitario de Valencia e Instituto de Investigación INCLIVA, Valencia, Spain.",1
" Kronikgune Institute for Health Services Research, Barakaldo, Basque Country, Spain",1
Hospital Clínico Universitario de Valencia  Valencia Spain,1
"Hospital Comarcal del Pallars, Tremp, Spain",1
"Hospital Arnau de Vilanova, Valencia, Spain.",1
"Hospital Arnau de Vilanova, Universidad Católica, Valencia, Spain",1
"Hospital Arnau de Vilanova, Spain",1
"Hospital Arnau de Vilanova, Lleida, Cataluña, Spain",1
"Hospital Arnau de Vilanova, Cardiology Department, IRBLleida, Spain",1
"Hospital Arnau de Vilanova, 46015 Valencia, Spain",1
"Hospital Arnau de Vilanova, 25198 Valencia, Spain",1
"Hospital Arnau de Vilanova , Valencia , Spain",1
Hospital Arnau de Vilanova,1
"Hospital Alvaro Cunqueiro, Vigo, Spain",1
"Hospital Althaia, Xarxa Assistencial de Manresa, Manresa, Spain",1
"Hospital Althaia Manresa, Barcelona, Spain",1
"Hospital ASEPEYO de Barcelona, Sant Cugat del Vallés, Spain",1
"Hospital 12 de Octubre, Madrid, Spain.",1
"Hospital Clínic de Barcelona, Institut d'Investigacions Biomèdiques August Pi i Sunyer, and Universitat de Barcelona Barcelona Spain",1
"Hospital 12 de Octubre, 28041 Madrid, Spain",1
"Hopsital Infanta Leonor, Madrid, Spain",1
"Hip Unit, iMove Traumatologia, Clínica Mitrestorres, Barcelona, Spain",1
"Hip Unit, Orthopedic and Traumatology Department, Hospital Universitario Infanta Leonor, Gran Via Del Este 80, 28031, Madrid, Spain",1
"Hip Reconstruction Unit, Parc de Salut Mar, Barcelona, Spain",1
"Hereditary Cancer Program, Catalan Institute of Oncology, Girona, Spain",1
"Hereditary Cancer Program, Catalan Institute of Oncology, Bellvitge Biomedical Research Institute (IDIBELL), Centro de Investigación Biomédica en Red de Cáncer (CIBERONC), Madrid, Spain",1
"Hepatopancreatobiliary Unit, Parc Salut Mar Hospital, Barcelona, Passeig Marítim de La Barceloneta 25, 08003, Spain",1
"Hepatopancreatobiliary Unit, Hospital del Mar, Barcelona, Spain",1
"Hepatopancreatobiliary Unit, Hospital Universitario de La Princesa, Instituto de Investigación Sanitaria Princesa (IIS-IP), Universidad Autónoma de Madrid (UAM), Calle de Diego de León, 62, 28006 Madrid, Spain",1
"Hepatology, HBP Surgery and Transplants, IIS La Fe, Hospital La Fe, Valencia, Spain; Department of Surgery, Hospital General Universitario de Alicante, Alicante, Spain.",1
"Hepatology Unit, Hospital del Mar, Barcelona, Spain",1
"Hepatology Department, Hospital Universitario Valle Hebron Hospital, CIBEREHD, Barcelona, Spain",1
"Hepatobiliopancreatic Surgery and Transplantation Department, Vall d’Hebrón University Hospital , Barcelona, Spain",1
"Hepatobiliopancreatic Surgery and Transplantation Department, Vall D'Hebrón University Hospital, Barcelona, Spain",1
"Hospital 12 de Octubre, Complutense University, CNIO, CIBERONC, 28041 Madrid, Spain.",1
"Hospital Clínic de Barcelona, Carrer de Villarroel  Barcelona Spain",1
"Hospital Clínic de Barcelona, Barcelona, España",1
"Hospital Clínic de Barcelona and IDIBAPS, Barcelona, Spain",1
"Hospital Clínic de Barcelona , Barcelona , Spain",1
"Hospital Clínic de Barcelona , Barcelona , España",1
"Hospital Clínic Universitari de València, Valencia",1
"Hospital Clínic I Provincial de Barcelona, Barcelona, Spain",1
Hospital Clínic  Barcelona Spain,1
"Hospital Clìnic i Provincial, C. de Villarroel, 170, 08036, Barcelona, Spain",1
"Hospital Clinico, Madrid",1
Hospital Clinico Zaragoza,1
"Hospital Clinico Universitario de Valladolid, 16238, Av Ramon y Cajal, Valladolid, Castilla y León, Spain, 47005;",1
Hospital Clinico Universitario de Valencia,1
"Hospital Clinico Universitario de Salamanca (CAUSA/IBSAL), Salamanca, Spain.",1
"Hospital Clinico Universitario de Salamanca (CAUSA / IBSAL), Salamanca, Spain",1
"Hospital Arnau de Villanova, 46015 Valencia, Spain",1
Hospital Clinico Universitario San Carlos,1
"Hospital Clinico San Carlos, 16267, Endocrinology and Nutrition, Madrid, Comunidad de Madrid, Spain;",1
"Hospital Clinical Multiprofesional COVID19 Unit, Avda del Ejército 61, 28802 Alcalá de Henares (Madrid), Spain",1
"Hospital Clinic, Institute of Neuroscience, University of Barcelona, IDIBAPS, CIBERSAM, Barcelona, Catalonia, Spain",1
"Hospital Clinic, Barcelona, Spain.",1
"Hospital Clinic, Barcelona (Spain)",1
"Hospital Clinic i Provincial, Barcelona, Spain",1
Hospital Clinic de Barcelona  Barcelona Spain,1
"Hospital Central de la Defensa Gómez Ulla, Madrid, Spain",1
Hospital Central de la Defensa Gomez Ulla,1
Hospital Can Misses,1
"Hospital Benito Menni CASM, Hermanas Hospitalarias, Sant Boi de Llobregat, Spain",1
"Hospital Benito Menni CASM, Hermanas Hospitalarias , Sant Boi de Llobregat , Spain",1
"Hospital Basurto, Montevideo Etorb., 18, 48013, Bilbo, Bizkaia, Spain",1
"Hospital Basurto, Basurto",1
Hospital Clinico Universitario Santiago Compostela,1
"Hospital Peset, Valencia, Spain.",1
"Hospital Perpetuo Socorro, Badajoz, Spain",1
"Hospital Nuestra Señora del Rosario, Madrid, Spain",1
Hospital Nuestra Señora de la Candelaria  Santa Cruz de Tenerife Spain,1
"Hospital Nuestra Señora de Sonsoles, Ávila, Spain",1
"Hospital Nuestra Señora de Gracia, Zaragoza",1
"Hospital Mútua de Terrassa, Terrassa, Spain",1
"Hospital Mútua de Terrassa, Cardiology Department, Terrassa, Barcelona, Spain",1
"Hospital Morales Meseguer, IMIB-Pascual Parrilla, Universidad de Murcia, Murcia, Spain",1
"Hospital Morales Meseguer, Av Marqués de los Vélez, s/n, 30008, Murcia, Spain",1
"Hospital Montecelo, Pontevedra",1
"Hospital Monte Naranco, Oviedo, Spain",1
Hospital Moises Broggi  Sant Joan Despí Spain,1
Hospital Moises Broggi,1
"Hospital Duran i Reynals-ICO Hospitalet, Av. de la Granvia de l'Hospitalet, Barcelona, Spain",1
"Hospital Manises, Valencia, España",1
"Hospital Lucus Agusti, Lugo, Spain",1
Hospital Lluís Alcanyís  Játiva Spain,1
"Hospital Lluis Alcanyis, Xátiva, Valencia, Spain",1
"Hospital La Princesa, Madrid, Spain",1
"Hospital La Paz Institute for Health Research (IdiPAZ), Madrid, Spain",1
Hospital La Paz Institute for Health Research,1
Hospital La Mancha Centro  Alcázar de San Juan Spain,1
"Hospital La Fé, Valencia, Spain",1
"Hospital Juan Ramón Jiménez, Huelva, Spain",1
Hospital Juan Ramón Jiménez  Huelva Spain,1
"Hospital Josep Trueta, Cardiology Department, Girona, Spain",1
"Hospital Joan XXIII- ICO Tarragona, Tarragona, Spain",1
"Hospital Joan XXIII, Tarragona, Spain",1
"Hospital Joan XXIII, Tarragona (Spain)",1
"Hospital Materno-Infantil Infanta Cristina, Badajoz, Spain",1
"Hospital Reina Sofia, Córdoba, Andalucia, Spain. Electronic address: mjesusrubio63@gmail.com.",1
"Hospital Regional Universitario de Málaga, 16330, Endocrinology and Nutrition, Plaza del Hospital Civil, Malaga, Spain, 29010",1
Hospital Regional Universitario de Málaga,1
"Hospital Regional U. de Málaga, Málaga, España",1
"Hospital Ramón y Cajal, Madrid, Spain",1
"Hospital Ramón y Cajal, Instituto Ramón y Cajal de Investigación Sanitaria (IRYCIS), Universidad de Alcalá, Madrid, Spain. jvalentingg@gmail.com.",1
"Hospital Rafael Méndez, Lorca, Spain",1
"Hospital Quirónsalud San José, Madrid, Spain. Electronic address: plafuenteg@gmail.com.",1
"Hospital Quironsalud del Vallés, Sabadell, España",1
"Hospital Quironsalud Barcelona, Spain",1
"Hospital Quiron Salud La Coruña, La Coruña, Spain",1
"Hospital Puerto Real, Cádiz (Spain)",1
"Hospital Puerta del Mar, Cádiz, Spain.",1
"Hospital Puerta del Mar, Cádiz, Spain",1
"Hospital Pharmacy, Hospital Clínico San Carlos, Madrid, Spain",1
Hospital Puerta del Mar  Cádiz Spain,1
"Hospital Puerta de Hierro, Madrid, Spain",1
"Hospital Puerta de Hierro, 28220 Madrid, Spain",1
Hospital Puerta de Hierro  Madrid Spain,1
"Hospital Psychology Unit, Hospital General Universitario de Alicante, Spain",1
"Hospital Príncipe de Asturias, Carr. de Alcalá, s/n, 28805, Meco, Madrid, Spain",1
"Hospital Príncipe de Asturias, 28801 Alcala de Henares, Spain",1
"Hospital Provincial de Castellón, Castellón de la Plana, Spain",1
"Hospital Provincial Castellón, Servicio de Oncología , Castelló De La Plana , Spain",1
Hospital Politécnico y Universitario La Fe,1
"Hospital Plató, Barcelona, Spain",1
"Hospital Pharmacy, Hospital de Sagunto, Sagunto, Spain",1
"Hospital Pharmacy, Hospital de Fuenlabrada, Madrid, Spain",1
"Hospital Pharmacy, Hospital Universitario Miguel Servet, P/ Isabel la Católica 1-3, 50009, Zaragoza, Spain",1
"Hospital Pharmacy, Hospital Morales Meseguer, Murcia, Spain",1
"Hospital Puerta del Mar, Av. Ana de Viya, 21, 11009, Cádiz, Spain",1
"Hospital General Universitario de Salamanca, Dermatology Department, Salamanca, Spain",1
"Hospital General Universitario de Elda, Alicante, Spain",1
"Hospital General Universitario de Elche, Alicante, Spain",1
"Hospital General Universitario de Ciudad Real, Sección de Alergia, Ciudad Real, Spain",1
Hospital General Universitario de Alicante,1
"Hospital General Universitario Virgen de las Nieves, Granada, Spain",1
"Hospital General Universitario Reina Sofía, Murcia, Spain",1
"Hospital General Universitario Morales Meseguer, Universidad de Murcia, Murcia, Spain",1
"Hospital General Universitario Morales Meseguer, Madrid, Spain",1
Hospital General Universitario Morales Meseguer,1
"Hospital General Universitario Gregorio Marañón, Madrid, España",1
"Hospital General Universitario Gregorio Marañón, Madrid",1
"Hospital General Universitario Gregorio Marañón, IiSGM, Madrid, Spain",1
"Hospital General Universitario Gregorio Marañon, Universidad Complutense, CIBERONC, Madrid, Spain",1
"Hospital Insular Las Palmas, Las Palmas de Gran Canaria, Spain",1
"Hospital General Universitario Dr Balmis. ISABIAL. Alicante, Spain",1
"Hospital General Universitario Dr Balmis, Alicante, Spain",1
"Hospital General Universitario Dr Balmis , Alicante, Valencia , Spain",1
"Hospital General Universitario De Ciudad Real, Spain",1
Hospital General Universitari de Castello,1
"Hospital General Santa María del Puerto, Cádiz, Spain.",1
"Hospital General San Jorge, Huesca, Spain",1
"Hospital General De Cataluña, Sant Cugat del Vallès, Spain",1
"Hospital Galdakao, Galdakao",1
"Hospital Galdakano, Bilbao, Spain",1
"Hospital Fundación Jiménez Díaz, Madrid, Spain",1
"Hospital Fundación Jiménez Díaz, 28040 Madrid, Spain",1
Hospital Fundación Jiménez Díaz,1
"Hospital El Pilar - Grup Quirónsalut, Barcelona, Spain",1
"Hospital Duran i Reynals-ICO, Barcelona, Spain.",1
"Hospital General Universitario Dr. Balmis. ISABIAL, Alicante, Spain.",1
"Hospital Infanta Sofía, Madrid, Spain.",1
"Hospital Infanta Sofía, 28703 Madrid, Spain",1
"Hospital Infanta Sofía, 28702 Madrid, Spain",1
"Hospital Infanta Leonor, Madrid, España",1
"Hospital Infanta Leonor, 28031 Madrid, Spain",1
Hospital Infanta Leonor  Madrid Spain,1
"Hospital Infanta Cristina, 28981 Madrid, Spain",1
"Hospital Hospitalario Donostia, Hospital Bidasoa, Hospital de Mendaro, Hos-pital de Zumarraga and Hospital Universitario Doctor Peset)",1
"Hospital HM Madrid Sanchinarro, 28050 Madrid, Spain",1
"Hospital HM Delfos, Barcelona, Spain",1
Hospital Germans Tris i Pujol  Badalona Spain,1
"Hospital Germans Trias i Pujol-ICO Badalona, Carretera de Canyet, Barcelona, Spain",1
"Hospital Germans Trias i Pujol, Badalona, Spain",1
"Hospital Germans Trias i Pujol, Badalona (Barcelona), Spain",1
"Hospital Germans Trias i Pujol, Badalona (Barcelona), Barcelona, Spain",1
"Hospital General Universitario de Toledo, Toledo, Spain",1
"Hospital German Trias i Pujol, Cardiology Deparment, Barcelona, Spain",1
"Hospital German Trias i Pujol, Badalona, Spain",1
"Hospital German Trias I Pujol, Badalona, Spain",1
"Hospital General de Vic (Consorci Hospitalari de Vic), Vic, Spain",1
"Hospital General de Granollers, Granollers, Spain",1
"Hospital General de Granollers, Barcelona, Spain.",1
"Hospital General de Elche, Elche, Alicante, Spain",1
"Hospital General de Elche, Elche (Alicante), Spain",1
"Hospital General de Elche, Elche (Alicante), Alicante, Spain",1
"Hospital General de Catalunya, Barcelona, Spain",1
"Hospital General de Alicante, Alicante, Spain.",1
Hospital General de Alicante,1
"Hospital General Universitario de Valencia, Valencia, Spain.",1
"Hospital General Universitario de Valencia, Dermatology Department, Valencia, Spain",1
"Hospital General Universitario de Valencia, CIBERONC, Valencia, Spain",1
"Hospital Germans Trias i Pujol , Badalona , España",1
"Health Services Research Group, Hospital del Mar Research Institute, Doctor Aiguader 88, office 144, Barcelona, 08003, Spain",1
Health Sciences Faculty Universitat Oberta de Catalunya (UOC)  Barcelona Spain,1
"Health Research Institute of the Balearic Islands, 07120 Palma de Mallorca, Spain",1
"Health Research Institute of the Balearic Islands (Idisba), University of Balearic Islands and Hospital Son Espases, Palma de Mallorca, 07122 Spain",1
Health Research Institute of the Balearic Islands (Idisba) University of Balearic Islands and Hospital Son Espases  Palma de Mallorca 07122 Spain,1
"Health Research Institute of the Balearic Islands (IdISBa). Edificio S, Hospital Universitario Son Espases, Carretera de Valldemossa, 79., Palma, Balearic Islands, 07120 Spain",1
"Health Research Institute of the Balearic Islands (IdISBa). Edificio S Hospital Universitario Son Espases  Carretera de Valldemossa, 79. Palma Balearic Islands 07120 Spain",1
"Health Research Institute of the Balearic Islands (IdISBa), University Hospital Son Espases, Palma de Mallorca, Spain",1
"Health Research Institute of the Balearic Islands (IdISBa), Son Espases University Hospital, Palma, Spain",1
"Health Research Institute of the Balearic Islands (IdISBa), Palma, Spain",1
"Health Research Institute of the Balearic Islands (IdISBa), Palma de Mallorca, Spain",1
"Health Research Institute of the Balearic Islands (IdISBa), Hospital Son Espases, 07120 Palma de Mallorca, Spain",1
"Health Research Institute of the Balearic Islands (IdISBa), 07120, Palma de Mallorca, Spain",1
"Health Research Institute of Santiago de Compostela (IDIS), Galicia Public Foundation IDIS, SERGAS, Cancer Genetics and Epidemiology Group, Genomic Medicine Group, Santiago de Compostela, Spain",1
"Hepatobiliary and Pancreatic Surgery Unit, Hospital del Mar. Universitat Pompeu Fabra, Barcelona, Spain.",1
"Health Research Institute of Principality of Asturias, Oviedo, Spain",1
"Health Promotion in Rural Areas Research Group, Gerència Territorial de la Catalunya Central, Institut Català de la Salut, Sant Fruitós de Bages, Spain",1
"Health Policy and Health Services Research Group, Health Policy Research Unit, Consortium for Health Care and Social Services of Catalonia, Barcelona, Spain",1
"Health Policy and Health Services Research Group, Health Policy Research Unit, Consortium for Health Care and Social Services of Catalonia, Barcelona, 08022, Spain",1
"Health Economics & Market Access Novartis Farmacéutica, Barcelona, España",1
"Health Department of Catalonia, Stroke Programme, Agency for Health Quality and Assessment of Catalonia, Barcelona, Spain",1
"Health Care Research Group (GRECS), Biomedical Research Institute (IRB) of Lleida, Dr. Pifarré Foundation, Lleida, Spain",1
"Health Care Research Group (GRECS) - Biomedical Research Institut (IRB) Lleida- Dr. Pifarre Foundation, Lleida, Spain",1
"Headache and Neurological Pain Research Group, Vall d'Hebron Research Institute, Barcelona, Spain",1
"Headache and Neuralgia Unit, Department of Neurology, Hospital de La Santa Creu I Sant Pau, Barcelona, Spain",1
"Headache Clinic, Neurology Department, Vall d'Hebron Hospital, Barcelona, Spain",1
"Head of Pediatric Ophthalmology Department, Hospital Sant Joan de Déu, Barcelona, Spain",1
"Head of Maxillofacial Unit, Pediatric Surgery Department, Hospital Sant Joan de Déu, Barcelona, Spain",1
"Head of Addiction Program, Mental Health and Research Institute, Hospital del Mar, Barcelona, Spain",1
"Haematology and Haemotherapy Unit, Hospital Universitario de Araba, Vitoria-Gasteiz, Álava, Spain",1
"Health Research Institute of Santiago de Compostela (IDIS), Drug Screening and Pharmacogenomics Platform/BioFarma Research Group, CIMUS Research Center, University of Santiago de Compostela, 15782 Santiago de Compostela, Spain.",1
Hematology Department Hospital Universitario de Gran Canaria Dr.Negrín  Las Palmas de Gran Canaria Spain,1
Hematology Department Hospital Universitario Fundación de Alcorcón Madrid Spain,1
"Hematology Department Hospital Universitario 12 de Octubre, Madrid, Spain",1
Hematology Department Hospital Universitario 12 de Octubre Madrid Spain,1
Hematology Department Hospital Príncipe de Asturias  Alcalá de Henares Madrid Spain,1
Hematology Department Hospital Marqués de Valdecilla Santander Spain,1
Hematology Department Hospital Gregorio Marañón Madrid Spain,1
Hematology Department Hospital Clínico de Valladolid Valladolid Spain,1
Hematology Department Hospital Clínico Universitario de Santiago de Compostela  Santiago de Compostela Galicia Spain,1
Hematology Department Hospital Clínico Universitario de Salamanca Salamanca Spain,1
Hematology Department Hospital Clínico Universitario de A Coruña  A Coruña Spain,1
Hematology Department Hospital Clínico Lozano Blesa Zaragoza Spain,1
Hematology Department Hospital Clínico  Valencia Spain,1
"Hematology Deparment, Hospital del Mar, 08003 Barcelona, Spain",1
"Health Services Research Unit, Hospital del Mar Research Institute, Barcelona, Spain",1
"Hematology Deparment, Hospital Universitario de Burgos, 09006 Burgos, Spain",1
"Hematology Deparment, Hospital Universitario Virgen del Rocío, Instituto de Biomedicina de Sevilla (IBIS/CSIC), 41013 Sevilla, Spain",1
"Hematology Deparment, Hospital Universitario Virgen de las Nieves, 18014 Granada, Spain",1
"Hematology Deparment, Hospital Universitario Miguel Servet, 50009 Zaragoza, Spain",1
"Hematology Deparment, Hospital Universitario La Paz-Idi-PAZ, 28046 Madrid, Spain",1
"Hematology Deparment, Hospital Son Espases, 07210 Palma, Spain",1
"Hematology Deparment, Complexo Hospitalario Universitario A Coruña, 15006 A Coruña, Spain",1
"Hematological Laboratory Service Germans Trias i Pujol University Hospital, Catalan Institute of Oncology, Josep Carreras Leukaemia Research Institute, Universitat Autonòma de Barcelona  Barcelona Spain",1
"Heart Failure Unit, Department of Internal Medicine Hospital Arnau de Vilanova, Institut de Recerca Biomédica de Lleida (IRBLleida)  Lleida Spain",1
"Heart Failure Unit, Department of Cardiology, Hospital Universitario Virgen de las Nieves, Granada, Spain",1
"Health and Life Sciences, Universitat Pompeu Fabra, Barcelona, Spain",1
"Health and Addictions Research Group, Institute of Neuroscience, Hospital Clínic University of Barcelona, IDIBAPS  Barcelona Spain",1
"Health Services Research on Chronic Patients Network (REDISSEC), Instituto de Salud Carlos III, Madrid, Spain",1
Health Services Research on Chronic Patients Network (REDISSEC) Instituto de Salud Carlos III  Madrid Spain,1
"Health Services Research Unit, IMIM-Hospital del Mar, C/ del Dr. Aiguader, 88, Barcelona, 08003, Spain",1
"Hematology Deparment, Hospital Universitario de Salamanca, 37007 Salamanca, Spain",1
"H. U. Fundación Alcorcón (Gastroenterology Department, Alcorcón, Spain)",1
"H. Germans Trías i Pujol, Barcelona, Espa",1
"H. General Universitario de Elche (Gastroenterology Department, Elche, Spain)",1
"H. General Universitario Ciudad Real (Gastroenterology Department, Ciudad Real, Spain)",1
"H. General U. de Albacete, Albacete, Espa ña",1
"H. General U. d'Alacant, Alicante, España",1
"H. General Granollers (Gastroenterology Department, Granollers, Spain)",1
"H. Clínico San Carlos (Gastroenterology Department, Madrid, Spain)",1
"H. Clínic Barcelona (Gastroenterology Department, Barcelona) and CIBEREHD (Madrid, Spain) and IDIBAPS (Barcelona, Spain)",1
"Gynecology and Obstetrics Department, Hospital del Mar, Barcelona, Spain",1
"Gynecology and Obstetrics Department, Hospital de Mollet, Barcelona, Spain",1
"Gynecology Department, Puerto Real University Hospital, Cádiz, Spain",1
"Gynecology Department, Hospital de la Santa Creu i Sant Pau, Barcelona, Spain",1
"Gynecology Department, Hospital de Valme, Seville, Spain",1
"Haematology Unit, Hospital de Mar, Barcelona, Spain",1
"Gynecology Department, Hospital Universitario de Cruces, Bilbao, Spain",1
"Gynecology Department, Hospital Universitario Vall d´Hebron, Barcelona, Spain",1
"Gynecology Department, Hospital Universitario Son Espases, Majorca, Spain",1
"Gynecology Department, Hospital Clinico Universitario Lozano Blesa, Saragossa, Spain",1
"Gynecologic Unit, Donostia University Hospital–Biodonostia Health Research Institute, Basque Country University, San Sebastián, Spain",1
"Gynecologic Surgery Unit, Hospital Quiron Dexeus, Barcelona, Spain",1
"Gynecologic Oncology Unit, La Paz University Hospital–IdiPAZ, Madrid, Spain",1
"Gynecologic Oncology Unit, Hospital Universitario del Mar, Barcelona, Spain",1
"Gynaecological Department, Vall d'Hebron University Hospital, CIBERONC, Barcelona, Spain",1
"Grupo de trabajo de Infecciones Relacionadas con la Asistencia Sanitaria, Sociedad Española de Infectología Pediátrica (SEIP), España; Unidad Infectología Pediátrica, Hospital Universitario y Politécnico de La Fe, Valencia, España.",1
Grupo de trabajo de Dislipemia Aterogénica. Sociedad Española de Arteriosclerosis,1
"Grupo de Trabajo de Toxicología de la Societat Catalana de Medicina d'Urgències i Emergencies (SoCMUETox), Barcelona, España",1
"Grupo de Trabajo de Programas de Optimización del Uso de Antimicrobianos (PROA), Sociedad Española de Infectología Pediátrica (SEIP), España; Unidad de Infectología Pediátrica, Hospital Sant Joan de Déu, Barcelona, España.",1
"Grupo de Trabajo de Pediatría, Sociedad Española de Farmacia Hospitalaria (SEFH), España; Servicio de Farmacia Hospitalaria, Consorci Hospitalari de Vic, Barcelona, España.",1
"Grupo de Trabajo de Jóvenes Nefrólogos de la Sociedad Española de Nefrología (JovSEN), Madrid, Spain",1
"Gynecology Department, Hospital de Igualada, Barcelona, Spain",1
"Haematology Unit, Hospital Universitario Quirónsalud, Madrid, Spain",1
"Haematology Department, Hospital Universitario de La Princesa, Madrid, Spain",1
Haematology Department Hospital Universitario de La Princesa Madrid Spain,1
"HPB Unit, University Parc Salut Mar Hospital, Barcelona, Spain",1
"HPB Unit, Hospital del Mar, Pompeu Fabra University, Barcelona, Spain.",1
"HPB Unit, Hospital del Mar, Barcelona, Spain. Electronic address: ielpo.b@gmail.com.",1
"HPB Unit, Hospital del Mar, Barcelona, Spain.",1
"HPB Unit Surgical Department, Hospital del Mar , Barcelona, Catalunya, Spain",1
"HPB Surgery Unit, Trueta University Hospital, Girona, Spain.",1
"HPB Surgery Unit, Hospital del Mar, Barcelona, Spain.",1
"HPB Surgery Unit, Department of General and Digestive Surgery, La Princesa University Hospital, Madrid, Spain.",1
"HM Hospitales—Centro Integral Oncológico HM Clara Campal, Oña Street 10, 28050,  Madrid, Spain",1
"HM CIOCC, Barcelona, Spain",1
"HM CIOCC MADRID (Centro Integral Oncológico Clara Campal), Laboratorio de Innovación en Oncología, Instituto de Investigación Sanitaria HM Hospitales, Madrid, Spain. Electronic address: tatianapgrazioso@gmail.com.",1
"HM CIOCC MADRID (Centro Integral Oncológico Clara Campal), Laboratorio de Innovación en Oncología, Instituto de Investigación Sanitaria HM Hospitales, Madrid, Spain. Electronic address: pnavarro@hmhospitales.com.",1
"H. U. Son Llàtzer (Gastroenterology Department, Palma de Mallorca, Spain)",1
"HM CIOCC MADRID (Centro Integral Oncológico Clara Campal), Laboratorio de Innovación en Oncología, Instituto de Investigación Sanitaria HM Hospitales, Madrid, Spain. Electronic address: jfrodriguez@hmhospitales.com.",1
"HM CIOCC MADRID (Centro Integral Oncológico Clara Campal), Laboratorio de Innovación en Oncología, Instituto de Investigación Sanitaria HM Hospitales, Madrid, Spain. Electronic address: esevillano@hmhospitales.com.",1
"HM CIOCC MADRID (Centro Integral Oncológico Clara Campal), Laboratorio de Innovación en Oncología, Instituto de Investigación Sanitaria HM Hospitales, Madrid, Spain. Electronic address: abarquin@hmhospitales.com.",1
"HIV/STD Unit, Hospital Clínico Universitario San Carlos, IdISSC, Calle del Profesor Martín Lagos, s/n, 28040 Madrid, Spain",1
"HEOR, Pfizer Spain, Alcobendas, Spain",1
"H30,ospital Gregorio Maranon, Madrid, Spain",1
"H.U. de Cruces, Bilbao, España",1
"H.U. de Canarias, La Laguna (Tenerife), Espa ña",1
"H.U. Virgen del Rocío, Valencia, España",1
"H.U. Virgen de la Arrixaca, Murcia, Espa ña",1
"H.U. Reina Sofía, Córdoba, España",1
"H.U. Ramón y Cajal, Madrid, España",1
"H.U. Miguel Servet, Zaragoza,",1
"H.U. Central de Asturias, Oviedo, España",1
"H.General Universitario Dr. Balmis de Alicante (Gastroenterology Department, Alicante, Spain)",1
"HM CIOCC MADRID (Centro Integral Oncológico Clara Campal), Laboratorio de Innovación en Oncología, Instituto de Investigación Sanitaria HM Hospitales, Madrid, Spain. Electronic address: jgarciadonas@gmail.com.",1
"Hematology and Medical Oncology Department, Hospital Universitario Morales Meseguer, University of Murcia, IMIB, CP13/00126, PI17/0050 (ISCIII& FEDER), Murcia, Spain",1
"Hematology and Medical Oncology Department, Hospital Universitario Morales Meseguer, CRH-IMIB, Universidad de Murcia, Murcia, Spain",1
"Hematology Unit, Terrassa Hospital, Terrasa, Spain.",1
"Hematology Unit, Hospital Universitario Infanta Leonor, Madrid, Spain",1
"Hematology Unit Terrassa Hospital, Terrassa, Spain",1
"Hematology Unit Terrassa Hospital, Terrasa, Spain",1
Hematology Unit Terrassa Hospital  Spain,1
"Hematology Service, University Hospital of Getafe, Madrid, Spain",1
"Hematology Service, Hospital Universitari Sant Joan de Reus, 43204 Reus, Spain",1
"Hematology Service, Hospital Clinic, Barcelona, Spain",1
"Hematology Dept, Virgen del Rocío University Hospital, Seville, Spain",1
"Hematology Dept, Virgen de Valme University Hospital, Seville, Spain",1
"Hematology Dept, San Pedro de Alcántara Hospital, Cáceres, Spain",1
"Hematology Dept, Hospital del Mar, Barcelona, Spain",1
Hematology Department Hospital Universitario de La Princesa  Madrid Spain,1
"Hematology Dept, Hospital Universitario de Burgos, Burgos, Spain",1
"Hematology Dept, Cabueñes Hospital, Gijón, Spain",1
"Hematology Department, Virgen de las Nieves University Hospital, 18012 Granada, Spain.",1
"Hematology Department, Virgen de las Nieves University Hospital, 18012 Granada, Spain",1
"Hematology Department, Vall d'Hebron Institute of Oncology (VHIO), Vall d'Hebron Hospital Universitari, 08035 Barcelona, Spain",1
"Hematology Department, University Hospital of Salamanca-IBSAL, Salamanca, Spain",1
"Hematology Department, University Hospital of Salamanca, IBSAL Cancer Center, Salamanca, Spain",1
"Hematology Department, University Hospital of Salamanca, CIBERONC (CB16/12/00233), IBSAL, Accelerator program and Centro de Investigación del Cáncer (IBMCC",1
"Hematology Department, University Hospital and Research Institute of Marqués de Valdecilla (IDIVAL), Santander, Spain",1
"Hematology Department, Madrid, Spain",1
"Hematology Department, MD Anderson Cancer Center, Madrid, Spain",1
"Hematology Department, Institut Català d'Oncologia, Hospital Josep Trueta, Girona, Spain",1
"Hematology Department, Institut Català d'Oncologia, Hospital Duran i Reynals, Barcelona, Spain",1
"Hematology Department, ICO-Hospital Germans Trias i Pujol, Josep Carreras Leukemia Research Institute, 08916 Badalona, Spain",1
"Hematology Department, Hospital, Universitario de Canarias, Santa Cruz de Tenerife, Spain",1
"Hematology Dept, Hospital Universitario de Salamanca, IBSAL, CIBERONC, Salamanca, Spain",1
"Hepatobiliary and Pancreatic Surgery Unit, Hospital del Mar, Universitat Pompeu Fabra, Barcelona, Spain.",1
"Hepatobiliary and Liver Transplant Unit, Hospital Universitario Cruces, Barakaldo, Bizkaia, Spain",1
"Hepatobiliary Unit, Department of General and Digestive Surgery, Hospital Universitario La Princesa, Instituto de Investigación Sanitaria Princesa (IIS-IP), Universidad Autónoma de Madrid (UAM), Madrid, Spain",1
"Hepatobiliary Surgery and Liver Transplantation Unit, ISABIAL Hospital General Universitario Dr. Balmis, Alicante, Spain",1
"Hepatobiliary Surgery and Liver Transplantation Unit Cruces University Hospital Bio Cruces Health Research Institute, University of the Basque Country, Leioa, Spain",1
"Hepatobiliary Surgery and Liver Transplant Unit, Cruces University Hospital, Cruces Plaza, S/N, 48903 Barakaldo, Bizkaia, Spain",1
"Hepatobiliary Division, Hospital del Mar, Universitat Pompeu Fabra, Barcelona, Spain",1
"Hepatobiliar and Pancreatic Surgery Unit General and Digestive Surgery University Hospital Virgen de Valme, Seville, Spain",1
"Hepato-Pancreato-Biliary Unit, Parc Salut Mar University Hospital, Passeig Maritim, 25, 08003, Barcelona, Spain",1
"Hepato-Biliary and Pancreatic Surgery Unit, Department of Surgery, Hospital del Mar, Barcelona, Spain",1
"Hepatic Surgery Department, Hospital de Bellvitge, L'Hospitalet de Llobregat, Barcelona, Spain",1
"Hemotherapy and Hemostasis Department, Hospital Clínic, Barcelona, Spain",1
"Hemostasia, Thrombosis Arteriosclerosis and Vascular Biology Instituto de Investigación Sanitaria IIS La Fe Valencia Spain",1
"Hematopathology Unit, Pathology Department, Hospital Clínic, Barcelona, Spain",1
"Hematopathology Section, Department of Pathology Hospital Clinic  Barcelona Spain",1
"Hematology, Clínica Universitaria de Navarra, Navarra, Spain",1
"Hematología, Instituto Hospital del Mar de Investigaciones Médicas (IMIM), Barcelona, Spain",1
"Hematología, Hospital Universitario de la Paz, Madrid, Spain",1
"Hematología, Hospital Universitario de Salamanca, Paseo de San Vicente, 182, 37007, Salamanca, Spain",1
"Hematología, Hospital Universitario de León, León, Spain",1
"Hematología, Hospital Universitario Reina Sofía, Córdoba, Spain",1
"Hematología, Hospital Universitario Marqués de Valdecilla, Santander, Spain",1
"Hematología, Hospital Universitario Central de Asturias, Oviedo, Spain",1
"Hematología, Hospital Universitari Germans Trias I Pujol, Instituto Catalán de Oncología (ICO), Badalona, Spain",1
"Hematología, Hospital General Universitario de Valencia, Valencia, Spain",1
"Hematology/ClinicalOncology Dept, Costa del Sol Hospital, Marbella, Málaga, Spain",1
"Hematology, Institut Català d'Oncologia, Hospital Germans Trias i Pujol, Barcelona, Spain",1
"Hematology, Hospital del Mar, Barcelona, Spain",1
"Hematology, Hospital de la Vall d'Hebron, Barcelona, Spain",1
"Hematology, Hospital Santa Creu i Sant Pau, Barcelona, Spain",1
"Hematology, Hospital Puerta del Mar, Cádiz, Spain",1
"Hematopathology Department, Hospital Clinic de Barcelona, Barcelona, Spain",1
"Hematology Department, Hospital Juan Canalejo, La Coruña, Spain",1
"Hematology Department, Hospital Infanta Leonor, 28031 Madrid, Spain",1
"Hematology Department, Hospital HM Madrid Sanchinarro, Universidad CEU San Pablo, 28050 Madrid, Spain",1
"Hematology Department, Hospital General de la Coruña, 15006 A Coruña, Spain",1
"Hematology Department, Hospital General Universitario, Alicante, Spain",1
"Hematology Department, Hospital General Universitario de Alicante, 03010 Alicante, Spain",1
"Hematology Department, Hospital General Universitario Morales Meseguer, CIBERER, IMIB, UCAM, 30008 Murcia, Spain",1
"Hematology Department, Hospital General Universitario Morales Meseguer, 30008 Murcia, Spain",1
"Hematology Department, Hospital Dr. Peset, Valencia, Spain",1
"Hematology Department, Hospital Doctor Negrín, Las Palmas de gran Canaria, Spain",1
"Hematology Department, Hospital Doce de Octubre, Madrid, Spain",1
"Hematology Department, Hospital Consorci Sanitari de Terrassa, Barcelona, Spain",1
"Hematology Department, Hospital Clínico-INCLIVA, Valencia, Spain",1
"Hematology Department, Hospital Clínico, INCLIVA, Valencia, Spain",1
"Hematology Department, Hospital del Mar-IMIM, Barcelona, Spain",1
"Hematology Department, Hospital Clínico Lozano Blesa, Zaragoza, Spain",1
"Hematology Department, Hospital Clínic, Institut d'Investigacions Biomèdiques August Pi i Sunyer, Barcelona, Spain",1
"Hematology Department, Hospital Clínic, Institut d'Investigacions Biomèdiques August Pi i Sunyer (IDIBAPS), Barcelona, Spain",1
"Hematology Department, Hospital Clínic, Barcelona, Spain",1
"Hematology Department, Hospital Clínic, 08036 Barcelona, Spain",1
"Hematology Department, Hospital Arnau de Vilanova, Lleida, Spain",1
"Hematology Department, Hospital 12 de Octubre, Madrid, Spain",1
"Hematology Department, Hospital 12 de Octubre, 28041 Madrid, Spain",1
"Hematology Department, Clínica Universidad de Navarra, Pamplona, Spain",1
"Hematology Department and Laboratory Medicine Department, Hospital Universitario Central de Asturias, Oviedo, Spain",1
Hematology Department Ramón y Cajal University Hospital Madrid Spain,1
"Hematology Department Infanta Leonor University Hospital, Madrid, Spain",1
Hematology Department Infanta Leonor University Hospital Madrid Spain,1
Hematology Department ICO‐Hospital Durán i Reynals (Hospitalet de Llobregat Barcelona Spain,1
Hematology Department Hospital de Cabueñes Gijón Spain,1
"Hematology Department, Hospital Clínico, INCLIVA, 46010 Valencia, Spain",1
"Hematology Department, Hospital del Mar, Spain",1
"Hematology Department, Hospital del Mar, IMIM, Barcelona, Spain",1
"Hematology Department, Hospital de la Santa Creu i Sant Pau, Barcelona, Spain",1
"Hematology Department, Hospital de Torrejón, 28850 Torrejón de Ardóz, Spain",1
"Hematology Department, Hospital de La Zarzuela, 28023 Madrid, Spain",1
"Hematology Department, Hospital Virgen de la Arrixaca, Murcia, Spain",1
"Hematology Department, Hospital Universitario de Salamanca, IBSAL, CIBERONC, Salamanca, Spain",1
"Hematology Department, Hospital Universitario de León, 24071 León, Spain",1
"Hematology Department, Hospital Universitario de Canarias, Tenerife, Spain",1
"Hematology Department, Hospital Universitario de Canarias, 38320 Santa Cruz de Tenerife, Spain",1
"Hematology Department, Hospital Universitario de Araba, Vitoria, Spain",1
"Hematology Department, Hospital Universitario Virgen del Rocío, Instituto de Biomedicina de Sevilla (IBIS/CSIC), 41013 Sevilla, Spain",1
"Hematology Department, Hospital Universitario Virgen de las Nieves, 18014 Granada, Spain",1
"Hematology Department, Hospital Universitario Virgen de la Victoria, 29010 Málaga, Spain",1
"Hematology Department, Hospital Universitario Son Llátzer, 07198 Palma de Mallorca, Spain",1
"Hematology Department, Hospital La Fe, CIBERONC – Instituto Carlos III, Valencia, Spain",1
"Hematology Department, Hospital Universitario Son Es pases (IdiSBa), 07120 Palma de Mallorca, Spain",1
"Hematology Department, Hospital Universitario Miguel Servet, 50009 Zaragoza, Spain",1
"Hematology Department, Hospital Universitario Infanta Leonor, Madrid, Spain",1
"Hematology Department, Hospital Universitario Doctor Negrín, 35010 Las Palmas de Gran Canaria, Spain",1
"Hematology Department, Hospital Universitario 12de Octubre, Madrid, Spain",1
"Hematology Department, Hospital Universitari Mutua de Terrassa, Terrassa, Spain",1
"Hematology Department, Hospital Santa Creu i Sant Pau, 08025 Barcelona, Spain",1
"Hematology Department, Hospital Sant Joan de Déu Manresa, Barcelona, Spain",1
"Hematology Department, Hospital Ramón y Cajal, IRYCIS, Madrid, Spain",1
"Hematology Department, Hospital Puerta de Hierro, 28222 Madrid, Spain",1
"Hematology Department, Hospital Morales-Messeguer, Murcia, Spain",1
"Hematology Department, Hospital Morales Meseguer, IMIB, UCAM, Murcia, Spain",1
"Hematology Department, Hospital La Paz, Madrid, Spain",1
"Hematology Department, Hospital La Paz, 28046 Madrid, Spain",1
"Hematology Department, Hospital La Fe, Valencia, Spain",1
"Hematology Department, Hospital Universitario Son Espases, 07210 Palma, Spain",1
Department of Pediatric Gastroenterology Hospital Universitario Severo Ochoa  Leganés Spain,1
"Department of Pathology, Plataforma de Estudios Histológicos, Citológicos y de Digitalización, Hospital de Tortosa Verge de la Cinta, IISPV, URV, Tortosa, Tarragona, Spain",1
"Department of Pathology, La Fe University and Polytechnic Hospital, Valencia, Comunidad Valenciana, Spain",1
"Department of Pathology, Infanta Elena University Hospital, 28342 Madrid, Spain",1
"Department of Pathology, INCLIVA Biomedical Research Institute, University of Valencia, Valencia, CIBERONC, Spain",1
"Department of Pathology, Hospital Álvaro Cunqueiro, Vigo, Spain",1
"Department of Pathology, Hospital del Mar-Parc de Salut Mar, Barcelona, Spain",1
"Department of Pathology, Hospital del Mar-Parc de Salut Mar, Barcelona",1
"Department of Pathology, Hospital del Mar, Passeig Maritim 25-29, 08003 Barcelona, Spain",1
"Department of Pathology, Hospital del Mar, Parc de Salut Mar, Barcelona, Spain",1
"Department of Pathology, Hospital del Mar, Hospital del Mar Research Institute, 08003 Barcelona, Spain",1
"Department of Pathology, Hospital del Mar, Barcelona, CIBERONC, Spain",1
"Department of Pathology, Hospital de Tortosa Verge de la Cinta, Catalan Institute of Health, Institut d'Investigació Sanitària Pere Virgili (IISPV), Tortosa, Tarragona, Spain",1
"Department of Pathology, Hospital Universitario de Canarias, La Laguna, Canarias, Spain",1
"Emergency Department, Hospital Figueres, Figueres, Spain",1
"Department of Pathology, Hospital Universitario Puerta del Hierro Majadahonda, Majadahonda, Madrid, Spain",1
"Department of Pathology, Hospital Universitario Marques de Valdecilla, Santander, Cantabria, Spain",1
"Department of Pathology, Hospital Universitario Fundacion Jiménez Díaz, Madrid, Spain",1
"Department of Pathology, Hospital Universitari Sant Joan de Reus, Tarragona, Spain",1
"Department of Pathology, Hospital Universitari General de Catalunya-Grupo Quironsalud, Barcelona, Spain",1
"Department of Pathology, Hospital Universitari General de Catalunya, Sant Cugat del Vallès, Barcelona, Spain",1
"Department of Pathology, Hospital Universitari General de Catalunya (Sant Cugat del Vallès, Barcelona), Spain",1
"Department of Pathology, Hospital Del Mar, Barcelona, Spain",1
"Department of Pathology, Hospital Del Mar Medical Research Institute, 08003 Barcelona, Spain",1
"Department of Pathology, Hospital Clinic Barcelona, August Pi i Sunyer Biomedical Research Institute (IDIBAPS), Esther Koplowitz Center (CEK), Centro de Investigacion Biomedica en Red de Cancer (CIBERONC), 08036 Barcelona, Spain",1
"Department of Pathology, Fundación Jiménez Díaz University Hospital Health Research Institute (IIS-FJD, UAM)—CIBERONC, 28040 Madrid, Spain",1
"Department of Pathology, Complexo Hospitalario Universitario de Santiago de Compostela, Santiago de Compostela, Galicia, Spain",1
"Department of Pathology, Clínica Dermatológica Internacional, Madrid, Spain",1
"Department of Pathology, Clinica Universidad de Navarra, Pamplona, Navarra, Spain",1
"Department of Pathology, Ciberonc, Madrid, Spain",1
"Department of Pathology, Hospital Universitario Virgen del Rocío, Sevilla, Spain",1
"Department of Preventive Medicine and Epidemiology, Hospital Universitari Vall d'Hebron, Barcelona, Spain",1
"Department of Preventive Medicine University of Valencia.  Av. de Blasco Ibáñez, 13. Valencia 46010 Spain",1
Department of Preventive Medicine University of Valencia  Valencia 46020 Spain,1
"Department of Pneumology, Hospital del Mar, Parc de Salut Mar, Barcelona, Spain",1
"Department of Pneumology, Hospital General Universitario Morales Meseguer, Murcia, Spain",1
"Department of Pneumology, Hospital Clinic of Barcelona, August Pi i Sunyer Biomedical Research Institute – IDIBAPS, University of Barcelona, Barcelona, Spain",1
"Department of Plastic Surgery, Hospital del Mar and Hospital de Sant Pau, Barcelona, Spain",1
Department of Plastic Surgery Hospital del Mar and Hospital de Sant Pau  Barcelona Spain,1
"Department of Physiology, Genetics, and Microbiology, University of Alicante, Alicante, Spain",1
"Department of Physical Therapy, Occupational Therapy, Physical Medicine and Rehabilitation, Universidad Rey Juan Carlos (URJC), 28922 Madrid, Spain",1
"Department of Pharmacy, University Hospital Virgen del Rocío, Seville, Spain",1
"Department of Pharmacy, Hospital del Mar, Universitat Pompeu Fabra (UPF), 08003 Barcelona, Spain.",1
"Department of Pharmacy, Hospital del Mar, 08003 Barcelona, Spain.",1
"Department of Pharmacy, Hospital del Mar, 08003 Barcelona, Spain",1
"Department of Pediatric Gastroenterology, Hospital Universitario Puerta de Hierro, Majadahonda, Spain",1
"Department of Pharmacy, Hospital Universitario de La Princesa, Madrid, Spain",1
"Department of Pharmacy, Hospital Universitario de La Princesa, Instituto de Investigación Sanitaria La Princesa, Universidad Autónoma de Madrid, Diego de León 62, 28006, Madrid, Spain",1
"Department of Pharmacy, Hospital Universitario Central de Asturias, Oviedo, Spain",1
"Department of Pharmacy, Hospital Universitari del Mar, Barcelona, Spain",1
"Department of Pharmacy, Hospital Universitari Joan XXIII, 43005 Tarragona, Spain",1
"Department of Pharmacy, Hospital Del Mar, Barcelona, Spain",1
Department of Pharmacy Hospital Universitario Central de Asturias  Oviedo Spain,1
"Department of Pharmacology and Physiology, Unit of Clinical Genetics and Functional Genomics, School of Medicine, University of Zaragoza, CIBERER-GCV02 and IIS-Aragon, Zaragoza, Spain",1
"Department of Personality, Assessment and Clinical Psychology. Universidad Complutense de Madrid, Spain",1
"Department of Pediatrics, Universidad Autónoma de Madrid, Madrid, Spain",1
"Department of Pediatrics, Universidad Autónoma de Madrid, 28049 Madrid, Spain",1
"Department of Pediatrics, New York University School of Medicine, New York, NY, USA",1
"Department of Pediatrics, Hospital General de Tomelloso, Tomelloso, Spain",1
"Department of Pediatrics &amp; Pediatric Endocrinology, Hospital Infantil Universitario Niño Jesús, Instituto de Investigación La Princesa Universidad Autónoma de Madrid Madrid Spain",1
"Department of Pediatrics &amp; Pediatric Endocrinology, Hospital Infantil Universitario Niño Jesús, Instituto de Investigación La Princesa Universidad Autónoma de Madrid  Madrid Spain",1
"Department of Pharmacy, Hospital Universitario y Politécnico La Fe, Valencia, Spain",1
"Department of Orthopaedic Surgery, Hospital de Poniente, El Ejido, Spain",1
"Department of Orthopaedic Surgery, Hospital San Rafael, La Coruña, Spain",1
"Department of Orthopaedic Surgery, Hospital Clínico Universitario Lozano Blesa, Zaragoza, Spain",1
"Department of Orthopaedic Surgery and Traumatology, Hospital del Mar, Barcelona 08003, Spain",1
"Department of Orthopaedic Surgery and Traumatology, Hospital Universitario Infanta Leonor, Madrid 28031, Spain",1
"Department of Organization and Communication, Parc Sanitari Pere Virgili, Barcelona, Spain",1
"Department of Ophthalmology, Esperanza Hospital, Barcelona, Spain",1
"Department of Ophthalmology, Esperanza Hospital, Barcelona",1
"Department of Ophthalmology, Creu Groga Ophthalmologic Institute, Calella, Spain",1
"Department of Ophthalmology, Consorci Parc de Salut Mar de Barcelona, Barcelona, Spain",1
"Department of Ophthalmology, BioCruces Bizkaia Health Research Institute, Cruces University Hospital, Barakaldo, Spain.",1
"Department of Oncology‐Radiotherapy, Hospital del Mar, Parc de Salut Mar  Barcelona Spain",1
"Department of Oncology, Hospital Universitario Marques de Valdecilla, IDIVAL, Santander, Spain",1
"Department of Oncology, Hospital Costa del Sol, Marbella, Spain",1
"Department of Pathology and Molecular Genetics and Research Laboratory, Hospital Universitari Arnau de Vilanova, University of Lleida, IRBLleida, CIBERONC, Lleida, Spain",1
Department of Oncology Hospital del Mar – Parc de Salut Mar Barcelona Spain,1
Department of Oncology Clínica Universidad de Navarra Pamplona Spain,1
Department of Oncology,1
"Department of Obstetrics and Gynecology, Parc de Salut Mar, Universitat Autònoma de Barcelona, 08003, Barcelona, Spain",1
"Department of Obstetrics and Gynecology, Parc Sanitari Sant Joan de Déu, Sant Boi, Barcelona, Spain",1
"Department of Obstetrics and Gynecology, Parc Sanitari Sant Joan de Deu, Sant Boi, Barcelona, Spain, and",1
"Department of Obstetrics and Gynecology, Hospital del Mar, Parc de Salut Mar, Barcelona, Spain",1
"Department of Obstetrics and Gynecology, Hospital del Mar, Barcelona, Catalunya, Spain",1
"Department of Obstetrics and Gynecology, Hospital Universitario, Ramón y Cajal, Madrid, Spain",1
"Department of Obstetrics and Gynecology, Hospital Puerta Hierro, Madrid, Spain",1
"Department of Nutrition, University of Alcalá, 28034 Madrid, Spain",1
"Department of Nutrition, Harvard T.H. Chan School of Public Health, Harvard University, Boston, MA 02115, USA",1
"Department of Nutrition, Harvard T.H. Chan School of Public Health, Boston, Massachusetts, United States of America",1
"Department of Nutrition, Harvard T.H. Chan School of Public Health, Boston, MA, USA;",1
"Department of Nutrition, Harvard T.H. Chan School of Public Health, Boston, MA 02115, USA",1
"Department of Oncology, Clinica Universidad de Navarra, Pamplona, Spain.",1
"Department of Pathology Hospital del Mar, Universitat Autònoma  Barcelona Spain",1
Department of Pathology Hospital del Mar – Parc de Salut Mar Barcelona Spain,1
"Department of Pathology Hospital de la Santa Creu i Sant Pau, Universitat Autònoma  Barcelona Spain",1
"Department of Pathological Anatomy, Consorci Parc de Salut MAR/Hospital del Mar, Barcelona, Spain",1
"Department of Paediatrics, Universidad Autónoma de Madrid, Madrid, Spain",1
"Department of Paediatrics, Unit of Clinical Genetics, Service of Paediatrics, University Hospital \Lozano Blesa\, School of Medicine, University of Zaragoza, CIBERER-GCV02 and IIS-Aragon, Zaragoza, Spain",1
"Department of Paediatrics, Obstetrics and Gynecology and Preventive Medicine, Universitat Autònoma de Barcelona, Badalona, Spain",1
"Department of Paediatric Cardiology, Hospital Universitari Joan XXIII, Universitat Rovira i Virgili, Tarragona, Spain",1
"Department of Paediatric Cardiology, Hospital Sant Joan de Déu, Barcelona, Spain",1
"Department of Paediatric Cardiology, Consorci Sanitari del Maresme, Hospital de Mataró, Barcelona, Spain",1
Department of Outcomes Research Outcomes'10  Castellón de la Plana Spain,1
"Department of Orthopedics, Sant Joan de Déu Hospital Palma Inca, Palma, Spain",1
"Department of Orthopedics, Sant Joan de Déu Hospital Palma Inca, Palma, Mallorca, Spain",1
"Department of Orthopedics, Hospital del Mar, ICATKNEE-Dexeus, Universitat Autònoma de Barcelona (UAB), Barcelona, Spain",1
"Department of Orthopedics, Hospital del Mar, Barcelona, Spain.",1
"Department of Orthopaedic Surgery, Parc de Salut Mar, Barcelona, Spain",1
"Department of Orthopedics, Hospital 12 de Octubre, Madrid, Spain",1
"Department of Orthopedics, Consorci Sanitari Igualada, Igualada, Spain",1
"Department of Orthopedic Surgery, Parc de Salut Mar, Hospital del Mar I L'Esperança, Barcelona, Spain",1
"Department of Orthopedic Surgery, Hospitals del Mar i l’Esperança, Barcelona, Spain.",1
"Department of Orthopedic Surgery and Traumatology, Parc de Salut Mar, 08003 Barcelona, Spain",1
"Department of Orthopedic Surgery and Traumatology, Hospital de la Santa Cruz y San Pablo, 08025 Barcelona, Spain",1
"Department of Orthopedic Surgery and Traumatology, Hospital de Poniente, 04700 El Ejido, Spain",1
"Department of Orthopedic Surgery and Traumatology, Hospital San Rafael, 15006 A Coruña, Spain",1
"Department of Orthopedic Surgery and Traumatology, Hospital Galdakao-Usansolo, 48960 Galdakao, Spain",1
"Department of Orthopedic Surgery and Traumatology, Hospital Clínico Universitario Lozano Blesa, 50009 Zaragoza, Spain",1
"Department of Orthopedic Surgery and Traumatology, Consorci Corporació Sanitària Parc Taulí. Universitat Autònoma de Barcelona (UAB), Parc del Taulí, 1, 08208, Sabadell, Spain",1
"Department of Orthopedic Surgery and Traumatology, Althaia Xarxa Assistencial Universitària de Manresa, Carrer Dr. Joan Soler, 1-3, 08243, Manresa, Spain",1
"Department of Orthopaedics and Trauma Surgery, Hospital del Mar, Universitat Pompeu Fabra de Barcelona, Barcelona, Spain",1
"Department of Orthopaedics and Trauma Surgery, Hospital de la Santa Creu i Sant Pau, Universitat Autònoma de Barcelona, Sant Antoni Maria Claret, 167, 08025, Barcelona, Spain",1
"Department of Orthopaedics and Trauma Surgery, Hospital Univesitario Marqués de Valdecilla, Universidad de Cantabria, Santander, Spain",1
"Department of Orthopedics, Hospital Universitario Virgen de la Victoria, Málaga, Spain",1
"Department of Radiation Oncology, Hospital Universitari Sant Joan de Reus, Universitat Rovira i Virgili, Tarragona, Spain",1
"Department of Radiation Oncology, Hospital Universitari Arnau de Vilanova, Lleida, Spain.",1
"Department of Radiation Oncology, Hospital Fundación Jiménez Díaz, Madrid 28040, Spain.",1
"Department of Radiation Oncology, Hospital Clínico de Salamanca, Salamanca 37007, Spain.",1
"Department of Radiation Oncology, Hospital Clínico Universitario Lozano Blesa, Zaragoza 50009, Spain.",1
"Department of Radiation Oncology, Hospital Clínico Universitario (HCU) Virgen de la Arrixaca; IMIB. Ciudad de Murcia ,",1
"Department of Radiation Oncology, Hospital Clínico San Carlos , Madrid ,",1
"Department of Radiation Oncology, Hospital Clínic Barcelona, Barcelona, Spain.",1
"Department of Radiation Oncology, Hospital Clínic Barcelona , Barcelona ,",1
"Department of Radiation Oncology, HM Hospitales, Madrid, Spain",1
"Department of Radiation Oncology, Consorci Parc de Salut MAR de Barcelona, Barcelona, Spain.",1
"Department of Radiation Oncology, Complexo Hospitalario Universitario de Santiago, SERGAS, Santiago de Compostela, 15706, Spain",1
"Department of Radiation Oncology, Complejo Hospitalario de Albacete, Albacete, Spain",1
Department of Pulmonology,1
"Department of Preventive Medicine and Public Health University of Granada  Av. del Hospicio, 1. Granada 18010 Spain",1
"Department of Pulmonary Medicine, Dr. Josep Trueta University Hospital de Girona, Santa Caterina Hospital de Salt, and the Girona Biomedical Research Institute (IDIBGI-CERCA), 17190 Girona, Spain",1
"Department of Pulmonary Medicine Hospital del Mar, Pulmonary Hypertension Unit Barcelona Catalunya Spain",1
"Department of Public Health, Universitat Miguel Hernández, Alacant, Spain",1
"Department of Public Health, Miguel Hernández University, Elche, Spain",1
"Department of Public Health, Mental Health and Maternal and Child Health Nursing, Nursing School, Universitat de Barcelona, L'Hospitalet de Llobregat, Spain",1
"Department of Public Health, Mental Health and Maternal and Child Health Nursing, Nursing School Universitat de Barcelona  L'Hospitalet de Llobregat Spain",1
"Department of Public Health and Psychiatry, University of Malaga, Málaga, Spain",1
"Department of Psychosis Studies, Early Psychosis: Interventions and Clinical-detection (EPIC) Lab, Institute of Psychiatry, Psychology & Neuroscience, King’s College London , London , UK",1
"Department of Psychology, University of the Balearic Islands (UIB), Palma, Spain",1
"Department of Psychology, University of Cadiz, 11510, Cádiz, Spain",1
"Department of Psychology, University of Balearic Islands, Palma de Mallorca, Spain.",1
"Department of Psychology and Sociology, University of Zaragoza, Teruel, Spain.",1
"Department of Psychobiology and Methodology of Health Sciences, Institute of Neurosciences, Universitat Autònoma de Barcelona, Cerdanyola del Vallès, Barcelona, Spain",1
"Department of Psychiatry. Universidad Autonoma de Madrid, Spain",1
"Department of Psychiatry, Warneford Hospital, University of Oxford, Oxford, UK",1
"Department of Pulmonary Medicine, Hospital del Mar, Pulmonary Hypertension Unit, Barcelona, Catalunya, Spain",1
"Department of Radiation Physics, Hospital Universitari Arnau de Vilanova, Lleida, Spain.",1
"Department of Radiation Oncology, Thoracic Malignancies Unit, Hospital Duran i Reynals. ICO, L´Hospitalet de L, Lobregat 08908, Spain.",1
"Department of Radiation Oncology, Sant Joan University Hospital of Reus, Reus, Spain.",1
"Department of Radiation Oncology, Institut Catalá d’Oncologia (ICO) L’Hospitalet de Llobregat , Barcelona ,",1
"Department of Radiation Oncology, Institut Catalá d'Oncologia, L'Hospitalet de Llobregat, Barcelona 08908, Spain.",1
"Department of Radiation Oncology, ICO Girona, Girona, Spain.",1
"Department of Radiation Oncology, ICO Duran i Reynals, Hospitalet de Llobregat, Barcelona, Spain.",1
"Department of Radiation Oncology, Hospitalario Clínico Universitario de Santiago de Compostela, Santiago de Compostela 15706, Spain.",1
"Department of Radiation Oncology, Hospital del Mar, Parc de Salut Mar, Barcelona, Spain",1
"Department of Radiation Oncology, Hospital del Mar, Barcelona, Spain",1
"Department of Radiation Oncology, Hospital del Mar , Barcelona ,",1
"Department of Radiation Oncology, Hospital de la Santa Creu i Sant Pau, Barcelona, Spain.",1
"Department of Radiation Oncology, Hospital de Terrassa, Terrassa, Consorci Sanitari de Terrassa, Institut Oncològic del Vallès, Barcelona, Spain.",1
"Department of Radiation Oncology, Hospital Vall d'Hebron, Barcelona, Spain.",1
"Department of Radiation Oncology, Hospital Universitario Arnau de Vilanova, Lleida 25198, Spain.",1
"Department of Radiation Oncology, Hospital Universitario de Badajoz, Badajoz 06080, Spain.",1
"Department of Radiation Oncology, Hospital Universitario Son Espases , Palma de Mallorca ,",1
"Department of Radiation Oncology, Hospital Universitario Sant Joan, Reus, Spain",1
"Department of Radiation Oncology, Hospital Universitario Sant Joan de Reus, Reus 43204, Tarragona, Spain.",1
"Department of Radiation Oncology, Hospital Universitario Reina Sofía , Córdoba ,",1
"Department of Radiation Oncology, Hospital Universitario Regional de Málaga , Málaga ,",1
"Department of Radiation Oncology, Hospital Universitario Ramón y Cajal, Madrid 28034, Spain.",1
"Department of Radiation Oncology, Hospital Universitario Ramón y Cajal , Madrid ,",1
"Department of Radiation Oncology, Hospital Universitario Quirónsalud, Madrid 28223, Spain.",1
"Department of Radiation Oncology, Hospital Universitario Quirónsalud Madrid, Madrid 28223, Spain.",1
"Department of Radiation Oncology, Hospital Universitario QuirónSalud Dexeus , Barcelona ,",1
"Department of Radiation Oncology, Hospital Universitario Miguel Servet , Zaragoza ,",1
"Department of Radiation Oncology, Hospital Universitario Marqués de Valdecilla , Santander ,",1
"Department of Radiation Oncology, Hospital Universitario La Princesa, Madrid 28006, Spain.",1
"Department of Radiation Oncology, Hospital Universitario Gregorio Marañón, Universidad Complutense , Madrid ,",1
"Department of Radiation Oncology, Hospital Universitario y Politécnico La Fe de Valencia , Valencia ,",1
Department of Psychiatry Autonoma University of Barcelona  Barcelona Spain,1
"Department of Psychiatry (Pei, Vigo) and School of Population and Public Health (Pei, Vigo, Puyat), University of British Columbia, Vancouver; Department of Clinical, Neuro-, and Developmental Psychology, Vrije Universiteit Amsterdam, Amsterdam (Amanvermez, Cuijpers); Department of Health Care Policy, Harvard Medical School, Boston (Kessler); Health Services Research Unit, Hospital del Mar Research Institute, Barcelona, Spain, and Consorcio Centro de Investigación Biomédica en Red en Epidemiología y...",1
"Department of Preventive Medicine, University of Valencia, 46100, Valencia, Spain",1
"Department of Preventive Medicine, University of Valencia , Valencia , Spain",1
"Department of Preventive Medicine, University of Malaga, Campus de Teatinos , Malaga , Spain",1
"Department of Preventive Medicine, Universidad de Valencia, 46010 Valencia, Spain",1
"Department of Preventive Medicine and Public Health. University of Valencia, Valencia Spain and CIBEROBN, Madrid, Spain",1
"Department of Preventive Medicine and Public Health, University of Navarra, Pamplona, Navarra, Spain",1
"Department of Preventive Medicine and Public Health, University of Navarra, Instituto de Investigación Sanitario de Navarra (IdiSNA), Pamplona, Spain",1
"Department of Preventive Medicine and Public Health, University of Navarra, IdiSNA, 31008 Pamplona, Spain",1
"Department of Preventive Medicine and Public Health, University of Navarra, IDISNA, Pamplona, 31008 Spain",1
"Department of Preventive Medicine and Public Health, University of Navarra, IDISNA, 31008, Pamplona, Spain",1
"Department of Preventive Medicine and Public Health, University of Granada, 18016 Granada, Spain",1
"Department of Preventive Medicine and Public Health, Universidad de Navarra, 31008, Pamplona, Spain",1
"Department of Psychiatry, University Hospital of Bellvitge-IDIBELL, Feixa Llarga S/N, L'Hospitalet del Llobregat, 08907, Barcelona, Spain",1
"Department of Preventive Medicine and Public Health, School of Medicine, University of Valencia, 46010 Valencia, Spain",1
"Department of Preventive Medicine and Public Health, School of Medicine, University of Navarra, 31009 Pamplona, Spain",1
"Department of Preventive Medicine and Public Health, School of Medicine, University of Navarra, 31008 Pamplona, Spain",1
"Department of Preventive Medicine and Public Health, School of Medicine, Instituto de Investigación Biomédica de Málaga-IBIMA, Universidad de Málaga, 29010, Málaga, Spain",1
"Department of Preventive Medicine and Public Health, School of Medicine University of Valencia Valencia Spain",1
"Department of Preventive Medicine and Public Health, Navarra Health Research Institute (IDISNA), University of Navarra, Pamplona, 31008 Spain",1
"Department of Preventive Medicine and Public Health, Navarra Health Research Institute (IDISNA) University of Navarra  Pamplona 31008 Spain",1
"Department of Preventive Medicine and Public Health, Instituto de Investigación Sanitaria de Navarra (IdiSNA), University of Navarra, Pamplona, Spain",1
"Department of Preventive Medicine and Public Health, Instituto de Investigación Sanitaria de Navarra (IdiSNA), University of Navarra, 31008 Pamplona, Spain",1
"Department of Preventive Medicine and Public Health, IdiSNA, University of Navarre, Pamplona, Spain",1
"Department of Preventive Medicine and Public Health, IdiSNA, University of Navarra , Pamplona , Spain",1
"Department of Preventive Medicine and Public Health, IDISNA, University of Navarra, 31008, Pamplona, Spain",1
"Department of Preventive Medicine and Public Health, Edificio de Investigación, University of Navarra, Planta 2, Calle Irunlarrea 1, 31008, Pamplona, Spain",1
"Department of Preventive Medicine and Public Health University of Navarra IDISNA. C/ Irunlarrea, 1 Pamplona Navarra 31008 Spain",1
Department of Preventive Medicine and Public Health University of Navarra IDISNA  Pamplona 31008 Spain,1
"Department of Preventive Medicine and Public Health, School of Medicine, University of Valencia, Valencia, Spain",1
"Department of Psychiatry, University Hospital of Bellvitge-IDIBELL and Department of Clinical Sciences, School of Medicine and Health Sciences., University of Barcelona, Campus de Bellvitge, Feixa Llarga, s/n., 08907 L'Hospitalet de Llobregat Barcelona, Spain",1
"Department of Psychiatry, Universidad de Sevilla, Seville, Spain",1
"Department of Psychiatry, Universidad Autónoma de Madrid (UAM), Madrid, Spain",1
"Department of Psychiatry, The Zucker Hillside Hospital, Northwell Health, Glen Oaks, NY, USA",1
"Department of Psychiatry, Navarra University Hospital, Pamplona, Spain",1
"Department of Psychiatry, Institut de Neuropsiquiatria i Addiccions, Parc de Salut Mar, Barcelona, Spain",1
"Department of Psychiatry, Institut d'Investigació Biomèdica Sant Pau Hospital de la Santa Creu i Sant Pau  Barcelona Spain",1
"Department of Psychiatry, IIS-Fundación Jiménez Díaz Hospital (Madrid), Madrid, Spain",1
"Department of Psychiatry, Hospital de la Santa Creu i Sant Pau, Av. Sant Antoni Mª Claret 167, 08025, Barcelona, Spain",1
"Department of Psychiatry, Hospital Universitario de Alava, BIOARABA, EHU, CIBERSAM, Vitoria, Spain",1
"Department of Psychiatry, Hospital Universitari Vall d'Hebron, Barcelona, Catalonia, Spain",1
"Department of Psychiatry, Hospital Universitari Mútua de Terrassa, 08221 Barcelona, Spain",1
"Department of Psychiatry, Consorci Sanitari de Mataró, 08304 Mataró, Spain",1
"Department of Psychiatry, Complejo Hospitalario de Navarra, Pamplona, Spain",1
"Department of Psychiatry, Clinical Psychology and Mental Health, La Paz University Hospital, Madrid, Spain",1
"Department of Psychiatry Autonomous, University of Barcelona, CIBERSAM, 28029 Madrid, Spain",1
"Department of Psychiatry, BIOARABA, Araba University Hospital, University of the Basque Country, Vitoria, Spain",1
"Department of Psychiatry at Hospital de la Santa Creu i Sant Pau, Institut d'Investigació Biomèdica Sant Pau (IIB SANT PAU), Barcelona, Spain.",1
"Department of Psychiatry and Psychology Institute of Neurosciences, Hospital Clínic  Barcelona Spain",1
"Department of Psychiatry and Molecular Medicine, Zucker School of Medicine at Hofstra/Northwell, Hempstead, NY, USA",1
"Department of Psychiatry and Forensic Medicine, Universitat Autònoma de Barcelona, Barcelona, Spain",1
"Department of Psychiatry and Forensic Medicine, Universitat Autònoma de Barcelona (UAB), Barcelona, Spain",1
"Department of Psychiatry and Forensic Medicine, Universitat Autonoma de Barcelona, Spain",1
"Department of Psychiatry and Forensic Medicine, Universitat Autonoma de Barcelona, Barcelona, Spain",1
"Department of Psychiatry and Forensic Medicine, Universitat Autonoma Barcelona, Barcelona, Spain",1
"Department of Psychiatry and Forensic Medicine, Institute of Neurosciences, Universitat Autonoma de Barcelona, Cerdanyola del Valles, 08193, Barcelona, Spain",1
"Department of Psychiatry and Forensic Medicine, Autonomous Universtiy of Barcelona (UAB), Barcelona, Spain",1
Department of Psychiatry and Forensic Medicine Universitat Autónoma Barcelona  Barcelona Spain,1
"Department of Psychiatry and Clinical Psychology, Clínica Universidad de Navarra , 31009 Pamplona ,",1
"Department of Psychiatry University Hospital of Bellvitge‐IDIBELL and Department of Clinical Sciences School of Medicine and Health Sciences., University of Barcelona  Campus de Bellvitge, Feixa Llarga, s/n. 08907 L'Hospitalet de Llobregat Barcelona Spain",1
"Department of Psychiatry Hospital Universitario de Alava, UPV/EHU, BIOARABA Vitoria Spain",1
"Department of Psychiatry, Basurto University Hospital, OSI Bilbao-Basurto, 48013 Bilbao, Spain",1
"Department of Nephrology, Fundación Puigvert, Barcelona, Spain",1
"Department of Nephrology, Complejo Hospitalario Universitario A Coruña, A Coruña, Spain",1
"Department of Nephrology, Clínica Universidad de Navarra, Navarra Institute for Health Research (IdiSNA), Pamplona, Spain",1
"Department of Nephrology and Renal Transplantation, Hospital Clínic, IDIBAPS, CSUR National Unit of Expertise for Complex Glomerular Diseases of Spain, 08035 Barcelona, Spain",1
"Department of Nephrology and Renal Transplant, Complejo Hospitalario Universitario de Albacete, Albacete, Spain",1
"Department of Nephrology and Kidney Transplantation, Hospital Clínic, Barcelona, Spain",1
"Department of Nephrology and Kidney Transplantation, Hospital Clínic of Barcelona, Institut D’Investigacions Biomèdiques August Pi i Sunyer (IDIBAPS), University of Barcelona, Barcelona, Spain",1
"Department of Nephrology and Kidney Transplantation, Hospital Clínic of Barcelona, Institut D'Investigacions Biomèdiques August Pi i Sunyer (IDIBAPS), University of Barcelona, Barcelona, Spain",1
"Department of Nephrology , Hospital del Mar, Barcelona , Spain",1
"Department of Molecular Medicine and Medical Biotechnology, University of Naples Federico II, Naples, Italy",1
"Department of Microbiology, University Hospital Son Espases, Palma, Spain",1
"Department of Microbiology, Parc Sanitari Sant Joan de Déu, Sant Boi, Barcelona, Spain",1
"Department of Microbiology, Parc Sanitari Sant Joan de Deu , Sant Boi, Barcelona , Spain",1
"Department of Microbiology, Hospital Universitario Virgen del Rocio, Sevilla, Spain",1
"Department of Nutrition, Harvard T. H. Chan School of Public Health, Harvard University, Boston, MA 02138, USA",1
"Department of Mental Health, Jerez de la Frontera University Hospital, Cádiz, Spain",1
"Department of Mental Health, Biomedical Research Institute of Malaga (IBIMA) University General Hospital of Málaga  Málaga Spain",1
"Department of Medicine, University of the Balearic Islands (UIB), Palma, Spain",1
"Department of Medicine, University of Zaragoza, Building A, 50009, Saragossa, Spain",1
"Department of Medicine, University of Seville, Seville, Spain",1
"Department of Medicine, University of Salamanca (USAL) and Institute of Biomedical Research of Salamanca (IBSAL), Salamanca, Spain",1
"Department of Medicine, University of Granada, 18012 Granada, Spain",1
"Department of Medicine, Universitat de Lleida, Lleida, Spain",1
"Department of Medicine, Universitat de Barcelona, Spain",1
"Department of Medicine, Universitat Pompeu Fabra, Barcelona, Spain",1
"Department of Medicine, Universitat Internacional de Catalunya, Barcelona, Spain",1
"Department of Medicine, Universitat Autònoma de Barcelona, Barcelona, Spain",1
"Department of Medicine, Universitat Autònoma de Barcelona, 08193 Barcelona, Spain",1
"Department of Medicine, Universitat Autònoma de Barcelona (UAB), Barcelona, Spain",1
"Department of Medicine, Universidad Complutense de Madrid, Madrid, Spain",1
"Department of Microbiology, Hospital Universitari Vall d'Hebron, Barcelona, Spain",1
"Department of Nephrology, Hospital Universitario Doctor Peset , Valencia , Spain",1
"Department of Nephrology, Hospital Universitario Doce de Octubre, Madrid, Spain",1
"Department of Nephrology, Hospital Universitario Cruces, Barakaldo, Spain",1
"Department of Nephrology, Hospital Universitario Bellvitge, Barcelona, Spain",1
"Department of Nephrology, Hospital Universitari de Bellvitge, Hospitalet de Llobregat, Barcelona, Spain",1
"Department of Nephrology, Hospital Universitari Vall d'Hebrón, Barcelona, Spain",1
"Department of Nephrology, Hospital Universitari Germans Trias i Pujol, Badalona, Barcelona, Spain",1
"Department of Nephrology, Hospital Universitari Arnau de Vilanova, Lleida, Spain",1
"Department of Nephrology, Hospital San Pedro, Logroño, Spain",1
"Department of Nephrology, Hospital Regional Universitario de Málaga, University of Málaga, IBIMA, REDinREN, Málaga, Spain",1
"Department of Nephrology, Hospital Regional Universitario de Málaga, Málaga, Spain",1
"Department of Nephrology, Hospital Regional Universitario de Málaga, Malaga, Spain",1
"Department of Nephrology, Hospital Regional Universitario de Málaga and University of Málaga, Instituto de Investigación Biomédica de Málaga (IBIMA), Red de Investigación Renal (REDinREN) (RD16/0009/0006), Málaga, Spain",1
"Department of Nephrology, Hospital Puigvert, Barcelona, Spain",1
"Department of Nephrology, Hospital Belvitge, Barcelona, Spain",1
"Department of Nephrology, Hospital La Paz, Madrid, Spain",1
"Department of Nephrology, Hospital Germans Trias i Pujol, Barcelona, Spain",1
"Department of Nephrology, Hospital General, C/ Luis Erik Clavería Neurólogo s/n, 40002, Segovia, Spain",1
"Department of Nephrology, Hospital General de Segovia, Segovia, Spain",1
"Department of Nephrology, Hospital General de Albacete, Albacete, Spain",1
"Department of Nephrology, Hospital General Universitario, Alicante, Spain",1
"Department of Nephrology, Hospital General Universitario de Elche , Elche , Spain",1
"Department of Nephrology, Hospital General Universitario de Alicante, Alicante, Spain",1
"Department of Nephrology, Hospital General Universitario Gregorio Marañón, Instituto de investigación Sanitaria Gregorio Marañón (IiSGM), Madrid, Spain",1
"Department of Nephrology, Hospital Doctor Peset, Valencia, Spain",1
"Department of Nephrology, Hospital Clínico Universitario, Avda. Ramón y Cajal 3, 47003, Valladolid, Spain",1
"Department of Nephrology, Hospital Clínico Universitario de Valladolid , Valladolid , Spain",1
"Department of Nephrology, Hospital Clínico Universitario Valladolid, Valladolid, Spain",1
"Department of Nephrology, Hospital Clinic, Barcelona, Spain",1
"Department of Nephrology, Hospital Clinic de Barcelona, Barcelona, Spain",1
"Department of Nephrology, Hospital Miguel Servet, Zaragoza, Spain",1
"Department of Medical Oncology. Hospital, Universitario Fundación Jiménez Díaz, IIS-FJD, Oncohealth Institute, Universidad Autónoma de Madrid, Madrid, Spain",1
"Department of Medical Oncology, Xerencia de Xestión Integrada de A Coruña, Coruña, Spain",1
"Department of Medical Oncology, Virgen del Rocío University Hospital, Sevilla, Spain",1
"Department of Medical Oncology, Vall Hebron University Hospital, Vall Hebron Institute of Oncology (VHIO), Barcelona, Spain",1
"Department of Medical Oncology, Valencian Institute of Oncology (IVO Foundation), Valencia, Spain.",1
"Department of Medical Oncology, Valencia Institute of Oncology Foundation, Valencia, Spain",1
"Department of Medical Oncology, University Hospital of Segovia, Segovia, Spain",1
"Department of Medical Oncology, University Hospital of Ourense, Ourense, Spain",1
"Department of Medical Oncology, University Hospital of León, León, Spain",1
"Department of Medical Oncology, University Hospital of Jaén, Jaén, Spain",1
"Department of Medical Oncology, University Hospital of Guadalajara, Guadalajara, Spain",1
"Department of Medical Oncology, University Hospital Valme, Sevilla, Spain",1
"Department of Medical Oncology, University Hospital Son Espases, Palma de Mallorca, Spain",1
"Department of Medical Oncology, University Hospital Reina Sofía, Maimónides Institute for Biomedical research of Córdoba (IMIBIC), Córdoba, Spain",1
"Department of Medicine, Universidad Complutense de Madrid, 28015 Madrid, Spain",1
"Department of Medical Oncology, University Hospital Nuestra Señora de Candelaria, Santa Cruz de Tenerife, Spain",1
"Department of Medical Oncology, University Hospital Marqués de Valdecilla, Santander, Spain",1
"Department of Medical Oncology, University Hospital Lucus Augusti, Lugo, Spain",1
"Department of Medical Oncology, University Hospital La Paz, Madrid, Spain",1
"Department of Medical Oncology, University Hospital Infanta Cristina, Parla, Madrid, Spain",1
"Department of Medical Oncology, University Hospital Fundación Alcorcón, Madrid, Spain",1
"Department of Medical Oncology, University Hospital Dr. Peset, Valencia, Spain",1
"Department of Medical Oncology, Tumor Microenvironment and Immunotherapy Research Group, Hospital Universitario 12 de Octubre, Madrid, Health Research Institute Hospital Universitario 12 de Octubre (i+12), H12O-CNIO Lung Cancer Clinical Research Unit, Health Research Institute, CIBERONC, Madrid, Spain",1
"Department of Medical Oncology, Translational Genomics and Targeted Therapeutics in Solid Tumors, Hospital Clínic de Barcelona, Institut D'Investigacions Biomèdiques August Pi I Sunyer (Idibaps), Barcelona, Spain",1
"Department of Medical Oncology, Santa Creu and Sant Pau Hospital, Autonomous University of Barcelona, Barcelona, Spain",1
"Department of Medical Oncology, San Carlos Clinic University Hospital, San Carlos Health Research Institute, Madrid, Spain",1
"Department of Medical Oncology, Navarra University Hospital, Pamplona, Spain",1
"Department of Medical Oncology, Marqués de Valdecilla University Hospital, IDIVAL, Santander, Spain",1
"Department of Medical Oncology, MD Anderson Cancer Center, Calle de Arturo Soria, 270 28033, Madrid, Spain",1
"Department of Medical Oncology, MD Anderson Cancer Center Madrid, Madrid, Spain",1
"Department of Medical Oncology, University Hospital Parc Taulí, Institut d'Investigació i Innovació Parc Taulí, Sabadell, Spain",1
"Department of Medicine, Universidad Complutense de Madrid , Madrid , Spain",1
"Department of Medicine, Universidad Autónoma de Madrid (UAM), Madrid, Spain",1
"Department of Medicine, Science Health Faculty, Universitat Jaume I, Castelló de la Plana, Spain.",1
"Department of Medicine, School of Medicine, University of Granada, Granada, Spain",1
"Department of Medicine, School of Medicine, Universidad Complutense de Madrid, Madrid, Spain",1
"Department of Medicine, School of Medicine Universidad Complutense de Madrid  Madrid Spain",1
"Department of Medicine, Pompeu Fabra University, 08003 Barcelona, Spain",1
"Department of Medicine, Intensive Care Unit University Hospital of Jerez, University of Cádiz, INIBiCA, Cádiz, Spain",1
"Department of Medicine, Faculty of Biomedical and Health Sciences, Universidad Europea de Madrid , Madrid , Spain",1
"Department of Medicine, Autonomous University of Barcelona, Barcelona, Spain",1
"Department of Medicine, Atenció Primària Barcelona—Institut Català de la Salut (ICS), Grupo GREMPAL Universidad de Barcelona  Barcelona Spain",1
"Department of Medicine and Psychiatry, University of Zaragoza, Zaragoza, Spain",1
Department of Medicine and Psychiatry University of Zaragoza  Zaragoza Spain,1
Department of Medicine and Psychiatry,1
"Department of Medicine and Medical Specialties, Faculty of Medicine and Health Sciences, Faculty of Medicine Alcalá University Madrid Spain",1
"Department of Medical Sciences, Faculty of Medicine, University of Girona, 17003 Girona, Spain",1
"Department of Medicine and Life Sciences, Universitat Pompeu Fabra, Spain",1
"Department of Medicine and Life Sciences, Universitat Pompeu Fabra, Barcelona, Spain; Research Programme on Biomedical Informatics (GRIB), Hospital del Mar Research Institute (IMIM), Barcelona, Spain.",1
"Department of Medicine and Life Sciences, Universitat Pompeu Fabra, Barcelona, Spain.",1
"Department of Medicine and Life Sciences, Universitat Pompeu Fabra (UPF), Barcelona, Spain",1
Department of Medicine and Life Sciences Universitat Pompeu Fabra  Barcelona Spain,1
"Department of Medicine and Life Sciences (MELIS), Universitat Pompeu Fabra (UPF), Barcelona, Spain",1
"Department of Medicine and Life Sciences (MELIS), UPF, Barcelona, Spain",1
"Department of Medicine and Life Science, Universitat Pompeu Fabra (UPF), Barcelona, Spain",1
Department of Medicine and Dermatology Universidad de Málaga Málaga Spain,1
Department of Medicine Universitat Jaume I  Castellón de la Plana Spain,1
Department of Medicine Universitat Autónoma de Barcelona  Barcelona Spain,1
Department of Medicine Universitat Autònoma de Barcelona (UAB) Bellaterra Spain,1
Department of Medicine Universidad Autónoma de Barcelona  Barcelona Spain,1
"Department of Medicine & Psychiatry, University Hospital Virgen del Rocio, IBiS, Centro de Investigación Biomédica en Red de Salud Mental (CIBERSAM), Seville, Spain",1
"Department of Medical and Surgical Sciences, University of Cordoba, 14004 Cordoba, Spain",1
"Department of Medicine and Medical Specialties, Faculty of Medicine and Health Sciences, Faculty of Medicine Alcalá University  Madrid Spain",1
"Department of Neuroradiology, Hospital del Mar , Barcelona 08003 , Spain",1
"Department of Neuroradiology, Hospital Clinic Barcelona and Magnetic Resonance Imaging, Core Facility, IDIBAPS , Barcelona 08036 , Spain",1
"Department of Neuroradiology, Bellvitge University Hospital, L'Hospitalet de Llobregat, Spain",1
"Department of Neurology, University Hospital del Mar, Barcelona, Spain",1
"Department of Neurology, Stroke Unit, Hospital Arnau de Vilanova, Lleida, Spain",1
"Department of Neurology, Neurovascular Research Group, IMIM-Hospital del Mar, Barcelona, Spain",1
"Department of Neurology, Neurology Neurovascular Research Unit Hospital del Mar Research Institute (IMIM), Barcelona, Spain",1
"Department of Neurology, Hospital del Mar, Universitat Pompeu Fabra, Barcelona, Spain.",1
"Department of Neurology, Hospital del Mar, Barcelona, Spain;",1
"Department of Neurology, Hospital del Mar, Barcelona, Catalonia, Spain",1
"Department of Neurology, Hospital del Mar , Barcelona 08003 , Spain",1
"Department of Neurology, Hospital de la Santa Creu i Sant Pau, IIB-Sant Pau, Barcelona, Spain",1
"Department of Neurology, Hospital de la Santa Creu i Sant Pau, Barcelona, Spain",1
"Department of Neurology, Hospital de Sant Pau I Santa Creu, Barcelona, Catalonia, Spain",1
"Department of Nephrology, Hospital Universitario Dr. Negrin, Gran Canaria, Spain",1
"Department of Neurology, Hospital Universitario de Marqués de Valdecilla, IDIVAL, University of Cantabria, Santander, Spain",1
"Department of Neurology, Hospital Universitario de La Princesa, Madrid, Spain",1
"Department of Neurology, Hospital Universitario Virgen del Rocio, IBIS, Seville, Spain",1
"Department of Neurology, Hospital Universitario Ramón y Cajal, Madrid, Spain",1
"Department of Neurology, Hospital Universitario Quirónsalud, Madrid, Spain",1
"Department of Neurology, Hospital Universitario Dr. Peset, Valencia, Spain",1
"Department of Neurology, Hospital Universitario 12 de Octubre, Instituto de Investigación Imas12, Universidad Complutense de Madrid, Madrid, Spain",1
"Department of Neurology, Hospital Universitari de Girona Doctor Josep Trueta, Girona, Catalonia, Spain",1
"Department of Neurology, Hospital Universitari Vall d'Hebron, Department of Medicine, Universitat Autònoma de Barcelona, Epilepsy Unit, Barcelona, Spain",1
"Department of Neurology, Hospital Universitari Joan XXIII, Tarragona, Spain",1
"Department of Neurology, Hospital Sant Joan de Déu – Fundació Althaia, Manresa, Spain",1
"Department of Neurology, Hospital Mútua Terrassa, Terrassa, Spain",1
"Department of Neurology, Hospital Moisés Broggi, Sant Joan Despí, Spain",1
"Department of Neurology, Hospital Mataró, Mataró, Spain",1
"Department of Neurology, Hospital La Paz Institute for Health Research–IdiPAZ (La Paz University Hospital–Universidad Autónoma de Madrid), Madrid, Spain",1
"Department of Neurology, Hospital Verge de la Cinta, Tortosa, Spain",1
"Department of Nutrition, Harvard T. H. Chan School of Public Health, Boston, MA, USA",1
"Department of Nutrition, Food Sciences, and Physiology, University of Navarra, Pamplona, 31009 Spain",1
"Department of Nutrition, Food Sciences, and Physiology, Center for Nutrition Research, University of Navarra, 31008 Pamplona, Spain",1
"Department of Nutrition, Food Sciences and Physiology, University of Navarra, Pamplona, Spain",1
"Department of Nutrition, Food Sciences and Physiology, University of Navarra, 31008 Pamplona, Spain",1
"Department of Nutrition, Food Sciences and Physiology, Center for NutritionResearch, University of Navarra, Pamplona, Spain",1
"Department of Nutrition, Food Science and Gastronomy, XaRTA, INSA, School of Pharmacy and Food Sciences, University of Barcelona, Barcelona, 08028 Spain",1
Department of Nutrition Harvard T.H. Chan School of Public Health. 665 Huntington Avenue Boston  Massachusetts 02115 USA,1
"Department of Nutrition Food Sciences, and Physiology Center for Nutrition Research University of Navarra C/ Irunlarrea 1. Pamplona Navarra 31008 Spain",1
Department of Nutrition Food Science and Gastronomy XaRTA INSA School of Pharmacy and Food Sciences University of Barcelona  Barcelona 08028 Spain,1
"Department of Nursing, University of the Basque Country, Member of the Biocruces Bizkaia Health Research Institute, Bizkaia, Spain",1
"Department of Nursing, University of Murcia, Cartagena, Murcia, Spain",1
"Department of Nursing, School of Health Sciences. University of Malaga- Instituto de Investigación Biomédica de Málaga (IBIMA), Málaga, Spain",1
"Department of Nursing, Physiotherapy and Medicine, University of Almería, Almería, Spain",1
"Department of Nursing, Faculty of Medicine and Health Science, Universitat Internacional de Catalunya, Barcelona, Spain",1
"Department of Neuroscience, HUGTP, Badalona, Spain",1
"Department of Nursing School of Health Sciences University of Málaga‐Institute of Biomedical Research in Malaga (IBIMA)  Calle Severo Ochoa, 63. Málaga 29590 Spain",1
"Department of Nuclear Medicine, Hospital del Mar, Parc de Salut Mar, Barcelona, Spain",1
"Department of Nuclear Medicine, Hospital Universitari de Girona Dr. Josep Trueta, Girona, Spain",1
"Department of Nuclear Medicine, Hospital Clínic i Provincial, Barcelona, Spain",1
"Department of Neurosurgery, Vall d'Hebron University Hospital, Barcelona, Spain.",1
"Department of Neurosurgery, Hospital del Mar , Barcelona 08003 , Spain",1
"Department of Neurosurgery, Hospital de Sant Pau, Barcelona Spain.",1
"Department of Neurosurgery, Hospital Clínic of Barcelona, Barcelona, Spain; Department of Interventional Neuroradiology, Hospital Clínic of Barcelona, Barcelona, Spain. Electronic address: torne@clinic.cat.",1
"Department of Neurosurgery, Hospital Clínic of Barcelona, Barcelona, Spain.",1
"Department of Neurosurgery, Germans Trias i Pujol University Hospital, Badalona Spain.",1
"Department of Neurosurgery, Bellvitge University Hospital, L'Hospitalet de Llobregat, Spain.",1
"Department of Neurosurgery and Neurology, Reina Sofia University Hospital (HURS), 14004 Cordoba, Spain",1
"Department of Neurosciences, Hospital Universitari Germans Trias i Pujol, Interventional Neuroradiology Unit, Badalona, Spain",1
"Department of Neuroscience, Yale School of Medicine , 333 Cedar st.,  New Haven , CT 06510 ,",1
"Department of Neuroscience, University of the Basque Country UPV/EHU , 48940 Leioa, Biscay ,",1
"Department of Nursing, Faculty of Medicine and Health Science Universitat Internacional de Catalunya  Barcelona Spain",1
"Department of Nephrology, Hospital Virgen de las Nieves, Granada, Spain",1
"Department of Nephrology, Hospital Virgen de la Victoria, Malaga, Spain",1
"Department of Nephrology, Hospital Virgen de la Arrixaca, Murcia, Spain",1
"Department of Nephrology, Hospital Valld´Hebron, Barcelona, Spain",1
"Department of Nephrology, Hospital Vall d´Hebron, Barcelona, Spain",1
"Department of Nephrology, Hospital Universitario de Gran Canaria Doctor Negrín, Las Palmas de Gran Canaria, Spain",1
"Department of Nephrology, Hospital Universitario de Cruces, Bilbao, Spain",1
"Department of Nephrology, Hospital Universitario de Cruces, Barakaldo, Bilbao, Spain",1
"Department of Nephrology, Hospital Universitario de Canarias, Santa Cruz de Tenerife, Spain",1
"Department of Nephrology, Hospital Universitario de Cabueñes, Gijón, Spain",1
"Department of Nephrology, Hospital Universitario de Basurto, Bilbao, Spain",1
"Department of Nephrology, Hospital Universitario de Badajoz , Badajoz , Spain",1
"Department of Nephrology, Hospital Universitario Vírgen de la Arrixaca, El Palmar, Múrcia, Spain",1
"Department of Nephrology, Hospital Universitario Virgen del Rocío , Sevilla , Spain",1
"Department of Neurology, Hospital General Granollers, Granollers, Spain",1
"Department of Nephrology, Hospital Universitario Vall d'Hebron , Barcelona , Spain",1
"Department of Nephrology, Hospital Universitario Son Espases, Palma de Mallorca, Spain",1
"Department of Nephrology, Hospital Universitario Son Espases , Palma de Mallorca, Spain",1
"Department of Nephrology, Hospital Universitario Reina Sofia, Cordoba, Spain",1
"Department of Nephrology, Hospital Universitario Ramón y Cajal, Instituto Ramón y Cajal de Investigación Sanitaria (IRYCIS), Madrid, Spain",1
"Department of Nephrology, Hospital Universitario Ramón y Cajal , Madrid , Spain",1
"Department of Nephrology, Hospital Universitario Puerta de Hierro, Majadahonda, Madrid, Spain",1
"Department of Nephrology, Hospital Universitario Puerta de Hierro, Madrid, Spain",1
"Department of Nephrology, Hospital Universitario Príncipe de Asturias, Alcalá de Henares, Spain",1
"Department of Nephrology, Hospital Universitario Nuestra Señora de la Candelaria, Tenerife, Spain",1
"Department of Nephrology, Hospital Universitario Marqués de Valdecilla, IDIVAL, Santander, Spain",1
"Department of Nephrology, Hospital Universitario Marqués de Valdecilla , Santander , Spain",1
"Department of Nephrology, Hospital Universitario Gregorio Marañón, Madrid, Spain",1
"Department of Nephrology, Hospital Universitario Fundación Alcorcón, Alcorcón, Spain",1
"Department of Nephrology, Hospital Universitario Dr. Peset, FISABIO, Valencia, Spain",1
"Department of Nephrology, Hospital Universitario Virgen de las Nieves, Granada, Spain",1
"Department of Neurology, Hospital Complex of Toledo, Toledo, Spain",1
"Department of Neurology, Hospital Clínico Universitario, University of Valladolid, Valladolid, Spain",1
"Department of Neurology, Hospital Clínico Universitario de Valladolid, 47005 Valladolid, Spain",1
"Department of Neurology, Hospital Clínic of Barcelona, Barcelona, Spain.",1
"Department of Neurology, Hospital Clínic i Provincial de Barcelona, Barcelona, Spain",1
"Department of Neurology, Hospital Clinico San Carlos, IdISSC, Madrid, Spain",1
"Department of Neurology, Hospital Central de la Cruz Roja, Madrid, Spain",1
"Department of Neurology, Hospital Arnau de Vilanova, Lleida, Catalonia, Spain",1
"Department of Neurology, Germans Trias i Pujol University Hospital, Badalona, Spain; Departament de Salut Catalunya, Pla Director Malalties Vasculars Cerebrals, Barcelona, Spain.",1
"Department of Neurology, Doctor Peset University Hospital, University of Valencia, Valencia, Spain",1
"Department of Neurology, Consorci Sanitari Alt Penedès-Garraf, Vilafranca del Penedés, Spain",1
"Department of Neurology, Complejo Hospitalario Universitario de Albacete, Albacete, Spain",1
"Department of Neurology, Clínica Universidad de Navarra, University of Navarre, Pamplona, Spain",1
"Department of Neurology, Clínica Universidad de Navarra, Universidad de Navarra, Av. de Pío XII 36, 31008 Pamplona, Spain",1
"Department of Neurology, Clínica Universidad de Navarra, Pamplona, Spain",1
"Department of Nephrology, Hospital Virgen del Rocío, Sevilla, Spain",1
"Department of Neurology, CHUAC, Biomedical research Institute, A Coruña, Spain",1
"Department of Neurology, Bellvitge University Hospital, L'Hospitalet de Llobregat, Catalonia, Spain",1
Department of Neurology Hospital Universitario Nuestra Señora de Candelaria  Santa Cruz de Tenerife Spain,1
Department of Neurology Hospital General de Castellón  Castelló Spain,1
"Department of NeuroOphthalmology, Consorci Parc de Salut Mar de Barcelona, Barcelona, Spain",1
"Department of Nephrology, Instituto de Investigación Hospital 12 de Octubre (imas12), Madrid, Spain",1
"Department of Nephrology, Hospital del Mar-IMIM, Barcelona, Spain",1
"Department of Nephrology, Hospital del Mar, Paseo Marítimo de la Barceloneta 25-29, 08003, Barcelona, Spain",1
"Department of Nephrology, Hospital del Mar, Parc de Salut Mar, Barcelona, Spain",1
"Department of Nephrology, Hospital del Mar, Institute Mar for Medical Research, REDinREN, Barcelona, Spain",1
"Department of Nephrology, Hospital del Mar, Institute Mar for Medical Research (IMIM), Red de Investigación Renal (REDinREN) (RD16/0009/0013), Barcelona, Spain",1
"Department of Nephrology, Hospital del Mar, Institut Mar for Medical Research, Barcelona, Spain",1
"Department of Nephrology, Hospital del Mar, Institut Mar for Medical Research , Barcelona , Spain",1
"Department of Nephrology, Hospital del Mar, 08003 Barcelona, Spain",1
"Department of Nephrology, Hospital de Cabueñes, Gijón, Spain",1
"Department of Neurology, CHUAC, Complejo Hospitalario Universitario de A Coruña, c/ As Xubias 84, 15006 A Coruña, Spain",1
"Dermatology Department, Universitary Hopital Infanta Leonor, Madrid, Spain",1
"Dermatology Department, Universidad de Las Palmas de Gran Canaria, Las Palmas, Spain",1
"Dermatology Department, Parc de Salut Mar, Barcelona, Spain",1
"Dermatology Department, Hospital del Mar-IMIM, Barcelona, Spain",1
"Dermatology Department, Hospital del Mar, Universitat Pompeu Fabra, Barcelona, Spain",1
"Dermatology Department, Hospital del Mar, Institut Mar d'Investigacions Mèdiques, Universitat Pompeu Fabra, Barcelona, Spain.",1
"Dermatology Department, Hospital del Mar, IMIM, Universitat Pompeu Fabra, 08005 Barcelona, Spain",1
"Dermatology Department, Hospital del Mar Research Institute, Department of Medicine Universitat Autònoma de Barcelona (UAB)  Barcelona Spain",1
"Dermatology Department, Hospital del Mar IMIM Universitat Autònoma Barcelona  Barcelona Spain",1
"Dermatology Department, Hospital del Mar , Barcelona , Spain",1
"Dermatology Department, Hospital de la Santa Creu i Sant Pau, Barcelona, Spain.",1
"Dermatology Department, Hospital de La Santa Creu i San Pau, Barcelona, Spain",1
"Dermatology Department, Hospital Universitario de la Princesa, Madrid, Spain.",1
"Dermatology Department, Hospital Universitario de la Princesa, Madrid, Spain",1
"Department of Radiodiagnosis and Imaging, Clínica Universidad de Navarra, Navarra, Spain.",1
"Dermatology Department, Hospital Universitario de Salamanca, Salamanca, Spain",1
"Dermatology Department, Hospital Universitario de Fuenlabrada, Fuenlabrada, Spain.",1
"Dermatology Department, Hospital Universitario de Araba, Vitoria-Gasteiz, Spain",1
"Dermatology Department, Hospital Universitario Virgen de la Victoria, Málaga, Spain",1
"Dermatology Department, Hospital Universitario Virgen Macarena, Sevilla, Spain",1
"Dermatology Department, Hospital Universitario San Cecilio, Granada, Spain",1
"Dermatology Department, Hospital Universitario Puerta de Hierro, Madrid, Spain",1
"Dermatology Department, Hospital Universitario La Princesa, Madrid, Spain",1
"Dermatology Department, Hospital Universitario La Paz, Madrid, Spain",1
"Dermatology Department, Hospital Universitario La Fe, Valencia, Spain.",1
"Dermatology Department, Hospital Universitario Infanta Sofía, Madrid, Spain.",1
"Dermatology Department, Hospital Universitario Infanta Leonor, Madrid, Spain",1
"Dermatology Department, Hospital Universitario Fundación Alcorcón, Madrid, Spain",1
"Dermatology Department, Hospital Universitario Arnau de Vilanova, Valencia, Spain",1
"Dermatology Department, Hospital Universitario Araba, Vitoria-Gasteiz, Spain.",1
"Dermatology Department, Hospital Universitario de la Princesa Instituto de Investigación Sanitaria la Princesa (IIS‐IP) Madrid Spain",1
"Diaverum Murcia-Alicante, Alicante, Spain",1
"Diana Tolosa-Merlos, PhD, MSc, RN, Institut de Neuropisquiatria i Addiccions, Hospital del Mar, Barcelona, Spain",1
"Diagnostic Laboratory Unit in Hematology, University Hospital of Salamanca, IBSAL, CIBERONC, Centro de Investigación del Cáncer-IBMCC (USAL-CSIC), 37007 Salamanca, Spain",1
"Diabetes Unit, Hospital Arnau de Vilanova, Valencia, Spain.",1
"Diabetes Unit, Hospital Arnau de Vilanova, Valencia, Spain",1
"Dermatology, Hospital del Mar—Parc de Salut Mar, Barcelona, Spain",1
"Dermatology, Hospital del Mar—Parc de Salut Mar, Barcelona 08003, Spain",1
Dermatology Service Hospital del Sureste Arganda del Rey Madrid Spain,1
Dermatology Service Hospital del Mar Barcelona Spain,1
Dermatology Service Hospital de la Santa Creu i Sant Pau Barcelona Spain,1
Dermatology Service Hospital Virgen de las Nieves Granada Spain,1
Dermatology Service Hospital Universitario Son Espases Palma de Mallorca Spain,1
Dermatology Service Hospital Universitario San Cecilio Granada Spain,1
Dermatology Service Hospital Universitario Río Hortega  Valladolid Spain,1
"Dermatology Department, Universitary Hospital Gran Canaria Doctor Negrin, Gran Canaria, Spain",1
Dermatology Service Hospital Universitario Puerta del Mar  Cádiz Spain,1
Dermatology Service Hospital Universitario La Princesa Madrid Spain,1
Dermatology Service Hospital Universitario La Paz Madrid Spain,1
Dermatology Service Hospital Universitario Central de Asturias Oviedo Spain,1
Dermatology Service Hospital Universitario 12 de Octubre Madrid Spain,1
Dermatology Service Hospital Universitari Vall d´Hebron  Barcelona Spain,1
Dermatology Service Hospital Universitari Germans Trias i Pujol Badalona Barcelona Spain,1
Dermatology Service Hospital Infanta Leonor Madrid Spain,1
Dermatology Service Hospital General Gregorio Marañon  Madrid Spain,1
Dermatology Service Complexo Hospitalario Universitario A Coruña  A Coruña Spain,1
"Dermatology Department, Vall d'Hebron Hospital, Barcelona, Spain",1
"Dermatology Department, University San Cecilio Hospital, Granada, Spain",1
"Dermatology Department, University Hospital of Guadalajara, Guadalajara, Spain",1
"Dermatology Department, University Hospital La Princesa, Madrid, Spain",1
"Dermatology Department, University Hospital Complex of Toledo, Toledo, Spain",1
Dermatology Service Hospital Universitario Ramón y Cajal  Madrid Spain,1
"Dermatology Department of Hospital Universitario San Cecilio de Granada, Spain",1
"Dermatology Department of Fundación Hospital Alcorcón, Spain",1
Dermatology Department University General Hospital of Alicante &amp; AlicanteInstitute of Sanitary and Biomedical Research (ISABIAL) Alicante Spain,1
Dermatology Department Universitary Hopital Fundaciión Hospital Alcorcon Madrid Spain,1
"Dermatology Department Hospital del Mar, IMIM, Universitat Autònoma de Barcelona  Barcelona Spain",1
"Dermatology Department Hospital del Mar Research Institute, Universitat Pompeu Fabra (UPF) and Universitat Autònoma de Barcelona (UAB)  Barcelona Spain",1
Dermatology Department Hospital Universitario de Guadalajara  Guadalajara Spain,1
Dermatology Department Hospital Universitario Nuestra Señora de Candelaria  Santa Cruz de Tenerife Spain,1
Dermatology Department Hospital Universitario Fundacion Jiménez Díaz  Madrid Spain,1
Dermatology Department Hospital Universitari Sagrat Cor – Grupo Quirónsalud  Barcelona Spain,1
Dermatology Department Hospital General Universitario José Mª Morales Meseguer  Murcia Spain,1
Dermatology Department Hospital Fundación Jiménez Diaz  Madrid Spain,1
"Dermatology Department Hospital Clínic de Barcelona, Institut d'Investigacions Biomèdiques August Pi Sunyer (IDIBAPS), University of Barcelona  Barcelona Spain",1
Dermatology Department Fundación Jimenez Diaz  Madrid Spain,1
"Dermatology Department, Hospital Universitario Araba, Vitoria, Spain",1
"Departmert of Medical Oncology, Hospital Clínico de Valencia, Valencia, Spain",1
"Departments of Preventive Medicine and Public Health, University of Navarra, Pamplona, Spain;",1
"Departments of Preventive Medicine and Public Health, University of Navarra, Pamplona, Spain",1
"Departments of Pediatrics & Pediatric Endocrinology, Hospital Infantil Universitario Niño Jesús, Research Institute \La Princesa,\, Madrid, Spain",1
"Departments of Pediatrics & Pediatric Endocrinology, Hospital Infantil Universitario Niño Jesús, 28009 Madrid, Spain",1
"Departments of Paediatrics and Paediatric Endocrinology, Hospital Infantil Universitario Niño Jesús, Madrid, Spain",1
"Departments of Dermatology and Rheumatology, and Cardiac Transplant Unit, Hospital de la Santa Creu i Sant Pau, Barcelona, Spain",1
"Departmentof Psychiatry, Complejo Hospitalario de Navarra, Instituto de Investigaciones Sanitarias de Navarra (IdiSNa), Pamplona, Spain",1
"Departmento de Radiología, Hospital del Mar, Barcelona, Spain",1
"Departmento de Radiología, Hospital del Mar, Barcelona, España",1
"Departmento de Medicina Intensiva Hospital Universitario de Vall d́Hebron, Centro de Investigación Biomédica en Red (CIBER) de Enfermedades Respiratorias Barcelona Spain",1
"Departmento de Matemática Aplicada a Las TIC, Polytechnical University of Madrid, Madrid, Spain.",1
"Department of general and Digestive Surgery, Fundación Jiménez-Díaz University Hospital and Instituto de Investigación Sanitaria (IIS-FJD), Madrid, Spain",1
"Department of Veterans Affairs Medical Center, Northern California Institute for Research and Education (NCIRE), San Francisco, CA, United States",1
"Department of Vascular and Endovascular Surgery, Hospital del Mar, Barcelona, Spain; CIBER Cardiovascular, Hospital del Mar, Barcelona. Electronic address: aclara@hospitaldelmar.cat.",1
Dermatology Department Complejo Asistencial Universitario de León  Leon Spain,1
"Dermatology Department, Hospital Universitari Santa Creu i Sant Pau, Barcelona, Spain",1
"Dermatology Department, Hospital Universitari Sagrat Cor, Barcelona, Spain",1
"Dermatology Department, Hospital Universitari Germans Trias i Pujol, Badalona, Spain.",1
"Dermatology Department, Hospital Universitari Germans Trias i Pujol, Badalona, Spain",1
"Dermatology Department, Hospital Universitari German Trias i Pujol, Barcelona, Spain",1
"Dermatology Department, Hospital Sant Pau i Santa Tecla, Tarragona, Spain",1
"Dermatology Department, Hospital General de Alicante, Alicante, Spain",1
"Dermatology Department, Hospital General Universitario, Alicante, Spain",1
"Dermatology Department, Hospital General Universitario de Valencia, Valencia, Spain.",1
"Dermatology Department, Hospital General Universitario de Guadalajara, Guadalajara, Spain",1
"Dermatology Department, Hospital General Universitario de Guadalajara, Faculty of Medicine and Health Sciences, Medicine and Medical Specialties Department, Universidad de Alcalá, Alcalá de Henares, Madrid, Spain.",1
"Dermatology Department, Hospital General Universitario Infanta Sofia, Madrid, Spain",1
"Dermatology Department, Hospital General Universitario Dr. Balmis, Alicante, Spain",1
"Dermatology Department, Hospital General Universitario 12 de Octubre, Madrid, Spain",1
"Dermatology Department, Hospital General Universitari Germans Trias i Pujol, Barcelona, Spain",1
"Dermatology Department of Hospital Virgen de las Nieves de Granada. School of Medicine. Granada University. Instituto de Investigación Biosanitaria IBS, Granada, Spain",1
"Dermatology Department, Hospital Del Mar Imim, Barcelona, Spain",1
"Dermatology Department, Hospital Complex of Toledo, Toledo, Spain",1
"Dermatology Department, Hospital Clínico Universitario Virgen de la Arrixaca, El Palmar, Spain",1
"Dermatology Department, Hospital Arnau de Vilanova de Valencia, Valencia, Spain.",1
"Dermatology Department, Complejo Hospitalario de Toledo, Toledo, Spain",1
"Dermatology Department, Complejo Hospitalario Universitario de Toledo, Toledo, Spain.",1
"Dermatology Department, Complejo Hospitalario Universitario de Santiago de Compostela, Santiago de Compostela, Spain.",1
"Dermatology Department, Complejo Hospitalario Universitario Santiago de Compostela, Santiago de Compostela, Spain",1
"Dermatology Department, Complejo Hospitalario Universitario Insular Materno Infantil, Universidad de las Palmas de Gran Canaria, Las Palmas de Gran Canaria, Spain",1
"Dermatology Department, Complejo Hospitalario Universitario A Coruña, A Coruña, Spain",1
"Dermatology Department, Bilbao, (Vizcaya), Spain",1
"Dermatology Department of the Hospital Universitario 12 de Octubre, Av. Córdoba s/n, 28041, Madrid, Spain",1
"Dermatology Department of Hospital del Mar de Barcelona, Spain",1
"Dermatology Department of Hospital de la Vega Baja de Alicante, Spain",1
"Dermatology Department of Hospital de la Santa Creu i Sant Pau de Barcelona, Spain",1
"Dermatology Department, Hospital Del Mar-Parc de Salut Mar, IMIM Universitat Autònoma and Universitat Pompeu Fabra, Barcelona, Spain",1
"ELIKOS Group, Department of Health Sciences, Institute for Innovation and Sustainable Development in Food Chain (IS-FOOD), Public University of Navarre, 31008 Pamplona, Spain",1
"EAP Terres de l'Ebre, Tarragona, Spain",1
"EAP Salt, Girona, Spain",1
"EAP Raval Sud, Institut Català de la Salut, Red GEDAPS, Primary Care, Unitat de Suport a la Recerca (IDIAP—Fundació Jordi Gol), Barcelona, Spain.",1
"EAP Raval Sud, Catalan Institute of Health, GEDAPS Network, Primary Care, Research Support Unit (IDIAP – Jordi Gol Foundation), Barcelona, Spain",1
"EAP Igualada Nord, Hospital Universitari d'Igualada, Barcelona, Spain",1
"EAP Horts de Miró, Institut Català de la Salut (ICS), Reus, Spain",1
"Drug Discovery Unit, Instituto de Investigación Sanitaria La Fe, 46026 Valencia, Spain",1
"Dpt. MELIS, Universitat Pompeu Fabra, Barcelona, España",1
"Donostia University Hospital, San Sebastián, Spain",1
"Donostia Ospitalea, San Sebastian, Spain",1
Donostia Ospitalea,1
"Donostia Hospital, Spain",1
"Donation and Transplantion Coordination Unit, Complejo Hospitalario Universitario de A Coruña, La Coruña, Spain",1
"Diet, Microbiota and Health Group Instituto de Investigación Sanitaria del Principado de Asturias (ISPA) Oviedo Spain",1
"Donation and Transplantation Coordination Unit, Hospital Universitario de Bellvitge, Barcelona, Spain",1
"Donation and Transplantation Coordination Unit, Hospital Universitario Virgen del Rocío, Sevilla, Spain",1
"Donation and Transplantation Coordination Unit, Hospital Universitario Vall d'Hebrón, Barcelona, Spain",1
"Donation and Transplantation Coordination Unit, Hospital Universitario Puerta de Hierro- Majadahona, Madrid, Spain",1
"Donation and Transplantation Coordination Unit, Hospital Clinic, Barcelona, Spain",1
"Donation and Transplantation Coordination Department, Hospital Clinic Universitari, Barcelona, Spain",1
"Doctoral College, University of Vic-Central University of Catalonia (Uvic-UCC), Vic, Barcelona, Spain",1
Doctoral College University of Vic‐Central University of Catalonia (UVic‐UCC) Vic Spain,1
"Doctor Peset University Hospital, Valencia, Spain",1
"División de Reumatología, Hospital Universitario Central de Asturias, Oviedo, España",1
"Division of hematology, Hospital Clinico Universitario, INCLIVA, Valencia, Spain",1
"Division of Rheumatology, Hospital del Mar, 08003 Barcelona, Spain",1
"Division of Rheumatology, Hospital de la Santa Creu I Santa Pau, 08041 Barcelona, Spain",1
"Division of Rheumatology, Hospital de Sierrallana, 39300 Santander, Spain",1
"Division of Rheumatology, Hospital Universitario de la Princesa, IIS-Princesa, EPID-Future, Universidad Autónoma de Madrid (UAM), 28006 Madrid, Spain",1
"Donation and Transplantation Coordination Unit, Hospital del Mar, Barcelona, Spain",1
"Emergency Department, Hospital Dr. Peset, Valencia, Spain",1
"Emergency Department, Hospital Clínico, Zaragoza, Spain",1
"Emergency Department, Hospital Clínico San Carlos, Universidad Complutense, Madrid, Spain",1
"Emergency Department, Hospital Clínic, C. de Villarroel, 170, 08036, Barcelona, Spain",1
"Emergency Department, Hospital Clínic, Barcelona, Spain",1
"Emergency Department, Hospital Clínic  Barcelona Spain",1
"Emergency Department, Hospital Central Asturias, Oviedo, Spain",1
"Emergency Department, Galdakao-Usansolo Universitary Hospital, Galdakao, Spain",1
"Emergency Department, Fundació Esperit Sant  Barcelona Spain",1
"Emergency Department, Consorci Hospitalari de Terrassa, Barcelona, Catalonia, Spain",1
"Emergency Department, Complexo Hospitalario Universitario de Vigo, Hospital Álvaro Cunqueiro, Vigo, Spain",1
"Emergency Department, Clinical Toxicology Unit. Hospital Universitario de Burgos, Burgos, Spain",1
"Emergency Department, Clinical Toxicology Unit, Hospital Universitario Río Ortega, Valladolid, Spain",1
"Embriology and Neuroscience Research Group (NEOMA), Medical Sciences Department, Clinical Anatomy, Faculty of Medicine, University of Girona, 17071 Girona, Spain",1
"Economy and Health Research Seminar, University of Castilla-La Mancha, Toledo, Spain",1
"ELIKOS Group, Institute for Innovation and Sustainable Development in Food Chain (IS-FOOD), Department of Health Sciences, Public University of Navarre, 31008 Pamplona, Spain",1
"EUSES University School of Health and Sports, University of Girona, 17190 Salt, Spain",1
"ESTEVE Pharmaceuticals SA, Barcelona,\nSpain",1
"ESTEVE Pharmaceuticals SA, Barcelona, Spain",1
"ESIMar (Mar Nursing School), Universitat Pompeu Fabra-affiliated, Parc de Salut Mar, Barcelona, Spain",1
"ESIMar (Mar Nursing School), Universitat Pompeu Fabra-Affiliated, 08003 Barcelona, Spain",1
"ESIMar (Mar Nursing School), Universitat Pompeu Fabra Affiliated, Parc de Salut Mar, Barcelona, Spain",1
"ESIMar (Mar Nursing School), Parc de Salut Mar, Universitat Pompeu Fabra-Affiliated, Barcelona, Spain",1
"ESIMar (Higher School of Nursing of the Sea), PSMAR (Centre affiliated to the Universitat Pompeu Fabra), Barcelona, Spain",1
"ESIMar (Escuela Superior de Enfermería del Mar), PSMAR (Centro adscrito a la Universitat Pompeu Fabra), SDHEd (Grupo de Investigación en Determinantes Sociales y Educación en Salud), IMIM (Instituto Hospital del Mar de Investigaciones Médicas), Barcelona, España",1
"ERN-ITHACA, University Hospital La Paz, Madrid, Spain",1
"ERA-EDTA Working Group on CKD-MBD, Parma, Italy",1
"ENT Department, Hospital de la Santa Creu i Sant Pau, Catalunya, Spain",1
"ENFERAVANZA, Instituto Murciano de Investigación Biosanitaria (IMIB-Arrixaca), Murcia, España",1
"ELIKOS Group, Institute for Sustainability and Food Chain Innovation (IS-FOOD), Department of Health Sciences, Public University of Navarre, 31006 Pamplona, Spain",1
"ELIKOS Group, Institute for Innovation and Sustainable Development in Food Chain (IS-FOOD), Instituto de Investigación Sanitaria de Navarra, Public University of Navarre, 31006 Pamplona, Spain",1
"Eating Disorders Unit, Clinical Psychology Department, University Hospital of Bellvitge, Feixa Llarga s/n, Hospitalet de Llobregat, 08907, Barcelona, Spain",1
Division of Hematology ICO L'Hospitalet‐Hospital Moises Broggi  Sant Joan Despì (Barcelona) Spain,1
Division of Hematology Hospital Universitario Principe de Asturias  Alcalà de Henares (Madrid) Spain,1
"Division of General Surgery, Virgen de las Nieves University Hospital, Granada, Spain.",1
"Division of General Medicine, Department of Medicine, Columbia University Irving Medical Center, New York, NY 10032, USA",1
"Division of Cardiology, Hospital del Mar- Parc de Salut Mar, Barcelona, Spain",1
"Division of Cardiology, Hospital Universitario Lucus Augusti, 27003 Lugo, Spain",1
"Division for HIV, STI, Viral Hepatitis and TB Control, Ministry of Health, Madrid, Spain",1
"Directora de Adicciones, Instituto de Neuropsiquiatría y Adicciones- Hospital del Mar, Barcelona\r\nProf. Psiquiatría, Universitat Autònoma de Barcelona, y Universitat de Vic-UCC, Barcelona",1
"Dirección de Innovación y Transformación Digital, Hospital del Mar, Barcelona, Spain",1
"Dirección de Enfermería, Parc de Salut Mar, Barcelona",1
"Dirección Enfermera, Hospital del Mar, Barcelona, Spain",1
"Direcció Clínica Territorial de Cronicitat Metropolitana Nord, Institut Català de la Salut, Catalonia, Spain",1
"Digestive Disease Department, Hospital de La Princesa, Madrid, Spain",1
"Digestive Disease Department, Hospital de Galdakao, Bizkaia, Spain",1
"Division of Rheumatology, Hospital Universitario de Palamós, 17230 Barcelona, Spain",1
"Digestive Disease Department, Hospital Universitario Infanta Leonor, Madrid, Spain",1
"Digestive Disease Department, Hospital Universitario Infanta Cristina, Madrid, Spain",1
"Digestive Disease Department, Hospital Universitario Central de Asturias, Asturias, Spain",1
"Digestive Disease Department, Hospital Provincial de Pontevedra, Pontevedra, Spain",1
"Digestive Disease Department, Hospital La Paz, Madrid, Spain",1
"Digestive Disease Department, Hospital General de Alicante, Alicante, Spain",1
"Digestive Disease Department, Hospital General Universitario de Elche, Elche, Spain",1
"Digestive Disease Department, Hospital Doctor Peset, Valencia, Spain",1
Digestive Disease Department Hospital Universitario de Móstoles  Madrid Spain,1
Digestive Disease Department Hospital Universitario de Cáceres  Cáceres Spain,1
Digestive Disease Department Hospital Universitario de Cabueñes  Asturias Spain,1
Digestive Disease Department Hospital Universitario Ramón y Cajal  Madrid Spain,1
Digestive Disease Department Hospital Universitario Nuestra Señora de Candelaria  Santa Cruz de Tenerife Spain,1
Digestive Disease Department Hospital Clínico Universitario de Valencia  Valencia Spain,1
Digestive Department,1
"Digestive Disease Department, Hospital Universitario Rio Hortega Valladolid, Valladolid, Spain",1
"Division of Rheumatology, Hospital Universitario de Móstoles, 28935 Madrid, Spain",1
"Division of Rheumatology, Hospital Universitario de Donosti, 20014 San Sebastián, Spain",1
"Division of Rheumatology, Hospital Universitario Reina Sofía, 14004 Córdoba, Spain",1
"Division of Rheumatology, Hospital Universitario Lucus Augusti, 27003 Lugo, Spain",1
"Division of Rheumatology, Hospital Universitario Hospital General Virgen de la Concha, 49022 Zamora, Spain",1
"Division of Rheumatology, Hospital Universitario Basurto, 48013 Bilbao, Spain",1
"Division of Rheumatology, Hospital General Universitario de Ciudad Real, 13005 Ciudad Real, Spain",1
"Division of Rheumatology, Hospital Comarcal Alt Penedès Garraf, 08720 Barcelona, Spain",1
"Division of Rheumatology, Consorci Sanitari de Terrassa, Terrassa, 08191 Barcelona, Spain",1
"Division of Rheumatology, Complejo Hospitalario Universitario de Albacete, 02006 Albacete, Spain",1
"Division of Rheumatology, Complejo Asistencial Universitario de León, 24071 León, Spain",1
"Division of Pulmonary Diseases and Critical Care Medicine, University of Texas Health San Antonio, San Antonio, Texas",1
"Division of Pulmonary Diseases & Critical Care Medicine, University of Texas Health San Antonio, TX, USA",1
"Division of Pulmonary Diseases & Critical Care Medicine, University of Texas Health San Antonio, San Antonio, TX, USA; Critical Care Department, Hospital del Mar-IMIM, Critical Illness Research Group (GREPAC), Barcelona, Spain.",1
"Division of Pulmonary & Critical Care Medicine, University of Texas Health San Antonio, San Antonio, San Antonio, TX, USA",1
"Division of Hematology, Hospital Clinic de Barcelona, Barcelona, Spain",1
"Division of Nephrology, Hospital Vall d'Hebrón, Barcelona, Spain",1
"Division of Nephrology and Hypertension, Mayo Clinic College of Medicine, Rochester, MN",1
"Division of Hepatobiliary and Liver Transplantation Surgery. A.O.R.N. Cardarelli, Napoli, Italy",1
"Division of Hematology, ICO Hospital Germans Trias i Pujol, Badalona (Barcelona), Spain",1
"Division of Hematology, ICO Girona Hospital Josep Trueta, Girona, Spain",1
"Division of Hematology, Hospital del Mar, Barcelona, Spain",1
"Division of Hematology, Hospital Universitario de Mostoles, Madrid, Spain",1
"Division of Hematology, Hospital Universitario de Burgos, Burgos, Spain",1
"Division of Hematology, Hospital Universitario La Paz, Madrid, Spain",1
"Division of Hematology, Hospital Universitario 12 de Octubre, Madrid, Spain",1
"Division of Hematology, Hospital Ramon y Cajal, IRYCIS, Madrid, Spain",1
"Division of Hematology, Hospital Gregorio Maranon, Madrid, Spain",1
"Division of Hematology, Hospital General de Elche, Elche (Alicante), Spain",1
"Division of Hematology, Hospital General Universitario de Albacete, Albacete, Spain",1
"Division of Hematology, Hospital Clinico San Carlos, Madrid, Spain",1
"Division of Preventive Medicine Faculty of Medicine University of Jaén  Campus Las Lagunillas, s/n. Jaén 23071 Spain",1
"Department of Surgery, Cruces University Hospital, Bilbao, Spain",1
"Department of Surgery, Cruces University Hospital , Bilbao, Spain",1
"Department of Surgery, Complejo Hospitalario de Navarra, Pamplona, Spain",1
"Department of Surgery, Complejo Hospitalario de Navarra , Pamplona, Spain",1
"Department of Surgery, Complejo Hospitalario de Jaén, Jaén, Spain",1
"Department of Surgery, Complejo Asistencial Universitario de Salamanca, Salamanca, Spain",1
"Department of Surgery, Clínica Universidad de Navarra, 31008 Pamplona, Spain",1
"Department of Surgery, Basurto University Hospital , Bilbao, Spain",1
"Department of Surgery, Arnau de Vilanova University Hospital, Lleida, Spain",1
"Department of Surgery, Arnau de Vilanova University Hospital , Lleida, Spain",1
"Department of Surgery, Araba University Hospital, Txagorritxu Hospital , Vitoria, Spain",1
"Department of Surgery, Alto Deba Hospital , Mondragon, San Sebastián, Spain",1
"Department of Surgery, Althaia Foundation, University Healthcare Network, Manresa, Spain",1
"Department of Surgery, Althaia Foundation , Manresa, Spain",1
"Department of Vascular and Endovascular Surgery, Hospital del Mar, Barcelona, Spain.",1
"Department of Surgery Hospital Universitario Principe de Asturias. Alcalá de Henares, Madrid, Spain.",1
"Department of Surgery Hospital Universitario Principe de Asturias. Alcalá de Henares, Madrid, Spain",1
Department of Surgery Facultad de Medicina Universidad de Valencia (UV) Valencia Spain,1
"Department of Sociology and Communication, University of Salamanca, 37007, Salamanca, Spain",1
"Department of Rheumatology. Consorci Parc de Salut MAR/Hospital del Mar, Barcelona, Spain",1
"Department of Rheumatology, University Hospital Complex of Vigo, Vigo, Spain",1
"Department of Rheumatology, University Hospital Complex of A Coruña, A Coruña, Spain",1
"Department of Rheumatology, Unidad de investigación, Sociedad Española de Reumatología, Madrid, Spain",1
"Department of Rheumatology, Son Llatzer Hospital, Mallorca, Spain",1
"Department of Rheumatology, Marina Baixa Hospital, Alicante, Spain",1
"Department of Rheumatology, La Paz University Hospital, Madrid, Spain",1
"Department of Rheumatology, La Fe University and Polytechnic Hospital, Valencia, Spain.",1
"Department of Rheumatology, Jerez Hospital, Jerez, Spain",1
"Department of Rheumatology, Hospital de la Santa Creu i Sant Pau, Barcelona, Spain",1
"Department of Rheumatology, Hospital de Navarra, Pamplona, Spain",1
Department of Surgery Universitat Autònoma de Barcelona  Barcelona Spain,1
"Department of Surgery, Hospital General Universitario de Castelló, Castelló de la Plana, Castellón, Spain.",1
"Department of Surgery, Hospital General Universitario de Alicante, Alicante, Spain",1
"Department of Surgery, Hospital General Granollers, School of Medicine, Universitat Internacional de Catalunya, Av Francesc Ribas 1, 08402 Granollers, Spain",1
"Department of Surgery, Hospital Dr. Peset, Valencia, Spain.",1
"Department of Surgery, Hospital Dr. Peset, Valencia, Spain",1
"Department of Surgery, Hospital Del Mar, Universitat Autònoma de Barcelona, Hospital Del Mar Medical Research Institute (IMIM), Barcelona, Spain",1
"Department of Surgery, Hospital Del Mar University Hospital, Barcelona, Spain",1
"Department of Surgery, Hospital Costa del Sol, Marbella, Spain",1
"Department of Surgery, Hospital Clínico Universitariode Valencia, Valencia, Spain",1
"Department of Surgery, Hospital Clínico Universitario, 46010 Valencia, Spain",1
"Department of Surgery, Hospital Clínico Universitario, 28040 Madrid, Spain",1
"Department of Surgery, Hospital Clínico Universitario de Valladolid, Valladolid, Spain.",1
"Department of Surgery, Hospital Clínico Universitario de Valladolid, Valladolid, Spain",1
"Department of Surgery, Hospital Clínico Universitario de Valencia, Valencia, Spain.",1
"Department of Surgery, Donostia University Hospital , San Sebastian, Spain",1
"Department of Surgery, Hospital Clínic de Barcelona, Barcelona, Spain",1
"Department of Surgery, HPB unit, University Mar Hospital, Parc Salut, Barcelona, Spain",1
"Department of Surgery, HPB unit, Hospital General Universitario de Castelló, Castelló de la Plana, Castellón, Spain.",1
"Department of Surgery, HPB Unit, Hospital del Mar - Parc de Salut MAR, University Pompeu Fabra, Barcelona, Spain",1
"Department of Surgery, HPB Unit, Hospital del Mar - Parc de Salut MAR, University Pompeu Fabra , Barcelona, Spain",1
"Department of Surgery, Granollers General Hospital, Granollers, Spain",1
"Department of Surgery, Granollers General Hospital , Granollers, Spain",1
"Department of Surgery, Girona Dr Josep Trueta University Hospital , Girona, Spain",1
"Department of Surgery, Germans Trias i Pujol University Hospital , Badalona, Spain",1
"Department of Surgery, Germans Trias I Pujol University Hospital, Badalona, Spain",1
"Department of Surgery, Fundación Instituto Valenciano de Oncología, Valencia, Spain.",1
"Department of Surgery, Fundación Instituto Valenciano de Oncología, Valencia, Spain",1
"Department of Surgery, Dr. José Molina Orosa Hospital, Lanzarote, Spain",1
"Department of Surgery, Dr José Molina Orosa Hospital , Lanzarote, Spain",1
"Department of Surgery, Donostia University Hospital, San Sebastian, Spain",1
"Department of Surgery, Hospital Clínico Universitario de Santiago, 15706 Santiago de Compostela, Spain",1
"Department of Rheumatology, Hospital Clinico Universitario Salamanca, Salamanca, Spain",1
"Department of Rheumatology, Consorci Parc de Salut MAR/Hospital del Mar, Passeig Marítim 25-29, 08003, Barcelona, Spain",1
"Department of Rheumatology, Complejo Hospitalario de Orense, Ourense, Spain",1
"Department of Rheumatology, Complejo Hospitalario Universitario de Vigo, IRIDIS (Investigation in Rheumatology and Immune-Mediated Diseases)-VIGO Group, Galicia Sur Health Research Institute (IISGS), Vigo, Spain",1
"Department of Rheumatology, Complejo Hospitalario Universitario Insular Materno Infantil, Las Palmas GC, Spain",1
"Department of Rheumatology, Complejo Asistencial Universitario de León, León, Spain",1
"Department of Rheumatology and Systemic Autoinmune Diseases, Hospital Universitari de la Santa Creu i Sant Pau, Barcelona, Spain",1
Department of Rheumatology,1
"Department of Respirology, Hospital Clínic, Institut D'investigació August Pi i Sunyer, Barcelona, Spain",1
"Department of Respiratory, Hospital Ramón y Cajal, Universidad de Alcalá (Instituto de Ramón y Cajal de Investigación Sanitaria), Centro de Investigación Biomédica en Red de Enfermedades Respiratorias, Madrid, Spain",1
"Department of Respiratory Medicine: Lung Cancer and Endoscopy Unit, Hospital del Mar – Universitat Pompeu Fabra (UPF), Barcelona, Spain",1
"Department of Respiratory Medicine, Hospital del Mar – IMIM, DCEXS, Pompeu Fabra University, Barcelona, Spain",1
"Department of Radiology, University of California San Francisco, San Francisco, CA, United States",1
"Department of Radiology, Neuroradiology Section, Vall d'Hebron University Hospital, Barcelona, Spain",1
"Department of Rheumatology, Hospital de Basurto, Bilbao, Spain",1
"Department of Radiology, Hospital del Mar, Passeig Marítim de la Barceloneta, 25, 29, 08003 Barcelona, Spain",1
"Department of Radiology, Hospital del Mar, Parc de Salut Mar, Barcelona, Spain",1
"Department of Radiology, Hospital de la Santa Creu i Sant Pau, Interventional Neuroradiology Section, Barcelona, Spain",1
"Department of Radiology, Hospital Universitario Virgen del Rocío, Interventional Neuroradiology, Seville, Spain",1
"Department of Radiology, Hospital Universitario Central de Asturias, Interventional Neuroradiology, Oviedo, Spain",1
"Department of Radiology, Hospital Universitari Sagrat Cor, Barcelona, Spain",1
"Department of Radiology, Hospital Universitari Dexeus, Barcelona, Spain",1
"Department of Radiology, Hospital Sant Joan de Déu, Barcelona, Spain",1
"Department of Radiology, Hospital Costa del Sol, Marbella, Spain",1
"Department of Radiology, Hospital Clínico Universitario San Carlos, Interventional Neuroradiology Unit, Madrid, Spain",1
"Department of Radiology, Hospital Clínic de Barcelona, Barcelona, Catalonia, Spain",1
"Department of Radiology, Donostia University Hospital, Interventional Neuroradiology Section, Donostia-San Sebastián, Spain",1
"Department of Radiology, Clinical San Carlos Hospital, Interventional Neuroradiology Unit, Madrid, Spain",1
"Department of Radiology, Bellvitge University Hospital, L'Hospitalet de Llobregat, Spain.",1
"Department of Radiology (CDI) and IDIBAPS, Hospital Clínic de Barcelona, Barcelona, Spain",1
"Department of Radiology, Hospital del Mar, Passeig Marítim de la Barceloneta, 25, 29, Hospital Sant Joan de Deu, Esplugues de Llobregat, 08003 Barcelona, Spain",1
"Department of Rheumatology, Hospital Virgen de la Arrixaca, Murcia, Spain",1
"Department of Rheumatology, Hospital Virgen Macarena, Sevilla, Spain",1
"Department of Rheumatology, Hospital Universitario de la Princesa, Instituto de Investigación La Princesa, Madrid, Spain",1
"Department of Rheumatology, Hospital Universitario de La Princesa, Madrid, Spain",1
"Department of Rheumatology, Hospital Universitario de La Princesa, IIS-Princesa, Catedra UAM-Roche, EPID-Future, Universidad Autónoma de Madrid, Madrid, Spain",1
"Department of Rheumatology, Hospital Universitario de Guadalajara, Spain",1
"Department of Rheumatology, Hospital Universitario de Getafe, Madrid, Spain",1
"Department of Rheumatology, Hospital Universitario de Bellvitge, Barcelona, Spain",1
"Department of Rheumatology, Hospital Universitario Virgen de la Arrixaca, Murcia, Spain",1
"Department of Rheumatology, Hospital Universitario Sierrallana, Torrelavega, Spain",1
"Department of Rheumatology, Hospital Universitario Sagrat Cor, Barcelona, Spain",1
"Department of Rheumatology, Hospital Universitario Ramon y Cajal, Madrid, Spain",1
"Department of Rheumatology, Hospital Universitario Puerta de Hierro, Madrid, Spain",1
"Department of Rheumatology, Hospital Universitario Puerta de Hierro Majadahonda, Madrid, Spain",1
"Department of Rheumatology, Hospital Universitario Marqués de Valdecilla, IDIVAL, Santander, Spain",1
"Department of Rheumatology, Hospital Clínico Universitario Virgen de la Arrixaca, Murcia, Spain",1
"Department of Rheumatology, Hospital Universitario La Paz, Madrid, Spain",1
"Department of Rheumatology, Hospital Universitario Insular de Gran Canaria, Las Palmas de Gran Canaria, Spain",1
"Department of Rheumatology, Hospital Universitario Gran Canaria Doctor Negrin, Las Palmas de Gran Canaria, Spain",1
"Department of Rheumatology, Hospital Universitario Doctor Peset, Valencia, Spain",1
"Department of Rheumatology, Hospital Universitario Basurto, Bilbao, Spain",1
"Department of Rheumatology, Hospital Universitari de Bellvitge, Hospitalet de Llobregat, Spain",1
"Department of Rheumatology, Hospital Universitari Mútua de Terrassa, Terrassa, Spain",1
"Department of Rheumatology, Hospital Sierrallana, Vitoria, Spain",1
"Department of Rheumatology, Hospital Príncipe de Asturias, Madrid, Spain",1
"Department of Rheumatology, Hospital Germán Trias i Pujol, Barcelona, Spain",1
"Department of Rheumatology, Hospital Germans Trias i Pujol, Badalona, Spain",1
"Department of Rheumatology, Hospital General de Granollers, Granollers, Spain",1
"Department of Rheumatology, Hospital General Universitario de Alicante, Alicante, Spain",1
"Department of Rheumatology, Hospital General Universitario Dr. Balmis, Alicante Institute of Health and Biomedical Research (ISABIAL), Alicante, Spain",1
"Department of Rheumatology, Hospital General Universitario Doctor Balmis, Alicante, Spain",1
"Department of Rheumatology, Hospital Universitario Marques de Valdecilla, Santander, Spain",1
"Department of Surgery, Miguel Servet University Hospital, Zargosa, Spain.",1
"Department of Surgery, Miguel Servet University Hospital, Zaragoza, Spain",1
"Department of Surgery, Miguel Servet University Hospital, Saragossa, Spain",1
"Department of Surgery, Miguel Servet University Hospital, 50009 Zaragoza, Spain",1
"Department of Surgery, Mataró Hospital, Maresme Health Consortium, Mataró, Spain",1
"Department of Surgery, Mataró Hospital , Maresme Health Consortium, Mataró, Spain",1
"Department of Surgery, Liver, Biliary and Pancreatic Unit, Hospital Clínico, University of Valencia, Biomedical Research Institute (INCLIVA), Valencia, Spain.",1
"Department of Surgery, Joan XXIII University Hospital , Tarragona, Spain",1
"Department of Surgery, Igualada University Hospital , Anoia Health Consortium, Igualada, Spain",1
"Department of Surgery, Hospital del Mar–Parc de Salut Mar, Passeig Maritim 25-29, 08003, Barcelona, Spain",1
"Department of Surgery, Hospital del Mar, Barcelona, 08003, Spain",1
"Department of Surgery, Hospital del Mar, 08036 Barcelona, Spain",1
"Department of Surgery, Hospital del Mar, 08003 Barcelona, Spain",1
"Department of Surgery, Hospital del Mar – Parc de Salut Mar, Passeig Maritim 25-29, 08003, Barcelona, Spain",1
"Department of Surgery, Hospital General de Granollers, Av Francesc Ribas 1, Barcelona, 08402, Granollers, Spain",1
"Department of Surgery, Hospital del Mar , Spain",1
"Department of Surgery, Hospital de Sant Pau, Barcelona, Spain",1
"Department of Surgery, Hospital de Sant Pau, 08025 Barcelona, Spain",1
"Department of Surgery, Hospital de Sant Boi, Sant Boi de Llobregat, Spain",1
"Department of Surgery, Hospital de La Princesa, Madrid, Spain.",1
"Department of Surgery, Hospital Universitario Álvaro Cunqueiro, 36312 Vigo, Spain",1
"Department of Surgery, Hospital Universitario y Politécnico La Fe, Valencia, Spain",1
"Department of Surgery, Hospital Universitario y Politécnico La Fe, IIS La Fe, Ciberehd ISCIII, 46026 Valencia, Spain",1
"Department of Surgery, Hospital Universitario del Mar, 08003 Barcelona, Spain",1
"Department of Surgery, Hospital Universitario de Álava, Álava, Spain.",1
"Department of Surgery, Hospital Universitario de Álava, Álava, Spain",1
"Department of Surgery, Hospital Universitario de la Santa Creu i Sant Pau, 08041 Barcelona, Spain",1
"Department of Surgery, Hospital Universitario de Salamanca, 37007 Salamanca, Spain",1
"Department of Surgery, Hospital Universitario de León, 24008 León, Spain",1
"Department of Surgery, Hospital Universitario de La Princesa, Madrid, Spain.",1
"Department of Surgery, Hospital del Mar University Hospital , Barcelona, Spain",1
"Department of Vascular and Endovascular Surgery, Clínica Universidad de Navarra, Navarra, Spain.",1
"Department of Vascular Surgery, Hospital de Manises, Valencia, Spain",1
"Department of Vascular Surgery, Hospital Universitario de La Ribera, Alzira, Valencia, Spain",1
Department of Vascular Surgery Hospital Universitari i Politècnic La Fe Valencia Spain,1
"Department of Vascular Medicina and Metabolism, Hospital Universitari Sant Joan de Reus, Tarragona, Spain",1
"Department of Urology, Hospital del Mar, Barcelona, Spain",1
"Department of Traumatology and Orthopedic Surgery, Hospital Universitario, 12 de Octubre, Madrid, Spain",1
"Department of Traumatology and Orthopaedic Surgery, Hospital del Mar, Barcelona, Spain",1
"Department of Thoracic Surgery, University Hospital Puerta de Hierro-Majadahonda, Madrid, Spain",1
Department of Surgery; Hospital Universitario Virgen de la Arrixaca; Murcia Spain,1
"Department of Surgery. Basurto University Hospital, Bilbao, Spain",1
"Department of Surgery, Viladecans Hospital, Viladecans, Spain",1
"Department of Surgery, Viladecans Hospital , Viladecans, Spain",1
"Department of Surgery, Vall d’Hebron University Hospital, Barcelona, Spain",1
"Department of Surgery, Vall d'Hebron University Hospital, Barcelona, Spain",1
"Department of Surgery, Moisès Broggi Hospital , Sant Joan Despí, Spain",1
"Department of Surgery, University of Valladolid, 47003 Valladolid, Spain",1
"Department of Surgery, University of Valencia, Valencia, Spain",1
"Department of Surgery, University of Valencia, Avenida Blasco Ibáñez 15, 46010, Valencia, Spain",1
"Department of Surgery, University Hospital del Mar , Barcelona, Spain",1
"Department of Surgery, University Hospital Virgen de la Victoria, Malaga, Spain.",1
"Department of Surgery, University Hospital Virgen de la Victoria, 29010 Malaga, Spain",1
"Department of Surgery, University Hospital La Fe, University of Valencia , Spain",1
"Department of Surgery, Terrassa Health Consortium, Terrassa Hospital, Terrassa, Spain",1
"Department of Surgery, Terrassa Health Consortium, Terrassa Hospital , Terrassa, Spain",1
"Department of Surgery, Section of Gastrointestinal Surgery, Hospital Universitario del Mar, Universitat Autònoma de Barcelona, Barcelona, Spain",1
"Department of Surgery, School of Medicine, University of Granada, 18016 Granada, Spain",1
"Department of Surgery, Sant Pau University Hospital , Barcelona, Spain",1
"Department of Surgery, Sant Joan de Deu Hospital Foundation, Martorell, Spain",1
"Department of Surgery, Sant Joan de Deu Hospital Foundation , Martorell, Spain",1
"Department of Surgery, Mútua de Terrassa University Hospital , Terrassa, Spain",1
"Department of Surgery, Vall d'Hebron Hospital, Barcelona, Spain",1
"Department of Surgery, Hospital Universitario Insular, 35016 Las Palmas de Gran Canaria, Spain",1
"Department of Surgery, Hospital Universitario Insular de Gran Canaria, Las Palmas de Gran Canaria, Las Palmas, Spain.",1
"Department of Surgery, Hospital Universitario Infanta Cristina, Badajoz, Spain.",1
"Department of Surgery, Hospital Universitario HM Sanchinarro, 28050 Madrid, Spain",1
"Department of Surgery, Hospital Universitario Gregorio Marañón, 28007 Madrid, Spain",1
"Department of Surgery, Hospital Universitario Fundación Alcorcón, Alcorcón, Madrid, Spain.",1
"Department of Surgery, Hospital Universitario Fundación Alcorcón, Alcorcón, Madrid, Spain",1
"Department of Surgery, Hospital Universitario Dr. Peset, 46017 Valencia, Spain",1
"Department of Surgery, Hospital Universitario Dr. Josep Trueta, 17007 Girona, Spain",1
"Department of Surgery, Hospital Universitario Donostia, 20014 San Sebastián, Spain",1
"Department of Surgery, Hospital Universitario Central de Asturias, Oviedo, Spain.",1
"Department of Surgery, Hospital Universitario Central de Asturias, Oviedo, Spain",1
"Department of Surgery, Hospital Universitario Arnau de Vilanova, 25198 Lleida, Spain",1
"Department of Surgery, Hospital Universitari del Mar, Barcelona, Spain",1
"Department of Surgery, Hospital Universitario de La Princesa, Madrid, Spain",1
"Department of Surgery, Hospital Universitari de Bellvitge , L'Hospitalet del Llobregat, Barcelona, Spain",1
"Department of Surgery, Hospital Universitari Son Espases, Palma de Mallorca, Spain",1
"Department of Surgery, Hospital Universitari Germans Trias, 08916 Badalona, Spain",1
"Department of Surgery, Hospital Universitari Dr Josep Trueta, Girona, Spain",1
"Department of Surgery, Hospital Universitari Bellvitge, L'Hospitalet de Llobregat, Barcelona, Spain.",1
"Department of Surgery, Hospital Royo Villanova, Zaragoza, Spain.",1
"Department of Surgery, Hospital Royo Villanova, Zaragoza, Spain",1
"Department of Surgery, Hospital Royo Villanova, 50015 Zaragoza, Spain",1
"Department of Surgery, Hospital Regional de Málaga, Málaga, Spain",1
"Department of Surgery, Hospital Regional Universitario de Málaga, 29010 Málaga, Spain",1
"Department of Surgery, Hospital Quirón, 50006 Zaragoza, Spain",1
"Department of Surgery, Hospital Marina Baixa, Villajoyosa, Alicante, Spain.",1
"Department of Surgery, Hospital Marina Baixa, Villajoyosa, Alicante, Spain",1
"Department of Surgery, Hospital Gregorio Marañon, Madrid, Spain.",1
"Department of Surgery, Hospital Gregorio Marañon, Madrid, Spain",1
"Department of Surgery, Hospital Universitari de Bellvitge, L'Hospitalet Del Llobregat, Barcelona, Spain",1
"Department of Surgery, Hospital Universitario de Getafe, Getafe, Madrid, Spain.",1
"Department of Surgery, Hospital Universitario de Getafe, Getafe, Madrid, Spain",1
"Department of Surgery, Hospital Universitario de Getafe, Getafe, 28905 Madrid, Spain",1
"Department of Surgery, Hospital Universitario de Fuenlabrada, Fuenlabrada, Madrid, Spain",1
"Department of Surgery, Hospital Universitario de Fuenlabrada, 28942 Madrid, Spain",1
"Department of Surgery, Hospital Universitario de Cruces, 48903 Barakaldo, Spain",1
"Department of Surgery, Hospital Universitario de Castellón, 12004 Castelló de la Plana, Spain",1
"Department of Surgery, Hospital Universitario de Badajoz, 06006 Badajoz, Spain",1
"Department of Surgery, Hospital Universitario de Albacete, 02006 Albacete, Spain",1
"Department of Surgery, Hospital Universitario Virgen del Rocío, Sevilla, Spain",1
"Department of Surgery, Hospital Universitario Virgen del Rocío, 41013 Sevilla, Spain",1
"Department of Surgery, Hospital Universitario Virgen del Rocio, Sevilla, Spain",1
"Department of Surgery, Hospital Universitario Virgen de las Nieves, Granada, Spain; Department of Surgery, Complejo Hospitalario de Jaén, Jaén, Spain.",1
"Department of Surgery, Hospital Universitario Virgen de las Nieves, 18014 Granada, Spain",1
"Department of Surgery, Hospital Universitario Virgen de la Victoria, 29010 Málaga, Spain",1
"Department of Surgery, Hospital Universitario La Paz, Madrid, Spain.",1
"Department of Surgery, Hospital Universitario Virgen Macarena, Sevilla, Spain",1
"Department of Surgery, Hospital Universitario Vall d’Hebron, 08035 Barcelona, Spain",1
"Department of Surgery, Hospital Universitario San Cecilio, 18016 Granada, Spain",1
"Department of Surgery, Hospital Universitario Río Hortega, 47012 Valladolid, Spain",1
"Department of Surgery, Hospital Universitario Puerta del Mar, 11009 Cádiz, Spain",1
"Department of Surgery, Hospital Universitario Puerta de Hierro, Majadahonda, Madrid, Spain.",1
"Department of Surgery, Hospital Universitario Puerta de Hierro, Majadahonda, Madrid, Spain",1
"Department of Surgery, Hospital Universitario Nuestra Señora de la Candelaria, 38010 Santa Cruz de Tenerife, Spain",1
"Department of Surgery, Hospital Universitario Mollet, Mollet, 08100, Spain",1
"Department of Surgery, Hospital Universitario Miguel Servet, Zaragoza, Spain.",1
"Department of Surgery, Hospital Universitario Miguel Servet, Zaragoza, Spain",1
"Department of Surgery, Hospital Universitario Miguel Servet, 50009 Zaragoza, Spain",1
"Department of Surgery, Hospital Universitario Marqués de Valdecilla, 39008 Santander, Spain",1
"Department of Surgery, Hospital Universitario Lozano Blesa, 50009 Zaragoza, Spain",1
"Department of Surgery, Hospital Universitario La Princesa, 28006 Madrid, Spain",1
"Department of Surgery, Hospital Universitario Virgen de la Salud, 45004 Toledo, Spain",1
