,raw_affiliation,DOI
0,") forest science and technology centre of catalonia -ctfc, carretera de sant llorenç de morunys, km 2, 25280 solsona (spain);",1
1,"university of barcelona (gran via de les corts catalanes, 585, 08007 barcelona - spain)",1
2,"university pablo de olavide (ctra. de utrera, km. 1 41013, sevilla - spain)",1
3,"university institute of research in environmental sciences (iuca), university of zaragoza, zaragoza, spain",1
4,university autònoma de barcelona bellaterra spain,1
5,universitat de vic,1
6,"universitat de lleida, lleida, spain",1
7,"universitat autònoma de barcelona, e08193, bellaterra (cerdanyola del vallès), catalonia, spain",1
8,"universitat autònoma de barcelona, bellaterra (cerdanyola del vallès)  catalonia spain",1
9,"universitat autònoma de barcelona, 08193, bellaterra, spain",1
10,universitat autònoma de barcelona bellaterra (cerdanyola del vallès) catalonia e08193 spain,1
11,"universitat autònoma de barcelona (uab), cerdanyola del vallès 08193, spain",1
12,universitat autònoma de barcelona  e08193 bellaterra (cerdanyola del vallès) catalonia spain,1
13,universitad de valladolid (spain),1
14,"universidad de sevilla, departamento de biología vegetal y ecología, 41011 sevilla, spain",1
15,"universidad de málaga ‐ consejo superior de investigaciones científicas (uma‐csic) instituto de hortofruticultura subtropical y mediterránea (ihsm), “la mayora”  algarrobo‐costa (málaga) spain",1
16,"universidad de córdoba = university of córdoba [córdoba] (avd. medina azahara, 5 14071 córdoba - spain)",1
17,"ctfc, forest sciences and technology centre of catalonia, 25280, solsona, catalonia, spain",1
18,"ctfc, forest science and technology centre of catalonia, ctra. st. llorenç de morunys, km.2, e-25280 solsona, lleida, spain",1
19,ctfc centre de ciència i tecnologia forestal de catalunya solsona spain,1
20,ctfc centre tecnològic forestal de catalunya solsona spain,1
21,"university of zaragoza, department of geography and land management, zaragoza, spain",1
22,university of valladolid (spain),1
23,"university of oviedo, department of organisms and systems biology (bos; ecology unit) and research unit of biodiversity (umib; uo-csic-pa), oviedo, mieres (spain).",1
24,"university of lyon, cnrs umr 5600 evs, site ens, lyon, f-69362 france",1
25,"university of lleida, dept. of crop and forest sciences, av. rovira roure, 191, 25198, lleida, spain",1
26,"university of lleida, department of agricultural and forest engineering, lleida, spain",1
27,"university of lleida, campus de cappont, carrer de jaume ii, 73, 25001, lleida spain",1
28,"university of lleida , , lleida 25198 , spain",1
29,"university of la laguna, san cristóbal de la laguna, spain",1
30,"university of eastern finland, faculty of science, forestry and technology, joensuu, finland",1
31,"14 james hutton institute aberdeen , uk",1
32,"área de edafoloxía e química agrícola, departamento de bioloxía vexetal e ciencia do solo, facultade de ciencias, universidade de vigo, campus as lagoas, s/n 32004, ourense, spain",1
33,"center for agro-food economics and development (creda-upc-irta), parc mediterrani de la tecnologia, edifici esab, 08860, castelldefels, barcelona, spain",1
34,"catalan ornithological institute, natural history museum of barcelona, pl. leonardo da vinci 4-5, 08019 barcelona, catalonia, spain",1
35,"catalan ornithological institute, natural history museum of barcelona, barcelona, spain",1
36,"catalan ornithological institute, natural history museum of barcelona, 08019 barcelona, catalonia, spain",1
37,"catalan ornithological institute, es-08019 barcelona, spain",1
38,catalan ornithological institute natural history museum of barcelona barcelona catalonia spain,1
39,"catalan ornithological institute (ico), natural history museum of barcelona, plaça leonardo da vinci 4–5, 08019, barcelona, catalonia, spain",1
40,"catalan institution for research and advanced studies (icrea), spain",1
41,"catalan institute of agrifood research and technology (irta), spain",1
42,"catalan institute for water research icra, girona, catalonia, spain",1
43,"catalan institute for water research (icra), girona, catalonia, spain",1
44,"catalan institute for water research (icra), emili grahit 101, 17003, girona, spain",1
45,"castilla y león wood & forest services center (cesefor), pol. ind. las casas, calle c, parcela 4, 42005, soria, spain",1
46,"cartographic and geological institute of catalonia (icgc), 08038, barcelona, spain",1
47,"cancer and environmental epidemiology unit, national epidemiology centre, carlos iii health institute and centre for biomedical research in epidemiology & public health (ciber epidemiología y salud pública−ciberesp), madrid, spain",1
48,"campus de excelencia internacional del mar, universidad de huelva, huelva, spain",1
49,"centre de ciència i tecnologia forestal de catalunya, solsona, catalonia, spain",1
50,"centre de ciencia i tecnologia forestal de catalunya (ctfc), ctra. st. llorenç de morunys km 2, solsona, 25280, spain",1
51,"centre tecnològic i forestal de catalunya, solsona, 25280, spain",1
52,"centre tecnològic i forestal de catalunya (ctfc). ctra. st. llorenç de morunys km 2. 25280, solsona, spain",1
53,"centre tecnològic i forestal de catalunya (ctfc), ctra. st. llorenç de morunys km 2, 25280 solsona, spain",1
54,centre tecnològic i forestal de catalunya (ctfc)  solsona spain,1
55,centre tecnològic i forestal de catalunya (ctfc)  solsona españa,1
56,centre tecnològic i forestal de catalunya (ctfc)  ctra. st. llorenç de morunys km 2 solsona 25280 spain,1
57,"centre tecnològic forestal de catalunya (ctfc), 25280 solsona, spain",1
58,centre tecnològic forestal de catalunya (ctfc)  solsona catalonia 25280 spain,1
59,"centre forestal de les illes balears (cefor-menut), forest management service (government of the balearic islands), palma de mallorca, spain",1
60,"center for the study of mediterranean rivers -university of vic -central university of catalonia (cerm-uvic-ucc), ter river museum, plaça de les dones del ter 1, 08560 manlleu, catalonia (spain).",1
61,"center for spatial technologies and remote sensing (cstars), university of california, 139 veihmeyer hall, one shields avenue, davis, ca 95616, usa",1
62,"center for environmental studies in the mediterranean (ceam), university of alicante, alicante, spain",1
63,"center for ecological research and forestry applications (creaf), 08193 cerdanyola del vallès, spain",1
64,"center for agro-food economics and development (creda-upc-irta). parc mediterrani de la tecnologia, edifici esab, 08860, castelldefels (barcelona), spain",1
65,"centre de recerca en agrigenòmica, csic/irta/uab/ub, 08193 bellaterra, catalonia, spain",1
66,"centre de recerca matemàtica, edifici c, 08193 bellaterra, barcelona, spain",1
67,"centre de recerca ecològica i aplicacions forestals, cerdanyola del vallès, catalonia, spain",1
68,"centre de recerca ecològica i aplicacions forestals (creaf), 08193 bellaterra, catalonia, spain",1
69,"centre de propietat forestal (cpf), santa perpètua de mogoda, 08130, barcelona, spain",1
70,"centre de ciência i tecnologia forestal de catalunya, spain",1
71,centre de ciència i tecnología forestal de catalunya (ctfc)  lleida spain,1
72,"centre de ciència i tecnologia forestal de catalunya, ctra. de sant llorenç de morunys, km 2, 25280 solsona, lleida",1
73,"centre de ciència i tecnologia forestal de catalunya, 25280, solsona, catalonia, spain",1
74,"centre de ciència i tecnologia forestal de catalunya (ctfc), e-25280, solsona, spain",1
75,"centre de ciència i tecnologia forestal de catalunya (ctfc), ctra. st. llorenç de morunys km 2, solsona, 25280, spain",1
76,"centre de ciència i tecnologia forestal de catalunya (ctfc), ctra. st. llorenç de morunys km 2, 25280 solsona, spain",1
77,"centre de ciència i tecnologia forestal de catalunya (ctfc), crta. antiga st llorenç de morunys km. 2, 25280 solsona, spain",1
78,"centre de ciència i tecnologia forestal de catalunya (ctfc), 25280 solsona, catalonia, spain",1
79,centre de ciència i tecnologia forestal de catalunya (ctfc) solsona spain,1
80,centre de ciència i tecnologia forestal de catalunya,1
81,"centre per a la sostenibilitat territorial (cst), 17178 sant privat d’en bas, catalonia, spain",1
82,"centre of research in agrotechnology (agrotecnio), lleida 25198, spain",1
83,"centre of marine sciences (ccmar), universidade do algarve, campus de gambelas, faro, portugal",1
84,"centre of ecological research and forestry applications, es-08193 bellaterra, spain",1
85,"centre of ecological research and forestry applications (creaf), bellaterra, spain",1
86,"centre for research on ecology and forestry applications (creaf), cerdanyola del valles, spain",1
87,"centre for ecological research and forestry applications, 08193 cerdanyola del vallés, spain",1
88,"centre for ecological research and forestry applications (creaf), cerdanyola del valles 08193, spain",1
89,"centre for ecological research and forestry applications (creaf), autonomous university of barcelona (uab) cerdanyola del vallès spain",1
90,"centre for ecological research and forestry applications (creaf), 08193, cerdanyola del valles, spain",1
91,"centre for ecological research and forestry applications (creaf), 08193, bellaterra, spain",1
92,centre for ecological research and forestry applications (creaf) cerdanyola del vallès catalonia spain,1
93,centre for ecological research and forestry applications (creaf)  cerdanyola del vallès spain,1
94,centre for ecological research and forestry applications (creaf)  cerdanyola del vallès catalonia spain,1
95,"centre for agro-food economy and development (creda-upc-irta), spain",1
96,"centre de recerca i educació ambiental de calafell (creac), grenp/aj, 43882 calafell, spain",1
97,"centro de investigación en biodiversidad y cambio global (cibc-uam), universidad autónoma de madrid, madrid, spain",1
98,"centro de investigación en biodiversidad y cambio global (cibc – uam), universidad autónoma de madrid, c/ darwin 2, 28049 madrid, spain",1
99,centro de investigación forestal instituto nacional de investigación y tecnología agraria y alimentaria carretera coruña km 7.5 madrid e‐28040 spain,1
100,"csic, e08193 bellaterra (cerdanyola del vallès), catalonia, spain",1
101,"csic, cerdanyola del vallés, spain",1
102,"csic, cerdanyola del vallés  barcelona spain",1
103,"csic, cerdanyola del valles, spain",1
104,"csic, bellaterra, barcelona, 08193 spain",1
105,"csic, 08193 cerdanyola del vallés, spain",1
106,csic consejo superior de investigaciones científicas cerdanyola del vallès spain,1
107,centro de investigaciones sobre desertificación (cide‐csic)  valencia spain,1
108,"centro de investigaciones sobre desertificación (cide-csic), 46113 montcada, valencia, spain",1
109,"centro de investigaciones sobre desertificaci on (csic-uv-gv), carretera moncada-n aquera km 4.5, 46113, moncada (valencia), spain",1
110,"centro de investigaciones sobre desertificación (cide csic-uv-gv), carretera de moncada-náquera km 4.5, moncada, valencia, 46113, spain",1
111,"centro tecnológico forestal de cataluña, universidad de lérida, solsona, spain",1
112,"centro integrado de fp de almázcara, junta de castilla y león, 24398 congosto, spain",1
113,"conservation biology group (gbic), forest science and technology centre of catalonia (ctfc), solsona, spain",1
114,"conservation biology group (gbic), forest science and technology centre of catalonia (ctfc), solsona, spain",1
115,"consell superior d’investigacions científiques (csic), 28006 madrid, spain",1
116,"consejo superior de investigaciones científicas, es-08193 cerdanyola del vallès, spain",1
117,"consejería de sostenibilidad, medio ambiente y economía azul, junta de andalucía, 41013 seville, spain",1
118,"chemical engineering department, universidad de vigo (campus ourense). edificio politécnico. as lagoas, 32004, ourense, spain",1
119,"chemical department, universitat autònoma de barcelona (campus uab). cerdanyola del vallès, 08193, barcelona, spain",1
120,"chemical analysis service, faculty of science, autonomous university of barcelona (uab), 08193 bellaterra (cerdanyola del vallès), barcelona, spain",1
121,"centro de investigacão em biodiversidade e recursos genéticos (inbio/cibio-iceta), universidade do porto, vairão, portugal",1
122,"centro de investigación y tecnología agroalimentaria de aragón (cita), spain",1
123,"centro de investigación y tecnología agroalimentaria de aragón (cita) , forestales y medio ambiente, , avda. montañana 930, e-50059 zaragoza , spain",1
124,"centro de investigación en biodiversidad y cambio global, universidad autónoma de madrid, madrid, spain",1
125,"centro de investigación en biodiversidad y cambio global, universidad autónoma de madrid (cibc-uam), 28049 madrid, spain",1
126,"centro de investigación en biodiversidad y cambio global (cibc‑uam), universidad autónoma de madrid, madrid, spain",1
127,centro de investigación en biodiversidad y cambio global (cibc‐uam) universidad autónoma de madrid  madrid spain,1
128,centro de investigación en biodiversidad y cambio global (cibc‐uam) autonomous university of madrid  madrid spain,1
129,"conservation biology group. landscape dynamics and biodiversity programme, forest science and technology center of catalonia (ctfc), solsona, catalonia, spain",1
130,"conservation biology group. landscape dynamics and biodiversity program, forest science and technology centre of catalonia (ctfc), solsona, catalonia, spain",1
131,"conservation biology group, landspcape dynamics and biodiversity program, forest science and technology centre of catalonia (ctfc), crta. sant llorenç de morunys, km 2, 25280 solsona, spain",1
132,"conservation biology group, landscape dynamics and biodiversity programme, forest science and technology center of catalonia (ctfc), solsona, spain",1
133,"conservation biology group, landscape dynamics and biodiversity programme, forest science and technology center of catalonia (ctfc), solsona, spain",1
134,"conservation biology group, landscape dynamics and biodiversity programme, forest science and technology center of catalonia (ctfc), 25280 solsona, spain;",1
135,"conservation biology group, landscape dynamics and biodiversity programme, forest science and technology center of catalonia (ctfc), 25280 solsona, spain",1
136,"conservation biology group, landscape dynamics and biodiversity program, forest science and technology centre of catalonia (ctfc), km 2, solsona 25280, spain",1
137,"conservation biology group, landscape dynamics and biodiversity program, forest science and technology centre of catalonia (ctfc), 25180 solsona, spain",1
138,"conservation biology group, landscape dynamics and biodiversity program, forest science and technology center of catalonia (ctfc), solsona, spain",1
139,"conservation biology group, landscape dynamics and biodiversity program, conservation biology group (gbic), forest science and technology centre of catalonia (ctfc), solsona, spain",1
140,"conservation biology group, forest science and technology centre of catalonia (ctfc), crta. sant llorenç de morunys, km 2, solsona, spain",1
141,conservation biology group forest science and technology centre of catalonia (ctfc)  solsona spain,1
142,"conservation biology group (gbic), landscape dynamics and biodiversity program, centre de ciència i tecnologia forestal de catalunya (ctfc), solsona, catalonia, spain",1
143,"conservation biology group (gbic), landscape dynamics and biodiversity program, forest science and technology centre of catalonia (ctfc), solsona, catalonia, spain",1
144,"conservation biology group (gbic), landscape dynamics and biodiversity program, forest science and technology centre of catalonia (ctfc), crtra. sant llorenç de morunys, km 2, 25280 solsona, spain.",1
145,"departament de biologia evolutiva, ecologia i ciències ambientals, institut de recerca de la biodiversitat (irbio), universitat de barcelona, avinguda diagonal 643, 08028, barcelona, catalonia, spain",1
146,"departament de biologia animal, biologia vegetal i ecologia, universitat autònoma de barcelona, barcelona, spain.",1
147,"departament de biociències, universitat de vic-universitat central de catalunya, 08500 vic, catalonia, spain",1
148,"departa-mento de ecología y gestión costera, instituto de ciencias marinas de andalucía (icman-csic), cádiz, spain",1
149,"depart. of food and animal sciences, universitat autònoma de barcelona, bellaterra 08193, spain",1
150,"deparment of crop and forest sciences, university of lleida, 25198, lleida, spain",1
151,"dep. crop and forest sciences, university of lleida, av. alcalde rovira roure 191, e25198, lleida, spain",1
152,"dep. crop and forest sciences, university of lleida, av. alcalde rovira roure 191, e25198 lleida, spain",1
153,"dendrolavide-dept. sistemas físicos, químicos y naturales, universidad pablo de olavide, spain",1
154,"de-partment of didactics on experimental sciences, faculty of education, university of murcia, murcia, spain",1
155,"dcefa, university of lleida, lleida 25198, spain",1
156,"current address of author charles b. van rees: flathead lake biological station, 32125 bio station ln, polson, montana.",1
157,"crop and forest sciences department, etsea – universitat de lleida. av. rovira roure 191, 25198 lleida, spain.",1
158,"cooperative research, mediterranean agronomic institute of zaragoza (iamz), 50059 zaragoza, spain",1
159,"conservation research group, biodiversity and global change, universidad de extremadura, badajoz, spain",1
160,"conservation biology group. landscape dynamics and biodiversity. forest science and technology centre of catalonia (ctfc), solsona, spain.",1
161,"departament de control i qualitat de les aigües, agència catalana de l’aigua (aca), 08036 barcelona, catalonia, spain",1
162,"departament de ciències ambientals, university of girona, c. maria aurèlia capmany 69, 17003 girona, catalonia, spain",1
163,"departament de ciències ambientals, facultat de ciències, universitat de girona, girona, catalonia, spain",1
164,"departament de ciències ambientals, facultat de ciències, universitat de girona, 17007 girona, spain",1
165,departament de ciències ambientals university of girona  girona catalonia spain,1
166,"departament de ciència política i de l’administració, universitat autònoma de barcelona (uab), 08193 bellaterra, catalonia, spain",1
167,"departament de ciència animal i dels aliments, grup de recerca en remugants, facultat veterinària, universitat autònoma de barcelona, 08193 bellaterra, spain",1
168,"departament de biologia vegetal, biologia animal i ecologia, universitat autònoma de barcelona (uab), 80193 bellaterra, catalonia, spain",1
169,"departament de biologia evolutiva, ecologia i ciències ambientals. institut de recerca de la biodiversitat (irbio), universitat de barcelona, avinguda diagonal 643, 08028 barcelona, catalonia, spain.",1
170,"departament de biologia evolutiva, ecologia i ciències ambientals, universitat de barcelona, facultat de biologia, avinguda diagonal 643, e-08028 barcelona, spain.",1
171,"departament de biologia evolutiva, ecologia i ciències ambientals, universitat de barcelona, facultat de biologia, avinguda diagonal 643, 08028 barcelona, catalonia, spain",1
172,"departament de biologia evolutiva, ecologia i ciències ambientals, universitat de barcelona (ub), 08028 barcelona, catalonia, spain",1
173,"departament de biologia evolutiva, ecologia i ciències ambientals, institut de recerca de la biodiversitat (irbio), universitat de barcelona, facultat de biologia, avinguda diagonal 643, e-08028 barcelona, spain.",1
174,"departament de biologia evolutiva, ecologia i ciències ambientals, facultat de biologia, universitat de barcelona, barcelona, spain",1
175,"departament de biologia evolutiva, ecologia i ciències ambientals, facultat de biologia, universitat de barcelona, av, diagonal, 643, 08028 barcelona, spain",1
176,"departament de biologia evolutiva, ecologia i ciències ambientals, facultat de biologia, universitat de barcelona (ub), avinguda diagonal 643, 08028 barcelona, spain",1
177,"departamento de biodiversidad, ecología y evolución, facultad de ciencias biológicas universidad complutense de madrid  madrid spain",1
178,"departamento de biodiversidad y restauración, instituto pirenaico de ecología (ipe)–csic, zaragoza, spain",1
179,"departamento de biodiversidad y biología evolutiva, museo nacional de ciencias naturales (mncn-csic), madrid, spain",1
180,"departamento de biodiversidad y biología evolutiva, museo nacional de ciencias naturales (mncn)-csic, madrid, spain",1
181,"departamento de biodiversi-dad, ecología y evolución, universidad complutense de madrid, madrid, spain",1
182,"departamento química orgánica y química inorgánica, universidad de alcalá, alcalá de henares, (pza. san diego, s/n\r\n28801 - alcalá de henares (madrid) - spain)",1
183,"departament of crop and forest sciences, university of lleida, av. alcalde rovira roure 191, lleida e-25198, spain",1
184,"departament of crop and forest sciences, university of lleida , av. alcalde rovira roure 191, lleida e-25198 , spain",1
185,"departament of biochemistry and molecular biology, university of murcia, murcia, spain",1
186,"departament of agricultural and forest sciences and engineering, av. alcalde rovira roure 191, lleida 25198, spain",1
187,"departament de producció vegetal i ciència forestal, universitat de lleida, av. rovira roure, 191, e-25198, lleida, spain",1
188,"departament de prehistòria, universitat autònoma de barcelona, bellaterra 08193, spain",1
189,"departament de prehistòria, arqueologia i historia antiga, universitat de valència, valncia 46010, spain",1
190,"departament de geografia, universitat de barcelona (ub), 08001 barcelona, catalonia, spain",1
191,"departament de geografia, universitat autònoma de barcelona (uab), 08193 bellaterra, catalonia, spain",1
192,"departament de genètica i microbiologia, universitat autònoma de barcelona, 08193, bellaterra, catalonia, spain",1
193,"departamento de biología de organismos y sistemas, universidad de oviedo, oviedo, asturias, spain",1
194,"departamento de biología de organismos y sistemas, universidad de oviedo, asturias, spain",1
195,"departamento de biología vegetal, spanish national research council (estación experimental de aula dei - consejo superior de investigaciones científicas, eead-csic), zaragoza 50059, spain",1
196,"departamento de biología vegetal y ecología, universidad de sevilla, sevilla 41004, spain",1
197,"departamento de biología vegetal y ecología, universidad de sevilla, apdo.1905, sevilla 41080, spain",1
198,"departamento de biología vegetal y ecología, universidad de sevilla, 41012, sevilla, spain",1
199,"departamento de biología vegetal y ecología, facultad de ciencia y tecnología, universidad del país vasco upv/ehu, bilbao, spain",1
200,"departamento de biología vegetal y ecología, facultad de biología, 41012, universidad de sevilla, sevilla, spain",1
201,"departamento de biología vegetal (botánica), facultad de biología, universidad de murcia, ceir campus mare nostrum (cmn), campus de espinardo, 30100 murcia, spain",1
202,"departamento de biología animal, biología vegetal y ecología. universidad de jaén, e-23071 spain.",1
203,"departamento de biología animal, biología vegetal y ecología, universidad de jaén, spain",1
204,"departamento de biología animal, biología vegetal y ecología, universidad de jaén, e-23071 spain.",1
205,"departamento de biología ambiental, universidad de navarra, pamplona, spain",1
206,"departamento de biología ambiental, facultad de ciencias, universidad de navarra, calle irunlarrea 1, pamplona 31008, spain",1
207,"departamento de biología (botánica), facultad de ciencias, universidad autónoma de madrid, madrid, spain",1
208,"departamento de biodiversidad, ecología y evolución, universidad complutense de madrid, madrid, spain",1
209,"departamento de ecología de humedales, estación biológica de doñana (ebd)-csic, sevilla, spain",1
210,"departamento de didáctica de las ciencias experimentales, facultad de educación, universidad de murcia, murcia, spain",1
211,"departamento de conservación de suelos y agua, centro de edafología y biología aplicada del segura - consejo superior de investigaciones científicas (cebas-csic), murcia, spain",1
212,"departamento de ciencias, institute for multidisciplinary research in applied biology imab, universidad pública de navarra, pamplona, navarra, spain",1
213,"departamento de ciencias de la vida, universidad de alcalá, alcalá de henares, spain.",1
214,"departamento de ciencias de la vida, universidad de alcalá, alcalá de henares, spain",1
215,"departamento de ciencias integradas, universidad de huelva, huelva, spain",1
216,"departamento de ciencias agroforestales, eifab-iufor, universidad de valladolid, campus duques de soria, 42004 soria, spain",1
217,"departamento de ciencias agrarias y del medio natural, university of zaragoza, spain",1
218,"departamento de botánica, facultad de ciencias universidad de granada  granada spain",1
219,"departamento de biología, área de botánica universidad autónoma de madrid  madrid spain",1
220,"departamento de biología y geología, universidad rey juan carlos, c/ tulipán s/n, e-28933 móstoles, spain",1
221,"departamento de biología y geología, física y química inorgánica universidad rey juan carlos  madrid spain",1
222,"departamento de biología de la conservación, estación biológica de doñana (ebd-csic), sevilla, spain",1
223,"departamento de biología de la conservación, estación biológica de doñana (ebd)–csic, sevilla, spain",1
224,"departamento de biología de la conservación, estación biológica de doñana (ebd)-csic, sevilla, spain",1
225,"departamento de ecología, universidad autónoma de madrid, madrid, spain",1
226,"departamento de ecología y gestión costera, instituto de ciencias marinas de andalucía (icman)–csic, cádiz, spain",1
227,"departamento de ecología e hidrología, facul-tad de biología, universidad de murcia, murcia, spain",1
228,csic cerdanyola del vallés spain,1
229,csic 08193 cerdanyola del vallés spain,1
230,"csic - consejo superior de investigaciones cientificas [españa] = spanish national research council [spain] (serrano 117, 28006, madrid - spain)",1
231,csic  bellaterra barcelona 08193 spain,1
232,"creda-upc-irta. center for agro-food economy and development, parc mediterrani de la tecnologia, edifici esab. c/ esteve terrades, 8, e-08860 castelldefels, barcelona, spain",1
233,"creaf, cerdanyola del valles, catalonia 08193, spain",1
234,"creaf, edifici c. autonomous university of barcelona, 08193 bellaterra, barcelona, spain",1
235,"creaf, e08193, bellaterra (cerdanyola de vallès), catalonia, spain",1
236,"creaf, e08193 bellaterra (cerdanyola del vall`es), catalonia, spain",1
237,"creaf, cerdanyola del vallés, spain",1
238,"creaf, cerdanyola del vallés, 08193 catalonia, spain",1
239,"creaf, cerdanyola del vallés 08193, spain",1
240,"departamento de ecología de humedales, estación biológica de doñana (ebd-csic), sevilla, spain",1
241,"departamento de zooloxía, xenética e antropoloxía física, universidade de santiago de compostela, 15782 santiago de compostela, spain.",1
242,"departamento de zooloxía, xenética e antropoloxía física, universidade de santiago de compostela, 15782 santiago de compostela, spain",1
243,"departamento de zooloxía, xenética e antropoloxía física, facultade de bioloxía, universidade de santiago de compostela, a coruña, spain",1
244,"departamento de zooloxía, xenética e antropoloxía física, facultade de bioloxía, universidade de santiago de com-postela, a coruña, spain",1
245,"departamento de zooloxía, xenética e antropoloxía física universidade de santiago de compostela  santiago de compostela spain",1
246,"departamento de zooloxía, xenética e antropoloxía física universidade de santiago de compostela  santiago de compostela españa",1
247,departamento de zooloxía xenética e antropoloxía física universidade de santiago de compostela  santiago de compostela spain,1
248,"departamento de sistemas y recursos naturales, escuela técnica superior de ingeniería de montes, forestal y del medio natural, universidad politécnica de madrid, ciudad universitaria s/n, 28040 madrid, spain",1
249,"departamento de sistemas físicos, químicos y naturales, universidad pablo de olavide, sevilla, spain",1
250,"departamento de sistemas físicos, químicos y naturales, universidad pablo de olavide, sevilla 41013, spain",1
251,"departamento de sistemas agrícolas , forestales y medio ambiente, , avda. montañana 930, e-50059 zaragoza , spain",1
252,"departamento de producción vegetal, universidad de valladolid, palencia, spain",1
253,"departamento de ingeniería hidr´aulica y medio ambiente, universitat polit´ecnica de valencia, camino de vera s/n, e-46022 valencia, spain (spain)",1
254,"departamento de ingeniería agroforestal, universidad de santiago de compostela, lugo, spain",1
255,departamento de ingeniería agroforestal (eagrof) universidad de lleida  lleida spain,1
256,"departamento de ecosistemas agroforestales, escuela técnica superior de ingeniería agronómica y del medio natural (etsiamn), universitat politècnica de valència (upv), 46022, valencia, spain",1
257,"department of agricultural and forest engineering, university of lleida, alcalde rovira roure 191, 25198 lleida, catalonia, spain",1
258,"department of agricultural and forest engineering, university of lleida, 25198 lleida, spain",1
259,"department of agricultural and forest engineering, universitat de lleida, e25198 lleida, spain",1
260,department of agricultural and forest engineering university of lleida  lleida spain,1
261,"department of agricultural and forest engineering & joint research unit ctfc-agrotecnio-cerca, universitat de lleida, 25198 lleida, spain.",1
262,"department of agricultural and food sciences, university of bologna, bologna, italy",1
263,"department of agricultural sciences and natural environment. university of zaragoza. miguel servet 177, 50013, zaragoza, spain.",1
264,"department of agricultural & forest engineering, university of lleida, spain",1
265,"department of agricultural & forest engineering, universitat de lleida, 25003 lleida, spain",1
266,"department de biologia, sanitat i medi ambient, facultat de farmàcia i ciències de l'alimentació universitat de barcelona barcelona catalonia spain",1
267,"department de biologia, sanitat i medi ambient, facultat de farmàcia i ciències de l'alimentació universitat de barcelona  barcelona catalonia spain",1
268,"department evolutive biology, ecology and environmental science, faculty of biology, university of barcelona, diagonal 643, 08028 barcelona, spain",1
269,"department crop and forest sciences, university of lleida, av. alcalde rovira roure 191, e25198 lleida, spain",1
270,"departamento de zooloxía, xenética e antropoloxía física, universidade de santiago de compostela, santiago de compostela, spain",1
271,"departamento de zooloxía, xenética e antropoloxía física, universidade de santiago de compostela, 15782, santiago de compostela, spain",1
272,"departamento de zooloxía, xenética e antropoloxía física, universidade de santiago de compostela, 15782 santiago, spain",1
273,"department of agricultural and forest sciences and engineering, university of lleida , av. alcalde rovira roure 191, lleida, catalonia e-25198 , spain",1
274,"department of agricultural and forest sciences and engineering, universitat de lleida, spain",1
275,"department of agricultural and forest sciences and engineering, universitat de lleida, lleida, catalonia, spain",1
276,"department of agricultural and forest sciences and engineering, universitat de lleida and joint research unit forest science and technology centre of catalonia - centre of research in agrotechnology (ctfc-agrotecnio), lleida 25198, spain",1
277,"department of agricultural and forest sciences and engineering – jru ctfc-agrotecnio, university of lleida, spain",1
278,department of agricultural and forest sciences and engineering university of lleida  lleida spain,1
279,"department of agricultural and forest sciences and engineering (dcefa), university of lleida, av. alcalde rovira roure 191, e25198 lleida, spain",1
280,"department of agricultural and forest sciences and engineering (dcefa), universitat de lleida, alcalde rovira roure 191, 25198, lleida, catalonia, spain",1
281,"department of agricultural and forest science and engineering, university of lleida, av. alcalde rovira roure 191, lleida, spain",1
282,"department of agricultural and forest science and engineering, university of lleida, av. alcalde rovira roure 191, lleida, 25198, spain",1
283,"department of agricultural and forest science and engineering, university of lleida, av. alcalde rovira roure 191, lleida 25198, spain",1
284,"department of agricultural and forest science and engineering (dcefa), university of lleida, lleida, spain",1
285,"department of agricultural and forest engineering-jru ctfc-agrotecnio, universitat de lleida, 25003 lleida, spain",1
286,"department of agricultural and forest engineering, university of\nlleida, lleida, spain",1
287,"department of agricultural and forest engineering, university of lleida, avenida da rovira roure 191, 25198 lleida, spain",1
288,"department of agricultural and forest engineering, university of lleida, avenida alcalde rovira roure 191, 25198 lleida, spain",1
289,"creaf, cerdanyola del vallés  barcelona spain",1
290,"creaf, cerdanyola del vallès, 08193, barcelona, spain",1
291,"creaf, cerdanyola del vallès 08193, spain",1
292,"creaf, campus de bellaterra (uab), edifici c, 08193 cerdanyola del vallès, spain",1
293,"creaf, bellaterra (cerdanyola del vallès), catalonia, spain",1
294,"creaf, bellaterra (cerdanyola del vallès), catalonia e08193, spain",1
295,"creaf, bellaterra (cerdanyola del vallès) catalonia e08193 spain",1
296,"creaf, bellaterra (cerdanyola del vallès)  catalonia spain",1
297,"creaf, bellaterra (cerdanyola del vallès)  catalonia e08193 spain",1
298,"creaf, barcelona, spain",1
299,"creaf, 08193, bellaterra (cerdanyola del vallès), catalonia, spain",1
300,"creaf, 08193 cerdanyola del vallés, spain",1
301,"department of agricultural and forest sciences and engineering, university of lleida, 25198 lleida, spain; joint research unit ctfc-agrotecnio-cerca, 25198 lleida, spain. electronic address: jonas.oliva@udl.cat.",1
302,"department of agricultural and forest sciences and engineering, university of lleida, 25198 lleida, spain; joint research unit ctfc-agrotecnio-cerca, 25198 lleida, spain.",1
303,"department of agricultural and forest sciences and engineering, university of lleida, 25003 lleida, spain",1
304,"department of agricultural and forest sciences and engineering, university of lleida , lleida , spain",1
305,"department of agriculture and forest sciences and engineering, university of lleida, av. rovira roure 191, lleida, 25198, spain",1
306,"department of agriculture and forest sciences and engineering, universitat de lleida, av. rovira roure 191, lleida 25198, spain",1
307,"department of agriculture and forest sciences and engineering (dcefa), universitat de lleida, av. alcalde rovira roure 191, e25198 lleida, spain",1
308,"department of agriculture and forest engineering, university of lleida, alcalde rovira roure 191, 25198, lleida, spain.",1
309,department of agriculture and forest engineering university of lleida lleida spain,1
310,department of agriculture and forest engineering university of lleida  lleida spain,1
311,"department of agriculture and forest engineering (eagrof), university of lleida, lleida 25198, spain.",1
312,"department of agriculture and forest engineering (eagrof), university of lleida, lleida 25198, spain",1
313,"department of agriculture and forest engineering (eagrof), university of lleida, av. alcalde rovira roure 191, 25198, lleida, spain",1
314,"department of agriculture and forest engineering (eagrof), university of lleida, av. alcalde rovira roure 191, 25198 lleida, spain",1
315,"department of agricultural and forest engineering, university of lleida, lleida, spain",1
316,"department of agricultural and forest systems and the environment, agrifood research and technology centre of aragon (cita), avda. montañana 930 , 50059 zaragoza , spain",1
317,"department of agricultural and forest sciences and engineering, university of lleida, spain",1
318,"department of agricultural and forest sciences and engineering, university of lleida, av. rovira roure, 191, 25198 lleida, spain",1
319,"department of agricultural and forest sciences and engineering, university of lleida, av. alcalde rovira roure 191, 5198 lleida, spain",1
320,"department of agricultural and forest sciences and engineering, university of lleida, av. alcalde rovira roure 191, 25198 lleida, spain",1
321,"department of animal and food science, school of veterinary science, universitat autònoma de barcelona, cerdanyola del vallès, 08193 barcelona, spain",1
322,"department of animal science—wildlife section, university of lleida, av. alcalde rovira roure 191, 25198 lleida, spain",1
323,"department of animal science, wildlife section, university of lleida, lleida, spain",1
324,"department of animal science, university of lleida, lleida, spain",1
325,"department of animal science, university of lleida, av. alcalde rovira roure 191, 25198 lleida, catalonia (spain).",1
326,"department of animal science, university of lleida, 25198, lleida, catalonia, spain",1
327,"department of animal health and anatomy, veterinary faculty, universitat autònoma de barcelona (uab), 08193 bellaterra, catalonia, spain",1
328,"department of animal ecology, netherlands institute of ecology (nioo-knaw), droevendaalsesteeg 10, 6700 ab, wageningen, the netherlands",1
329,"department of animal biology, plant biology and ecology, autonomous university of barcelona (uab), c building, uab campus 08193, bellaterra, barcelona, spain",1
330,"department of analytical and applied chemistry, school of engineering, institut químic de sarrià-ramon llull university, via augusta 390, 08017 barcelona, spain",1
331,"department of agronomy, university of cordoba, campus de rabanales, c.p. 14014 córdoba, spain",1
332,"department of agroforestry sciences, iufor university of valladolid, etsiaa palencia, av. madrid, 57, 34071 palencia, spain",1
333,"department of agroforestry sciences, university of valladolid, av. de madrid 57, palencia 34004, spain",1
334,"department of agriculture and forestry science and engineering (dcefa), school of agrifood and forestry science and engineering (etsea), university of lleida, av. alcalde rovira roure, 191, 25198 lleida, spain",1
335,"department of agriculture and forestry engineering, university of lleida, lleida, spain",1
336,"department of agriculture and forest sciences, universitat de lleida, av. rovira roure 191, 25198, lleida, spain",1
337,"department of conservation biology estación biológica de doñana, csic  seville spain",1
338,"department of computer science, applied mathematics and statistics, universitat de girona, carrer universitat de girona, 6, 17003 girona, spain",1
339,"department of chemistry, physics and environmental and soil sciences, university of lleida, lleida, spain",1
340,"department of chemistry, physics and environmental and soil sciences, university of lleida, 25198 lleida, spain",1
341,"department of botany, ecology and plant physiology, university of la laguna (ull). 38202 tenerife, spain",1
342,"department of biology, muğla sıtkı koçman university, muğla.\n\ndepartment of crop and forest sciences, university of lleida, lleida e-251 98, spain",1
343,"department of biology, geology, physics and inorganic chemistry, school of experimental sciences and technology rey juan carlos university  e28933 móstoles, madrid spain",1
344,"department of biology, geology, physics and inorganic chemistry, rey juan carlos university, 28933, móstoles, madrid, spain",1
345,"department of biology and geology, physics and inorganic chemistry, rey juan carlos university, c/ tulipán s/n, 28933 móstoles, spain",1
346,"department of biological, geological and environmental sciences, university of bologna, bologna, italy; fluvial dynamics research group rius, university of lleida, lleida 25198, catalonia, spain",1
347,"department of biological, geological and environmental sciences (bigea), university of bologna, bologna, italy",1
348,"department of biological evolution, ecology and environmental sciences, faculty of biology, universitat de barcelona, barcelona, spain",1
349,department of biodiversity and environmental management university of león león spain,1
350,"department of basic medical sciences, school of medicine, universidad san pablo-ceu, ceu universities, urbanización montepríncipe, boadilla del monte, spain",1
351,"department of basic medical sciences, school of medicine, universidad san pablo-ceu, ceu universities, madrid, spain",1
352,"department of applied biology, centro de investigación e in-novación agroalimentaria (ciagro-umh), miguel hernández university of elche, elche, spain",1
353,"department of crop and forest sciences, etsea – university of lleida, av. alcalde rovira roure 191, 25198, lleida, spain",1
354,department of crop and forest sciences university of lleida rovira roure 191e25198 lleidaspain,1
355,department of crop and forest sciences university of lleida rovira roure 191 e25198 lleida spain,1
356,department of crop and forest sciences university of lleida av. alcalde rovira roure 191 lleida e‐25198 spain,1
357,department of crop and forest sciences university of lleida av. alcalde rovira roure 191 e25198 lleida spain,1
358,department of crop and forest sciences university of lleida  av. alcalde rovira roure 191 e25198 lleida spain,1
359,department of crop and forest sciences universitat de lleida lleida spain,1
360,department of crop and forest sciences universitat de lleida  lleida spain,1
361,"department of crop and forest science, university of lleida, lleida, catalonia, spain",1
362,"department of crop and forest science, university of lleida, av. de l’alcalde rovira roure 191, 25198 lleida, spain",1
363,"department of crop and forest science, university of lleida, alcalde rovira roure 191, 25198 lleida, spain",1
364,"department of crop and forest science, university of lleida, 25003 lleida, spain",1
365,department of crop and forest science university of lleida lleida spain,1
366,"department of crop production and engineering projects, high polytechnic school, university of santiago de compostela, 15782 lugo, spain",1
367,"department of conservation biology, estación biológica de doñana (ebd-csic), 41092 sevilla, spain",1
368,"department of conservation biology and global change estación biológica de doñana, csic  sevilla spain",1
369,creaf cerdanyola del vallès spain,1
370,creaf centre de recerca ecològica i aplicacions forestals cerdanyola del vallès spain,1
371,creaf bellaterra (cerdanyola del vallès) catalonia e08193 spain,1
372,"creaf (center for ecological research and forestry applications), 08193 cerdanyola del vallès, spain",1
373,creaf  e08193 bellaterra (cerdanyola del vallès) catalonia spain,1
374,"cita - centro de investigación y tecnología agroalimentaria de aragón (avda. montañana, 930 / 50059 / zaragoza (españa) - spain)",1
375,"cicge—centro de investigação em ciências geo‐espaciais, observatório astronómico prof. manuel de barros university of porto  portugal",1
376,"cicge – centro de investigação em ciências geo-espaciais, observatório astronómico prof. manuel de barros, university of porto, vila nova de gaia 4430-146, portugal",1
377,"cibio‐inbio—centro de investigação em biodiversidade e recursos genéticos laboratório associado, universidade do porto  campus de vairão vila do conde 4485‐661 portugal",1
378,"cibio/inbio, centro de investigação em biodiversidade e recursos genéticos, universidade do porto, vairão, portugal",1
379,"cibio-inbio—centro de investigação em biodiversidade e recursos genéticos, laboratório associado, universidade do porto, campus de vairão, vila do conde, 4485-661, portugal",1
380,"cibio-inbio—centro de investigação em biodiversidade e recursos genéticos, laboratório associado, universidade do porto, campus de vairão, 4485-661 vila do conde, portugal",1
381,"department of crop and forest sciences, universitat de lleida, avda alcalde rovira roure 191, 25198 lleida, spain",1
382,"department of crop and forest sciences, universitat de lleida, av rovira roure 191, 25198 lleida, spain",1
383,"department of crop and forest sciences, universitat de lleida (udl) , av. alcalde rovira roure 191, 25198 lleida , spain",1
384,"department of crop and forest sciences, school of agrifood and forestry engineering and veterinary, university of lleida, av. alcalde rovira roure 191, 25198 lleida, spain",1
385,"department of crop and forestry sciences, universitat de lleida, avda. alcalde rovira roure 191, 25198 lleida, spain",1
386,"department of crop and forest sciences, university of lleida-agrotecnio-cerca, avgda. rovira roure, 177, 25198 lleida, spain",1
387,"department of crop and forest sciences, university of lleida, lleida e-251 98.\n\njoint research unit ctfc -– agrotecnio – cerca center, av. alcalde rovira roure 191, 25198 lleida.",1
388,"department of crop and forest sciences, university of lleida, av. rovira roure, 191, e-25198 lleida, spain",1
389,"department of crop and forest sciences, university of lleida, av. rovira roure, 191, 25198 lleida, spain / joint research unit ctfc-agrotecnio-cerca, avda. rovira roure, 191, 25198 lleida, spain",1
390,"department of crop and forest sciences, university of lleida, av. rovira roure, 191, 25198 lleida, spain",1
391,"department of crop and forest sciences, university of lleida, av. rovira roure 191, e-25198 lleida, spain",1
392,"department of crop and forest sciences, university of lleida, av. alcalde rovira roure 191, lleida e-25198, spain",1
393,"department of crop and forest sciences, university of lleida, av. alcalde rovira roure 191, 25198, lleida, spain",1
394,"department of crop and forest sciences, university of lleida, alcalde rovira roure 191, lleida, 25198 spain",1
395,"department of crop and forest sciences, university of lleida, alcalde rovira roure 191, 25198 lleida, spain",1
396,"department of crop and forest sciences, university of lleida, 25198, lleida, spain",1
397,"department of crop and forest sciences, university of lleida, 25003 lleida, spain",1
398,"department of crop and forest sciences, university of lleida 25198 lleida, spain",1
399,"department of crop and forest sciences, university de lleida, lleida, spain",1
400,"department of crop and forest sciences, university de lleida , lleida , spain",1
401,"department of forest and crop science and engineering, university of lleida, lleida, spain",1
402,"department of forest and agricultural sciences and engineering, university of lleida, lleida, spain",1
403,"department of forest and agricultural science and engineering, university of lleida, lleida, spain",1
404,"department of forest and agricultural science and engineering, university of lleida, lleida, 25198 spain",1
405,department of forest and agricultural science and engineering university of lleida lérida spain,1
406,"department of forest engineering, grupo ersaf, dendrodat lab, campus de rabanales, universidad de córdoba, crta. iv, km. 396, 14071 córdoba, spain",1
407,"department of forest engineering, dendrodatlab – ersaf university of córdoba  córdoba spain",1
408,department of forest engineering university of cordoba  córdoba spain,1
409,department of forest ecology and genetics forest research centre inia carretera a coruña km 7.5 madrid e‐28040 spain,1
410,"department of evolutionary biology, ecology and environmental sciences, universitat de barcelona, barcelona 08028, spain",1
411,"department of evolutionary biology, ecology and environmental sciences, plant physiology section, university of barcelona, barcelona, spain",1
412,"department of environmental sciences, university of castilla-la mancha, campus fábrica de armas, e-45071 toledo, spain",1
413,"department of environmental sciences, university of castilla-la mancha, av. carlos iii, 45071 toledo, spain",1
414,"department of ecology and research center on biodiversity and global change, terrestrial ecology group (teg), autónoma university of madrid, c/darwin 2, 28049, madrid, spain",1
415,"department of ecology and global change. centro de investigaciones sobre desertificación (cide-csic/uv/gv). carretera moncada-náquera km 4, 5 s/n, e-46113, moncada, valencia, spain",1
416,department of ecology university of alicante  alicante spain,1
417,"department of geography, university of zaragoza, zaragoza, spain",1
418,"department of geography, university of zaragoza, pedro cerbuna 12, 50009, zaragoza, aragón, spain",1
419,"department of geography, university of zaragoza, pedro cerbuna 12, 50009 zaragoza, spain",1
420,"department of geography, university of murcia, calle santo cristo, 30001, murcia, spain",1
421,"department of geography, universitat autònoma de barcelona (uab), edifici cn, campus de la uab, 08193 cerdanyola del vallès, barcelona, spain",1
422,"department of geography, autonomous university of madrid, francisco tomás y valiente 1, 28049 madrid, spain",1
423,"department of geography and regional planning, university of zaragoza, c/pedro cerbuna 12, 50009 zaragoza, spain",1
424,"department of geography and land management, university of zaragoza, zaragoza, 50009, spain",1
425,"department of geography and land management, university of zaragoza, pedro cerbuna 12, 5009, zaragoza, spain.",1
426,"department of geography and land management, university of zaragoza, geoforest group, spain",1
427,"department of geography and land management, university of zaragoza, 50001 zaragoza, spain",1
428,department of geography and land management geoforest group university of zaragoza  zaragoza spain,1
429,"department of forestry and agricultural science and engineering, university of lleida, av. de l’alcalde rovira roure 191, 25198 lleida, spain",1
430,"department of forestry and agricultural science and engineering, university of lleida, av. de l'alcalde rovira roure 191 lleida, e-25198, spain",1
431,"department of forestry and agricultural science and engineering, universitat de lleida, lleida, spain",1
432,"department of forestry and agricultural science and engineering, lleida, spain",1
433,"department of plant biology and ecology, university of seville, seville, spain",1
434,"department of plant biology and ecology, university of sevilla, sevilla, spain",1
435,"department of plant biology and ecology, faculty of science and technology, university of the basque country upv/ehu, apdo. 644, 48080 bilbao, spain",1
436,department of plant biology and ecology university of seville  seville spain,1
437,department of plant biology and ecology university of sevilla  sevilla spain,1
438,"department of ornithology, aranzadi sciences society, zorroagagaina 11, 20014 donostia, spain",1
439,"department of organisms and systems biology (bos; ecology unit) university of oviedo, campus de el cristo, c/ catedrático rodrigo uría s/n, 33071 oviedo, spain.",1
440,department of organisms and systems biology (bos: ecology unit) research unit of biodiversity (umib uo‐csic‐pa) university of oviedo oviedo spain,1
441,"department of obstetrics and gynecology, hospital clínico universitario virgen arrixaca, fetal medicine unit murcia, imib arrixaca, región de murcia, spain",1
442,"department of life sciences. university of alcalá. alcalá de henares, madrid, spain",1
443,"department of land, environment, agriculture and forestry (tesaf), university of padova. via dell'università 16, 35020 legnaro, italy",1
444,"department of land, environment, agriculture and forestry (tesaf), university of padova, legnaro, italy",1
445,"department of geology, geography and the environment, university of alcalá, colegios 2, 28801, alcalá de henares, spain",1
446,department of geology university of oviedo c\\jesús arias de velasco oviedo s/n 33005 spain,1
447,"department of geography, university of the balearic islands, palma 07122, balears, spain",1
448,"department of geography, university of the balearic islands, 07122 palma, balears, spain",1
449,"department of zoology and animal cell biology, faculty of pharmacy, university of the basque country (upv/ehu), paseo de la universidad 7, 01006 vitoria-gasteiz, alava, spain",1
450,"department of zoology and animal cell biology, faculty of pharmacy, university of the basque country (upv/ ehu), paseo de la universidad 7, 01006, vitoria-gasteiz, alava, spain",1
451,"department of wetland ecology, estación biológica de doñana, ebd-csic, américo vespucio 26, 41092, sevilla, spain",1
452,department of wetland ecology estación biológica de doñana seville spain,1
453,"department of urbanism and regional planning, universitat politècnica de catalunya (upc), av. diagonal, 649, 08028 barcelona, spain",1
454,"department of statistics and operations research, polytechnic university of catalonia, barcelona, spain",1
455,department of statistics and operations research polytechnic university of catalonia barcelona spain,1
456,"department of silviculture and forest management, icifor-inia (csic), madrid, spain",1
457,"department of quantitative economics, universidade de santiago de compostela, 15782, santiago de compostela, spain",1
458,"department of preventive medicine, hospital general universitario de guadalajara, guadalajara, spain",1
459,"department of plant production and forest resources, university of valladolid, palencia, spain",1
460,"department of plant production and forest resources, higher technical school of agricultural engineering of palencia, university of valladolid, spain",1
461,"department of plant biology and ecology, university of the basque country upv/ehu, bilbao, spain",1
462,"department of plant biology and ecology, university of the basque country (upv/ehu). barrio sarriena sn, 48940 spain",1
463,"department of plant biology and ecology, university of the basque country (upv/ehu), pc. 48940 leioa, bizkaia, spain",1
464,"department of plant biology and ecology, university of the basque country (upv/ehu), leioa, spain",1
465,"ecological and forestry applications research centre (creaf), 08193, cerdanyola del vallès, spain",1
466,"etsia, universidad de valladolid, avda de madrid 44, 34004 palencia, spain",1
467,"eiuned, escuela internacional de doctorado. phd program in sciences, universidad nacional de educación a distancia (uned), madrid 28040, spain",1
468,"eead - estación experimental de aula dei (avenida montañana, 1005, 50059 zaragoza, - spain)",1
469,"eagrof, university of lleida, lleida, spain",1
470,"e usda forest service, pacific southwest region, operations southern california.",1
471,"dirección general de biodiversidad, medio ambiente y cambio climático, consejería de desarrollo rural, ganadería, pesca, alimentación y medio ambiente, gobierno de cantabria, spain",1
472,"dept. crop and forest sciences, university of lleida, av. alcalde rovira roure 191, e25198, lleida, spain",1
473,"dept. crop and forest sciences, university of lleida, 25198 lleida, spain",1
474,"department of zoology, veterinary school, university of extremadura, avda de las ciencias s/n, 10003 cáceres, spain",1
475,"department of zoology, genetics and physical anthropology, cretus, university of santiago de compostela, santiago de compostela, spain",1
476,"department of zoology, faculty of sciences, university of granada, 18071, granada, spain",1
477,"department of zoology and physical anthropology, faculty of biology, university of murcia, ceir campus mare nostrum (cmn), murcia, spain",1
478,"department of zoology and animal cell biology, faculty of pharmacy, university of the basque country (upv/ehu), vitoria-gasteiz, spain",1
479,"department of zoology and animal cell biology, faculty of pharmacy, university of the basque country (upv/ehu), paseo de la universidad 7, vitoria-gasteiz 01006, alava, spain",1
480,"department of zoology and animal cell biology, faculty of pharmacy, university of the basque country (upv/ehu), paseo de la universidad 7, 01006 vitoria-gasteiz, spain",1
481,"eifab-iufor, universidad de valladolid, campus duques de soria, soria 42004, spain",1
482,"eifab-iufor, universidad de valladolid, campus duques de soria, 42004 soria, spain",1
483,"eifab-iufor, campus deques de soria s/n, universidad de valladolid, e-42004 soria, spain",1
484,"edifici c campus de bellaterra, ecological and forestry applications research centre (creaf), cerdanyola del valles, spain",1
485,"ecosystem modelling facility, centre de recerca ecològica i aplicacions forestals (creaf), bellaterra, catalonia, es, spain",1
486,"economics and business department, universitat oberta de catalunya, avinguda tibidabo, 39–43, 08035 barcelona, spain",1
487,"ecología, conservación de macrófitos acuáticos y cambio global, real jardín botánico (rjb-csic), madrid, spain",1
488,"ecology unit, department animal biology, plant biology and ecology, autonomous university barcelona, building c, uab campus, 08193 cerdanyola del vallès, spain",1
489,ecology unit) and research unit of biodiversity (umib,1
490,"ecology department/imem \ramón margalef\, universidad de alicante, alicante, spain",1
491,"ecology department, universidad de alicante, alicante, spain",1
492,"ecology department, alicante university, alicante, spain;",1
493,"ecology department, alicante university, 03690 alicante, spain",1
494,"ecology department, alicante university, 03080 alicante, spain",1
495,ecology department universidad de alicante  alicante spain,1
496,"ecological and forestry applications research centre (creaf), edifici c campus de bellaterra, 08193, cerdanyola del valles, spain",1
497,escola superior agrária instituto politécnico de viana do castelo  ponte de lima 4990‐706 portugal,1
498,"equip de biologia de la conservació, departament de biologia evolutiva, ecologia i ciències ambientals &amp; institut de la recerca de la biodiversitat (irbio) universitat de barcelona  barcelona catalonia spain",1
499,"equip de biologia de la conservació, departament de biologia evolutiva, ecologia i ciències ambientals & institut de la recerca de la biodiversitat (irbio), universitat de barcelona, av. diagonal 643, barcelona, catalonia 08028, spain",1
500,"equip de biologia de la conservació, departament de biologia evolutiva, ecologia i ciències ambientals & institut de la recerca de la biodiversitat (irbio), universitat de barcelona, av. diagonal 643, 08028 barcelona, catalonia, spain",1
501,"environmental sciences institute (iuca), university of zaragoza, 50009 zaragoza, spain",1
502,"environmental science and technology institute (icta), universitat autònoma de barcelona, spain",1
503,"environmental science and technology institute (icta), universitat autònoma de barcelona, barcelona, spain",1
504,"environmental remote sensing and spectroscopy laboratory (speclab), iegd, spanish national research council (csic), madrid, spain",1
505,"environmental remote sensing research group, department of geology, geography and the environment, universidad de alcalá, calle colegios 2, alcalá de henares, 28801, spain.",1
506,"environmental remote sensing research group, department of geology, geography and the environment, colegios 2, university of alcalá, 28801 alcalá de henares, spain",1
507,"environment and human health laboratory (eh2 lab), forest science and technology center of catalonia, solsona, spain",1
508,"environment and human health laboratory (eh2 lab), forest science and technology center of catalonia, 25280, solsona, spain",1
509,"environment and human health laboratory (eh2 lab), ctra. de st. llorenç de morunys, km 2, 25280 solsona, spain",1
510,"environment and human health laboratory (eh 2 lab), forest science and technology center of catalonia, ctra. de st. llorenç de morunys, km 2, 25280 solsona, spain",1
511,"environment and human health lab (eh2 lab), universitat autònoma de barcelona, barcelona, spain",1
512,"environment and human health lab (eh2 lab), forest science and technology center of catalonia, spain",1
513,"bioecoturn, calle españa 22, huétor vega, e-18198 granada, spain",1
514,"bioeconomy and governance programme, forest science and technology centre of catalonia (ctfc), solsona, spain",1
515,"european mycological institute egtc-emi, e-42003, soria, spain",1
516,"european forest institute- mediterranean facility, st. antoni maria claret 167, 08025 barcelona, spain",1
517,"european forest institute, mediterranean facility (efimed), st. antoni maria claret, 167, 08025 barcelona, spain; forest science and technology center of catalonia (ctfc), 25280 solsona, spain",1
518,"european forest institute, mediterranean facility (efimed), st. antoni maria claret, 167, 08025 barcelona, spain",1
519,"european bird census council (ebcc) & inforest jru (ctfc-creaf), solsona 25280, spain",1
520,"estudi ramon folch i associats, sl, 08015 barcelona, catalonia, spain",1
521,"estación experimental de zonas áridas (eeza-csic), carretera de sacramento s/n 04120 la cañada de san urbano, almería, spain",1
522,"estación biológica de doñana, consejo superior de investigaciones científicas (ebd-csic), 41092 sevilla, spain.",1
523,"estación biológica de doñana, csic, sevilla, spain",1
524,"estación biológica de doñana (ebd-csic), sevilla, spain",1
525,estación biológica de doñana (ebd) csic  sevilla spain,1
526,"estaci´on experimental de aula dei (eead-csic), zaragoza, spain (spain)",1
527,"escuela técnica superior de ingenierías agrarias de palencia (etsiia), universidad de valladolid (uva), palencia, spain",1
528,escola superior agrária instituto politécnico de viana do castelo  ponte de lima portugal,1
529,"facultade de ciencias, universidade da coruña, 15071 a coruña, spain",1
530,"forestream research group, dept evolutionary biology, ecology and environmental science, university of barcelona, diagonal 643, 08028 barcelona, spain",1
531,"f forest fire laboratory, department of forest engineering, university of córdoba, campus de rabanales, 14071, córdoba, spain.",1
532,"cibio-inbio, research center in biodiversity and genetic resources, university of porto. rua padre armando quintas nº 7, campus agrário de vairão, 4485-641, vila do conde, portugal",1
533,"cibio, centro de investigação em biodiversidade e recursos genéticos, inbio laboratório associado, campus de vairão, universidade do porto, vairão, 4485-661, portugal",1
534,"cibio, centro de investigação em biodiversidade e recursos genéticos, inbio laboratório associado, campus de vairão, universidade do porto, 4485-661, vairão, portugal",1
535,"cibio, centro de investigação em biodiversidade e recursos genéticos, inbio laboratório associado, campus de vairão, universidade do porto, 4485-661 vairão, portugal.",1
536,"cibio, centro de investigação em biodiversidade e recursos genéticos, inbio laboratório associado, campus de vairão universidade do porto  vairão portugal",1
537,"cibio, biopolis program in genomics, biodiversity and land planning, universidade do porto, vairão, portugal",1
538,ciber epidemiologia y salud pública  madrid spain,1
539,"cetemas, pumarabule s/n, carbayín, 33936 asturias, spain",1
540,"ceam foundation, joint research unit university of alicante-ceam, dept ecology, university of alicante, carr. de san vicente del raspeig, po box 99, alicante, 03080 spain",1
541,"ccmar -centro de ciências do mar, universidade do algarve, algarve, portugal",1
542,"cab - centro de astrobiologia [madrid] (28850 torrejón de ardoz, madrid - spain)",1
543,"bombers-graf, fire department, government of catalonia, ctra. universitat autònoma s/n, 08290 cerdanyola del vallès (barcelona), spain",1
544,"biological and environmental sciences, university of stirling, fk9 4la stirling, uk",1
545,"forest fire laboratory (labif). department of forest engineering. university of cordoba, 14071, cordoba, spain",1
546,"forest bioengineering solutions, s.a., carretera st. llorenç de morunys, km.2 solsona, catalonia e-25280, spain",1
547,"forest bioengineering solutions s. a., crta. sant llorenç de morunys km 2, 25280, solsona, spain",1
548,"forest bioengineering solutions s. a., crta. sant llorenç de morunys km 2, 25280 solsona, spain",1
549,fluvial dynamics research group university of lleida lleida spain,1
550,"fluvial dynamics research group rius, university of lleida, lleida, catalonia, spain",1
551,"fluvial dynamics research group rius, university of lleida, lleida 25198, catalonia, spain",1
552,"fluvial dynamics research group (rius), university of lleida (udl), lleida, spain",1
553,"fluvial dynamics research group (rius), universidad de lleida",1
554,"fluvalps-paleorisk research group, department of geography, university of barcelona, spain",1
555,"fire prevention service, government of catalonia, c/ doctor roux, 80, 08017 barcelona, spain",1
556,"finnish museum of natural history, university of helsinki, 00014 helsinki, finland",1
557,"faculty of pharmacy and food science, university of barcelona, avda. joan xxiii 27-31, 08028 barcelona, spain",1
558,"facultat de veterinària, universitat autònoma de barcelona (uab), 08193 bellaterra, catalonia, spain",1
559,"facultat de ciències de la terra, universitat de barcelona (ub), 08028 barcelona, catalonia, spain",1
560,"facultade de ciencias, área de zooloxía, grupo de investigación en biología evolutiva (gibe) universidade da coruña  a coruña spain",1
561,"forest science and technology center of catalonia (ctfc), km 2 road from st. llorenç de morunys to port del comte, 25280, solsona, spain",1
562,"forest science and technology center of catalonia (ctfc), european forest institute, 25280 solsona, spain",1
563,"forest science and technology center of catalonia (ctfc), 25280, solsona, spain",1
564,"forest science centre of catalonia (ctfc), solsona, spain",1
565,"forest science centre of catalonia (ctfc), carretera vella de sant llorenç de morunys km 2, 25280 solsona, lleida, spain",1
566,"forest science centre of catalonia (ctfc), 25280 solsona-lleida, spain",1
567,"forest science centre of catalonia (ctfc), 25280 solsona, spain",1
568,"forest science center of catalonia, solsona, spain",1
569,"forest science center of catalonia, crta. antiga st llorenç de morunys km 2, 25280 solsona, catalonia, spain.",1
570,"forest resources unit, cita &amp; ia2 av. montañana 930 50059 zaragoza spain",1
571,"forest research centre of lourizán, consellería de economía e industria, xunta de galicia, carretera de marín, 36006 pontevedra, spain",1
572,"forest research center, inia-csic, ctra. a coruña km 7.5, 28040 madrid, spain",1
573,"forest research center, inia-csic, ctra. a coruña km 7.5, 28040, madrid, spain",1
574,"forest research center, inia, csic, madrid 28040, spain.",1
575,"forest ownership centre, government of catalonia, santa perpètua de mogoda, 08130 santa perpètua de mogoda, spain",1
576,"forest fire laboratory, department of forest engineering, university of córdoba, campus de rabanales, 14071, córdoba, spain.",1
577,"forest science and technology centre of catalonia (ctfc), crta. sant llorenç de morunys km 2, 25280, solsona, spain",1
578,"forest science and technology centre of catalonia (ctfc), conservation biology group (gbic), 25280 solsona, catalonia, spain",1
579,"forest science and technology centre of catalonia (ctfc), carretera de sant llorenç de morunys, solsona, spain",1
580,"forest science and technology centre of catalonia (ctfc), carretera de sant llorenç de morunys, km 2, 25280, solsona, spain",1
581,"forest science and technology centre of catalonia (ctfc), carretera de sant llorenç de morunys, km 2, 25280 solsona, spain",1
582,"forest science and technology centre of catalonia (ctfc), carretera st. llorenç de morunys km. 2, 25280 solsona, spain",1
583,"forest science and technology centre of catalonia (ctfc), 25280 solsona, spain; department of agricultural and forest sciences and engineering, university of lleida, 25198 lleida, spain.",1
584,"forest science and technology centre of catalonia (ctfc), 25280 solsona, catalonia, spain",1
585,forest science and technology centre of catalonia (ctfc) solsona spain,1
586,"forest science and technology centre of catalonia (ctfc) 1, carretera de sant llorenç de morunys, km 2, 25280 solsona, catalonia (spain).",1
587,forest science and technology centre of catalonia (ctfc)  solsona spain,1
588,forest science and technology centre of catalonia (ctfc)  e25280 solsona spain,1
589,forest science and technology centre of catalonia  solsona spain,1
590,"forest science and technology center of catalonia, crta. de st. llorenç de morunys, km 2, 25280 solsona, spain",1
591,"forest science and technology center of catalonia ctcf, solsona, spain",1
592,"forest science and technology center of catalonia (ctfc). ctra. st. llorenç de morunys km.2. 25280, solsona, spain",1
593,"forest science and technology centre of catalonia (ctfc), ctra. sant llorenç de morunys, km. 2, 25280, solsona, spain",1
594,"forest science and technology centre of catalonia (ctfc), ctra. sant llorenç de morunys, km 2, solsona, 25280, lleida, spain",1
595,"forest science and technology centre of catalonia (ctfc), ctra. sant llorenç de morunys, km 2, 25280, solsona, lleida, spain",1
596,"forest science and technology centre of catalonia (ctfc), ctra de st. llorenç de morunys, km. 2, 25280 solsona, lleida, spain",1
597,"forest science and technology centre of catalonia (ctfc), ctra de st. llorenç de morunys, km 2, 25280 solsona, lleida, spain",1
598,"forest science and technology centre of catalonia (ctfc), ctra de sant llorenç de morunys, km 2, e-25280 solsona, lleida, spain",1
599,"forest science and technology centre of catalonia (ctfc), ctra st. llorenç de morunys, km.2, 25280, solsona, spain",1
600,"forest science and technology centre of catalonia (ctfc), ctra sant llorenç de morunys, km.2, 25280, solsona, lleida, spain",1
601,"forest science and technology centre of catalonia (ctfc), ctra sant llorenç de morunys, km 2, 25280 solsona, spain",1
602,"forest science and technology centre of catalonia (ctfc), crta. dest. llorenç de morunys, km 2, 25280, solsona, spain",1
603,"forest science and technology centre of catalonia (ctfc), crta. de st. llorenç de morunys, km 2, e- 25280 solsona, spain",1
604,"forest science and technology centre of catalonia (ctfc), crta. de st. llorenç de morunys, km 2, 25280, solsona, spain",1
605,"forest science and technology centre of catalonia (ctfc), crta. de st. llorenç de morunys a port del comte, 25280 solsona, spain",1
606,"forest science and technology centre of catalonia (ctfc), crta. sant llorenç de morunys, km 2, solsona, 25280 lleida, spain",1
607,"forest science and technology centre of catalonia (ctfc), crta. sant llorenç de morunys, km 2, 25280, solsona, spain",1
608,"forest science and technology centre of catalonia (ctfc), crta. sant llorenç de morunys km 2, e-25280 solsona, spain",1
609,"forest science and technology centre of catalonia, carretera de sant llorenç, km 2, 25280 solsona, spain",1
610,"forest science and technology centre of catalonia, ctfc, solsona, spain",1
611,"forest science and technology centre of catalonia [solsona, spain]",1
612,"forest science and technology centre of catalonia , solsona , spain",1
613,"forest science and technology centre of catalonia (ctfc). ctra. st. llorenç de morunys km 2, 25280, solsona (lleida), spain.",1
614,"forest science and technology centre of catalonia (ctfc). crta. sant llorenç de morunys, km2, 25280, solsona, lleida, spain",1
615,"forest science and technology centre of catalonia (ctfc), university of lleida, 25280 solsona, spain",1
616,"forest science and technology centre of catalonia (ctfc), st. llorenç de morunys, km. 2, solsona, 25280 lleida, spain",1
617,"forest science and technology centre of catalonia (ctfc), spain",1
618,"forest science and technology centre of catalonia (ctfc), solsona, 25280 spain",1
619,"forest science and technology centre of catalonia (ctfc), multifunctional forest management, solsona, spain",1
620,"forest science and technology centre of catalonia (ctfc), e25280 solsona, spain",1
621,"forest science and technology centre of catalonia (ctfc), ctra. st. llorenç de morunys, km. 2, 25280, solsona, spain",1
622,"forest science and technology centre of catalonia (ctfc), ctra. st. llorenç de morunys km 2, 25280 solsona, spain",1
623,"forest science and technology centre of catalonia (ctfc), ctra. st. llorenç de morunys km 2, 25280 solsona (lleida), spain",1
624,"forest science and technology centre of catalonia (ctfc), ctra. sant llorenç de morunys, km.2, 25280 solsona (lleida), spain",1
625,"forest science and technology centre of catalonia, crta. sant llorenç de morunys, km 2, 25280 solsona, lleida, spain",1
626,"biodiversity and animal conservation laboratory landscape dynamics and biodiversity program, forest science and technology centre of catalonia (ctfc), solsona, spain",1
627,"biodiversity and animal conservation lab. landscape dynamics and biodiversity programme. forest science and technology center of catalonia (ctfc), solsona, catalonia, spain.",1
628,"biodiversity and animal conservation lab, landscape dynamics and biodiversity programme, forest science and technology center of catalonia (ctfc), solsona, catalonia, spain",1
629,biodiversity research institute (university of oviedo—csic—principado de asturias) oviedo university  mieres spain,1
630,"biodiversity research institute (csic, oviedo university, principality of asturias), oviedo university, mieres, spain",1
631,"biodiversity research institute (csic – university of oviedo – principality of asturias), 33600 mieres, spain",1
632,"biodiversity monitoring group, department of biodiversity, ecology and evolution, complutense university of madrid, jose antonio novais, 12, madrid, 28040, spain.",1
633,"biorisc, st catharine's college, cambridge, uk",1
634,"biogeco - biodiversité, gènes & communautés (site de recherche forêt - bois de pierroton - 69, route d'arcachon f-33612 cestas cedex france - france)",1
635,"bibio – natural sciences museum of granollers, avinguda francesc macià 51 baixos, 08402, granollers, catalonia, spain",1
636,"bibio research group, natural sciences museum of granollers, granollers, spain",1
637,"bibio (biodiversity and bioindicators research group), natural sciences museum of granollers, 08402 granollers, catalonia, spain",1
638,"barcelona supercomputing center, barcelona, spain",1
639,"barcelona supercomputing center, 08034 barcelona, spain",1
640,"barcelona laboratory for urban environmental justice and sustainability, barcelona, spain",1
641,"forest sciences centre of catalonia (ctfc), agrotecnio mixed unit, carretera de sant llorenç de morunys, km 2, 25280 solsona, spain",1
642,forest sciences centre of catalonia  solsona spain,1
643,"forest sciences center of catalonia, spain",1
644,"forest sciences center of catalonia, ctfc, solsona, spain",1
645,"forest sciences center of catalonia (ctfc), solsona, spain",1
646,"forest sciences center of catalonia (ctfc), solsona, catalonia, spain",1
647,"forest sciences center of catalonia (ctfc), ctra. de st. llorenç de morunys km 2, 25280 solsona, catalonia, spain.",1
648,"forest sciences center of catalonia (ctfc), ctra. antiga st llorenc km 2, 25280, solsona, spain",1
649,"forest sciences center of catalonia (ctfc), crta. sant llorenç s/n, solsona, spain",1
650,"forest sciences center of catalonia (ctfc), carretera st. llorenç de morunys, km.2 solsona, catalonia e-25280, spain",1
651,forest sciences center of catalonia (ctfc) carretera st. llorenç de morunys  solsona spain,1
652,"forest science and technology centre of catalonia-ctfc, 25280 solsona, spain",1
653,"forest science and technology centre of catalonia, spain",1
654,"forest science and technology centre of catalonia, ctra. st. llorenç de morunys, 25280, solsona, spain",1
655,"forest science and technology centre of catalonia, ctra. sant llorenç de morunys km 2, e25280 solsona, spain",1
656,"forest science and technology centre of catalonia, ctra. sant llorenç de morunys km 2, 25280 solsona, spain",1
657,"games group, dept. hbj, etsea, university of lleida (udl), lleida, spain",1
658,"games group, dept. hbj, etsea, university of lleida (udl), av. alcalde rovira roure, 191, 25198, lleida, spain",1
659,"g forest biometrics and remote sensing laboratory (silva lab), school of forest, fisheries and geomatics sciences, university of florida, po box 110410, gainesville, fl 32611, usa.",1
660,fundación internacional para la restauración de ecosistemas (spain),1
661,"fundació plegadis. sant carles de la ràpita, tarragona, catalonia, spain",1
662,"fundació miquel agustí/escola superior d’agricultura de barcelona, universitat politècnica de catalunya (upc), 08201 sabadell, catalonia, spain",1
663,"fundació hospital clínic veterinari and department of animal medicine and surgery, universitat autònoma de barcelona (uab) campus, 08193 bellaterra, catalonia, spain",1
664,"forests conservation of sétif, directorate general of forests (dgf), cité ain tbinet, sétif 19000, algeria",1
665,"forestal catalana sa, reserva nacional de caça de l'alt pallars, generalitat de catalunya, carrer de la riba, 1, 25595 llavorsí, spain",1
666,"forest sciences and technology centre of catalonia, solsona, spain",1
667,"forest sciences and technology centre of catalonia (ctfc), ctra de st. llorenç de morunys, km 2, 25280 solsona, spain",1
668,"forest sciences and technology centre of catalonia (ctfc), carretera de sant llorenç¸ de morunys km 2, 25280 solsona, spain",1
669,"forest sciences and technology centre of catalonia (ctfc), 25280 solsona, catalonia, spain",1
670,"forest sciences centre of catalonia, solsona, spain",1
671,"forest sciences centre of catalonia, sant llorenç de morunys, 25280 solsona, spain",1
672,"forest sciences centre of catalonia consortium (ctfc), solsona, catalonia, spain",1
673,"geography department, autonomous university of barcelona, barcelona, spain",1
674,"geography department, autonomous university of barcelona (uab), b building, uab campus, 08193, bellaterra (cerdanyola del vallès), barcelona, spain",1
675,"geography department, autonomous university of barcelona (uab), b building, uab campus 08193, bellaterra, barcelona, spain",1
676,"geography department, autonomous university of barcelona (uab), b building, uab campus 08193, bellaterra (cerdanyola del vallès), barcelona, spain",1
677,"generalitat de catalunya, direcció general de polítiques ambientals i medi natural, barcelona, spain",1
678,"greco, institute of aquatic ecology, university of girona, girona, spain",1
679,"greco, institute of aquatic ecology, university of girona, 17003, girona, catalonia, spain",1
680,"greco, institut d'ecologia aquàtica, universitat de girona, girona, spain",1
681,"geot group, iuca, department of geography and territorial planning, university of zaragoza, zaragoza, spain",1
682,"geoforest-iuca, department of geography and land management, c/ pedro cerbuna 12, 50009 zaragoza, spain",1
683,"geoforest research group, university institute for research in environmental sciences of aragon (iuca), zaragoza, spain",1
684,"geoforest research group, university institute for environmental sciences, iuca, india",1
685,"geoforest research group, university institute for environmental sciences (iuca), zaragoza, spain",1
686,"geoforest research group, university institute for environmental sciences (iuca), 50001 zaragoza, spain",1
687,"geoforest group, university institute for research in environmental sciences of aragon (iuca), university of zaragoza, pedro cerbuna 12, 5009, zaragoza, spain.",1
688,"geoforest group, iuca, department of geography and territorial planning, university of zaragoza, zaragoza, spain",1
689,"group games, department of horticulture, botany and landscaping, school of agrifood and forestry science and engineering, university of lleida, avinguda alcalde rovira roure 191, 25198, lleida, spain",1
690,"group games, department hbj, school of agrifood and forestry science and engineering (etsea), university of lleida (udl), 25198 lleida, spain",1
691,"group games and department of horticulture, botany and landscaping, school of agrifood and forestry science and engineering, university of lleida, alcalde rovira roure 191, 25198 lleida, spain",1
692,"group games & dept hbj, etsea, universitat de lleida, 25198 lleida, spain",1
693,"group ecofun, forest sciences centre of catalonia (ctfc), ctra. sant llorenç de morunys, km 2, solsona 25280, spain",1
694,"global ecology unit, csic, bellaterra barcelona, spain.",1
695,"global ecology unit, creaf‐csic‐uab universitat autònoma de barcelona  bellaterra spain",1
696,"global ecology unit, creaf-csic, barcelona, spain.",1
697,"global ecology unit, creaf, cerdanyola del valles barcelona, spain.",1
698,"geoscience barcelona (geo3bcn-csic), 08028 barcelona, spain",1
699,"geography and environment division, loughborough university, loughborough, united kingdom",1
700,"geography department, universitat autònoma de barcelona, catalonia, spain",1
701,"geography department, universitat autònoma de barcelona, barcelona, spain",1
702,"geography department, universitat autònoma de barcelona, b building, uab campus, bellaterra (cerdanyola del vallès), barcelona, spain",1
703,"geography department, universitat autònoma de barcelona, b building, uab campus, bellaterra (cerdanyola del vallès), 08193 barcelona, spain",1
704,"geography department, b building, uab campus, autonomous university of barcelona (uab), bellaterra (cerdanyola del vallès), 08193 barcelona, spain",1
705,"icrea, pg. lluís companys 23, 08010 barcelona, spain",1
706,"icrea, institució catalana de recerca i estudis avançats, barcelona, spain",1
707,"icrea, e08010 barcelona, spain",1
708,"icrea, 08010, barcelona, spain",1
709,icrea pg. lluís companys 23 barcelona 08010 spain,1
710,icrea  pg. lluís companys 23 e08010 barcelona spain,1
711,icrea  barcelona 08010 spain,1
712,"ico, barceona, spain",1
713,hydrological processes area catalan institute for water research girona spain,1
714,"herbario, real jardín botánico (rjb)–csic, madrid, spain",1
715,"grupo de ecología y conservación de aves, museo nacional de ciencias naturales, csic, c/ josé gutiérrez abascal 2, 28006 madrid, spain.",1
716,"grupo sanidad y biotecnología (sabio), instituto de investigación en recursos cinegéticos (irec), uclm-csic-jccm, ciudad real, spain",1
717,"grupo ecología y medio ambiente, isfood institute, universidad pública de navarra, campus arrosadia, pamplona, spain",1
718,"grup de recolzament a actuacions forestals (graf), generalitat de catalunya, carretera de l'autònoma, s/n. 08290 cerdanyola del vallés, spain",1
719,grup de recerca en carnívors de catalunya (felis‐ichn) institució catalana d'història natural barcelona spain,1
720,"grup de biologia de la conservació (gbic), centre de ciència i tecnologia forestal de catalunya (ctfc)  solsona spain",1
721,"inforest jru (ctfc-creaf), crtra. sant llorenç de morunys, km 2, 25280 solsona, spain.",1
722,"icahn school of medicine at mount sinai, department of environmental medicine and public health, new york, ny, usa",1
723,"iberian society of ichthyology, department of environmental biology, university of navarra, c/irunlarrea 1, 31008 pamplona/iruña, spain",1
724,"iberian society of ichthyology, department of environmental biology, university of navarra, c/irunlarrea 1, 31008 pamplona, spain",1
725,"isglobal, barcelona, spain",1
726,"irta, catalan institute of agrifood research and technology, e-08140 caldes de montbui, barcelona, spain",1
727,"irta programa de sanitat animal, centre de recerca en sanitat animal (cresa), campus de la uab, 08193 bellaterra, catalonia, spain",1
728,"irec-uclm), ronda de toledo 12, 13005, ciudad real, spain",1
729,"ipe - csic - instituto pirenaico de ecologìa = pyrenean institute of ecology [zaragoza] (spanish national research council \r\navda. montañana, 1005. zaragoza 50059 - spain)",1
730,"insa‐ub, nutrition and food safety research institute university of barcelona  barcelona catalonia spain",1
731,"inrae, bordeaux sciences agro, umr ispa, villenave d'ornon 33140, france",1
732,inia‐cifor department of ecology and forest genetics ctra. coruña km 7.5 28040 madrid spain,1
733,"inia, forest research centre, ctra. de la coruña km 7,5, e-28040 madrid, spain",1
734,inia - instituto nacional de investigación y tecnología agraria y alimentaria = national institute for agricultural and food research and technology (instituto nacional de investigación y tecnología agraria y alimentaria\r\nmadrid - spain),1
735,indurot university of oviedo  campus de mieres mieres s/n 33600 spain,1
736,"ihcantabria, instituto de hidráulica ambiental universidad de cantabria  santander spain",1
737,"institut de ciència i tecnologia ambientals (icta-uab), universitat autònoma de barcelona, catalonia, spain",1
738,institut d'investigació biomèdica sant pau (iib sant pau)  barcelona spain,1
739,"institut d'estudis catalans (iec), 08001 barcelona, catalonia, spain",1
740,"institut cartogràfic i geològic de catalunya (icgc), 08038 barcelona, catalonia, spain",1
741,"institució catalana d’història natural (ichn), 08001 barcelona, catalonia, spain",1
742,"inforest joint research unit (ctfc-creaf), solsona, 25280 spain",1
743,"inforestjru (creaf-ctfc), solsona, spain",1
744,inforest jru (ctfc‐creaf) solsona 25280 spain,1
745,"inforest jru (ctfc-creaf), solsona, 25280 spain",1
746,"inforest jru (ctfc-creaf), ctra. st. llorenç de morunys km 2, 25280 solsona, spain",1
747,inforest jru (ctfc-creaf) solsona spain,1
748,"inforest joint research unit, (ctfc-creaf), 25280 solsona, spain",1
749,"inforest joint research unit (ctfc-creaf), es-25280 solsona, spain",1
750,inforest jru (ctfc‐creaf) carretera vella de sant llorenç de morunys km. 2 solsona 25280 spain,1
751,inforest jru (ctfc‐creaf)  carretera vella de sant llorenç de morunys km. 2 solsona 25280 spain,1
752,"inforest jru (ctfc-creaf), solsona, 25280, spain",1
753,"institute of bioeconomy of the national research council of italy (cnr-ibe), via madonna del piano 10, 50019 sesto fiorentino, italy",1
754,"institute of aquatic ecology, university of girona, girona, 17003, spain",1
755,"institute of agrifood research and technology (irta). torre marimon, 08140, caldes de montbui, barcelona, spain",1
756,"institute of agrifood research and technology (irta). torre marimon, 08140, caldes de montbui (barcelona), spain.",1
757,"institute of agrifood research and technology (irta), torre marimon, 08140, caldes de montbui, barcelona, spain",1
758,"institute for multidisciplinary research in applied biology imab, public university of navarre, pamplona, navarra, spain",1
759,"institute for game and wildlife research, irec (csic-uclm-jccm), ronda de toledo 12, e-13005 ciudad real, spain.",1
760,"institute for atmospheric and earth system research (inar), university of helsinki, 00014 helsinki, finland",1
761,"institute university of research in sciences environmental (iuca), university of zaragoza, spain",1
762,"institut d’ecologia aquàtica, universitat de girona (udg), 17003 girona, catalonia, spain",1
763,"institut de recerca i tecnologia agroalimentàries (irta) torre marimon, caldes de montbui, 08140 barcelona, spain",1
764,"institut de recerca de la biodiversitat (irbio), universitat de barcelona, facultat de biologia, avinguda diagonal 643, 08028 barcelona, catalonia, spain",1
765,"institut de recerca de la biodiversitat (irbio), universitat de barcelona (ub), avinguda diagonal 643, 08028 barcelona, spain",1
766,"institut de recerca educativa, universitat de girona (udg), 17004 girona, catalonia, spain",1
767,"institut de ciències del mar, csic, 08003 barcelona, catalonia, spain",1
768,"institut de ciències del mar (icm), csic  barcelona spain",1
769,"instituto pirenaico de ecología (ipe-csic), av. montañana 1005, e-50059 zaragoza, spain",1
770,"instituto pirenaico de ecología (ipe), csic, zaragoza, spain",1
771,instituto pirenaico de ecología (ipe) csic  zaragoza spain,1
772,"instituto pirenaico de ecología (csic), apdo. 202, 50192 zaragoza, spain",1
773,"instituto pirenaico de ecologia (ipe-csic, zaragoza, spain",1
774,"instituto pirenaico de ecologia (ipe-csic), zaragoza, spain",1
775,"instituto pirenaico de ecologia (ipe-csic), zaragoza, 50059, spain",1
776,instituto imdea nanociencia [madrid] (c/ faraday 9 ciudad universitaria de cantoblanco 28049 madrid - espagne),1
777,"instituto agroalimentario de aragón – ia2 (cita-universidad de zaragoza) , zaragoza , spain",1
778,"instituto agroalimentario de aragón - ia2 (cita-universidad de zaragoza), zaragoza, spain",1
779,"institute of forest science (icifor-inia, csic), crta. de la coruña, 28040 madrid, spain",1
780,"institute of environmental sciences and technology (cex2019-000940-m), z building, universitat autònoma de barcelona (uab), campus uab, bellaterra, 08193 barcelona, spain",1
781,"institute of environmental science and technology (icta), autonomous university of barcelona (uab), z building, icta-icp, carrer de les columnes, uab campus, 08193, bellaterra (cerdanyola del vallès), barcelona, spain",1
782,"institute of environmental assessment and water research, idaea-csic , barcelona 08034 , spain",1
783,institute of earth sciences “jaume almera” (csic)  barcelona spain,1
784,"institute of biomedical research (iib-sant pau), barcelona, spain",1
785,"instituto de investigación en recursos cinegéticos (irec) (csic-uclm-jccm), ronda de toledo 12, 13005 ciudad real, spain",1
786,instituto de investigación en recursos cinegéticos (csic‐uclm‐jccm) ciudad real spain,1
787,"instituto de investigación en recursos cinegéticos (csic-uclm-jccm), ciudad real, spain",1
788,"instituto de investigacion en recursos cinegéticos (irec) csic-uclm-jccm, ronda de toledo 12, 13005 ciudad real, spain",1
789,"instituto de economía, geografía y demografía (iegd), centro de ciencias humanas y sociales (cchs), consejo superior de investigaciones científicas (csic), albasanz 26-28, 28037 madrid, spain",1
790,"instituto universitario de investigación en gestión forestal sostenible, universidad de valladolid e inia, palencia, castilla y león, spain",1
791,"instituto universitario de gestión forestal sostenible (uva-inia), avda. madrid, palencia, spain",1
792,"instituto universitario de gesti on forestal sostenible, universidad de valladolid, avda. de madrid, 44, 34004 palencia, spain",1
793,"instituto pirenaico de ecología, consejo superior de investigaciones científicas (ipe–csic), zaragoza, spain",1
794,instituto pirenaico de ecología csic  zaragoza spain,1
795,instituto pirenaico de ecología (ipe‐csic) zaragoza spain,1
796,instituto pirenaico de ecología (ipe‐csic)  zaragoza spain,1
797,"instituto pirenaico de ecología (ipe-csic), spain",1
798,"instituto pirenaico de ecología (ipe-csic), saragossa, spain",1
799,"instituto pirenaico de ecología (ipe-csic), avda. montañana 1005, zaragoza e-50192, spain",1
800,"instituto pirenaico de ecología (ipe-csic), avda. montañana 10005, zaragoza 50009, spain",1
801,"iufor, sustainable forest management research institute, university of valladolid & inia, spain",1
802,"international centre for numerical methods in engineering (cimne-upc), 08860 castelldefels, catalonia, spain",1
803,"interdisciplinary laboratory of clinical analysis interlab-umu, regional campus of international excellence 'campus mare nostrum', university of murcia, campus de espinardo s/n, espinardo, 30100 murcia, spain",1
804,"integrative freshwater ecology group, centre d'estudis avançats de blanes, csic, 17300, blanes, catalonia, spain",1
805,"integrative crop ecophysiology group, plant physiology section, faculty of biology, university of barcelona, barcelona, e-08028 spain",1
806,"integrative crop ecophysiology group, plant physiology section, faculty of biology, university of barcelona, av. diagonal 643, 08028 barcelona, spain",1
807,"instituto de recursos naturales y agrobiología (irnas), consejo superior de investigaciones científicas (csic)  seville 41012 spain",1
808,"instituto de investigación en recursos cinegéticos, irec (csic-uclm-jccm), ronda de toledo 12, 13071 ciudad real, spain",1
809,instituto de investigación en recursos cinegéticos (irec-csic,1
810,"instituto de investigación en recursos cinegéticos (irec, csic-uclm-jccm), ronda de toledo 12, 13005, ciudad real, spain",1
811,"instituto de investigación en recursos cinegéticos (irec, csic-uclm-jccm), ronda de toledo 12, 13005 ciudad real, spain.",1
812,"instituto de investigación en recursos cinegéticos (irec), uclm-csic-jccm, 13071 ciudad real, spain",1
813,"instituto de investigación en recursos cinegéticos (irec), csic/uclm/jccm, 13005 ciudad real, catalonia, spain",1
814,"instituto de investigación en recursos cinegéticos (irec), csic-uclm-jccm, 13071 ciudad real, spain",1
815,"instituto de investigación en recursos cinegéticos (irec) csic-uclm-jccm, ronda de toledo 12, ciudad real 13005, spain",1
816,"instituto de investigación en recursos cinegéticos (irec) (csic-uclm-jccm), ronda de toledo 12, 13005, ciudad real, spain",1
817,"jru ctfc-agrotecnio, ctra. sant llorenç de morunys, km 2, 25280 solsona (lleida), spain",1
818,"biopolis program in genomics, portugal",1
819,"biopolis program in genomics, biodiversity and land planning, cibio, vairão, portugal",1
820,"biopolis program in genomics, biodiversity and land planning, cibio, campus de vairão, vairão, 4485-661, portugal",1
821,"biopolis program in genomics, biodiversity and land planning, cibio, campus de vairão, 4485-661 vairão, portugal",1
822,"biopolis program in genomics, biodiversity and land planning cibio‐inbio  vairão portugal",1
823,"biopolis program in genomics, biodiversity and land planning cibio, campus de vairão  vairão portugal",1
824,"biopolis program in genomics, biodiversity and land planning cibio  vairão portugal",1
825,"biopolis program in genomics, biodiversity and land planning cibio  campus de vairão vairão 4485‐661 14 portugal",1
826,"beta technological center, university of vic - central university of catalonia (uvic-ucc), vic, spain",1
827,"beta technological center, university of vic - central university of catalonia (uvic-ucc), vic, catalonia, spain",1
828,"beeca, department of evolutionary biology, ecology and environmental sciences, universitat de barcelona, barcelona, catalonia, 08028 spain",1
829,"bc3 - basque centre for climate change (parque científico de upv/ehu, barrio sarriena s/n, 48940, leioa, bizkaia - spain)",1
830,"babve, edifici c, universitat autònoma de barcelona, bellaterra 08193, spain",1
831,"babve, edifici c, universitat autònoma de barcelona, bellaterra, spain",1
832,"babve, edifici c, universitat autònoma de barcelona, 08193 bellaterra, spain",1
833,joint research unit ctfc – agrotecnio solsona 25280 spain,1
834,"joint research unit ctfc – agrotecnio - cerca, spain",1
835,"joint research unit ctfc – agrotecnio - cerca, ctra. sant llorenç de morunys, km 2, 25280 solsona, spain",1
836,"joint research unit ctfc – agrotecnio - cerca, av. alcalde rovira roure 191, e25198 lleida, spain",1
837,"joint research unit ctfc – agrotecnio - cerca , ctra de sant llorenç de morunys, km 2, e-25280 solsona, lleida , spain",1
838,joint research unit ctfc – agrotecnio  lleida spain,1
839,"joint research unit ctfc - agrotecnio, carretera de sant llorenç de morunys, solsona, spain",1
840,"joint research unit ctfc - agrotecnio, av. alcalde rovira roure 191, e-25198, lleida, spain",1
841,"joint research unit ctfc - agrotecnio, av. alcalde rovira roure 191, e-25198 lleida, spain",1
842,"joint research unit ctfc - agrotecnio - cerca, solsona, spain.",1
843,"joint research unit ctfc - agrotecnio - cerca, solsona, spain",1
844,"joint reseach unit ctfc—agrotecnio, lleida, spain",1
845,jru ctfc‐agrotecnio‐cerca centre lérida spain,1
846,"jru ctfc-agrotecnio-cerca, ctra. sant llorenç, km.2, solsona, lleida 25280 spain",1
847,"jru ctfc-agrotecnio-cerca, 25280 solsona, lleida, spain",1
848,"jru ctfc-agrotecnio-cerca center, lleida, 25198 spain",1
849,"joint research unit ctfc – agrotecnio, universitat de lleida, lleida 25198, spain.",1
850,"joint research unit ctfc – agrotecnio, ctra. de st. llorenç de morunys km 2, e-25280 solsona, spain",1
851,"joint research unit ctfc – agrotecnio, crta. de st. llorenç de morunys, km 2, e- 25280, solsona, spain",1
852,"joint research unit ctfc – agrotecnio, crta. de st. llorenç de morunys, km 2, e- 25280 solsona, spain",1
853,"joint research unit ctfc – agrotecnio, av. alcalde rovira roure 191, 25198 lleida, spain.",1
854,"joint research unit ctfc – agrotecnio – cerca, solsona, spain",1
855,"joint research unit ctfc – agrotecnio – cerca, ctra. sant llorenç de morunys km 2, 25280 solsona, spain",1
856,"joint research unit ctfc – agrotecnio – cerca, ctra. sant llorenç km. 2, 25280, solsona, spain",1
857,"joint research unit ctfc – agrotecnio – cerca, crta. de st. llorenç de morunys a port del comte, km 2, e-25280 solsona, spain",1
858,"joint research unit ctfc – agrotecnio – cerca, crta. de st. llorenç de morunys a port del comte, km 2, 25280, solsona, spain",1
859,"joint research unit ctfc – agrotecnio – cerca, av. alcalde rovira roure 191, lleida 25198, spain",1
860,"joint research unit ctfc – agrotecnio – cerca, av. alcalde rovira roure 191, e-25198 lleida",1
861,"joint research unit ctfc – agrotecnio – cerca center, av. rovira roure 191, 25198 lleida, spain",1
862,joint research unit ctfc – agrotecnio – cerca  solsona spain,1
863,joint research unit ctfc – agrotecnio ‐ cerca solsona spain,1
864,joint research unit ctfc – agrotecnio ‐ cerca  solsona spain,1
865,"joint research unit ctfc-agrotecnio, universitat de lleida, lleida, spain",1
866,"joint research unit ctfc-agrotecnio, solsona, spain",1
867,"joint research unit ctfc-agrotecnio, solsona, lleida, spain",1
868,"joint research unit ctfc-agrotecnio, forest science and technology centre of catalonia, ctra. sant llorenç de morunys km 2, 25280 solsona, spain",1
869,"joint research unit ctfc-agrotecnio, ctra sant llorenç de morunys, km.2, 25280, solsona, lleida, spain",1
870,"joint research unit ctfc-agrotecnio, ctra sant llorenç de morunys, km 2, 25280 solsona, spain",1
871,"joint research unit ctfc-agrotecnio, alcalde rovira roure 191, lleida, 25198 spain",1
872,"joint research unit ctfc, agrotecnio, cerca, ctra. sant llorenç de morunys km 2, solsona 25280, spain",1
873,"joint research unit ctfc – agrotecnio, lleida, spain",1
874,"joint research unit ctfc – agrotecnio, 25198 lleida, spain",1
875,"joint research unit ctfc – agrotecnio – cerca, solsona, spain",1
876,joint research unit ctfc – agrotecnio‐cerca lleida spain,1
877,"joint research unit ctfc – agrotecnio. carretera de sant llorenç de morunys, km 2, 25280 solsona, spain",1
878,"joint research unit ctfc – agrotecnio-cerca, av. alcalde rovira roure 191, e25198, lleida, spain",1
879,"joint research unit ctfc – agrotecnio-cerca, av. alcalde rovira roure 191, 25198, lleida, spain",1
880,"joint research unit ctfc – agrotecnio-cerca , lleida 25198 , spain",1
881,"joint research unit ctfc-agrotecnio-cerca, lleida, spain",1
882,"joint research unit ctfc-agrotecnio-cerca, department of agricultural and forest sciences and engineering, university of lleida, av. alcalde rovira roure 191, 25198, lleida, spain",1
883,"joint research unit ctfc-agrotecnio-cerca, ctra. sant llorenç de morunys, km 2, 25280 solsona, spain",1
884,"joint research unit ctfc-agrotecnio-cerca, ctra. sant llorenç de morunys km 2, 25280 solsona, spain",1
885,"joint research unit ctfc-agrotecnio-cerca, ctra de st. llorenç de morunys, km 2, 25280 solsona, lleida, spain",1
886,"joint research unit ctfc-agrotecnio-cerca, av. rovira roure, 191, 25198, lleida, spain",1
887,"joint research unit ctfc-agrotecnio-cerca, av. rovira roure, 191, 25198 lleida, spain",1
888,"joint research unit ctfc-agrotecnio-cerca, av. alcalde rovira roure 191, lleida, spain",1
889,"joint research unit ctfc-agrotecnio-cerca, av. alcalde rovira roure 191, e-25198, lleida, spain",1
890,"joint research unit ctfc-agrotecnio-cerca, av. alcalde rovira roure 191, e-25198 lleida, spain; department of crop and forest sciences, university of lleida, av. alcalde rovira roure 191, e-25198 lleida, spain; forest science and technology centre of catalonia (ctfc), ctra de sant llorenç de morunys, km 2, e-25280 solsona, lleida, spain; corresponding author.",1
891,"joint research unit ctfc-agrotecnio-cerca, av. alcalde rovira roure 191, e-25198 lleida, spain; department of crop and forest sciences, university of lleida, av. alcalde rovira roure 191, e-25198 lleida, spain",1
892,"joint research unit ctfc-agrotecnio-cerca, av. alcalde rovira roure 191, e-25198 lleida, spain",1
893,"joint research unit ctfc-agrotecnio-cerca centre, lleida, spain",1
894,"joint research unit ctfc-agrotecnio-cerca centre, 25198 lleida, spain",1
895,"joint research unit ctfc-agrotecnio-cerca center, lleida, spain",1
896,"joint research unit ctfc-agrotecnio-cerca center, av. rovira roure 191, 25198, lleida, spain",1
897,"joint research unit ctfc–agrotecnio–cerc, solsona, spain",1
898,"joint research unit ctfc–agrotecnio, e-25198 lleida, spain",1
899,"joint research unit ctfc–agrotecnio, crta. de st. llorenç de morunys, km 2, 25280, solsona, spain",1
900,joint research unit ctfc‐agrotecnio  lleida spain,1
901,"joint research unit ctfc-agrotecnio-cerca, ctra. sant llorenç km.2, 25280, solsona, catalonia, spain",1
902,"joint research unit ctfc-agrotecnio-cerca, solsona, catalonia, spain",1
903,"joint research unit ctfc-agrotecnio-cerca, ctra. sant llorenç, km.2, solsona, 25280, spain",1
904,"joint research unit ctfc-agrotecnio-cerca, ctra. sant llorenç km.2, e25280 solsona, spain",1
905,"joint research unit ctfc-agrotecnio, solsona, spain",1
906,"joint research unit ctfc-agrotecnio, ctra. sant llorenç de morunys, km 2, 25280 solsona, lleida, spain",1
907,"joint research unit ctfc-agrotecnio, ctra. sant llorenç km.2 25280, solsona, spain",1
908,"joint research unit ctfc-agrotecnio, ctra, sant llorenç de morunys, km 2, 25280 solsona, lleida, spain",1
909,"joint research unit ctfc-agrotecnio, avda. rovira roure, 191, 25198 lleida, spain",1
910,"joint research unit ctfc-agrotecnio-cerca, university of lleida, avgda, rovira roure, 191, 25198 lleida, spain",1
911,"joint research unit ctfc-agrotecnio-cerca, solsona, lleida, catalonia, spain",1
912,"joint research unit ctfc-agrotecnio-cerca, solsona, catalonia, spain",1
913,"joint research unit ctfc—agrotecnio—cerca, av. alcalde rovira roure 191, e-25198 lleida, spain",1
914,"joint research unit ctfc—agrotecnio—cerca, 25198 solsona, spain",1
915,joint research unit ctfc—agrotecnio—cerca solsona spain,1
916,joint research unit ctfc—agrotecnio—cerca  lleida spain,1
917,"joint research unit ctfc–agrotecnio, 25198, lleida, spain",1
918,"joint research unit ctfc–agrotecnio, 25198 lleida, spain",1
919,"joint research unit ctfc–agrotecnio–cerca, university of lleida, av. alcalde rovira roure 191, e-25198 lleida, spain",1
920,"joint research unit ctfc–agrotecnio–cerca, ctra. sant llorenç de morunys km 2, 25280 solsona, spain",1
921,"joint research unit ctfc–agrotecnio–cerca, av. alcalde rovira roure 191, lleida, catalonia e-25198, spain",1
922,"joint research unit ctfc–agrotecnio–cerca, av. alcalde rovira roure 191, lleida 25198, spain",1
923,"joint research unit ctfc–agrotecnio–cerca, av. alcalde rovira roure 191, e-25198 lleida, spain",1
924,"joint research unit ctfc–agrotecnio–cerca, av. alcalde rovira roure 191, 25198 lleida, spain",1
925,"joint research unit ctfc–agrotecnio–cerca, 25280 solsona, spain",1
926,"joint research unit ctfc–agrotecnio–cerca 25280 solsona, spain",1
927,"joint research unit ctfc–agrotecnio–cerca , av. alcalde rovira roure 191, lleida, catalonia e-25198 , spain",1
928,joint research unit ctfc–agrotecnio–cerca  lleida spain,1
929,"aquatic ecology group -university of vic -central university of catalonia, carrer de la laura, 13, 08500 vic, catalonia (spain).",1
930,"animal welfare education centre (awec) and department of animal and food science, universitat autònoma de barcelona (uab), 08193 bellaterra, catalonia, spain",1
931,"laboratory of biodiversity, functional ecology and global change (ecofun), multifunctional forest management program, forest science and technology centre of catalonia (ctfc), ctra. sant llorenç km 2, 25280 solsona, spain",1
932,"laboratory ecofun, forest science and technology centre of catalonia (cftc), 25280 solsona, spain",1
933,laboratorio de teledetección de la universidad de valladolid (latuv) valladolid spain,1
934,"laboratori d’anàlisi i gestió del paisatge, universitat de girona (udg), 17071 girona, catalonia, spain",1
935,"laboratori de botànica, facultat de farmàcia i ciències de l’alimentació, universitat de barcelona (ub), 08028 barcelona, catalonia, spain",1
936,"la garrotxa volcanic zone natural park, ministry of climate action, food and rural agenda, government of catalonia, barcelona, spain",1
937,"lincglobal, museo nacional de ciencias naturales, csic  madrid spain",1
938,"lincglobal, mncn, csic, madrid, spain",1
939,"linc-global, museo nacional de ciencias naturales (mncn, csic), serrano 115 dpdo, e-28006 madrid, spain",1
940,"joint research unit, ctfc-agrotecnio-cerca center, lleida, spain.",1
941,joint research unit centre de ciència i tecnologia forestal de catalunya (ctfc) ‐ agrotecnio solsona spain,1
942,"joint research unit ctfc—agrotecnio—cerca, solsona, spain",1
943,"joint research unit ctfc—agrotecnio—cerca, 25280 solsona, spain",1
944,"joint research unit ctfc—agrotecnio—cerca, ctra de sant llorenç de morunys, km 2, 25280 solsona, spain",1
945,"laboratory of functional ecology and global change (ecofun), forest science and technology centre of catalonia(ctfc), ctra. de sant llorenç de morunys, km 2, 25280, solsona, lleida, spain",1
946,"laboratory of functional ecology and global change (ecofun), forest science and technology centre of catalonia (ctfc), 25280 solsona, spain",1
947,"laboratory of functional ecology and global change (ecofun), centre de ciència i tecnologia forestal de catalunya (ctfc), solsona, spain",1
948,"autonomous university of barcelona, bellaterra (cerdanyola del vallès), catalonia e08193, spain",1
949,"autonomous university of barcelona (uab), bellaterra (cerdanyola del vallès), 08193, barcelona, spain",1
950,"asociación herpetológica española (a.h.e.), museo nacional de ciencias naturales (mncn-csic), madrid, spain",1
951,"asociación galega de custodia do territorio, 27003, lugo, spain",1
952,"asociación galega de custodia do territorio, 27003 lugo, spain",1
953,"area of ecology, department of biodiversity and environmental management, university of león, 24071 león, spain",1
954,"area de edafoloxía e química agrícola, spain",1
955,"area d'herpetologia bibio, museu de granollers—ciencies naturals  catalonia spain",1
956,"architect, 08009 barcelona, catalonia, spain",1
957,"archaeology of social dynamics, spanish national research council (institución milá y fontanals de investigación en humanidades - consejo superior de investigaciones científicas, imf-csic), barcelona 08001, spain",1
958,"aragon agency for research and development (araid), zaragoza, e-50018, spain",1
959,"aragon agency for research and development (araid), e-50018 zaragoza, spain",1
960,"aragon agency for research and development (araid), 50018, zaragoza, spain",1
961,"mediterranean forestry and natural resources management, school of agriculture, university of lisbon, portugal",1
962,"mediterranean facility (efimed), european forest institute, barcelona, spain",1
963,"medical research institute hospital del mar (imim), 08003, barcelona, spain",1
964,"mathematical and fluid physics department, faculty of sciences, universidad nacional de educación a distancia (uned), madrid, spain",1
965,"mathematical and fluid physics department, faculty of sciences, universidad nacional de educación a distancia (uned), madrid 28040, spain",1
966,"mathematical and fluid physics department, faculty of sciences, universidad nacional de educación a distancia (uned), 28040 madrid, spain",1
967,"master in mediterranean forestry, university of lleida, lleida, spain",1
968,"musc health university medical center, charleston, sc, usa",1
969,"landscape dynamics and biodiversity programme. forest sciences center of catalonia (ctfc), solsona, catalonia, spain",1
970,"landscape dynamics and biodiversity programme, forest science and technology center of catalonia (ctfc), solsona, catalonia, spain",1
971,"landscape dynamics and biodiversity programme, conservation biology group (gbic), forest science and technology center of catalonia (ctfc), solsona, catalonia, spain",1
972,"landscape dynamics and biodiversity program, forest science and technology centre of catalonia (ctfc-csic), crtra. sant llorenç de morunys, km 2, 25280 solsona, spain.",1
973,"landscape dynamics and biodiversity program, forest science and technology centre of catalonia (ctfc), crtra. sant llorenç de morunys, km 2, 25280 solsona, spain",1
974,landscape dynamics and biodiversity program ctfc—forest science and technology centre of catalonia  solsona spain,1
975,landscape dynamics and biodiversity forest sciences and technology centre of catalonia solsona spain,1
976,"laboratory of functional ecology and global change (ecofun), forest sciences centre of catalonia (ctfc), ctra. sant llorenç km.2, 25280 solsona, spain",1
977,multifunctional forest management programme joint research unit ctfc ‐ agrotecnio  solsona catalonia spain,1
978,"multifunctional forest management program, forest science and technology centre of catalonia (ctfc), ctra. st. llorenç de morunys, km 2, 25280 solsona, spain",1
979,"misión biolóxica de galicia-consejo superior de investigaciones científicas (mbg-csic), 15705 santiago de compostela, spain",1
980,"misión biolóxica de galicia, sede santiago centro superior de investigaciones cientificas (csic)  santiago de compostela spain",1
981,"misión biológica de galicia, consejo superior de investigaciones científicas (mbg‐csic)  pontevedra spain",1
982,"misión biológica de galicia, consejo superior de investigaciones científicas (mbg-csic), apdo 28, 36080, pontevedra, spain",1
983,"misión biológica de galicia del consejo superior de investigaciones científicas (mbg-csic), spain",1
984,"misión biológica de galicia del consejo superior de investigaciones científicas (mbg-csic), sede santiago de compostela, avda de vigo s/n, 15705, santiago de compostela, spain",1
985,"misión biológica de galicia - consejo superior de investigaciones científicas, 36143, pontevedra, spain",1
986,misión biológica de galicia (mbg‐csic) apdo. 28 36143 pontevedra spain,1
987,"misión biológica de galicia (mbg-csic), apdo 28, 36143 pontevedra, spain",1
988,"ministry of agriculture, livestock, fisheries and food, government of catalonia, josep pla, 10 la seu d'urgell, 25700 lleida, spain",1
989,"ministerio para la transici´on ecol´ogica y el reto demogr´afico, madrid, spain (spain)",1
990,"microbial and environmental genomics group, department of biology, universidad autónoma de madrid, madrid, spain.",1
991,"microbial and environmental genomics group, department of biology, universidad autónoma de madrid, 28049 madrid, spain",1
992,"meteorological service of catalonia, barcelona, spain",1
993,"pyrenean institute of ecology (ipe-csic), avda. ntra. sra. de la victoria 16, 22700, huesca, spain",1
994,"pyrenean institute of ecology (ipe), spanish national research council (csic), zaragoza, spain",1
995,"probelte s.a.u., murcia, spain",1
996,"population ecology group, institute for mediterranean studies, consell superior d’investigacions científiques and the university of the balearic islands, 07190 esporles, spain",1
997,"pediatric environmental health speciality unit (pehsu), department of pediatrics, clinical university hospital virgen of arrixaca, el palmar, murcia, spain",1
998,"pau costa foundation, av. mossèn cinto verdaguer, 42 esc. a bxs 2a, 08552 taradell, barcelona, spain",1
999,parc zoològic de barcelona parc de la ciutadella  barcelona spain,1
1000,"parc natural de l'alt pirineu, carrer de la riba, 1, 25595 llavorsí, spain",1
1001,"palombar - associação de conservação da natureza e do património rural, uva, vimioso, portugal",1
1002,"novia university of applied sciences, fi‑10600 ekenäs, finland",1
1003,"natural systems and resources department, universidad politécnica de madrid, madrid, spain",1
1004,natural systems and resources department universidad politécnica de madrid  madrid spain,1
1005,"natural sciences museum of granollers, granollers, spain",1
1006,"natural sciences museum of granollers francesc macià, 51 08402 granollers spain",1
1007,"national museum of natural sciences (csic, josé gutiérrez abascal 2, madrid 28006 - spain)",1
1008,"museo nacional de ciencias naturales, csic, madrid, spain",1
1009,"scuola di scienze agrarie, forestali, alimentari e ambientali, università della basilicata, italy",1
1010,"school of environmental sciences, university of liverpool, liverpool, l69 3gp, uk; joint research unit ctfc - agrotecnio - cerca, av. alcalde rovira roure 191, e25198, lleida, spain; department of agricultural and forest sciences and engineering, university of lleida, av. alcalde rovira roure 191, e25198, lleida, spain. electronic address: josucham@gmail.com.",1
1011,"school of environmental sciences, university of liverpool, liverpool, l69 3gp, uk; center for environmental studies in the mediterranean (ceam), university of alicante, alicante, spain. electronic address: vm.santana@ua.es.",1
1012,school of environmental sciences university of liverpool liverpool l69 3gp uk,1
1013,"school of biological sciences, university of reading, whiteknights, po box 217, reading, berkshire, rg6 6ah uk",1
1014,"school of biological sciences, university of reading, reading, uk",1
1015,"school of agrifood and forestry science and engineering, university of lleida, av. de l'alcalde rovira roure, 191, 25198, solsona, lleida, spain",1
1016,"school of agrifood and forestry engineering and veterinary medicine, university of lleida, lleida, spain",1
1017,"school of agricultural, forest, food and environmental sciences (safe), university of basilicata, 85100 potenza, italy",1
1018,"sibic, departament de ciència animal, universitat de lleida, lleida, spain",1
1019,"research unit of biodiversity (imib; uo-csic-pa). research building, c/ gonzalo gutiérrez quirós s/n, 33600 mieres, spain.",1
1020,research unit of biodiversity (imib,1
1021,"research group compasses-planning and management in social-ecological complex adaptive systems university of santiago de compostela. campus universitario, s/n 27002, lugo, spain",1
1022,"research centre in biodiversity and global change (cibc-uam), autonomous university of madrid, 28049 madrid, spain",1
1023,"reschem analytical limited, derby de21 4bj, uk",1
1024,pyrenean institute of ecology (ipe‐csic)  zaragoza spain,1
1025,"servicio de biodiversidad, departamento de agricultura, ganadería y medio ambiente, gobierno de aragón, 50001 zaragoza, spain",1
1026,"servicio territorial de medio ambiente, junta de castilla y león, duque de la victoria 5, e-47071 valladolid, spain",1
1027,"servicio territorial de medio ambiente, junta de castilla y león, duque de la victoria 5 , valladolid, castile and león e-47071 , spain",1
1028,"servicio regional de investigación y desarrollo agroalimentario del principado de asturias (serida), camino de rioseco 1225, la olla, deva 33394 gijón, spain.",1
1029,"servei de prevenció d'incendis forestals. departament d'acció climàtica, alimentació i agenda rural, generalitat de catalunya, barcelona, 08017, spain",1
1030,"servei de prevenció d'incendis forestals, departament d'agricultura ramaderia, pesca i alimentació, generalitat de catalunya, santa perpetua de mogoda, spain",1
1031,"servei de prevenció d'incendis forestals (generalitat de catalunya), santa perpètua de mogoda, barcelona, spain",1
1032,"servei de medi ambient, diputació de girona, girona, spain",1
1033,servei de gestió de parcs naturals diputació de barcelona  barcelona spain,1
1034,"servei de gestió sectorial a lleida, departament d'agricultura ramaderia, pesca i alimentació, generalitat de catalunya, lleida, spain",1
1035,"servei de fauna i flora, departament de territori i sostenibilitat, generalitat de catalunya, 08036 barcelona, catalonia, spain",1
1036,"sensors and ultrasonic technologies department, information and physics technologies institute, spanish national research council (csic) , madrid , spain",1
1037,"section of quality, environmental evaluation and environment—tragsatec-sepi, c/julian camarillo, 6b, sector d, 28037 madrid, spain",1
1038,"section of plant physiology, universitat de barcelona, barcelona 08028, spain",1
1039,"secció de sanitat ambiental i edafologia, facultat de farmàcia i ciències de l’alimentació, universitat de barcelona (ub), 08028 barcelona, catalonia, spain",1
1040,"scuola di scienze agrarie, forestali, alimentari, e ambientali, università della basilicata, potenza, italy",1
1041,"sustainable forest management research institute, university of valladolid & inia, av. de madrid 57, palencia 34004, spain",1
1042,"sustainable forest management research institute universidad de valladolid & inia, (spain)",1
1043,"sustainable forest management research institute (iufor), university of valladolid, palencia, spain",1
1044,"sustainable forest management research institute (iufor), universidad de valladolid & inia, valladolid, spain",1
1045,sustainable forest management research institute (spain),1
1046,"spanish national research council, 28006 madrid, spain",1
1047,"spanish national research council (instituto de historia - consejo superior de investigaciones científicas, ih-csic), 28037 madrid, spain",1
1048,"spanish national research council (csic), 08193 cerdanyola del vallès, spain",1
1049,spanish national research council (csic)  cerdanyola del vallès spain,1
1050,"spanish institute for agriculture and food research and technology (inia), forest research center (cifor), madrid, spain",1
1051,"southern sweden forest research centre, swedish university of agricultural sciences, alnarp, sweden",1
1052,"societat d’història natural de les balears (shnb), 07011 palma, catalonia, spain",1
1053,"sociedad ibérica de ictiología, departamento de biología ambiental, universidad de navarra, pamplona/iruña, spain",1
1054,"sociedad española de ornitología (seo/birdlife), madrid, spain",1
1055,"sistemática de plantas vasculares, real jardín botánico (rjb-csic), madrid, spain",1
1056,"servicio de espacios naturales, flora y fauna, dirección general de patrimonio natural y política forestal, consejería de medio ambiente, vivienda y ordenación del territorio, junta de castilla y león, 47014 valladolid, spain",1
1057,"terrestrial ecology group (teg), department of ecology, facultad de ciencias, universidad autónoma de madrid, c/ darwin 2, e-28049 madrid, spain, and centro de investigación en biodiversidad y cambio global (cibc-uam), universidad autónoma de madrid,",1
1058,"tecnosylva, s.l parque tecnológico de león, 24004, león, spain",1
1059,"tecnosylva, parque tecnológico de león, 24009, león, spain",1
1060,"tecnosylva, león, spain",1
1061,"tecnosylva, 24009 león, spain",1
1062,"technosylva, parque tecnológico de león, león, spain",1
1063,"technosylva inc., san diego, ca 92108, usa",1
1064,"technosylva inc., la jolla, ca, usa",1
1065,"technosylva inc., la jolla, ca 92037, usa",1
1066,technosylva inc. la jolla ca usa,1
1067,"technosylva inc, la jolla, ca, united states of america",1
1068,"technosylva inc , la jolla , california , united states of america",1
1069,"technical university in zvolen, t.g. masaryka 24, 96001 zvolen, slovakia",1
1070,"ticarum, university of murcia, murcia, spain",1
1071,"sustainable forestry management research institute (iufor), universidad de valladolid-inia, palencia 34071, spain.",1
1072,"sustainable forest management research institute, university of valladolid-inia, palencia, spain",1
1073,"upv - universitat politècnica de valència = universitad politecnica de valencia = polytechnic university of valencia (camino de vera, s/n 46022 valencia - spain)",1
1074,"upo - universidad pablo de olavide [sevilla] (ctra. de utrera, km. 1 41013, sevilla - spain)",1
1075,"upm - universidad politécnica de madrid (calle ramiro de maeztu, 7, 28040 madrid - spain)",1
1076,"uo-csic-pa), oviedo, mieres (spain).",1
1077,"uah - universidad de alcalá - university of alcalá (pza. san diego, s/n, \r\n28801 - alcalá de henares (madrid) - spain)",1
1078,"técnico superior en medio ambiente, vaersa-gva, generalitat valenciana, valencia, spain",1
1079,"tragsatec, tsup planificación y gestión hídrica, grupo tragsa -sepi, madrid, spain",1
1080,"terrestrial ecology group (teg‑uam), department of ecology, universidad autónoma de madrid, madrid, spain",1
1081,"terrestrial ecology group (teg-uam), department of ecology, universidad autónoma de madrid, madrid, spain; conservation biology group, landscape dynamics and biodiversity program, forest science and technology centre of catalonia (ctfc), solsona, spain; department of zoology and animal cell biology, faculty of pharmacy, university of the basque country (upv/ehu), paseo de la universidad 7, 01006 vitoria-gasteiz, alava, spain.",1
1082,"terrestrial ecology group (teg-uam), department of ecology, universidad autónoma de madrid, madrid, spain; centro de investigación en biodiversidad y cambio global, universidad autónoma de madrid (cibc-uam), madrid, spain. electronic address: juan.traba@uam.es.",1
1083,"terrestrial ecology group (teg-uam), department of ecology, universidad autónoma de madrid, madrid, spain; centro de investigación en biodiversidad y cambio global, universidad autónoma de madrid (cibc-uam), madrid, spain.",1
1084,"terrestrial ecology group (teg-uam), department of ecology, universidad autónoma de madrid, calle darwin 2, madrid 28049, spain",1
1085,"terrestrial ecology group (teg-uam), department of ecology, autonomous university of madrid, madrid, spain",1
1086,"terrestrial ecology group (teg-uam), department of ecology, autonomous university of madrid, 28049 madrid, spain;",1
1087,"terrestrial ecology group (teg), department of ecology, universidad autónoma de madrid, c/ darwin 2, 28049 madrid, spain",1
1088,"terrestrial ecology group (teg), department of ecology, facultad de ciencias, universidad autónoma de madrid, c/ darwin 2, e-28049 madrid, spain.",1
1089,"área de ecología, departamento de botánica, ecología y fisiología vegetal, facultad de ciencias, universidad de córdoba. campus de rabanales, 14014, córdoba, spain",1
1090,universidad politécnica de madrid  madrid spain,1
1091,"unitat mixta d'investigació irta-uab en sanitat animal, centre de recerca en sanitat animal (cresa), universitat autònoma de barcelona (uab) campus, 08193 bellaterra, catalonia, spain",1
1092,"unitat mixta d'investigació irta-uab en sanitat animal, centre de recerca en sanitat animal (cresa), campus de la universitat autònoma de barcelona (uab), 08193, bellaterra, catalonia, spain",1
1093,"unit of applied artificial intelligence, eurecat, centre tecnològic de catalunya, barcelona, spain",1
1094,"unit of applied artificial intelligence, eurecat, centre tecnològic de catalunya, 08005, barcelona, spain",1
1095,"unit of applied artificial intelligence, eurecat, centre tecnològic de catalunya, 08005 barcelona, spain",1
1096,"unidad de recursos forestales, centro de investigación y tecnología agroalimentaria de aragón, gobierno de aragón, zaragoza, spain",1
1097,"unidad de recursos forestales, centro de investigación y tecnología agroalimentaria de aragón (cita), avda. montañana 930, e-50059 zaragoza, spain",1
1098,unidad mixta de investigación ctfc‐agrotecnio‐cerca  solsona spain,1
1099,unidad asociada i+d+i al csic gestión forestal sostenible  palencia spain,1
1100,"uvicucc - universitat de vic-universitat central de catalunya [manresa, spain] (spain)",1
1101,"uva - universidad de valladolid [valladolid] (c/plaza de santa cruz, 8, 47002 valladolid - spain)",1
1102,"usda forest service international visitor program, college of forestry, oregon state university, corvallis, or 97333, usa",1
1103,"usda forest service international visitor program, college of forestry, oregon state university, 321 richardson hall, corvallis, or 97331, usa",1
1104,"upv / ehu - university of the basque country = euskal herriko unibertsitatea (barrio sarriena s/n, \r\n48940 leioa, \r\nbizkaia - spain)",1
1105,"universidad de alcalá, grupo de ecología y restauración forestal, departamento ciencias de la vida, campus universitario, madrid, spain",1
1106,"universidad de alcalá, alcala de henares, spain",1
1107,"animal ecology and demography unit, imedea (csic-uib), c/. miquel marquès 21, 07190 esporles, mallorca, illes balears, spain",1
1108,"animal demography and ecology unit, institute for mediterranean studies (imedea), csic-uib, 07190 esporles, spain",1
1109,"animal biology lab. departament de ciències ambientals, universitat de girona, c. maria aurèlia capmany 69, girona, catalonia 17003, spain",1
1110,andalusian center for the assessment and monitoring of global change (caescg) universidad de almería  almería spain,1
1111,"aiguamolls de l'empordà natural park, 17486 castelló d'empúries, catalonia, spain",1
1112,"agència de salut pública de barcelona, barcelona, spain",1
1113,"agrotecnio cerca center, 25198 lleida, spain",1
1114,"agroforetsry group, fruit tree program, institute of agrifood research and technology (irta), torre marimon, 08140 caldes de montbui, spain",1
1115,"agroforestry departament, etsea – universitat de lleida. av. rovira roure 191, 25198 lleida, spain.",1
1116,"agroecology and food systems chair, environment & food dpt., faculty of sciences and technology, university of vic-central university of catalonia, sagrada família 7, 08500 vic (barcelona), spain.",1
1117,"agrifood research and technology centre of aragon cita, montañana 930, e-50059, zaragoza, spain",1
1118,"water systems and global change group, wageningen university, p.o. box 47, 6700 aa wageningen, the netherlands",1
1119,"área de ecología, dpto. de botánica, ecología y fisiología vegetal, facultad de ciencias universidad de córdoba  córdoba españa",1
1120,"área de ecología, dpto. de botánica, ecología y fisiología vegetal, facultad de ciencias universidad de córdoba  campus de rabanales córdoba 14071 spain",1
1121,") joint research unit ctfc -agrotecnio -cerca, carretera de sant llorenç de morunys, km 2, 25280 solsona (spain);",1
1122,"vicerectorat de recerca, universitat de barcelona, barcelona, spain",1
1123,"université clermont auververgne, inrae, vetagro sup, urep  clermont‐ferrand france",1
1124,"university of the basque country, (upv), leioa, spain",1
1125,"agrifood institute of aragon (ia2-unizar-cita), spain",1
1126,"azti, marine research, marine and coastal environmental management, pasaia, gipuzkoa, spain",1
1127,"azti, investigación marina, gestión ambi-ental de mares y costas, pasaia, guipúzkoa, spain",1
1128,araid‐departamento de sistemas agrícolas forestales y medio ambiente centro de investigación y tecnología agroalimentaria de aragón (cita) zaragoza 50059 spain,1
1129,"aleb (active learning in ecology and biotechnology), c/ las moreras, 5, 30149, el siscar (santomera) murcia, spain",1
1130,"agrotecnioforest science and technology centre of catalonia (ctfc), solsona, spain",1
1131,"agrotecnio mixed unit, forest sciences centre of catalonia (ctfc) carretera de sant llorenç de morunys  lleida spain",1
1132,"agrotecnio mixed research unit, forest science centre of catalonia (ctfc), 25280 solsona, spain",1
1133,"agrotecnio (center for research in agrotechnology), av. alcalde rovira roure 191, lleida, e-25198 spain",1
1134,a.re.na.—asesores en recursos naturales  lugo spain,1
1135,"a.re.na, asesores en recursos naturales, s.l, 27003, lugo, spain",1
1136,"water and environmental engineering group, center for technological innovation in construction and civil engineering (citeec), universidade da coruña, spain",1
1137,"agrifood institute of aragon– ia2 - (university of zaragoza-cita), miguel servet 177, 50013 zaragoza, spain",1
1138,"agrifood institute of aragon– ia2 - (cita-university of zaragoza), miguel servet 177, 50013 zaragoza, spain",1
1139,"agrifood institute of aragon-ia2 -(cita-university of zaragoza), miguel servet 177, 50013 zaragoza, spain.",1
1140,"iufor-eifab, campus duques de soria, universidad de valladolid, 42004, soria, spain",1
1141,"iufor- sustainable forest management, research institute, university of valladolid, 34004 palencia, spain",1
1142,"iufor, sustainable forest management research institute, university of valladolid & inia, spain",1
1143,"iufor, sustainable forest management research institute, university of valladolid & inia, palencia, spain",1
1144,"iufor, sustainable forest management research institute uva-inia, ctra. de la coruña km 7,5, e-28040 madrid, spain",1
1145,"iufor, instituto universitario de investigación en gestión forestal sostenible, universidad de valladolid, spain",1
1146,[email protected],1
1147,"wildlife section, department of animal science, university of lleida, av. alcalde rovira roure 191, 25198 lleida, spain",1
1148,"wildlife conservation medicine research group (wildcom), department of animal medicine and surgery, universitat autònoma de barcelona (uab), 08193 bellaterra, catalonia, spain",1
1149,"wildlife conservation medicine research group (wildcom), departament de medicina i cirurgia animals, universitat autònoma de barcelona, 08193, bellaterra, catalonia, spain",1
1150,") department of agricultural and forest sciences and engineering, university of lleida, 25198 lleida (spain); (",1
1151,"university of eastern finland, department of geography and land management, joensuu, finland",1
1152,"13 mediterranean agronomic institute , zaragoza , spain",1
