raw_affiliation,DOI
"Universitat Pompeu Fabra (UPF), Barcelona, Spain",68
"IMIM (Hospital del Mar Medical Research Institute), Barcelona, Spain",56
"ISGlobal, Barcelona, Spain",49
"Universitat Pompeu Fabra, Barcelona, Spain",41
"Department of Preventive Medicine, University of Valencia, Valencia, Spain",40
"Hospital del Mar Medical Research Institute (IMIM), Barcelona, Spain",39
"Catalan Institute of Nanoscience and Nanotechnology (ICN2), CSIC and BIST, Campus UAB, Bellaterra, 08193 Barcelona, Spain",22
"Department of Family Medicine, Research Unit, Distrito Sanitario Atención Primaria Sevilla, Sevilla, Spain",22
"Department of Medicine and Life Sciences, Universitat Pompeu Fabra, Barcelona, Spain",22
"Health Research Institute of the Balearic Islands (IdISBa), Palma de Mallorca, Spain",21
"Department of Internal Medicine, Maimonides Biomedical Research Institute of Cordoba (IMIBIC), Reina Sofia University Hospital, University of Cordoba, Cordoba, Spain",20
"CIBER Epidemiología y Salud Pública (CIBERESP), Madrid, Spain",20
"Pompeu Fabra University, Barcelona, Spain",20
"Hospital del Mar, Barcelona, Spain",19
"CIBER Diabetes y Enfermedades Metabólicas (CIBERDEM), Instituto de Salud Carlos III (ISCIII), Madrid, Spain",19
"Institut d'Investigacions Biomèdiques August Pi i Sunyer (IDIBAPS), Barcelona, Spain",19
"Department of Preventive Medicine and Public Health, University of Granada, Granada, Spain",18
"Universitat Autònoma de Barcelona, Barcelona, Spain",18
"CIBER de Epidemiología y Salud Pública (CIBERESP), Instituto de Salud Carlos III, Madrid, Spain",18
"Institute of Biomedicine (IBIOMED), University of León, León, Spain",17
"ICREA, Pg. Lluís Companys 23, 08010 Barcelona, Spain",16
"Department of Nutrition, Food Sciences, and Physiology, Center for Nutrition Research, University of Navarra, Pamplona, Spain",16
"IdiSNA, Navarra Institute for Health Research, Pamplona, Spain",15
"Department of Endocrinology and Nutrition, Instituto de Investigación Sanitaria Hospital Clínico San Carlos (IdISSC), Madrid, Spain",15
"Department of Psychiatry, Complejo Hospitalario de Navarra, Pamplona, Spain",15
"Institut d'Investigació Sanitària Pere Virgili (IISPV), Reus, Spain",14
"University of Barcelona, Barcelona, Spain",14
"Barcelona Institute for Global Health (ISGlobal), Barcelona, Spain",14
"Centro de Investigação em Saúde de Manhiça (CISM), Maputo, Mozambique",13
"Institució Catalana de Recerca i Estudis Avançats (ICREA), 08010 Barcelona, Spain",13
"Department of Preventive Medicine and Public Health, University of Navarra, Pamplona, Spain",13
"Consorcio de Investigación Biomédica en Red de Epidemiología y Salud Pública (CIBERESP), Madrid, Spain",13
"ICREA, Barcelona, Spain",13
"Hospital del Mar Research Institute, Barcelona, Spain",13
"Navarra Institute for Health Research (IdiSNA), Pamplona, Spain",12
"Department of Medicine, Universitat Autònoma de Barcelona, Barcelona, Spain",12
"Research Group on Community Nutrition & Oxidative Stress, University of Balearic Islands, Palma de Mallorca, Spain",12
"CIBER Epidemiología y Salud Pública (CIBERESP), Barcelona, Spain",12
"Universitat Autònoma de Barcelona (UAB), Barcelona, Spain",12
"Universitat de Barcelona, Barcelona, Spain",11
"Hospital General Universitario Gregorio Marañón, Madrid, Spain",11
"Pompeu Fabra University (UPF), Barcelona, Spain",11
"Division of Preventive Medicine, Faculty of Medicine, University of Jaén, Jaén, Spain",11
"Department of Medicine, University of Barcelona, Barcelona, Spain",11
"Precision Nutrition and Cardiometabolic Health Program, IMDEA Food, CEI UAM + CSIC, Madrid, Spain",11
"Centro de Investigación Biomédica en Red Fisiopatología de la Obesidad y la Nutrición (CIBEROBN), Institute of Health Carlos III, Madrid, Spain",11
"Department of Preventive Medicine, University of Granada, Granada, Spain",11
"Nutritional Control of the Epigenome Group, Precision Nutrition and Obesity Program, IMDEA Food, CEI UAM + CSIC, Madrid, Spain",10
"School of Medicine, University CEU San Pablo, Madrid, Spain",10
"Lipids and Vascular Risk Unit, Internal Medicine, Hospital Universitario de Bellvitge, Hospitalet de Llobregat, Barcelona, Spain",10
"FIDMAG Germanes Hospitalàries Research Foundation, Barcelona, Spain",10
"Centro de Investigación en Red de Enfermedades Respiratorias (CIBERES), Instituto de Salud Carlos III (ISCIII), 08003 Barcelona, Spain",10
"Department of Experimental and Health Sciences, Universitat Pompeu Fabra, Barcelona, Spain",10
"Department of Internal Medicine, IDIBAPS, Hospital Clinic, University of Barcelona, Barcelona, Spain",10
"Department of Preventive Medicine, University of Valencia, 46010 Valencia, Spain",10
"Department of Internal Medicine, Institut d'Investigacions Biomèdiques August Pi Sunyer (IDIBAPS), Hospital Clinic, University of Barcelona, Barcelona, Spain",10
"MRI Research Unit, Department of Radiology, Hospital del Mar, Barcelona, Spain",10
"Hospital Universitario de Salamanca, Salamanca, Spain",9
CIBER Epidemiología y Salud Pública (CIBERESP)  Barcelona Spain,9
IMIM (Hospital del Mar Medical Research Institute) Barcelona Spain,9
"Research Institute of Biomedical and Health Sciences (IUIBS), University of Las Palmas de Gran Canaria & Centro Hospitalario Universitario Insular Materno Infantil (CHUIMI), Canarian Health Service, Las Palmas de Gran Canaria, Spain",9
"ISGlobal, Barcelona Institute for Global Health, Barcelona, Spain",9
"Catalan Institution for Research and Advanced Studies (ICREA), Barcelona, Spain",9
"Hospital del Mar Medical Research Institute, Barcelona, Spain",9
"Catalan Institute of Nanoscience and Nanotechnology (ICN2), CSIC and BIST, Campus UAB, Bellaterra, Barcelona, 08193 Spain",9
"Department of Endocrinology and Nutrition, Instituto de Investigación Sanitaria Hospital Clínico San Carlos (IdISSC), 28040 Madrid, Spain",9
Barcelonaβeta Brain Research Center (BBRC) Pasqual Maragall Foundation Barcelona Spain,9
"ISGlobal, Hospital Clínic - Universitat de Barcelona, Barcelona, Spain",9
IMIM (Hospital del Mar Medical Research Institute)  Barcelona Spain,8
"Centro de Investigación Biomédica en Red de Salud Mental (CIBERSAM), Instituto de Salud Carlos III, Madrid, Spain",8
"Barcelonaβeta Brain Research Center (BBRC), Pasqual Maragall Foundation, Barcelona, Spain",8
"School of Medicine, Universitat Autònoma de Barcelona, Barcelona, Spain",8
"Universitat Rovira i Virgili, Departament de Bioquímica i Biotecnologia, Unitat de Nutrició Humana, Reus, Spain",8
"Department of Nutrition, Harvard T.H. Chan School of Public Health, Boston, MA, USA",8
"Department of Clinical Sciences, School of Medicine, University of Barcelona, Barcelona, Spain",8
"Nutrition Unit, University Hospital of Sant Joan de Reus, Reus, Spain",8
"Consorcio CIBER, M.P. Fisiopatología de la Obesidad y Nutrición (CIBERObn), Instituto de Salud Carlos III (ISCIII), Madrid, Spain",8
"Hospital Universitario 12 de Octubre, Madrid, Spain",8
Barcelonaβeta Brain Research Center (BBRC) Pasqual Maragall Foundation  Barcelona Spain,8
"SDHEd (Social Determinants and Health Education Research Group), IMIM (Hospital del Mar Medical Research Institute), Barcelona, Spain",8
"Department of Family Medicine, Research Unit, Distrito Sanitario Atención Primaria Sevilla, 41013 Sevilla, Spain",8
Centro de Investigación Biomédica en Red de Fragilidad y Envejecimiento Saludable (CIBERFES)  Madrid Spain,8
"Department of Clinical Foundations, Pharmacology Unit, University of Barcelona, Barcelona, Spain",8
"Centro de Investigación Biomédica en Red de Bioingeniería, Biomateriales y Nanomedicina (CIBER-BBN), Madrid, Spain",7
"Complejo Asistencial Universitario de Palencia, Palencia, Spain",7
"Department of Psychiatry, Hospital Universitario de Navarra, Pamplona, Spain",7
"Scientific and Technical Department, Hospital del Mar-IMIM, 08003 Barcelona, Spain",7
"Hospital Universitari Germans Trias i Pujol, Badalona, Spain",7
"UPF - Universitat Pompeu Fabra [Barcelona] (Plaça de la Mercè, 10-12 - 08002 Barcelona - Spain)",7
"CREAF, E08193 Bellaterra (Cerdanyola del Vallès), Catalonia, Spain",7
"CIBER de Epidemiología y Salud Pública (CIBERESP), España",7
"Hospital Universitario de Burgos, Burgos, Spain",7
"Fundacion Jimenez Diaz, CIBERES, Faculty of Medicine, Autonoma University of Madrid, Madrid, Spain",7
"Lipid Clinic, Department of Endocrinology and Nutrition, Institut d'Investigacions Biomèdiques August Pi Sunyer (IDIBAPS), Hospital Clínic, Barcelona, Spain",7
"Health Research Institute of the Balearic Islands (IdISBa), 07120 Palma de Mallorca, Spain",7
"University of the Basque Country UPV/EHU, Vitoria-Gasteiz, Spain",7
"Neurobiology of Behaviour Research Group (GReNeC-NeuroBio), Department of Experimental and Health Sciences, Universitat Pompeu Fabra, Barcelona, Spain",7
"Department of Dermatology, Hospital de la Santa Creu i Sant Pau, Barcelona, Spain",7
"Critical Care Department, Hospital del Mar-IMIM, Barcelona, Spain",7
"Laboratory of Neuropharmacology-Neurophar, Department of Medicine and Life Sciences, Universitat Pompeu Fabra (UPF), Barcelona, Spain",7
"Department of Medicine, Autonomous University of Barcelona, Barcelona, Spain",7
"Hospital Universitario Infanta Leonor, Madrid, Spain",7
"Institució Catalana de Recerca i Estudis Avançats (ICREA), Barcelona, Spain",7
"Autonomous University of Barcelona, Barcelona, Spain",7
"Servicio de Medicina Intensiva, Hospital Universitario Marqués de Valdecilla, Santander, Spain",7
"Unit of Cardiovascular Risk and Nutrition, Institut Hospital del Mar de Investigaciones Médicas Municipal d'Investigació Médica (IMIM), Barcelona, Spain",7
"Centro de Investigação em Saúde de Manhiça, Maputo, Mozambique",7
"IMIM (Hospital del Mar Medical Research Institute), 08003 Barcelona, Spain",7
"CIBER Epidemiología y Salud Pública (CIBERESP), Spain",7
"University of Navarra, Department of Preventive Medicine and Public Health, IDISNA, Pamplona, Spain",7
"Department of Experimental and Health Sciences, Universitat Pompeu Fabra (UPF), Barcelona, Spain",6
"Department of Psychiatry, Hospital Universitario Ramón y Cajal, IRYCIS, Universidad de Alcalá, Madrid, Spain",6
"Instituto de Investigación Sanitaria del Principado de Asturias (ISPA), Oviedo, Spain",6
"Barcelona Supercomputing Center (BSC), Barcelona, Spain",6
"Bioaraba Health Research Institute, Cardiovascular, Respiratory and Metabolic Area, Osakidetza Basque Health Service, Araba University Hospital, University of the Basque Country UPV/EHU, Vitoria-Gasteiz, Spain",6
"Department of Endocrinology, Fundación Jiménez-Díaz, Madrid, Spain",6
"ISGlobal, Hospital Clínic—Universitat de Barcelona, Barcelona, Spain",6
"Hospital Clínico San Carlos, Madrid, Spain",6
"Critical Care Department, Hospital Universitario Río Hortega de Valladolid, Valladolid, Spain",6
"Department of Internal Medicine, Hospital Clinic, Institut d'Investigació Biomèdica August Pi i Sunyer (IDIBAPS), University of Barcelona, Barcelona, Spain",6
"Department of Hematology, Hospital del Mar, Barcelona, Spain",6
"Health Services Research Unit, IMIM-Hospital del Mar Medical Research Institute, Barcelona, Spain",6
"BioMIT, Department of Electronic Engineering, Universitat Politècnica de València, Valencia, Spain",6
"Hospital Universitario La Paz, Madrid, Spain",6
"Instituto de Investigación e Innovación Biomédica de Cádiz, INiBICA, Hospital Universitario Puerta del Mar, Cádiz, Spain",6
"Department of Intensive Care Medicine, Hospital Clínico Universitario Valladolid, Valladolid, Spain",6
"Critical Care Department, Hospital Universitario Lucus Augusti, Lugo, Spain",6
"Centro de Investigación Biomédica en Red de Salud Mental (CIBERSAM), Madrid, Spain",6
"Universitat Rovira i Virgili, Departament de Bioquímica i Biotecnologia, Unitat de Nutrició, Reus, Spain",6
"School of Medicine, Universidad Complutense, Madrid, Spain",6
"Department of Clinical and Health Psychology, Autonomous University of Barcelona, Barcelona, Spain",6
"Addictions Unit, Institute of Neurosciences, Hospital Clínic de Barcelona, Barcelona, Spain",6
"Centro de Investigación Biomédica en Red de Enfermedades Infecciosas (CIBERINFEC), Instituto de Salud Carlos III, 28029 Madrid, Spain",6
"Cardiovascular Risk and Nutrition Research Group, Hospital del Mar Medical Research Institute (IMIM), 08003 Barcelona, Spain",6
"Barcelona Institute for Global Health (ISGlobal), Hospital Clínic, University of Barcelona, Barcelona, Spain",6
"Bioaraba Health Research Institute, Osakidetza Basque Health Service, Araba University Hospital, University of the Basque Country UPV/EHU, 01009 Vitoria-Gasteiz, Spain",6
"Department of Experimental and Health Sciences, Pompeu Fabra University, Barcelona, Spain",6
"Intensive Care Unit, Hospital Universitario La Princesa, Madrid, Spain",6
"Department of Dermatology, Hospital del Mar, Barcelona, Spain",6
"Department of Endocrinology, Institut d'Investigacions Biomédiques August Pi Sunyer (IDIBAPS), Hospital Clinic, University of Barcelona, Barcelona, Spain",6
"Catalan Institute of Nanoscience and Nanotechnology (ICN2), CSIC and The Barcelona Institute of Science and Technology, Campus UAB, Bellaterra, 08193 Barcelona, Spain",6
"University Hospital of Sant Joan de Reus, Nutrition Unit, Reus, Spain",6
"Servei de Medicina Intensiva, Hospital Universitari Germans Trias, Badalona, Spain",6
"Department of Allergy and Immunology, Hospital Quironsalud Bizkaia, Bilbao, Spain",6
"Department of Intensive Medicine, Hospital Universitario Infanta Leonor, Madrid, Spain",6
"Department of Clinical Sciences, School of Medicine and Health Sciences, University of Barcelona, Barcelona, Spain",6
"Department of Nutrition, Harvard T.H. Chan School of Public Health, Boston, MA, United States",6
"CIBER Epidemiología y Salud Pública (CIBERESP), Instituto de Salud Carlos III (ISCIII), Madrid, Spain",6
"Department of Cardiology, Hospital del Mar, Barcelona, Spain",6
"Department of Nutrition, Food Sciences, and Physiology, Center for Nutrition Research, University of Navarra, 31008 Pamplona, Spain",6
"Department of Preventive Medicine and Public Health, University of Navarra, IdiSNA, 31008 Pamplona, Spain",6
"Servicio de Cardiología, Hospital del Mar, Barcelona, Spain",6
"Department of Psychiatry and Forensic Medicine, Autonomous University of Barcelona, Barcelona, Spain",6
"Department of Medicine and Life Sciences, Universitat Pompeu Fabra, 08003 Barcelona, Spain",6
"Hospital Universitario de Móstoles, Madrid, Spain",6
"CIBER Diabetes y Enfermedades Metabólicas (CIBERDEM), Instituto de Salud Carlos III (ISCIII), 28029 Madrid, Spain",6
"Instituto de Investigación Sanitaria y Biomédica de Alicante, Universidad Miguel Hernández (ISABIAL-UMH), Alicante, Spain",6
"Department of Preventive Medicine and Public Health, IDISNA, University of Navarra, Pamplona, Spain",5
"Department of Internal Medicine, Maimonides Biomedical Research Institute of Cordoba (IMIBIC), Reina Sofia University Hospital, University of Cordoba, 14004 Cordoba, Spain",5
"Servicio de Medicina Intensiva, Hospital Universitario Ramón y Cajal, Madrid, Spain",5
"Barcelona Clínic Schizophrenia Unit (BCSU), Neuroscience Institute, Hospital Clínic de Barcelona, Barcelona, Spain",5
"Research Group on Nutritional Epidemiology & Cardiovascular Physiopathology (NUTRECOR), Health Research Institute of the Balearic Islands (IdISBa), University Hospital Son Espases (HUSE), Palma de Mallorca, Spain",5
"Institut Hospital del Mar d'Investigacions Mèdiques (IMIM), Barcelona, Spain",5
"Universidad Autónoma de Barcelona, Barcelona, Spain",5
"CogPsy Group, Universidad Complutense de Madrid (UCM), Madrid, Spain",5
"Department of Surgery, Hospital del Mar, Barcelona, Spain",5
"Unit of Cardiovascular Risk and Nutrition, Institut Hospital del Mar de Investigaciones Médicas (IMIM), 08007 Barcelona, Spain",5
"Servei de Medicina Intensiva, Hospital Universitari Son Espases, Palma de Mallorca, Illes Balears, Spain",5
"Centro de Investigación Biomédica en Red Fisiopatología de la Obesidad y la Nutrición (CIBEROBN), Instituto de Salud Carlos III, Madrid, Spain",5
"Osakidetza Basque Health Service, Araba University Hospital",5
Universitat Autònoma de Barcelona,5
"Hospital La Paz Institute for Health Research (IdiPAZ), Madrid, Spain",5
"Department of Clinical Sciences, Faculty of Medicine, University of Barcelona, Barcelona, Spain",5
"Catalan Institution for Research and Advanced Studies (ICREA), 08010 Barcelona, Spain",5
"Intensive Care Unit, Hospital Clínico y Universitario de Valencia, Valencia, Spain",5
"Institute of Biomedicine (IBIOMED), University of León, 24071 León, Spain",5
"Complexo Hospitalario Universitario de Ourense, Ourense, Spain",5
"Department of Endocrinology and Nutrition, Hospital Fundación Jimenez Díaz, Instituto de Investigaciones Biomédicas IISFJD, University Autonoma, Madrid, Spain",5
ISGlobal - Instituto de Salud Global - Institute For Global Health [Barcelona] (Spain),5
"Institut d'Investigacions Biomèdiques August Pi i Sunyer, Barcelona, Spain",5
"Hospital del Mar Research Institute (IMIM), Barcelona, Spain",5
"Departament de Genètica, Microbiologia i Estadística, Facultat de Biologia, Universitat de Barcelona, Barcelona, Spain",5
"Centro de Investigación en Red de Enfermedades Respiratorias (CIBERES), Instituto de Salud Carlos III (ISCIII), Barcelona, Spain",5
"IMIM (Hospital del Mar Research Institute), Barcelona, Spain",5
"Faculty of Medicine and Health Sciences, University of Barcelona, Barcelona, Spain",5
"Cardiovascular Risk and Nutrition Research Group (CARIN), Hospital del Mar Research Institute (IMIM), Barcelona, Spain",5
"Integrative Pharmacology and Systems Neurosciences Research Group, Neurosciences Research Program, Hospital del Mar Medical Research Institute (IMIM), Barcelona, Spain",5
"CIBER Fisiopatología de la Obesidad y Nutrición (CIBEROBN), Instituto de Salud Carlos III, 28029 Madrid, Spain",5
"Institució Catalana de Recerca i Estudis Avançats, Barcelona, Spain",5
"Hospital del Mar, Barcelona, Spain.",5
"Virgen de la Victoria Hospital, Department of Endocrinology, Instituto de Investigación Biomédica de Málaga (IBIMA). University of Málaga, Málaga, Spain",5
"Institut de Neuropsiquiatria i Addiccions, Hospital del Mar, Barcelona, Spain",5
"Departament de Medicina i Cirurgia Animals, Facultat de Veterinària, Universitat Autònoma de Barcelona, Barcelona, Spain",5
"Fundació Institut Universitari per a la recerca a l'Atenció Primària de Salut Jordi Gol i Gurina (IDIAPJGol), Barcelona, Spain",5
"Agència de Salut Pública de Barcelona, Barcelona, Spain",5
"University of Barcelona, Spain",5
Department of Preventive Medicine University of Valencia  Valencia Spain,5
"Department of Public Health, Mental Health and Maternal and Child Health Nursing, Nursing School, Universitat de Barcelona, L'Hospitalet de Llobregat, Spain",5
"Hospital Universitario Río Hortega de Valladolid, Valladolid, Spain",5
"Instituto de Investigación Sanitaria Hospital 12 de Octubre (imas12), Madrid, Spain",5
"Unitat de Zoologia i Antropologia Biològica (Dpt. Biologia Evolutiva, Ecologia i Ciències Ambientals), Facultat de Biologia and Institut de Biomedicina (IBUB), University of Barcelona, CIBERSAM, Barcelona, Spain",5
"Department of Pathology, Hospital del Mar, Barcelona, Spain",5
"Centro de Investigación Biomédica en Red de Enfermedades Cardiovasculares (CIBERCV), Spain",5
"Department of Pathology, Hospital del Mar, 08003 Barcelona, Spain",5
"Intensive Care Clinical Unit, Hospital Universitario Virgen Macarena, Seville, Spain",5
"CREAF, Cerdanyola del Vallès, Spain",5
Department of Medicine and Life Sciences Universitat Pompeu Fabra  Barcelona Spain,5
"Neuropsychopharmacology and Psychobiology Research Group, Department of Psychology, University of Cádiz, Cádiz, Spain",5
"Instituto de Investigación Sanitaria del Principado de Asturias (ISPA), Spain",5
"Instituto de Investigación Sanitaria Aragón (IIS Aragón), Zaragoza, Spain",5
"Department of Medical Oncology, Hospital Universitario 12 de Octubre, Madrid, Spain",5
"Centre for Genomic Regulation (CRG), The Barcelona Institute of Science and Technology, Barcelona, Spain",5
"ISGlobal, Hospital Clínic, Universitat de Barcelona, Barcelona, Catalonia, Spain",5
"ISGlobal, Hospital Clínic, Universitat de Barcelona, Barcelona, Spain",5
"Department of Medicine and Life Sciences (MELIS), Universitat Pompeu Fabra, Barcelona, Spain",5
"Bioaraba Health Research Institute, Osakidetza Basque Health Service, Araba University Hospital, University of the Basque Country UPV/EHU, Vitoria-Gasteiz, Spain",5
"Department of Surgery, Universitat Autònoma de Barcelona, Barcelona, Spain",5
"Bioaraba Health Research Institute, Cardiovascular, Respiratory and Metabolic Area",5
"Department of Preventive Medicine and Public Health, University of Granada, 18016 Granada, Spain",5
"Research Group on Community Nutrition & Oxidative Stress, University of Balearic Islands, 07122 Palma de Mallorca, Spain",5
"Institute of Neurosciences, University of Barcelona, Barcelona, Spain",5
"PHAGEX Research Group, Blanquerna School of Health Science, Universitat Ramon Llull (URL), Barcelona, Spain",5
"Centre for Genomic Regulation (CRG), The Barcelona Institute for Science and Technology, Barcelona, Spain",5
"CIBER de Epidemiología y Salud Pública (CIBERESP), Instituto de Salud Carlos III, 28029 Madrid, Spain",5
"Hospital Universitario de Cruces, Barakaldo, Spain",5
"Neuroscience Research Program, IMIM-Hospital del Mar Research Institute, Barcelona, Spain",5
"Department of Endocrinology, Hospital Clinic, IDIBAPS, Barcelona, Spain",5
"Clinical & Experimental Respiratory Immunoallergy, IDIBAPS, CIBERES, University of Barcelona, Barcelona, Spain",5
"Hospital Santa Maria, IRBLleida, Lleida, Spain",5
"MRI Research Unit, Department of Radiology, Hospital del Mar, 08003 Barcelona, Spain",5
"Hematology Department, Hospital del Mar, Barcelona, Spain",5
"Hospital Universitario de Getafe, Universidad Europea, Madrid, Spain",5
"Hospital de la Santa Creu i Sant Pau, Barcelona, Spain",5
"Hospital Universitario de León, León, Spain",5
"Universitat Autònoma de Barcelona, E08193 Bellaterra (Cerdanyola del Vallès), Catalonia, Spain",5
"Nutritional Control of the Epigenome Group, Precision Nutrition and Obesity Program, IMDEA Food, CEI UAM + CSIC, 28049 Madrid, Spain",5
"Heart Diseases Biomedical Research Group, IMIM (Hospital del Mar Medical Research Institute), Barcelona, Spain",5
"August Pi I Sunyer Biomedical Research Institute (IDIBAPS), Barcelona, Spain",5
"Department of Medicine, Universitat Autònoma de Barcelona, 08193 Barcelona, Spain",5
"Bio-Heart Cardiovascular Diseases Research Group, Bellvitge Biomedical Research Institute (IDIBELL), L'Hospitalet de Llobregat, Barcelona, Spain",5
"Institut d’Investigacions Biomèdiques August Pi i Sunyer (IDIBAPS), Barcelona, Spain",5
"Biomedical Research Networking Center for Mental Health Network (CIBERSAM), Barcelona, Spain",4
Universitat Autònoma de Barcelona Barcelona Spain,4
"Department of Neurosurgery, Hospital del Mar, Barcelona, Spain",4
"Centro de Investigación Biomédica en Red de Enfermedades Respiratorias (CIBERES), Madrid, Spain",4
"Lipid Clinic, Department of Endocrinology and Nutrition, Institut d’Investigacions Biomèdiques August Pi Sunyer (IDIBAPS), Hospital Clínic, 08036 Barcelona, Spain",4
"Emergency Department, Hospital del Mar, Barcelona, Catalonia, Spain",4
"Hospital del Mar Medical Research Institute (IMIM), Spain",4
"IMIM-Hospital del Mar Medical Research Institute, Barcelona, Spain",4
"Departament de Química, Universitat Autònoma de Barcelona, Bellaterra, 08193 Barcelona, Spain",4
"Department of Medicine and Life Sciences (MELIS), Universitat Pompeu Fabra (UPF), Barcelona, Spain",4
"Department of Urology, Hospital Germans Trias i Pujol, Badalona, Spain",4
Institut d'Investigacions Biomèdiques August Pi i Sunyer (IDIBAPS)  Barcelona Spain,4
"CIBER Fisiopatología de la Obesidad y Nutrición (CIBEROBN), Instituto de Salud Carlos III (ISCIII), Madrid, Spain",4
"Department of Intensive Care Medicine, Hospital Universitario 12 de Octubre, Madrid, Spain",4
"Biomedical Research Institute Sant Pau (IIB Sant Pau), Barcelona, Spain",4
"Toronto 3D (Diet, Digestive Tract and Disease) Knowledge Synthesis and Clinical Trials Unit, Toronto, ON, Canada",4
"Department of Urology, Parc de Salut Mar, 08003 Barcelona, Spain",4
"Institució Catalana de Recerca i Estudis Avançats (ICREA), Pg. Lluís Companys 23, E-08010 Barcelona, Spain",4
"ISGlobal, Hospital Clínic – Universitat de Barcelona, Barcelona, Spain",4
"Department of Preventive Medicine, University of Valencia, 46100 Valencia, Spain",4
"CIBER de Obesidad y Nutrición (CIBEROBN), Madrid, Spain",4
"Department of Preventive Medicine and Public Health, IdiSNA, University of Navarra, Pamplona, Spain",4
"CIBER de Epidemiología y Salud Pública (CIBERESP), Madrid, Spain",4
"Department of Medicine and Life Sciences, Pompeu Fabra University, Barcelona, Spain",4
"Instituto de Neurociencias del Principado de Asturias (INEUROPA), Spain",4
"Department of Surgery and Morphologic Science, Orthopaedic Surgery Service, Universitat Autònoma de Barcelona, Hospital del Mar, Barcelona, Spain",4
"Barcelona Clinic Schizophrenia Unit, Hospital Clinic of Barcelona, Neuroscience Institute, Barcelona, Spain",4
"Catalonia Institute for Energy Research (IREC), Sant Adrià de Besòs, 08930 Barcelona, Spain",4
"Nutritional Genomics and Epigenomics Group, IMDEA Food, CEI UAM + CSIC, Madrid, Spain",4
"Institut d’Investigació Sanitària Pere Virgili (IISPV), 43204 Reus, Spain",4
"Research Unit, Department of Family Medicine, Distrito Sanitario Atención Primaria Sevilla, Sevilla, Spain",4
"Research Unit, Department of Family Medicine, Distrito Sanitario Atención Primaria Sevilla, 41013 Sevilla, Spain",4
These authors contributed equally to this work.,4
"Department of Medicine and Life Sciences, Universitat Pompeu Fabra (UPF), Barcelona, Spain",4
"Universitat Rovira i Virgili, Departament de Bioquímica i Biotecnologia, Unitat de Nutrició, 43201 Reus, Spain",4
"Department of Preventive Medicine and Public Health, University of Navarra, IdiSNA, Pamplona, Spain",4
"Biomedical Network Research Centre on Mental Health (CIBERSAM), Instituto de Salud Carlos III, Madrid, Spain",4
"Fundació Institut Universitari per a la Recerca a l’Atenció Primària de Salut Jordi Gol i Gurina (IDIAPJGol), 08007 Barcelona, Spain",4
"Department of Pathology, Hospital del Mar, Universitat Autònoma de Barcelona, Barcelona, Spain",4
"Centro de Investigación Biomédica en Red en Enfermedades Infecciosas (CIBERINFEC), Instituto de Salud Carlos III, Madrid, Spain",4
"Hospital de Mataró de Barcelona, Barcelona, Spain",4
"Nephrology Department, Hospital del Mar, Barcelona, Spain",4
"Autonomous University of Barcelona, Spain",4
"Unitat de Nutrició Humana, Departament de Bioquímica i Biotecnologia, Universitat Rovira i Virgili, 43201 Reus, Spain",4
"Department of Endocrinology, Instituto de Investigación Biomédica de Málaga (IBIMA), Virgen de la Victoria Hospital, University of Málaga, Málaga, Spain",4
"Department of Endocrinology, Virgen de la Victoria Hospital, Instituto de Investigación Biomédica de Málaga (IBIMA), University of Málaga, Málaga, Spain",4
"Centro de Investigación Biomédica en Red de Salud Mental, Instituto de Salud Carlos III, Spain",4
"Emergency Department, Hospital Universitario de Canarias, Tenerife, Spain",4
"Department of Internal Medicine, Bellvitge University Hospital, L'Hospitalet de Llobregat, Barcelona, Spain",4
"Universitat Autonoma de Barcelona, Barcelona, Spain",4
"Fundació Hospital del Mar Medical Research Institute (IMIM), Barcelona, Spain",4
"Servei de Neurologia, Hospital del Mar, Barcelona, Spain",4
"Grupo de Investigación en Enfermedades del Corazón (GREC), Instituto Hospital del Mar de Investigaciones Médicas (IMIM), Barcelona, Spain",4
"Department of Endocrinology, IDIBAPS, Hospital Clinic, University of Barcelona, 08036 Barcelona, Spain",4
"Fight AIDS and Infectious Diseases Foundation, Badalona, Spain",4
"Universitat Autònoma de Barcelona, Bellaterra (Cerdanyola del Vallès), Spain",4
"Hospital Universitario de Segovia, Segovia, Spain",4
"Hospital Clinic de Barcelona, Barcelona, Spain",4
"School of Medicine and Health Sciences, Universitat de Barcelona, Barcelona, Spain",4
"Department of Psychobiology and Methodology, Autonomous University of Barcelona, 08193 Barcelona, Spain",4
UAB - Universitat Autònoma de Barcelona = Autonomous University of Barcelona = Universidad Autónoma de Barcelona (UAB Campus 08193 Bellaterra Barcelona - Spain),4
"Mental Health Research Group, Hospital del Mar Medical Research Institute (IMIM), Barcelona, Spain",4
"Musculoskeletal Research Group, IMIM (Hospital del Mar Medical Research Institute), Centro de Investigación Biomédica en Red en Fragilidad y Envejecimiento Saludable (CIBERFES), ISCIII, Barcelona, Spain",4
"Spanish Consortium for Research on Epidemiology and Public Health (CIBERESP), Madrid, Spain",4
"Ciber on Epidemiology and Public Health (CIBERESP), Madrid, Spain",4
"Epidemiology Section, Public Health Division, Department of Health of Madrid, Madrid, Spain",4
Institució Catalana de Recerca i Estudis Avançats (ICREA)  Barcelona Spain,4
"Departament de Medicina, Universitat Autònoma de Barcelona, Barcelona, Spain",4
"Departament de Medicina i Ciències de la Vida, Universitat Pompeu Fabra, Barcelona, Spain",4
"Department of Psychiatry, Araba University Hospital, Bioaraba Research Institute, Department of Neurociences, University of the Basque Country, Vitoria, Spain",4
"Cardiology Department, Hospital del Mar, Barcelona, Spain",4
"Universidad de Cantabria, Santander, Spain",4
"Departament de Medicina, Universitat Autònoma de Barcelona, 08193 Barcelona, Spain",4
"UGC-Medicina Intensiva, Hospital Universitario Reina Sofia, Instituto Maimonides IMIBIC, Córdoba, Spain",4
"Centre for Biomedical Research in Epidemiology and Public Health (CIBERESP), Madrid, Spain",4
"Department of Psychiatry, Clinical Psychology and Mental Health, La Paz University Hospital, Madrid, Spain",4
"Department of Psychiatry, Universidad de Oviedo, Oviedo, Spain",4
"Departament de Medicina, Facultat de Medicina i Ciències de la Salut, Universitat de Barcelona (UB), Barcelona, Spain",4
"Escuela Superior de Enfermería del Mar, Parc de Salut Mar, Barcelona, Spain",4
"Consorcio de Investigación Biomédica en Red de Epidemiología y Salud Pública, Madrid, Spain",4
"Intensive Care Unit, Hospital Álvaro Cunqueiro, Vigo, Spain",4
"ICREA, Pg. Lluis Companys 23, 08010 Barcelona, Spain",4
"Universidad de Barcelona, Barcelona, Spain",4
"Department of Psychiatry, University of Oviedo, Oviedo, Spain",4
"Bipolar and Depressive Disorders Unit, Hospital Clinic of Barcelona, Institute of Neurosciences, IDIBAPS, University of Barcelona, Barcelona, Catalonia, Spain",4
"Department of Dermatology, Instituto Valenciano de Oncología, Valencia, Spain",4
"CIBER Enfermedades Respiratorias (CIBERES), Madrid, Spain",4
"Parc Sanitari Sant Joan de Déu, Barcelona, Spain",4
"Intensive Care Unit, Hospital Son Llàtzer, Palma de Mallorca, Illes Balears, Spain",4
"Parc Sanitari Sant Joan de Déu, Sant Boi de Llobregat, Barcelona, Spain",4
"Department of Medicine, Universitat Autònoma de Barcelona (UAB), Barcelona, Spain",4
"Department of Child and Adolescent Psychiatry, Institute of Psychiatry and Mental Health, Hospital General Universitario Gregorio Marañón, IiSGM, School of Medicine, Universidad Complutense, Madrid, Spain",4
"Department of Medicine, Universitat Autonoma de Barcelona, Barcelona, Spain",4
"Department of Medicine, University of Barcelona, 08036 Barcelona, Spain",4
"Universitat Autònoma de Barcelona, Spain",4
"Group of Psychiatry, Mental Health and Addictions, Psychiatric Genetics Unit, Vall d'Hebron Research Institute (VHIR), Barcelona, Spain",4
"Instituto de Investigación Biosanitaria de Granada (ibs.GRANADA), Granada, Spain",4
"Translational Research in Respiratory Medicine, Respiratory Department, Hospital Universitari Aranu de Vilanova and Santa Maria, IRBLleida, Lleida, Spain",4
"Department of Orthopaedic Surgery, Hospital del Mar, Universitat Autònoma de Barcelona, Barcelona, Spain",4
"Navarra Public Health Institute, Pamplona, Spain",4
Universitat Pompeu Fabra,4
"Department of Psychiatry, Hospital Universitari Vall d'Hebron, Barcelona, Catalonia, Spain",4
"Mental Health Services of the Principality of Asturias (SESPA), Oviedo, Spain",4
"CREAF, Cerdanyola del Vallès 08193, Spain",4
"Hospital Universitario Ramón y Cajal, Madrid, Spain",4
"Departamento de Medicina, Universidad Autónoma de Barcelona, Barcelona, Spain",4
"Research Institute Hospital 12 de Octubre (i+12), Madrid, Spain",4
CIBER Diabetes y Enfermedades Metabólicas (CIBERDEM) Instituto de Salud Carlos III (ISCIII)  Madrid Spain,4
"Medical Oncology Department, Hospital del Mar Research Institute, Barcelona, Spain",4
"Research Group on Community Nutrition and Oxidative Stress, University of Balearic Islands, Palma de Mallorca, Spain",4
"Biomedical Research Networking Center for Mental Health Network (CIBERSAM), Spain",4
"Barcelona Lab for Urban Environmental Justice and Sustainability, Barcelona, Spain",4
"ICN2 - ICN2 - Institut Catala de Nanociencia i Nanotecnologia (Campus UAB, 08193 Bellaterra (Barcelona), Spain - Spain)",4
"Institució Catalana de Recerca i Estudis Avançats (ICREA), Barcelona, Catalonia, Spain",4
"Hospital General Universitario de Albacete, Albacete, Spain",4
"Instituto de Investigación Sanitaria Gregorio Marañón, Madrid, Spain",4
"Neuroscience Research Programme, IMIM-Hospital del Mar Research Institute, Barcelona, Spain",4
"Department of Dermatology, Hospital del Mar, Parc de Salut Mar, Barcelona, Spain",4
"Department of Psychiatry, Institut d'Investigació Biomèdica-Sant Pau (IIB-SANT PAU), Hospital de la Santa Creu i Sant Pau, Universitat Autònoma de Barcelona (UAB), Barcelona, Spain",4
"University of Las Palmas de Gran Canaria, Research Institute of Biomedical and Health Sciences (IUIBS), Preventive Medicine Service, Centro Hospitalario Universitario Insular Materno Infantil (CHUIMI), Canarian Health Service, Las Palmas, Spain",4
"Lipids and Vascular Risk Unit, Internal Medicine, Hospital Universitario de Bellvitge, Hospitalet de Llobregat, 08907 Barcelona, Spain",4
"Department of Experimental and Health Sciences, University Pompeu Fabra, Barcelona, Spain",4
"Neuroscience Research Program, IMIM-Hospital Del Mar Research Institute, Barcelona, Spain",4
"Department of Internal Medicine, Institut d’Investigacions Biomèdiques August Pi Sunyer (IDIBAPS), Hospital Clinic, University of Barcelona, 08036 Barcelona, Spain",4
CIBER Epidemiología y Salud Pública (CIBERESP) Barcelona Spain,4
"Department of Medical Oncology, Hospital del Mar, Barcelona, Spain",4
"Health Services Research Group, Hospital del Mar Research Institute, Barcelona, Spain",4
"Mental Health Research Group, IMIM-Hospital del Mar, Barcelona, Catalonia, Spain",4
Institut d'Investigació Sanitària Pere Virgili (IISPV)  Reus Spain,4
"CIBERONC, Madrid, Spain",4
"Department of Surgery, Universitat Autònoma de Barcelona, 08193 Bellaterra, Spain",4
"Department of Psychiatry and Legal Medicine, Universitat Autònoma de Barcelona, Barcelona, Spain",4
"Hospital Clinico San Carlos, Madrid, Spain",4
"Universidad Complutense de Madrid, Madrid, Spain",3
"Hospital Ramon y Cajal, IRYCIS, Madrid, Spain",3
"Department of Nutrition, Harvard TH Chan School of Public Health, Boston, MA, USA",3
"Department of Urology, Parc de Salut Mar, Barcelona, Spain",3
"Department of Nursing, University of Málaga, Institute of Biomedical Research in Malaga (IBIMA), Málaga, Spain",3
"Servicio de Cardiología, Hospital de la Santa Creu i Sant Pau, Barcelona, Spain",3
"Division of Preventive Medicine, Faculty of Medicine, University of Jaén, 23071 Jaén, Spain",3
"Instituto de Investigación Sanitaria y Biomédica de Alicante (ISABIAL-UMH), Alicante, Spain",3
"Servicio de Cardiología, Hospital del Mar, Barcelona, España",3
"Barcelona Institute for Global Health (ISGLOBAL), Doctor Aiguader, 88, 08003 Barcelona, Catalonia, Spain",3
"Precision Nutrition and Cardiometabolic Health Program, IMDEA Food, CEI UAM + CSIC, 28049 Madrid, Spain",3
"Infectious Diseases Department, Hospital Regional de Málaga, 29010 Málaga, Spain",3
"Barcelona Supercomputing Centre (BSC), Barcelona, Spain",3
"Departament de Química Universitat Autònoma de Barcelona  Edifici C/n, Campus UAB Cerdanyola del Vallès 08193 Spain",3
"Departament de Física, Universitat Autònoma de Barcelona, E-08193 Cerdanyola del Vallès, Spain",3
"Infection Biology Laboratory, Department of Medicine and Life Sciences, Universitat Pompeu Fabra (UPF), Barcelona, Spain",3
"Department of Infectious Diseases, Hospital del Mar, Institut Hospital del Mar d’Investigacions Mèdiques (IMIM), 08003 Barcelona, Spain",3
"Servicio de Dermatología. Hospital Universitario Miguel Servet, Zaragoza, Spain",3
"Genomics of Complex Diseases, Research Institute Hospital Sant Pau, IIB Sant Pau, Barcelona, Spain",3
"Barcelona Institute of Science and Technology (BIST), Barcelona, Spain",3
"Centro Nacional de Investigaciones Cardiovasculares (CNIC), Madrid, Spain",3
"Hospital Son Espases, Palma de Mallorca, Spain",3
"Department of Nutrition, Food Sciences and Physiology, University of Navarra, Pamplona, Spain",3
"Centro Investigación Biomédica en Red de Salud Mental, CIBERSAM G21, 08003 Barcelona, Spain",3
"Centro Investigación Biomédica en Red de Salud Mental, CIBERSAM G21, Barcelona, Spain",3
"Departament de Química, Universitat Autònoma de Barcelona (UAB), Campus UAB, Cerdanyola del Vallès, 08193 Barcelona, Spain",3
"Departament de Salut, Generalitat de Catalunya, Barcelona, Spain",3
"Department of Nursing, School of Health Sciences, University of Málaga-IBIMA, Málaga, Spain",3
"Lipids and Vascular Risk Unit, Internal Medicine, Hospital Universitario de Bellvitge-IDIBELL, Hospitalet de Llobregat, Barcelona, Spain",3
"Instituto de Investigación Biosanitaria ibs.GRANADA, Granada, Spain",3
Division of Preventive Medicine Faculty of Medicine University of Jaén  Jaén Spain,3
"Infectious Diseases Department, Ramon y Cajal Hospital, 28034 Madrid, Spain",3
"Department of Nutrition, Harvard T.H. Chan School of Public Health, Boston, USA",3
"Instituto de Investigaciones Biomédicas y Sanitarias, Universidad de Las Palmas de Gran Canaria, 35016 Las Palmas, Spain",3
"Department of Dermatology, Hospital Universitario y Politécnico La Fe, Valencia, Spain",3
"Gerència Territorial Metropolitana Nord, Institut Català de la Salut, Barcelona, Spain",3
"Lipids and Atherosclerosis Unit, Department of Internal Medicine, Maimonides Biomedical Research Institute of Cordoba (IMIBIC), Reina Sofia University Hospital, University of Cordoba, 14004 Córdoba, Spain",3
"Barcelona Institute for Global Health (ISGlobal), Hospital Clínic—University of Barcelona, 08036 Barcelona, Spain",3
"Precision Nutrition and Cardiometabolic Health Program. IMDEA Food, CEI UAM + CSIC, Madrid, Spain",3
"Department of Nutrition, Harvard T. H. Chan School of Public Health, Boston, MA, United States",3
"Department of Dermatology, Hospital de Bellvitge, Barcelona, Spain",3
"Universidad del País Vasco/Euskal Herriko Unibertsitatea, Spain",3
"Department of Nutrition, Food Sciences, and Physiology, Center for Nutrition Research, University of Navarra, IdiSNA, Pamplona, Spain",3
"Instituto de Investigación Sanitaria de Navarra (IdiSNa), Pamplona, Spain",3
"Genetics Service, Hospital del Mar & Hospital del Mar Research Institute (IMIM), Barcelona, Spain",3
"Department of Medicine, Universitat Internacional de Catalunya, Barcelona, Spain",3
"Hospital Universitario de Canarias, Tenerife, Spain",3
ICREA  Pg. Lluís Companys 23 08010 Barcelona Spain,3
ICREA  Pg. Lluís Companys 23 08010 Barcelona Catalonia Spain,3
"Department of Medicine, Universitat Autónoma de Barcelona, 08193 Barcelona, Spain",3
"ICO L'Hospitalet-Hospital Moises Broggi, Sant Joan Despì, Barcelona, Spain",3
"ICO Girona Hospital Josep Trueta, Girona, Spain",3
"Department of Internal Medicine, IDIBAPS, Hospital Clinic, University of Barcelona, 08036 Barcelona, Spain",3
"CIBER Enfermedades Cardiovasculares, Barcelona, Spain",3
"GREpS, Health Education Research Group, Nursing and Physiotherapy Department, University of Lleida, 25008 Lleida, Spain",3
"Department of Child and Adolescent Psychiatry, Institute of Psychiatry and Mental Health, Hospital General Universitario Gregorio Marañón, School of Medicine, Universidad Complutense, IiSGM, Madrid, Spain",3
"Hospital Universitario de Mostoles, Madrid, Spain",3
Spain,3
"Department of Medicine, Universitat Autònoma de Barcelona (UAB), 08035 Barcelona, Spain",3
"Spanish Biomedical Research Centre in Physiopathology of Obesity and Nutrition (CIBEROBN), Instituto de Salud Carlos III (ISCIII), 28029 Madrid, Spain",3
"Hospital Álvaro Cunqueiro, Vigo, Spain",3
"Department of Medicine, Universitat Autònoma de Barcelona, 08003 Barcelona, Spain",3
"Servicio de Neurología, Hospital Universitario Central de Asturias, Oviedo, España",3
"Epidemiology Unit and Girona Cancer Registry, Oncology Coordination Plan, Department of Health, Autonomous Government of Catalonia, Catalan Institute of Oncology (ICO), Girona Biomedical Research Institute (IdiBGi), Girona, Spain",3
"IDIBAPS, Barcelona, Spain",3
"Parc Sanitari Sant Joan de Déu, Sant Boi de Llobregat, Spain",3
"Parc Sanitari Sant Joan de Déu, CIBERSAM, Universitat de Barcelona, Sant Boi de Llobregat, Barcelona, Spain",3
"Cancer Research Program, Hospital del Mar Medical Research Institute (IMIM), 08003 Barcelona, Spain",3
"ICREA, Pg. Lluís Companys 23, Barcelona 08010, Spain",3
"InterAx Biotech AG, PARK InnovAARE, 5234 Villigen, Switzerland",3
"Department of Clinical Psychology and Psychobiology, University of Barcelona, Barcelona, Spain",3
"ICREA, Passeig Lluis Companys 23, 08010 Barcelona, Spain",3
"Servicio de Salud del Principado de Asturias (SESPA), Oviedo, Spain",3
"CSMIJ Ciutat Vella. Consorci Parc de Salut Mar, Barcelona, Spain",3
ICREA Pg. Lluis Companys  Barcelona Catalonia 08010 Spain,3
"Department of Medicine, Universitat de Barcelona, Barcelona, Spain",3
"Servicio de Urgencias, Hospital de la Santa Creu i Sant Pau, Barcelona, Spain",3
"Servicio de Urgencias, Hospital del Mar, Barcelona, Spain",3
"ICREA, Pg. Lluis Companys, 08010 Barcelona, Catalonia, Spain",3
"CIBER of Epidemiology and Public Health (CIBERESP), Madrid, Spain",3
"Occupational Health Service, Parc de Salut Mar, Barcelona, Spain",3
"Occupational Health Department, Hospital Clínic, Universitat de Barcelona, Barcelona, Spain",3
"Fundació Institut Universitari per a la Recerca a l'Atenció Primària de Salut Jordi Gol i Gurina (IDIAPJGol), Barcelona, Spain",3
Hospital del Mar Medical Research Institute (IMIM) Barcelona Spain,3
"CIBER epidemiología y salud pública (CIBERESP), Madrid, Spain",3
Hospital del Mar Medical Research Institute,3
CIBER Epidemiología y Salud Pública (CIBERESP)  Madrid Spain,3
"Hospital del Mar - Parc de Salut Mar, Barcelona, Spain",3
"CIBER Salud Mental (CIBERSAM), Madrid, Spain",3
"Nutrition Unit, University Hospital of Sant Joan de Reus, 43204 Reus, Spain",3
"Hospital de Granollers, Granollers, Spain",3
"Nutritional Control of the Epigenome Group. Precision Nutrition and Obesity Program. IMDEA Food, CEI UAM + CSIC, Madrid, Spain",3
"CIBER de Enfermedades Respiratorias (CIBERES), ISC III, Madrid, España",3
"CIBER de Enfermedades Respiratorias, 28029 Madrid, Spain",3
CIBER de Epidemiología y Salud Pública (CIBERESP) Instituto de Salud Carlos III  Madrid Spain,3
"Fundació Hospital Clínic Veterinari, Universitat Autònoma de Barcelona, Bellaterra, Spain",3
"CNAG-CRG, Centre for Genomic Regulation (CRG), Barcelona Institute of Science and Technology (BIST), Barcelona, Spain",3
"Orthopedic Department, Hospital del Mar, Universitat Autònoma de Barcelona, Barcelona, Spain",3
CIBER Epidemiología y Salud Pública (CIBERESP) Madrid Spain,3
"Hospital del Mar, Parc de Salut Mar, Barcelona, Spain",3
"Facultat de Medicina, Universitat de Barcelona, Barcelona, Spain",3
"Department of Child and Adolescent Psychiatry and Psychology, Clínic Institute of Neurosciences, Hospital Clínic de Barcelona, 2017SGR881, University of Barcelona, CIBERSAM, IDIBAPS, Barcelona, Spain",3
"Department of Medicine, Institut de Neurociències, Universitat de Barcelona, Barcelona, Spain",3
"Hospital del Mar Medical Research Institute (IMIM), 08003 Barcelona, Spain",3
"Department of Medicine, Faculty of Medicine and Health Sciences, University of Barcelona, 08036 Barcelona, Spain",3
"CIBERESP - Centro de Investigación Biomédica en Red de Epidemiología y Salud Pública =  Consortium for Biomedical Research of Epidemiology and Public Health (Av. Monforte de Lemos, 3-5, Pabellón 11, Planta 0 28029, Madrid - Spain)",3
"Internal Medicine Service, Hospital Clínic, 08036 Barcelona, Spain",3
"Department of Medicine, CHUS, Complejo Hospitalario Universitario de Santiago, Santiago de Compostela, Spain",3
"Department of Medical Sciences, School of Medicine, University of Girona, Girona, Spain",3
"CIBER Fisiopatología de la Obesidad y Nutrición (CIBEROBN), Instituto de Salud Carlos III (ISCIII), 28029 Madrid, Spain",3
"Faculty of Medicine, University of Cantabria, Santander, Spain",3
"Department of Medicine and Psychiatry, Universidad de Zaragoza, Zaragoza, Spain",3
"Statistics Support Unit, Hospital del Mar Medical Research Institute, CIBER Epidemiology and Public Health (CIBERESP), Barcelona, Spain",3
Department of Internal Medicine Maimonides Biomedical Research Institute of Cordoba (IMIBIC) Reina Sofia University Hospital University of Cordoba  Cordoba Spain,3
"Emergency Department, Hospital Universitari de Bellvitge, l'Hospitalet de Llobregat, Barcelona, Catalonia, Spain",3
"Servicio de Medicina Intensiva, Hospital Universitario y Politécnico La Fe, Valencia, Spain",3
"Hospital Universitario HM Montepríncipe, Universidad San Pablo-CEU, Madrid, Spain",3
"Emergency Department, Hospital Universitario de Salamanca, Salamanca, Spain",3
"IRBLleida, Lleida, Spain",3
"Integrative Pharmacology and Systems Neuroscience Group, IMIM (Hospital del Mar Medical Research Institute), Barcelona, Spain",3
"Hospital Universitario Torrejón-Universidad Francisco de Vitoria, Madrid, Spain",3
"Catalan Institute of Nanoscience and Nanotechnology (ICN2), CSIC and BIST, Campus UAB, Cerdanyola del Vallès, E-08193 Barcelona, Spain",3
"Biomedical Network Research Centre on Mental Health (CIBERSAM), Barcelona, Spain",3
"Catalan Institute of Nanoscience and Nanotechnology (ICN2), CSIC and BIST, Campus UAB, Bellaterra, Barcelona, Catalonia, 08193 Spain",3
"Hospital Universitario La Paz, 28046 Madrid, Spain",3
"Catalan Institute of Nanoscience and Nanotechnology (ICN2), CSIC and BIST, Campus UAB, Bellaterra, 08193 Barcelona, Catalonia, Spain",3
"Catalan Institute of Nanoscience and Nanotechnology (ICN2), CSIC and BIST, Campus UAB, Bellaterra 08193, Barcelona, Spain",3
"Catalan Institute of Nanoscience and Nanotechnology (ICN2), CSIC and BIST, Campus UAB, 08193 Bellaterra, Barcelona, Spain",3
"Biomedical Research Group on Heart Disease, Hospital del Mar Medical Research Group (IMIM), 08003 Barcelona, Spain",3
"Department of Nephrology, Hospital del Mar, Barcelona, Spain",3
"Servicio de Dermatología. Hospital Universitario de Gran Canaria Doctor Negrín, Las Palmas de Gran Canaria, Spain",3
"Lipid Clinic, Endocrinology and Nutrition Service, Hospital Clínic, 08036 Barcelona, Spain",3
"ESIMar (Mar Nursing School), Parc de Salut Mar, Universitat Pompeu Fabra affiliated, Barcelona, Spain",3
"ISGlobal, Hospital Clínic—Universitat de Barcelona, 08036 Barcelona, Spain",3
"ISGlobal, Hospital Clínic–Universitat de Barcelona, Barcelona, Spain",3
"Pharmacy Department, Hospital del Mar, 08003 Barcelona, Spain",3
"Catalonian Antidoping Laboratory, Doping Control Research Group, Hospital del Mar Research Institute, Barcelona, Spain",3
"Instituto de Salud Global de Barcelona (ISGlobal), Barcelona, Spain",3
"Emergency Department, Hospital Clínico San Carlos, IDISSC, Universidad Complutense, Madrid, Spain",3
"Department of Dermatology, Hospital Sagrat Cor, Barcelona, Spain",3
"Pharmacy Department, Hospital Del Mar, Barcelona, Spain",3
"Lipid Clinic, Department of Endocrinology and Nutrition, August Pi i Sunyer Biomedical Research Institute (IDIBAPS), Hospital Clinic, University of Barcelona, Barcelona, Spain",3
"Biocruces Bizkaia Health Research Institute, Barakaldo, Spain",3
"Unit of Cardiovascular Risk and Nutrition, Institut Hospital del Mar de Investigaciones Médicas Municipal d`Investigació Médica (IMIM), Barcelona, Spain",3
"Department of Neurology, Complejo Hospitalario Universitario de Albacete, Albacete, Spain",3
"Unit of Cardiovascular Risk and Nutrition, Institut Hospital del Mar de Investigaciones Médicas Municipal d'Investigació Mèdica (IMIM), Barcelona, Spain",3
"Departamento de Ciencias de la Salud, Instituto Universitario de Investigación en Olivar y Aceites de Oliva, Universidad de Jaén, Jaén, Spain",3
"Intensive Care Clinical Unit, Hospital Universitario Virgen de Rocío, Sevilla, Spain",3
"Intensive Care Clinical Unit, Hospital Universitario Virgen de Rocío, Seville, Spain",3
"IMIM (Hospital Del Mar Medical Research Institute), Barcelona, Spain",3
"Biomolecular Screening and Protein Technologies Unit, Centre for Genomic Regulation (CRG), The Barcelona Institute of Science and Technology, Barcelona, Spain",3
"Hospital Universitario San Agustín, Asturias, Spain",3
"Intensive Care Department, Hospital Nuestra Señora de Gracia, Saragossa, Spain",3
"Intensive Care Department, Hospital Nuestra Señora de Gracia, Zaragoza, Spain",3
"Emergency Department, Hospital del Mar, Barcelona, Spain",3
"Biostatistics Unit, Faculty of Medicine, Universitat Autònoma de Barcelona, Barcelona, Spain",3
"Department of Neonatology, Service of Pediatrics, Hospital del Mar, Parc de Salut Mar, Universitat Pompeu Fabra, Passeig Marítim 25-29, 08003, Barcelona, Spain",3
"Gastroenterology Department, Hospital Universitari Germans Trias i Pujol, Badalona, Spain",3
"Servicio de Neurología, Complejo Hospitalario Universitario de Albacete, Albacete, España",3
"Bipolar Disorder Program, Institute of Neuroscience, Hospital Clinic, University of Barcelona, IDIBAPS, CIBERSAM, Barcelona, Catalonia, Spain",3
"Servicio de Neurología, Hospital Clínic i Universitari",3
"Servicio de Neurología, Hospital Clínico Universitario de Valladolid, Valladolid, España",3
"IDIVAL, Santander, Spain",3
"Intensive Care Department, Hospital Universitari Vall d’Hebron, Vall d’Hebron Institut de Recerca, Barcelona, Spain",3
"IMN-Instituto de Micro y Nanotecnología (CNM-CSIC), Isaac Newton 8, PTM, 28760 Tres Cantos, Madrid, Spain",3
"Servicio de Microbiología Clínica y Enfermedades Infecciosas, Hospital General Universitario Gregorio Marañón, Madrid, Spain",3
"Pediatrics Department, Hospital Sant Joan de Déu, Universitat de Barcelona, Esplugues, Barcelona, Spain",3
"Pediatrics Department, Hospital Sant Joan de Déu (University of Barcelona), Barcelona, Spain",3
"Hospital Universitario Marqués de Valdecilla, 39008 Santander, Spain",3
"IMIM-Hospital del Mar (Parc de Recerca Biomèdica de Barcelona C/ Doctor Aiguader, 88 08003 Barcelona - Spain)",3
"IMIM, Hospital del Mar Medical Research Institute, Barcelona, Spain",3
"Biomedical Research Networking Center for Epidemiology and Public Health (CIBERESP), Madrid, Spain",3
"Universitat Autònoma de Barcelona (UAB), Bellaterra, Spain",3
"Cardiovascular and Nutrition Research Group, Institut de Recerca Hospital del Mar, Barcelona, Spain",3
"IMIM Hospital del Mar Medical Research Institute, Barcelona, Spain",3
"Biomedical Research Networking Center for Mental Health Network (CIBERSAM), Madrid, Spain",3
"Hospital Universitario Principe de Asturias, Alcalà de Henares, Madrid, Spain",3
"Departamento de Medicina, Universidad Autónoma de Barcelona, Barcelona, España",3
"Hospital Universitario Puerta de Hierro, Madrid, Spain",3
"Pediatric Infectious Diseases Unit, Pediatrics Department, Hospital Sant Joan de Déu (University of Barcelona), Barcelona, Spain",3
"Department of Internal Medicine, Hospital del Mar and CIBERFES, Autonomous University of Barcelona, Barcelona, Spain",3
"Unidad de Medicina Intensiva, Hospital Universitario Virgen de Valme, Seville, Spain",3
"Department of Psychiatry, Araba University Hospital, Bioaraba Research Institute, Vitoria-Gasteiz, Spain",3
"Mental Health Department, Servicio Navarro de Salud, Pamplona, Spain",3
"Universitat Pompeu Fabra, Barcelona, Catalonia, Spain",3
"Vascular Surgery Department, Hospital del Mar, Barcelona, Spain",3
"August Pi i Sunyer Biomedical Research Institute (IDIBAPS), Spain",3
"Institute for Biomedical Research, University of Las Palmas de Gran Canaria, Las Palmas, Spain",3
"Department of Political and Social Sciences, Universitat Pompeu Fabra (UPF), Barcelona, Spain",3
"Research Group on Health Inequalities, Environment, and Employment Conditions (GREDS-EMCONET), Department of Political and Social Sciences, Universitat Pompeu Fabra, 08005 Barcelona, Spain",3
"Hepato-Biliary and Pancreatic Surgery Unit, Department of Surgery, Hospital Parc Salut Mar, Pompeu Fabra University, Barcelona, Spain",3
"August Pi i Sunyer Biomedical Research Institute (IDIBAPS), 08036 Barcelona, Spain",3
"4sfera Innova, 17002 Girona, Catalonia, Spain",3
"Department of Endocrinology and Nutrition, Hospital Fundación Jimenez Díaz, Instituto de Investigaciones Biomédicas IISFJD, University Autonoma, 28040 Madrid, Spain",3
"Consorcio CIBER, M.P. Fisiopatología de la Obesidad y Nutrición (CIBEROBN), Instituto de Salud Carlos III, 28029 Madrid, Spain",3
"Institute for Global Health (ISGlobal), Barcelona, Spain",3
"Universitat Rovira I Virgili, Tarragona, Spain",3
"Vall d'Hebron Institute of Oncology, Vall d' Hebron University Hospital, Universitat Autònoma de Barcelona, Barcelona, Spain",3
"Department of Genetics, Microbiology and Statistics, Faculty of Biology, Universitat de Barcelona, CIBERER, IBUB, IRSJD, Barcelona, Spain",3
"Centro de Investigación Biomédica en Red de Epidemiología y Salud Pública (CIBERESP), Instituto de Salud Carlos III, Madrid, Spain",3
"Institut Català de Traumatologia, Hospital Universitari Dexeus, Universitat Autònoma de Barcelona, Barcelona, Spain",3
"Centro de Investigación Biomédica en Red de Epidemiología y Salud Pública CIBERESP, Madrid, Spain",3
"Pulmonary Department, University and Polytechnic Hospital La Fe, Valencia, Spain",3
"Universitat Rovira i Virgili, Departament de Bioquímica i Biotecnologia, Alimentaciò, Nutrició, Desenvolupament i Salut Mental ANUT-DSM, Reus, Spain",3
"Department of Psychiatry, Hospital Universitario de Alava, Vitoria, Spain",3
"Respiratory Medicine Department, Hospital del Mar, Barcelona, Spain",3
"Comunidad Terapéutica Jaén Servicio Andaluz de Salud, Jaén, Spain",3
"Research Institute of Biomedical and Health Sciences (IUIBS), University of Las Palmas de Gran Canaria & Centro Hospitalario Universitario Insular Materno Infantil (CHUIMI), Canarian Health Service, 35016 Las Palmas de Gran Canaria, Spain",3
"Centro de Investigación Biomédica en Red Fisiopatología de la Obesidad y la Nutrición (CIBEROBN), Instituto de Salud Carlos III, 28029 Madrid, Spain",3
"Department of Endocrinology and Nutrition, Hospital Fundación Jimenez Díaz. Instituto de Investigaciones Biomédicas IISFJD. University Autonoma, Madrid, Spain",3
"Universitat Internacional de Catalunya (UIC), Barcelona, Spain",3
"Department of Psychiatry and Forensic Medicine, Universitat Autonoma de Barcelona, Barcelona, Spain",3
"Hospital General Universitario de Ciudad Real, Ciudad Real, Spain",3
"MARGenomics, Hospital del Mar Medical Research Institute (IMIM), 08003 Barcelona, Spain",3
"Department of Psychiatry and Forensic Medicine, Universitat Autònoma de Barcelona, Barcelona, Spain",3
"Department of Gastroenterology, Clínica Universidad de Navarra, Pamplona, Spain",3
Universitat Pompeu Fabra  Barcelona Spain,3
"Department of Endocrinology and Nutrition, Instituto de Investigación Sanitaria Hospital Clínico San Carlos (IdISSC), Universidad Complutense, Madrid, Spain",3
"Department of Endocrinology and Nutrition, Hospital del Mar, 08003 Barcelona, Spain",3
"Research Group on Statistics, Econometrics and Health (GRECS), University of Girona, Girona, Spain",3
"BCN MedTech, Department of Information and Communication Technologies, Universitat Pompeu Fabra, Barcelona, Spain",3
"Centro de Investigación Biomédica en Red de Cáncer (CIBERONC), 28029 Madrid, Spain",3
"Virgen de la Victoria Hospital, Department of Endocrinology, University of Málaga, 29010 Málaga, Spain",3
"Virgen de la Victoria Hospital, Department of Endocrinology, Instituto de Investigación Biomédica de Málaga (IBIMA), University of Málaga, Málaga, Spain",3
"Universitat Pompeu Fabra (UPF), Barcelona, Catalonia, Spain",3
"Universitat Pompeu Fabra (UPF), Barcelona, Spain.",3
"Hospital General Universitario Gregorio Marañón, 28007 Madrid, Spain",3
"Instituto Hospital del Mar de Investigaciones Médicas (IMIM), Barcelona, Spain",3
"Research Group on Nutritional Epidemiology & Cardiovascular Physiopathology (NUTRECOR). Health Research Institute of the Balearic Islands (IdISBa), University Hospital Son Espases (HUSE), Palma de Mallorca, Spain",3
"Muscle Wasting and Cachexia in Chronic Respiratory Diseases and Lung Cancer Research Group, Pulmonology Department, Department of Medicine and Life Sciences (MELIS), Hospital del Mar, Medical Research Institute (IMIM), Parc de Salut Mar, Universitat Pompeu Fabra (UPF), Barcelona Biomedical Research Park (PRBB), 08003 Barcelona, Spain",3
"Institut d'investigacions Biomèdiques August Pi i Sunyer (IDIBAPs), Barcelona, Spain",3
"Hospital Clínico Universitario Lozano Blesa, Zaragoza, Spain",3
Institute of Biomedicine (IBIOMED) University of León  León Spain,3
"Institute of Biomedicine (IBIOMED), University of León, 24071 Leon, Spain",3
"Institut Hospital del Mar d’Investigacions Mèdiques (IMIM), 08003 Barcelona, Spain",3
"Department of Psychobiology and Methodology in Health Sciences, Autonomous University of Barcelona, Barcelona, Spain",3
"Department of Radiology, Hospital del Mar, Barcelona, Spain",3
"Critical Care Department, Hospital del Mar, Barcelona, Spain",3
"Consortium for Biomedical Research in Epidemiology and Public Health (CIBERESP), Madrid, Spain",3
"Centro de Investigación Biomédica en red en salud Mental (CIBERSAM), Barcelona, Spain",3
Institut d'Investigacions Biomèdiques August Pi i Sunyer (IDIBAPS) Barcelona Spain,3
Servei de Neurologia Hospital del Mar  Barcelona Spain,3
"University of Navarra, Department of Preventive Medicine and Public Health, Pamplona, Spain",3
"University of Navarra, Department of Preventive Medicine and Public Health, IdiSNA, Pamplona, Spain",3
"Centro de Investigación en Recursos Naturales, Salud y Medio Ambiente (RENSMA), Universidad de Huelva, Huelva, Spain",3
"School of Medicine, Universitat Pompeu Fabra, 08003 Barcelona, Spain",3
"Department of Preventive Medicine and Public Health, School of Medicine, University of Málaga, Málaga, Spain",3
"University of Navarra, Department of Nutrition, Food Science and Physiology, IDISNA, Pamplona, Spain",3
"Centro de Salud La Candelaria, Servicio Andaluz de Salud, Seville, Spain",3
"Red de Salud Mental de Álava, Vitoria-Gasteiz, Spain",3
"Department of Evolutionary Biology, Ecology and Environmental Sciences, Faculty of Biology, University of Barcelona, Biomedicine Institute of the University of Barcelona (IBUB), Barcelona, Spain",3
"Institut d'Investigació Pere Virgili (IISPV), Reus, Spain",3
"Hospital Clinico Universitario, INCLIVA, Valencia, Spain",3
"Health Center Can Gibert del Plà, Catalan Institute of Health, Girona, Spain",3
"Servei de Microbiologia, Hospital de la Santa Creu i Sant Pau, Barcelona, Spain",3
"Research Group on Community Nutrition & Oxidative Stress, University of Balearic Islands-IUNICS, Guillem Colom Bldg, Campus, E-07122, Palma de Mallorca, Spain",3
"Research Group on Community Nutrition & Oxidative Stress, University of Balearic Islands-IUNICS, 07122 Palma de Mallorca, Spain",3
"Centro de Investigación Biomédica en Red de Fragilidad y Envejecimiento Saludable (CIBERFES), Madrid, Spain",3
Department of Family Medicine Research Unit Distrito Sanitario Atención Primaria Sevilla  Sevilla Spain,3
"Department of Psychiatry, Institut de Neuropsiquiatria i Addiccions, Hospital del Mar, Barcelona, Spain",3
Department of Surgery Universitat Autònoma de Barcelona  Barcelona Spain,3
"Department of Psychiatry, Mental Health, and Addiction, GSS–Hospital Santa Maria, Lleida, Spain",3
"Department of Pathology, Hospital Clínic, University of Barcelona, 08036 Barcelona, Spain",3
"SDHEd (Social Determinants and Health Education Research Group), IMIM (Hospital del Mar Medical Research Institute), 08003 Barcelona, Spain",3
"AMIB (Assessoria Metodològica i Bioestadística) (Methodological and Biostatistical Consultancy), IMIM (Institut Hospital del Mar d'Investigacions Mèdiques) (Hospital del Mar Institute for Medical Research), Doctor Aiguader 88, 08003, Barcelona, Spain",3
"Department of Pharmacy, Hospital del Mar, Barcelona, Spain",3
"Department of Endocrinology, Instituto de Investigación Biomédica de Málaga (IBIMA), Virgen de la Victoria Hospital, University of Málaga, 29016 Málaga, Spain",3
"Department of Psychiatry, Universidad Autónoma de Madrid (UAM), Madrid, Spain",3
"Grupo de Vías Respiratorias de la Asociación Española de Pediatras de Atención Primaria (AEPAP), Madrid, Spain",3
Universitat de Barcelona,3
Universitat de Barcelona  Barcelona Spain,3
"Health Research Institute of the Balearic Islands (IdISBa), Hospital Son Espases, 07120 Palma de Mallorca, Spain",3
"Consorcio de Investigación Biomédica en Red de Epidemiología y Salud Pública (CIBERESP), Spain",3
"Sant Pau Memory Unit, Department of Neurology, Hospital de la Santa Creu i Sant Pau, Biomedical Research Institute Sant Pau, Universitat Autònoma de Barcelona, Barcelona, Spain",3
"Hospital Arnau de Vilanova, Valencia, Spain",3
"University of the Basque Country (UPV/EHU), Vitoria-Gasteiz, Spain",3
"Universitat de Barcelona Institute of Complex Systems, Catalonia, Spain",3
"Department of Pharmacy, Hospital del Mar, Parc de Salut Mar, 08003 Barcelona, Spain",3
"Department of Sociology, Universitat de Barcelona, Barcelona, Spain",3
"Department of Urology, Hospital Universitari Josep Trueta, 17007 Girona, Spain",3
Centro de Investigación Biomédica en Red Fisiopatología de la Obesidad y la Nutrición (CIBEROBN) Instituto de Salud Carlos III Madrid Spain,3
"Institut d’Investigació Sanitària Pere Virgili (IISPV), Reus, Spain",3
Centro de Investigación Biomédica en Red Fisiopatología de la Obesidad y la Nutrición (CIBEROBN) Instituto de Salud Carlos III  Madrid Spain,3
"Complutense University of Madrid, Madrid, Spain",3
"Centro de Investigación Biomédica Red de Enfermedades Hepáticas y Digestivas (CIBEREHD), Madrid, Spain",3
"Departament de Ciències Experimentals i de la Salut, Universitat Pompeu Fabra, Barcelona, Spain",3
Department of Endocrinology and Nutrition Instituto de Investigación Sanitaria Hospital Clínico San Carlos (IdISSC)  Madrid Spain,3
"Universitat Autònoma de Barcelona, Bellaterra (Cerdanyola del Vallès), Catalonia, Spain",3
"Department of Obstetrics and Gynecology, Hospital del Mar, Universitat Autònoma de Barcelona, Barcelona, Spain",3
"Department of Preventive Medicine, University of Málaga, Málaga, Spain",3
"Universitat Autònoma de Barcelona, Barcelona, España",3
"Institut de Recerca Sant Joan de Déu, Esplugues de Llobregat, Barcelona, Spain",3
"National Center of Epidemiology, Instituto de Salud Carlos III (ISCIII), Madrid, Spain",3
"Group of Integrative Pharmacology and Systems Neuroscience, Neurosciences Programme, IMIM (Hospital Del Mar Medical Research Institute), Parc de Recerca Biomèdica de Barcelona, Barcelona, Spain",3
"National Centre for Epidemiology, Carlos III Institute of Health, Madrid, Spain",3
"Department of Gastroenterology, Hospital Universitario Central de Asturias, Oviedo, Spain",3
"Hospital General, Jerez de la Frontera, Spain",3
"Research Institute of Biomedical and Health Sciences (IUIBS), University of Las Palmas de Gran Canaria and Centro Hospitalario Universitario Insular Materno Infantil (CHUIMI), Canarian Health Service, Las Palmas de Gran Canaria, Spain",3
"Department of Urology, Hospital Universitari de Bellvitge, 08907 Hospitalet de Llobregat, Spain",3
"Department of Urology, Hospital Universitari Joan XXIII, 43005 Tarragona, Spain",3
"Hospital Gregorio Maranon, Madrid, Spain",3
"Group of Integrative Pharmacology and Systems Neuroscience, Neurosciences Programme, IMIM (Hospital del Mar Medical Research Institute), Parc de Recerca Biomèdica de Barcelona, Barcelona, Spain",3
"Hospital de Sant Joan d'Alacant, Alacant, Spain",3
"Department of Preventive Medicine and Public Health, Universidad de Navarra, 31008 Pamplona, Spain",3
"Medicine Department, Autonomous University of Barcelona, Barcelona, Spain",3
"Institut d’Investigació Sanitària Pere Virgili (IISPV), 43201 Reus, Spain",3
Department of Endocrinology and Nutrition Hospital Fundación Jimenez Díaz Instituto de Investigaciones Biomédicas IISFJD University Autonoma  Madrid Spain,3
"Research Network on Chronicity, Primary Care and Health Promotion (RICAPPS), ISCIII, 28029 Madrid, Spain",3
"Centro de Investigación Biomédica en Red Fisiopatología de la Obesidad y la Nutrición (CIBEROBN), Institute of Health Carlos III, 28029 Madrid, Spain",3
Department of Allergy and Immunology Hospital Quirónsalud Bizkaia  Bilbao Spain,2
"Institut de Biotecnologia i de Biomedicina, Departament de Bioquimica i Biologia Molecular, Universitat Autònoma de Barcelona, 08193 Cerdanyola del Vallès, Spain",2
Institut de Biomedicina de la Universitat de Barcelona (IBUB),2
"Department of Psychiatry, University Hospital of Bellvitge-IDIBELL, Barcelona, Spain",2
"Institut d’Investigació Biomèdica Sant Pau, Barcelona, España",2
"ICREA, Passeig Lluís Companys 23, 08010 Barcelona, Spain",2
"Servicio de Neurología, Hospital del Mar, Barcelona, España",2
"Department of Microbiology, Hospital Clinic of Barcelona, Universitat de Barcelona, Barcelona, Spain",2
"Epilepsy Unit, Neurology Department, Hospital Clinic of Barcelona, Barcelona, Spain",2
"Hospital de Viladecans, Barcelona, Spain",2
"Cancer Research Program, IMIM (Hospital del Mar Medical Research Institute), 08003 Barcelona, Spain",2
"Department of Microbiology, CDB, Hospital Clinic, University of Barcelona, Barcelona, Spain",2
"Institut d'Investigacións Biomèdiques August Pi Sunyer (IDIBAPS), Barcelona, Spain",2
"School of Health Sciences, Blanquerna-Ramon Llull University, Barcelona, Spain",2
"ICREA, Institució Catalana de Recerca i Estudis Avançats, Barcelona, Spain",2
"ICREA: Catalan Institution for Research and Advanced Studies, Barcelona, Spain",2
"Institut d’Investigacions Biomèdiques August Pi i Sunyer, Barcelona, Spain",2
"Department of Cardiology, Hospital Txangorritxu, 01009 Vitoria, Spain",2
"ICREA, Pg. Lluís Companys 23, E-08010 Barcelona, Spain",2
"Research Program on Biomedical Informatics (GRIB), Department of Experimental and Health Sciences, Hospital del Mar Medical Research Institute (IMIM), Universitat Pompeu Fabra, Barcelona, Spain",2
"Department of Preventive Medicine and Public Health, University of Granada, 18011 Granada, Spain",2
"Department of Preventive Medicine and Public Health, University of Granada, 18071 Granada, Spain",2
"ICREA, Pg. Lluís Companys 23, 08010, Barcelona, Catalonia, Spain",2
"CIBER de Epidemiología y Salud Pública (CIBERESP), Instituto de Salud Carlos III, 28029, Madrid, Spain",2
"ICREA Institució Catalana de Recerca i Estudis Avançats, Passeig de Lluís Companys, 23, 08010, Barcelona, Spain",2
"Department of Medicine, Universitat de Barcelona, 08007 Barcelona, Spain",2
"CSIC, Global Ecology Unit CREAF-CSIC-UAB, Bellaterra, Catalonia, Spain",2
"CSIC, Cerdanyola del Vallès, Spain",2
"Department of Psychiatry, Navarre Hospital Complex, IdiSNA, Navarre Institute for Health Research, Pamplona, Spain",2
"Department of Medicine, Universitat Pompeu Fabra, Barcelona, Spain",2
"Institute for Research in Biomedicine (IRB Barcelona), The Barcelona Institute of Science and Technology (BIST), 08028 Barcelona, Spain",2
"School of Healthcare Science, Manchester Metropolitan University, Manchester M15 6BH, UK",2
"CIBER de Fisiopatología de la Obesidad y Nutrición, Instituto de Salud Carlos III, Madrid, Spain",2
"Institut de Ciència de Materials de Barcelona (ICMAB-CSIC), Campus UAB, Bellaterra, E-08193 Barcelona, Spain",2
"CSIC - Consejo Superior de Investigaciones Cientificas [España] = Spanish National Research Council [Spain] (Serrano 117, 28006, Madrid - Spain)",2
"Department of Psychiatry, Instituto de Investigación Sanitaria Princesa (IIS-IP), Madrid, Spain",2
"Rhinology Unit & Smell Clinic, ENT Department, Hospital Clinic - Clinical & Experimental Respiratory Immunoallergy, IDIBAPS, CIBERES, Universitat de Barcelona, Barcelona, Spain",2
"Research Unit, Department of Family Medicine, Distrito Sanitario Atención Primaria Sevilla, 41010 Sevilla, Spain",2
"Research Institute of Biomedical and Health Sciences, University of Las Palmas de Gran Canaria, Las Palmas de Gran Canaria, Spain",2
"Department of Anaesthesiology, Parc de Salut Mar, Barcelona, Spain",2
"Department of Medicine, Universitat Pompeu Fabra, 08002 Barcelona, Spain",2
"Department of Psychiatry, Universidad Autónoma de Madrid, Madrid, Spain",2
"Department of Allergy, Hospital La Paz Institute for Health Research (IdiPAZ), Madrid, Spain",2
"ICREA, Catalan Institution for Research and Advanced Studies, Barcelona, Spain",2
"Institut d’Investigació Pere Virgili (IISPV), 43204 Reus, Spain",2
"ICREA, Barcelona, Spain.",2
"Department of Psychiatry, Universidad Autonoma de Madrid (UAM), Spain",2
"Campus Docent Sant Joan de Déu Fundació Privada, School of Nursing University of Barcelona  Barcelona Spain",2
"Consorcio de Investigacion Biomedica en Red de Epidemiologia y Salud Publica (CIBERESP), Madrid, Spain",2
"Department of Medicine and Life Sciences, Universitat Pompeu Fabra (UPF), 08003 Barcelona, Spain",2
Complejo Hospitalario de Ourense. CIBERSAM,2
"Department of Medicine and Life Sciences, Universitat Pompeu Fabra (UPF), 08002 Barcelona, Spain",2
"CIBER de Epidemiología y Salud Pública, Instituto de Salud Carlos III, Madrid, Spain",2
"ICREA Pg. Lluis Companys, Catalonia, 08010 Barcelona, Spain",2
"Department of Psychiatry, School of Medicine, University of Oviedo, Instituto de Investigación Sanitaria del Principado de Asturias, Mental Health Services of Principado de Asturias, Biomedical Research Networking Centre in Mental Health (CIBERSAM), Oviedo, Spain",2
"Institute for Research in Biomedicine (IRB Barcelona), The Barcelona Institute of Science and Technology, 08028 Barcelona, Spain",2
"Institute for Research in Biomedicine (IRB Barcelona), The Barcelona Institute of Science and Technology (BIST), 08028 Barcelona, Spain.",2
"Research Group in Nursing Care (GRECI), Hospital del Mar Institute of Medical Research (IMIM), Barcelona 08003, Spain",2
"Research Network on Chronicity, Primary Care and Health Promotion (RICAPPS), Barcelona, Spain",2
"Department of Pharmacology, Therapeutics and Toxicology, Universitat Autònoma de Barcelona (UAB), 08193 Cerdanyola del Vallés, Spain",2
"Intensive Care Department, Hospital Universitari Vall d'Hebron, Vall d'Hebron Institut de Recerca, Barcelona, Spain",2
"Institut d'Investigació Sanitària Pere Virgili (IISPV), Hospital Universitari Sant Joan de Reus, Reus, Spain",2
"Pathology Department, Hospital del Mar, Barcelona, Spain",2
"EpiPHAAN Research Group, School of Health Sciences, University of Málaga - Instituto de Investigación Biomédica en Málaga (IBIMA), Málaga, Spain",2
"EpiPHAAN Research Group, School of Health Sciences, University of Málaga -Instituto de Investigación Biomédica en Málaga (IBIMA), Málaga, Spain",2
"Department of Pharmacology, Therapeutics and Toxicology, Universitat Autònoma de Barcelona (UAB), Cerdanyola del Vallès, Spain",2
"Hospital de Sant Pau, Barcelona, Spain",2
"Epidemiología y Genética Cardiovascular, Grupo REGICOR, Instituto Hospital del Mar de Investigaciones Médicas (IMIM), Barcelona, Spain",2
"Department of Preventive Medicine and Public Health, School of Medicine, University of Navarra, Pamplona, Spain",2
"Department of Preventive Medicine and Public Health, School of Medicine, University of Valencia, 46010, Valencia, Spain",2
"Cardiology Department, Hospital del Mar, 08003 Barcelona, Spain",2
"Servicio de Neurología, Biomedical Research Institute of Girona, Hospital Universitario Doctor Josep Trueta, Girona, España",2
"Institut d'Investigació Sanitària Pere Virgili (IISPV), Tarragona, Spain",2
"CIBER de Epidemiología y Salud Pública (CIBERESP), Barcelona, Spain",2
"Servicio de Neurología, Complejo Hospitalario Universitario de A Coruña, Instituto de Investigación Biomédica A Coruña, A Coruña, España",2
"Department of Pharmacology, Therapeutics and Toxicology, Universitat Autònoma de Barcelona, Cerdanyola del Vallès, Spain",2
"Department of Medicine and Life Sciences (MELIS), University Pompeu Fabra, Barcelona, Spain",2
"Department of Neonatology, Service of Pediatrics, Hospital del Mar, Parc de Salut Mar, Universitat Autònoma de Barcelona, Passeig Marítim 25-29, 08003, Barcelona, Spain",2
"Institute of Energy Technologies, Department of Chemical Engineering and Barcelona Research Center in Multiscale Science and Engineering, Universitat Politècnica de Catalunya, EEBE, 08019 Barcelona, Spain",2
"Research Programme on Biomedical Informatics (GRIB), Department of Experimental and Health Sciences of Pompeu Fabra University (UPF)-Hospital del Mar Medical Research Institute (IMIM), 08003 Barcelona, Spain.",2
"Scientific, Statistics and Technical Department, Hospital del Mar-IMIM, Barcelona, Spain",2
"IMIM (Hospital del Mar Medical Research Institute) , Barcelona , Spain",2
Institut d'Investigació Sanitària Pere Virgili (IISPV)  Reus 43204 Spain,2
"Centro de Oftalmología Barraquer, Instituto Universitario Barraquer (UAB), Barcelona, Spain",2
"Scientific and Technical Department, Hospital del Mar-IMIM, 08035 Barcelona, Spain",2
"Institute of Energy Technologies Department of Chemical Engineering and Barcelona Research Center in Multiscale Science and Engineering Universitat Politècnica de Catalunya, EEBE  Eduard Maristany 10–14 08019 Barcelona Spain",2
"Cardiometabolics Precision Nutrition Program, IMDEA Food, CEI UAM + CSIC, Madrid, Spain",2
"Institut d'Investigació Sanitària Pere Virgili (IISPV), Hospital Universitari San Joan de Reus, Reus, Spain",2
"Environmental Science and Technology Institute (ICTA), Universitat Autònoma de Barcelona, Barcelona, Spain",2
"Departamento de Pediatría, Obstetricia y Ginecología, Facultad de Medicina, Universidad de Valencia, Spain",2
"Department of Pharmacology, Therapeutics and Toxicology Autonomous University of Barcelona  Cerdanyola del Vallès Spain",2
"Pathology Department, Vall d'Hebron University Hospital, Barcelona, Spain",2
"Research Programme on Biomedical Informatics (GRIB), Department of Experimental and Health Sciences, Hospital del Mar Medical Research Institute (IMIM), Pompeu Fabra University (UPF), 08003 Barcelona, Spain",2
"Cardiometabolic Nutrition Group, IMDEA Food, CEI UAM + CSIC, Madrid, Spain",2
"Cardiometabolic Nutrition Group, IMDEA Food, CEI UAM + CSIC, 28049 Madrid, Spain",2
"School of Psychology, Complutense University, Madrid, Spain",2
"Institute of Diagnostic Imaging (IDI)-Research Unit (IDIR), Parc Sanitari Pere Virgili, Barcelona, Spain",2
"IMDEA Water Institute, Avenida Punto Com, 2, Alcalá de Henares, 28805 Madrid, Spain",2
"Institut d'Investigació en Atenció Primària IDIAP Jordi Gol, Barcelona, Spain",2
"Department Clinical Sciences, University of Las Palmas de Gran Canaria, 35016 Palmas de Gran Canaria, Spain",2
"Servicio de Neurología, Hospital Universitario Marqués de Valdecilla, IDIVAL, Universidad de Cantabria, Santander, España",2
"Parc de Salut MAR, Barcelona, Spain",2
"Cancer and Public Health Area, FISABIO-Public Health, Valencia, Spain",2
"Department of Preventive Medicine and Public Health, Universidad de Málaga, 29071 Málaga, Spain",2
"Department of Microbiology, Hospital Clínic, Universitat de Barcelona, Spain",2
"Intensive Care Unit, Hospital Clínico Universitario, Valencia, Spain",2
"Consortium for Biomedical Research in Epidemiology and Public Health (CIBERESP), Institute of Health Carlos III, Madrid, Spain",2
"Cardiology Department, Hospital Universitario Virgen del Rocío, Sevilla, Spain",2
"Cancer and Environmental Epidemiology Unit, Department of Epidemiology of Chronic Diseases, National Center for Epidemiology, Carlos III Institute of Health, Madrid, Spain",2
"Servicio de Neurología, Hospital Universitario de La Princesa. Instituto de Investigación Sanitaria Princesa, Universidad Autónoma de Madrid, Madrid, España",2
"Servicio de Neurología, Hospital Universitario de Santiago de Compostela, Santiago de Compostela, España",2
"Epidemiología y Genética Cardiovascular, Grupo REGICOR, Instituto Hospital del Mar de Investigaciones Médicas (IMIM), Barcelona, España",2
ICREA  Pg. Lluís Companys 23 Barcelona 08010 Spain,2
"Department and Faculty of Nursing, Universitat Rovira i Virgili, Tortosa, Spain",2
"Teaching, Research & Innovation Unit, Parc Sanitari Sant Joan de Déu, St. Boi de Llobregat, Spain",2
"Epilepsy Monitoring Unit, Department of Neurology, Member of ERN EpiCARE, Hospital del Mar, Barcelona, Spain",2
"Servicio de Neurología, Hospital de Torrecárdenas, Almería, España",2
"Department of Microbiology, Hospital Clinic, Barcelona, Spain",2
"Department of Medicine and Life Sciences (MELIS), University Pompeu Fabra, Doctor Aiguader 88, 08003 Barcelona, Spain",2
"Institute of Biomedicine, University of León, León, Spain",2
"Institut d'Investigació Sanitària Pere Virgili, Hospital Universitari Sant Joan de Reus, Reus, Spain",2
"Intensive Care Department, Vall d'Hebron Hospital Universitari, SODIR Research Group, Vall d'Hebron Institut de Recerca (VHIR), Barcelona, Spain",2
"Department of Psychology, Universidad de Oviedo, Oviedo, Spain",2
"Epidemiology Section, Public Health Division, Department of Health, Madrid, Spain",2
"Servicio de Neurología, Hospital Clínico Universitario Virgen de la Arrixaca, Instituto Murciano de Investigación Biomédica (IMIB), El Palmar, Murcia, España",2
"Community Heart Failure Program, Departments of Cardiology and Internal Medicine, Bellvitge University Hospital, L'Hospitalet de Llobregat, Barcelona, Spain",2
"Institute of Biomedicine, University of Barcelona, 08028 Barcelona, Spain",2
"Institut d’Investigacions Biomèdiques August Pi i Sunyer (IDIBAPS), 08036 Barcelona, Spain",2
"Department of Psychobiology and Methodology, Autonomous University of Barcelona, Barcelona, Spain",2
"Institut d'Investigació Sanitària Pere i Virgili, Hospital Universitari Sant Joan de Reus, Reus, Spain",2
"IDIBELL, Universitat de Barcelona, Barcelona, Spain",2
"Cardiology Department, Bellvitge University Hospital, L'Hospitalet de Llobregat, Barcelona, Spain",2
"Epidemiology Unit, Regional Ministry of Health, Community of Madrid, Madrid, Spain",2
"Epidemiology and Environmental Health Joint Research Unit, FISABIO-Universitat Jaume I-Universitat de València, Valencia, Spain",2
"Cardiac Surgery Department, The Thorax Institute, Hospital Clinic of Barcelona, Barcelona 08036, Spain",2
"Institute of Biomedicine (IBIOMED), University of León, Leon, Spain",2
"Servicio de Neurología, Hospital Universitario La Paz",2
"Department of Psychology, College of Education, King Saud University, Riyadh, Saudi Arabia",2
"Respiratory Department, Hospital del Mar, Barcelona, Spain",2
"Hospital del Mar, Medical Research Institute (IMIM), Barcelona, Spain",2
"Orthopaedic Department, ICATME-Institut Universitari Quirón-Dexeus, Universitat Autònoma Barcelona, C/ Sabino de Arana 5-19, 08028 Barcelona, Spain",2
"Orthopaedic Department, Hospital del Mar, Universitat Autònoma Barcelona, Passeig Marítim de la Barceloneta 25-29, 08003 Barcelona, Spain",2
"CIBERSAM, Madrid, Spain",2
"Department of Psychiatry and Legal Medicine, Universitat Autònoma de Barcelona, Cerdanyola del Vallés, Spain",2
"Department of Psychiatry and Legal Medicine, Universitat Autònoma de Barcelona, Bellaterra, Spain",2
"Faculty of Medicine, University of Vic-Central University of Catalonia, 08500 Vic, Spain",2
"Department of Medicine, Universitat Autònoma de Barcelona, Spain",2
"Department of Medicine, Intensive Care Unit University Hospital of Jerez, University of Cádiz, INIBiCA, Cádiz, Spain",2
"Clínica Universidad de Navarra, Navarra Institute for Health Research, Pamplona, Spain",2
"Respiratory Department, Hospital Clínico San Carlos, 28015 Madrid, Spain",2
"Institute Mar of Medical Research, IMIM, Barcelona, Spain",2
"Internal Medicine Department, Institut d’Investigacions Biomèdiques August Pi Sunyer (IDIBAPS), Hospital Clinic, University of Barcelona, 08036 Barcelona, Spain",2
"Department of Psychiatry and Legal Medicine, Universitat Autònoma de Barcelona, Barcelona, Catalonia, Spain",2
"Specialized Service in Mental Health and Intellectual Disability, Institut Assistència Sanitària (IAS), Parc Hospitalari Martí i Julià, 17190 Girona, Spain",2
"Hospital del Mar, 08003 Barcelona, Spain",2
"Department of Medicine, Institut de Neurociències, Universitat de Barcelona, Spain",2
"Department of Medicine, Pompeu Fabra University, Barcelona, Spain",2
"Department of Medicine, School of Medicine, University of Valencia, Valencia, Spain",2
"Institut de Nutrició i Seguretat Alimentària (INSA), Universitat de Barcelona (UB), 08921 Santa Coloma de Gramanet, Spain",2
"Research Institute of Biomedical and Health Sciences (IUIBS), University of Las Palmas de Gran Canaria and Service of Preventive Medicine, Complejo Hospitalario Universitario Insular Materno Infantil (CHUIMI), Canary Health Service, 35001 Las Palmas de Gran Canaria, Spain",2
"Institut de Nutrició i Seguretat Alimentària (INSA), Universitat de Barcelona (UB), Santa Coloma de Gramanet, Spain",2
Co-first authors,2
"Department of Psychiatry and Psychotherapy, University Hospital, LMU Munich, Munich, 80336, Germany",2
"Respiratory Department, Instituto de Investigación Sanitaria, Hospital Universitario de la Princesa, 28015 Madrid, Spain",2
"Institute for Bioengineering of Catalonia (IBEC), The Barcelona Institute of Science and Technology (BIST), Barcelona, Spain",2
"Respiratory Department, Hospital del Mar, IMIM, Barcelona, Spain",2
"Department of Basic, Developmental and Educational Psychology, Autonomous University of Barcelona, Cerdanyola del Vallès, Spain",2
"Respiratory Department, Hospital Clínic, 08035 Barcelona, Spain",2
"Orthopedic Department, Hospital Arnau de Vilanova, Valencia, Spain",2
"Hospital del Mar—Parc de Salut Mar, Barcelona, Spain",2
"Consorci Parc de Salut MAR de Barcelona, Hospital del Mar of Barcelona, Barcelona 08003, Spain",2
"Department of Basic, Evolutive and Education Psychology, Faculty of Psychology, Universitat Autònoma de Barcelona, Barcelona, Spain",2
"Department of Biochemistry and Biotechnology, Faculty of Medicine and Health Sciences, University Rovira i Virgili (URV), 43201 Reus, Spain",2
"CIBERehd, Instituto de Salud Carlos III, Madrid, España",2
"Respiratory Department, Hospital la Paz, 28015 Madrid, Spain",2
"Department of Preventive Medicine and Epidemiology, Hospital Clinic, Universitat de Barcelona, Barcelona, Spain",2
Hospital del Mar Research Institute  Barcelona Spain,2
"Faculty of Health Sciences,Catholic University of Avila, 05005 Avila, Spain",2
"Faculty of Medicine, University of Barcelona, Barcelona, Spain",2
"Department of Psychiatry and Forensic Medicine, School of Medicine, Universitat Autònoma de Barcelona, Bellaterra, Cerdanyola del Vallès, Spain",2
"Respiratory Department, Hospital Ramon y Cajal, 28015 Madrid, Spain",2
"Faculty of Health and Life Sciences, Universitat Pompeu Fabra, Barcelona, Spain",2
"CIBER of Respiratory Diseases (CIBERES), Institute of Health Carlos III, Madrid, Spain",2
"Hospital del Mar Medical Research Institute, IMIM, Barcelona, Spain",2
"Institut de Recerca Sant Joan de Déu, University of Barcelona, Barcelona, Spain",2
"CIBERCV, Instituto de Salud Carlos III, Madrid, Spain",2
Department of Preventive Medicine and Public Health University of Granada  Granada Spain,2
"Department of Medicine and Psychiatry, Zaragoza University, Instituto de Investigación Sanitaria Aragón (IIS Aragón), Zaragoza, Spain",2
"Faculty of Medicine, Universitat Autònoma de Barcelona (UAB), 08193 Barcelona, Spain",2
"Respiratory Department, Hospital Regional Universitario de Málaga, 29003 Málaga, Spain",2
"Hospital del Mar Medical Research Institute, 08003 Barcelona, Spain",2
"Institut de Recerca Sant Joan de Déu, Barcelona, Spain",2
"Department of Psychiatry and Forensic Medicine, Autonomous University of Barcelona, Spain",2
"CIBER, Área de Enfermedades Respiratorias (CIBERES), ISCIII, Spain",2
"Research Institute of Biomedical and Health Sciences (IUIBS), Preventive Medicine Service, Centro Hospitalario Universitario Insular Materno Infantil (CHUIMI), Canarian Health Service, University of Las Palmas de Gran Canaria, Las Palmas, Spain",2
"Respiratory Department, Hospital Universitario y Politécnico La Fe, 46003 Valencia, Spain",2
"Faculty of Health Science and Wellbeing, University of Vic-University Central of Catalonia, 08500 Barcelona, Spain",2
"Occupational Health Service. Hospital Universitari Vall d'Hebron, Barcelona, Spain",2
"International Health Department, Hospital Clinic, Universitat de Barcelona, Barcelona, Spain",2
"Institut de Recerca Sant Joan de Déu, Esplugues de Llobregat, Spain",2
"CIBERINFEC, Instituto de Salud Carlos III, Madrid, Spain",2
"Department of Biochemistry and Molecular Biology, Universitat Autónoma de Barcelona, Campus de la UAB, 08193 Bellaterra, Spain",2
"Computer System Unit, Hospital Clinic, Barcelona, Spain",2
"CIBERES, ISCIII, Barcelona, Spain",2
"Respiratory Department, Hospital Universitario Central de Asturias, 33071 Oviedo, Spain",2
"Hospital del Mar Research Institute, 08003 Barcelona, Spain",2
"CIBERESP, Madrid, Spain",2
"Respiratory Department, Hospital Lucus Augusti, 27080 Lugo, Spain",2
"Faculty of Health Sciences, Department of Biomedical Sciences, Area of Preventive Medicine and Public Health, Universidad de León, Spain",2
Research Institute of Biomedical and Health Sciences (IUIBS) University of Las Palmas de Gran Canaria &amp; Centro Hospitalario Universitario Insular Materno Infantil (CHUIMI) Canarian Health Service  Las Palmas de Gran Canaria Spain,2
"Respiratory Department, Hospital Universitari Germans Trias i Pujol, Badalona, Spain",2
"Faculty of Health Sciences, Universidad Francisco de Vitoria, Madrid, Spain",2
"Department of Biomedical and Neuromotor Sciences, University of Bologna, Bologna, Italy",2
"Department of Psychiatry and Legal Medicine, Universitat Autònoma de Barcelona (UAB), Cerdanyola del Vallès, Spain",2
"Department of Preventive Medicine, University of Malaga, Instituto de Investigación Biomédica de Málaga (IBIMA), Málaga, Spain",2
"CIBER de Salud Mental, Instituto de Salud Carlos III, Barcelona, Spain",2
"Clinical Institute of Neurosciences, Hospital Clinic of Barcelona, Barcelona, Spain",2
"Institut de Neurociències, Universitat Autònoma de Barcelona, Cerdanyola del Vallès, Barcelona, Spain",2
"Department of Preventive Medicine, University of Valencia, 46100, Valencia, Spain",2
"Sleep Unit, Pneumology Department, Hospital Universitario de Guadalajara, Guadalajara, Spain",2
"Consorcio CIBER, M.P. Fisiopatología de la Obesidad y Nutrición (CIBERObn), Instituto de Salud Carlos III (ISCIII), 28029 Madrid, Spain",2
"CIBER de Salud Mental, Instituto de Salud Carlos III, Madrid, Spain",2
"Department of Medicine and Medical Specialties, Alcalá de Henares University, Madrid, Spain",2
"CREAF, Bellaterra (Cerdanyola del Vallès), Catalonia, Spain",2
"Department of Anesthesiology, Hospital del Mar-IMIM, Barcelona, Spain",2
"Osasunbidea, Servicio Navarro de Salud, Atención Primaria, Pamplona, Spain",2
"CREAF, 08193 Cerdanyola del Vallès, Spain",2
"Department of Psychiatry, Hospital Universitari Vall d'Hebron, Barcelona, Spain",2
"Department of Angiology and Vascular Surgery, Hospital del Mar, Barcelona, Spain",2
"IBIS, Universidad de Sevilla, Spain",2
"Institute for Environmental Science and Technology, Barcelona, Spain",2
"Department of Psychiatry, Complejo Hospitalario de Navarra, Pamplona. IdiSNA, Navarra Institute for Health Research, Pamplona, Spain",2
"Department of Medicine and Life Sciences, Universitat Pompeu Fabra, Barcelona Biomedical Research Park, Barcelona, Spain",2
"Clinical &amp; Experimental Respiratory Immunoallergy, IDIBAPS, CIBERES University of Barcelona  Barcelona Spain",2
"Complexo Hospitalario Universitario de Ourense, Orense, Spain",2
"Department of Physiology, Genetics, and Microbiology, University of Alicante, Alicante, Spain",2
"CS Milladoiro, Área Sanitaria de Santiago de Compostela, Spain",2
"Hospital de la Vall d'Hebron, Barcelona, Spain",2
Department of Plastic Surgery Hospital del Mar  Barcelona Spain,2
"Rheumatology Department, Hospital del Mar, Barcelona, Spain",2
"Department of Psychiatry, Hospital de La Santa Creu i Sant Pau, Institut d'Investigació Biomèdica-Sant Pau (IIB-Sant Pau), Barcelona, Spain",2
"Institut de Neurociències, Universitat Autònoma de Barcelona, Barcelona, Spain",2
Research Group on Community Nutrition &amp; Oxidative Stress University of Balearic Islands  Palma de Mallorca Spain,2
"Department of Cardiology, Bellvitge University Hospital, L'Hospitalet de Llobregat, Barcelona, Spain",2
"Department of Preventive Medicine, Universidad de Valencia, 46010 Valencia, Spain",2
"Internal Medicine Clinical Management Unit, Hospital Regional Universitario de Málaga, Instituto de Investigación Biomédica de Málaga (IBIMA-Plataforma BIONAND), Universidad de Málaga, Spain",2
"Department of Pneumology, Hospital Clinic of Barcelona",2
"CREAF, Cerdanyola del Vallès, Barcelona, Catalonia, Spain",2
"Department of Preventive Medicine, Universidad de Valencia, Valencia, Spain",2
"Experimental and Health Sciences Department, Universitat Pompeu Fabra, Barcelona, Spain",2
"Department of Preventive Medicine, University of Granada, 18071 Granada, Spain",2
"Experimental Medicine Department, University of Lleida-IRBLleida, Lleida, Spain",2
"Department of Political and Social Sciences, Universitat Pompeu Fabra, Barcelona, Spain",2
"Department of Basic Clinical Practice, Faculty of Medicine, Universitat de Barcelona, Barcelona, Spain",2
"Institut de Neuropsiquiatria i Adiccions (INAD), Parc de Salut Mar, 08003 Barcelona, Spain",2
"Institut de Neuropsiquiatria i Adiccions (INAD), Parc de Salut Mar, Barcelona, Spain",2
CREAF  Cerdanyola del Vallès Spain,2
"Department of Basic Clinical Practice, Pharmacology Unit, University of Barcelona, Barcelona, Spain",2
"Facultad de Medicina, Universitat Autònoma de Barcelona, Barcelona, España",2
"Institute for Biomedical Research August Pi i Sunyer (IDIBAPS), 08036 Barcelona, Spain",2
"Internal Medicine Department, Hospital Delfos, Barcelona, Spain",2
"Spanish Consortium for Research and Public Health (CIBERESP), Instituto de Salud Carlos III, Madrid, Spain",2
"Department of Medicine, Universidad de Barcelona, Barcelona, Spain",2
"Department of Medicine, Universidad Pompeu Fabra, 08002 Barcelona, Spain",2
"Department of Medicine, Universidad Complutense de Madrid, Madrid, Spain",2
"Facultad de Recursos Naturales Renovables, Universidad Arturo Prat, Iquique, Chile",2
"Department of Medicine and Life Sciences, University Pompeu Fabra, Barcelona, Spain",2
Hospital del Mar Medical Research Institute (IMIM)  Barcelona Spain,2
"Department of Preventive Medicine, University of Valencia, Valencia, Spain;",2
"Orthopedic Surgery Department, Germans Trias i Pujol University Hospital, Badalona, Spain",2
"Research Group on Nutritional Epidemiology & Cardiovascular Physiopathology (NUTRECOR), Health Research Institute of the Balearic Islands (IdISBa), University Hospital Son Espases (HUSE), 07120 Palma de Mallorca, Spain",2
"Institut de Neuropsiquiatria i Addiccions (INAD), Parc de Salut Mar, Barcelona, Spain",2
"CIBER en Epidemiología y Salud Pública (CIBERESP), Spain",2
CREAF Cerdanyola del Vallès Spain,2
"Internet Interdisciplinary Institute, Universitat Oberta de Catalunya, Rambla del Poblenou, 156, 08018 Barcelona, Catalonia, Spain",2
"Department of Medicine, Universitat Autònoma de Barcelona (UAB), Cerdanyola del Vallès, Spain",2
"Department of Medicine and Life Sciences, Universitat Pompeu Fabra, Parc de Recerca Biomèdica de Barcelona, Barcelona, Spain",2
"Clinical Nutrition and Risk Factor Modification Centre, St. Michael's Hospital, Unity Health Toronto, ON, Canada",2
"Clinical Nutrition and Risk Factor Modification Centre, St. Michael's Hospital, Unity Health Toronto, Toronto, ON, Canada",2
"Institut de Neuropsiquiatria i Addicions, Hospital del Mar, Barcelona, Spain",2
"Internal Medicine Department, Hospital HM Sanchinarro, HM Hospitales, Madrid, Spain",2
"Department of Applied Mathematics, Escuela Universitaria Politécnica La Almunia, Universidad de Zaragoza, 50100 Zaragoza, Spain",2
"Department of Applied Mathematics, Escuela Universitaria Politécnica La Almunia, Universidad de Zaragoza, Zaragoza, Spain",2
"Respiratory Institute, Hospital Clinic, Barcelona, Spain",2
"Department of Medicine, Universitat Autònoma de Barcelona (UAB), 08193 Barcelona, Spain",2
"Human Pharmacology and Clinical Neurosciences Research Group, IMIM (Hospital del Mar Medical Research Institute), Barcelona, Spain",2
"Cognitive Decline and Movement Disorders Unit, Neurology Department, Hospital del Mar, Barcelona, Spain",2
"Institute for Biomedical Research, University of Las Palmas de Gran Canaria, 35016 Las Palmas, Spain",2
"Department of Psychiatry, Bellvitge University Hospital, Bellvitge Biomedical Research Institute (IDIBELL), Barcelona, Spain",2
"Research Group on Health Inequalities, Environment, and Employment Conditions (GREDS-EMCONET), Department of Political and Social Sciences, Universitat Pompeu Fabra, Barcelona, Spain",2
"Instituto de Investigación Sanitaria Princesa (IP), Madrid, Spain",2
"Institució Catalana de Recerca i Estudis Avançats (ICREA), Pg. Lluís Companys 23, Barcelona E-08010, Spain",2
"Centre de Recerca Ecològica i Aplicacions Forestals (CREAF), Cerdanyola del Vallès, Catalonia, Spain",2
"Department of Neurosurgery, Vall d'Hebron Hospital, Universitat Autònoma de Barcelona, Barcelona, Spain",2
"Service of Prevention of Labor Risks, Medical Emergencies System, Generalitat de Catalunya, Spain",2
"Infectious Disease Unit and Microbiology Departments, Hospital Universitario Lucus Augusti, Lugo, Spain",2
"Centre de Recerca Ecològica i Aplicacions Forestals (CREAF), 08193 Bellaterra, Catalonia, Spain",2
"Departament de Bioquímica i Biologia Molecular, Universitat Autònoma de Barcelona, 08193 Cerdanyola del Vallès, Spain",2
"Infectious Disease Department, University Hospital Ramón y Cajal, Madrid, Spain",2
"Pneumology and Allergy Department CIBERES and Clinical & Experimental Respiratory Immunoallergy, IDIBAPS, University of Barcelona, Barcelona, Spain",2
"Radiology Department, Hospital Universitario Ramón y Cajal, Madrid, Spain",2
"Instituto Maimónides de Investigación Biomédica de Córdoba (IMIBIC), Córdoba, Spain",2
"Centre d'Estudis Avançats de Blanes (CEAB-CSIC), Blanes, 17300, Spain",2
"Service of Internal Medicine, Hospital de Sant Joan Despí Moisès Broggi, Sant Joan Despí, Barcelona, Spain",2
"Centro de Investigación Biomédica en Red de Enfermedades Cardiovasculares (CIBERCV), 28029 Madrid, Spain",2
"Departament de Biomedicina, Facultat de Medicina, Universitat de Barcelona, 08036 Barcelona, Spain",2
"Departament of Basic, Evolutive and Education Psychology, Universitat Autònoma de Barcelona, Barcelona, Spain",2
"Centro de Investigación Biomédica en Red de Enfermedades Cardiovasculares (CIBERCV), Madrid, Spain",2
"Pneumology Department, Hospital Verge de la Cinta, Tortosa, Tarragona, Spain",2
"Instituto de Investigación Sanitaria de Navarra (IdiSNA), Pamplona, Spain",2
"Departament of Endocrinology, IDIBAPS, Hospital Clínic, University of Barcelona, Barcelona, Spain",2
"Centro de Investigación Biomédica en Red de Diabetes y Enfermedades Metabólicas Asociadas (CIBERDEM), Instituto de Salud Carlos III, Madrid, Spain",2
"Centro de Investigación Biomédica en Red Sobre Enfermedades Neurodegenerativas (C.I.B.E.R.N.E.D.), Campus de Bellaterra, 08193 Bellaterra, Spain",2
"Instituto de Investigación Sanitaria Gregorio Marañón (IiSGM), Madrid, Spain",2
"Infectious Diseases Department, Hospital Universitari de Bellvitge, IDIBELL, Universitat de Barcelona, L'Hospitalet de Llobregat, Barcelona, Spain",2
"Institució Catalana de Recerca i Estudis Avançats (ICREA), Barcelona",2
"Psychiatry Department, Institut d'Investigació Biomèdica-Sant Pau (IIB-SANT PAU), Hospital de la Santa Creu i Sant Pau, Barcelona, Spain",2
"Service of Surgery, Hospital Universitari Josep Trueta, Girona, Spain",2
"Centre for Advanced Studies of Blanes (CEAB-CSIC), Blanes, Spain",2
Centro de Investigación Biomédica en Red de Bioingeniería Biomateriales y Nanomedicina (CIBER‐BBN)  Madrid Spain,2
"Precision Nutrition Program, IMDEA Food, CEI UAM + CSIC, Madrid, Spain",2
"Departament de Química Inorgànica i Orgànica and Institut de Recerca de Química Teòrica i Computacional, Universitat de Barcelona, Diagonal 645, 08028 Barcelona, Spain",2
"Infectious Diseases Department, Bellvitge University Hospital, IDIBELL, University of Barcelona, 08907 Barcelona, Spain",2
"Service of Surgery, Hospital Universitari Germans Trias i Pujol, Universitat Autònoma de Barcelona, Badalona, Barcelona, Spain",2
"Digestive Unit, Hospital San Pedro, Rioja Salud, 26006 Logroño, Spain",2
"Service of Surgery, Hospital Universitari Arnau de Vilanova, Lleida, Spain",2
"Infectious Diseases Department, Hospital Clínic-IDIBAPS, Barcelona, Spain",2
"Infectious Diseases Department, Hospital Clínic i Provincial, 08035 Barcelona, Spain",2
"Departament de Química, Facultat de Ciències, Universitat Autònoma de Barcelona, 08193 Bellaterra, Spain",2
"Psychiatry Department, Institut d'Investigació Biomèdica-Sant Pau (IIB-SANT PAU), Hospital de la Santa Creu i Sant Pau, Universitat Autònoma de Barcelona (UAB), Barcelona, Spain",2
"Service of Surgery, Hospital General de Granollers, Granollers, Barcelona, Spain",2
"Pompeu Fabra University, Barcelona, Catalonia, Spain",2
"Departament de Química, Universitat Autònoma de Barcelona (UAB), Campus UAB, 08193 Cerdanyola del Vallès, Spain",2
"Department of Surgery, Hospital del Mar , Barcelona , Spain",2
"Psychology Department, FPCEE Blanquerna, Universitat Ramon Llull, 08022 Barcelona, Spain",2
"Center for Research in Occupational Health (CiSAL), Universitat Pompeu Fabra, Barcelona, Spain",2
"Physical Medicine and Rehabilitation Department, Parc Taulí Hospital Universitari, 08208 Sabadell, Spain",2
"Centro de Investigación Biomédica en Red de Enfermedades Raras (CIBERER), ISCIII, 28029 Madrid, Spain",2
"Servicio de Dermatología. Complejo Hospitalario Universitario de Pontevedra, Pontevedra, Spain",2
"IdiSNA, Navarra Institute for Health Research, 31008 Pamplona, Spain",2
"Servicio de Dermatología. Hospital General Universitario Dr. Balmis, Alicante. ISABIAL, Alicante, Spain",2
"Physical Medicine and Rehabilitation Department, Hospital del Mar, 08003 Barcelona, Spain",2
"Doping Control Research Group, Catalonian Antidoping Laboratory, IMIM (Hospital del Mar Medical Research Institute), Barcelona, Spain",2
"Departamento de Biología (Botánica), Centro de Investigación en Biodiversidad y Cambio Global (CIBC-UAM), Universidad Autónoma de Madrid, Spain",2
"Instituto Hospital del Mar de Investigaciones Médicas (IMIM), Hospital del Mar, Barcelona, Spain",2
"Instituto de Investigación Sanitaria y Biomédica de Alicante. Universidad Miguel Hernández (ISABIAL-UMH). Alicante, Spain",2
"Centro de Investigación Biomédica en Red de Enfermedades Raras (CIBERER), ISCIII, Barcelona, Spain",2
"Instituto de Investigación de Santiago de Compostela (IDIS), Spain",2
"Servicio de Dermatología. Hospital Universitario Puerta del Hierro, Madrid, Spain",2
"Servicio de Dermatología. Hospital Universitario San Cecilio, Granada, Spain",2
"Department of Neurology, Hospital del Mar, IMIM, Universidad Autónoma de Barcelona, Barcelona, Spain",2
"Pharmacy Service, Hospital del Mar, Barcelona, Spain",2
"Servicio de Dermatología. Hospital Universitario Virgen de las Nieves, Granada. Instituto de Investigación IBS, Granada, Spain",2
"Pharmacy Service, Hospital del Mar, 08003 Barcelona, Spain",2
Department of Pathology Hospital del Mar Universitat Autònoma de Barcelona  Barcelona Spain,2
"Servicio de Dermatología. Hospital Universitario Infanta Leonor, Madrid, Spain",2
"Psychiatry Service, Hospital Clinico Universitario, Valencia, Spain",2
"Instituto Hospital del Mar de Investigaciones Médicas (IMIM), Hospital del Mar, Barcelona, España",2
Centro de Investigación Biomédica en Red de Enfermedades Hepáticas y Digestivas (CIBERehd)  Madrid Spain,2
"Department of Surgery, Hospital Universitari de Bellvitge, L'Hospitalet del Llobregat, Barcelona, Spain",2
"Division of Immunology and Immunotherapy, Cima Universidad de Navarra and \Instituto de Investigación Sanitaria de Navarra (IdISNA)\, Pamplona, Spain",2
"Departament of Genetics, Universitat de València, Valencia, Spain",2
"Instituto de Investigación Sanitaria de Santiago de Compostela, Santiago de Compostela, Spain",2
Centro de Investigación Biomédica en Red de Enfermedades Hepáticas y Digestivas (CIBERehd) Madrid Spain,2
"Instituto de Investigación Sanitaria del Hospital Clínico San Carlos (IdISSC), 28015 Madrid, Spain",2
"Plataforma de Ensayos Clínicos, Instituto de Investigación Sanitaria Illes Balears (IdISBa), Hospital Universitario Son Espases, Palma de Mallorca, Balearic Islands, Spain",2
"Physiological Sciences Department, School of Medicine and Health Sciences, University of Barcelona (UB), Barcelona, Spain",2
"Service of Clinical Analysis, Hospital Universitario de la Princesa, Instituto de Investigación Sanitaria Princesa (IIS-IP), Madrid, Spain",2
"Psychiatry and Legal Medicine Department, Autonomous University of Barcelona, Barcelona, Spain",2
"Centro de Investigación Biomédica en Red de Enfermedades Hepáticas y Digestivas, Madrid, Spain",2
"Centro de Investigación Biomédica en Red de Enfermedades Infecciosas (CIBERINFEC), Instituto de Salud Carlos III, Madrid, Spain",2
"Instituto Aragonés de Ciencias de la Salud (IACS), Zaragoza, Spain",2
"Servicio de Dermatología, Hospital Universitario de Gran Canaria Doctor Negrín, Las Palmas de Gran Canaria, Spain",2
"Instituto de Investigación Sanitaria del Principado de Asturias, Hospital Central de Asturias, Oviedo, Spain",2
"Departamento Medicina Facultad Medicina, Universidad de Cádiz, Hospital Universitario de Jerez, Jerez de la Frontera, Spain",2
"Center of Biomedical Investigation Network for Neurodegenerative Diseases, Madrid, Spain",2
"Center of Biomedical Investigation Network for Neurodegenerative Diseases (CIBERNED), Madrid, Spain",2
"Centre Fòrum Research Unit, Institute of Neuropsychiatry and Addiction, Parc de Salut Mar, Barcelona, Spain",2
"Primary Care Service Delta del Llobregat, Barcelona, Spain",2
"Department of Urology, Hospital Miguel Servet, IIS-Aragon, Zaragoza, Spain",2
"Department of Nutrition, Food Sciences, and Physiology, Center for Nutrition Research, Pamplona, University of Navarra, Navarra Institute for Health Research (IdiSNA), Pamplona, Spain",2
"Department of Urology, Hospital Miguel Servet, IIS-Aragon, 50009 Zaragoza, Spain",2
"Department of Urology, Hospital Germans Trias i Pujol, Badalona, Spain.",2
"Instituto de Investigación Biomédica de Salamanca (IBSAL), Gerencia Regional de Salud de Castilla y León, Salamanca, Spain",2
"Servicio de Cardiología, Hospital Clínic, Barcelona, Spain",2
"Department of Urology, Hospital Germans Trias i Pujol, 08916 Badalona, Spain",2
"Infectious Diseases and Microbiology Unit, Navarra University Clinic, 31008 Pamplona, Spain",2
"Infectious Diseases Unit, Cruces University Hospital, 48903 Bilbao, Spain",2
"Infectious Diseases Department, Hospital Universitario Donostia, Gipuzkoa, Spain",2
"Infectious Diseases Unit, Catalan Institute of Oncology (ICO), Duran i Reynals Hospital, IDIBELL, 08908 Barcelona, Spain",2
"Centro Investigación Biomédica en Red de Salud Mental, CIBERSAM, Barcelona, Spain",2
"Department of Urology, Hospital Germans Trias I Pujol, 08916 Badalona, Spain",2
"Servicio de Cardiología, Hospital Mútua de Terrassa, Terrassa, Barcelona, Spain",2
"Servicio de Cardiología, Hospital Universitari Germans Trias i Pujol, Badalona, Barcelona, Spain",2
"Centro Hospitalario Universitario Insular Materno Infantil (CHUIMI), Servicio Canario de Salud, 35016 Las Palmas, Spain",2
"Programa de Investigación en Cáncer, IMIM (Hospital del Mar Medical Research Institute), Barcelona, Spain",2
"Primary Care Center Zaidín-Center, Servicio Andaluz de Salud, Granada, Spain",2
"Infectious Diseases Service, Hospital del Mar, Infectious Pathology and Antimicrobials Research Group (IPAR), Institut Hospital del Mar d’Investigations Mèdiques (IMIM), Universitat Autònoma de Barcelona (UAB), CEXS-Universitat Pompeu Fabra, 08003 Barcelona, Spain",2
"Servicio de Cardiología, Hospital Universitari de Bellvitge, L'Hospitalet de Llobregat, Barcelona, Spain",2
"Department of Nutrition, Food Sciences and Gastronomy, XIA School of Pharmacy and Food Sciences, University of Barcelona, Barcelona, Spain",2
"Infectious Diseases Unit-Internal Medicine Department, Hospital de la Santa Creu i Sant Pau, Universitat Autonoma de Barcelona, Barcelona, Spain",2
"Department of Urology, Hospital Universitari de Bellvitge, Hospitalet de Llobregat, Spain",2
"Department of Urology, Hospital Universitari Josep Trueta, Girona, Spain.",2
"Department of Urology, Hospital Universitari Josep Trueta, Girona, Spain",2
"Department of Nutrition, Harvard TH Chan School of Public Health, Boston, MA 02115, USA",2
"Department of Urology, Vall d'Hebron Hospital, 08035 Barcelona, Spain",2
"Department of Urology, Vall d'Hebron Hospital, Barcelona, Spain",2
"Centro de Investigación Biomedica En Red – Enfermedades Respiratorias (CIBERES), Barcelona, Spain",2
"Department of Urology, Vall d'Hebron University Hospital, 08035 Barcelona, Spain",2
"Infectious Diseases Unit, Internal Medicine Department and Instituto de Investigación Biomédica Galicia Sur, Hospital Álvaro Cunqueiro, Vigo, Spain",2
"Primary Care Service Litoral, Barcelona, Spain",2
"Department of Urology, Hospital Universitari Joan XXIII, Tarragona, Spain.",2
"Department of Urology, Hospital Universitari Arnau de Vilanova, Lleida, Spain.",2
Department of Vascular and Endovascular Surgery Hospital del Mar Passeig Marítim 25‐29 08003 Barcelona Spain,2
"Department of Nutrition, Harvard T. H. Chan School of Public Health, Boston, USA",2
"Servicio de Anestesiología y Reanimación, Hospital Universitario Basurto, Bilbao, Spain",2
"Centro Salud San Vicente del Raspeig, Alicante, Spain",2
"Departament de Física, Universitat Autònoma de Barcelona, 08193 Bellaterra, Spain",2
"Department of Urology, Hospital Universitari Arnau de Vilanova, Lleida, Spain",2
"Primary Health Care Center Raval Sud, Gerència d'Atenció Primaria, Institut Català de la Salut, Barcelona, Spain",2
"Instituto de Investigación Biomédica de Málaga (IBIMA), Universidad de Málaga, 29003 Málaga, Spain",2
"Departament de Fonaments Clínics, Facultat de Medicina, Universitat de Barcelona (UB), Casanova 143, 08036 Barcelona, Spain",2
"Dermatology Department, Hospital de Santa Creu i Sant Pau de Barcelona, IIB SANT PAU, Universitat Autònoma de Barcelona, Barcelona, Spain",2
"Department of Surgery, School of Medicine and Health Sciences and Hospital Clinic de Barcelona (IDIBAPS), University of Barcelona, Calle Sabino de Arana 1 (2nd floor, Ophthalmology), 08028, Barcelona, Spain",2
"Departament de Bioquímica i Biotecnologia, Alimentació, Nutrició, Desenvolupament i Salut Mental ANUT-DSM, Universitat Rovira i Virgili, 43201 Reus, Spain",2
"Preventive Medicine Department, La Fe University and Polytechnic Hospital, Valencia, Spain",2
Institució Catalana de Recerca i Estudis Avançats (ICREA)  Barcelona 08010 Spain,2
"Dermatology Department, Hospital del Mar, Institut Hospital del Mar d'Investigacions Mèdiques (IMIM), Barcelona, Universitat de Vic-Universitat central de Catalunya (UVIC), Spain",2
"Centre for Fertility and Health (CeFH), Norwegian Institute of Public Health, 0473 Oslo, Norway",2
"Departament de Medicina, Universitat Autònoma de Barcelona, Bellaterra, Spain",2
"Servicio de Cirugía General, Hospital Universitari del Mar, Barcelona, Spain",2
"Infectious Diseases Department, Vall d'Hebron University Hospital, 08035 Barcelona, Spain",2
"Centre of Advanced Studies of Blanes, CEAB-CSIC, Spanish Council for Scientific Research, Blanes, Spain",2
"Servicio de Cirugía General, Hospital Universitario Marqués de Valdecilla, Santander, Spain",2
"Centre for Ecological Research and Forestry Applications (CREAF), 08193 Bellaterra, Spain",2
"Departament de Psicobiologia i Metodologia de les Ciències de la Salut, Universitat Autònoma de Barcelona (UAB), Barcelona, Spain",2
"Service of Surgery, Hospital de Mataró, Consorci Sanitari del Maresme, Mataró, Barcelona, Spain",2
"Departament de Psicobiologia i de Metodologia de les Ciències de la Salut, Universitat Autònoma de Barcelona, Cerdanyola del Vallès, Barcelona, Spain",2
"Infectious Diseases Department, Hospital del Mar, Infectious Pathology and Antimicrobials Research Group (IPAR), Institut Hospital del Mar d'Investigacions Mèdiques (IMIM), Universitat Autònoma de Barcelona (UAB), CEXS-Universitat Pompeu Fabra, Barcelona, Spain",2
"Infectious Diseases Department, Hospital del Mar, 08003 Barcelona, Spain",2
"Department of Surgery, Hospital del Mar, 08003 Barcelona, Spain",2
"Centre for Biomedical Research in Mental Health Network (CIBERSAM), Madrid, Spain",2
"Service of Surgery, Hospital Universitari de Tarragona, Joan XXIII, Tarragona, Spain",2
"Service of Surgery, Hospital de Sant Joan Despí Moisès Broggi, Sant Joan Despí, Barcelona, Spain",2
"Department of Nutrition, Food Science and Gastronomy, XaRTA, INSA, Faculty of Pharmacy and Food Sciences, University of Barcelona, 08028 Barcelona, Spain",2
"Centro de Investigación Biomédica en Red Bioingeniería, Biomateriales y Nanomedicina, Madrid, Spain",2
"Centro de Investigación Biomédica en Red Enfermedades Cardiovasculares (CIBERCV), Instituto de Salud Carlos III, Madrid, Spain",2
"Infectious Diseases Service, Hospital del Mar, Barcelona, Spain",2
"Infectious Pathology and Antimicrobials Research Group (IPAR), Institut Hospital del Mar d’Investigacions Mèdiques (IMIM), 08003 Barcelona, Spain",2
"Infectious Pathology and Antimicrobials Research Group (IPAR), Institut Hospital del Mar d’Investigacions Mèdiques (IMIM), Barcelona, Spain",2
"Infectious Diseases Service, Hospital del Mar",2
"Dermatology Department, Hospital General Universitario de Alicante Dr. Balmis, ISABIAL, Alicante, Spain",2
"Departament de Medicina, Facultat de Medicina i Ciències de la Salut, Institut de Neurociències, Universitat de Barcelona, Barcelona, Spain",2
"Servicio de Cardiología, Hospital Universitario de Cabueñes, Gijón, Asturias, Spain",2
"Instituto Oncologico Dr Rosell, Hospital Quiron-Dexeus Barcelona, Barcelona, Spain",2
"Centre for Genomic Regulation, Barcelona Institute of Science and Technology, Barcelona, Spain",2
"Infectious Diseases Service, Hospital Universitari Mútua de Terrassa, Barcelona, Spain. Medicine Department, Universitat Internacional de Catalunya, Barcelona, Spain",2
Departament de Ciències Experimentals i de la Salut Universitat Pompeu Fabra  Barcelona Spain,2
Department of Nutrition Harvard T.H. Chan School of Public Health  Boston MA USA,2
"Centro de Investigación Biomédica en Red Epidemiología y Salud Pública (CIBERESP), Instituto de Salud Carlos III, Madrid, Spain",2
"Department of Orthopaedic Surgery and Traumatology, Hospital del Mar, Universitat Autònoma de Barcelona, Barcelona, Spain.",2
"Departament de Medicina, Universitat Autonoma de Barcelona, Barcelona, Spain",2
"Department of Surgery, Universitat Pompeu Fabra, Barcelona, Spain",2
"Instituto Ramón y Cajal de Investigación Sanitaria, Madrid, Spain",2
"Psychiatry Department, Hospital Clinic of Barcelona, Barcelona 08036, Spain",2
"Instituto Universitario de Neurociencias del Principado de Asturias (INEUROPA), Oviedo, Spain",2
"Emergency Department, Hospital de la Santa Creu i Sant Pau, Barcelona, Spain",2
"Catalan Institute of Nanoscience and Nanotechnology (ICN2), CSIC and BIST, 08193 Bellaterra, Spain",2
"Emergency Department, Hospital del Mar, Barcelona, Catalonia, Spain.",2
"Centro de Investigación Biomédica en Red, Área de Enfermedades Respiratorias (CIBERES), Instituto de Salud Carlos III, 28029 Madrid, Spain",2
"Catalan Institute of Nanoscience and Nanotechnology (ICN2), CSIC and BIST 1 , Campus UAB, Bellaterra, 08193 Barcelona, Spain",2
"Radiation Oncology Department, Hospital del Mar, Parc de Salut Mar, C/. Del Gas s/n Edificio B, sótano -2, 08003, Barcelona, Spain",2
"Centro de Investigación Biomédica en Red: Bioingeniería, Biomateriales y Nanomedicina, Cerdanyola del Vallès, 08193 Barcelona, Spain",2
"Integrative Pharmacology and Systems Neuroscience research group, Hospital del Mar Research Institute (IMIM), Barcelona, Spain",2
"Department of Pediatric Gastroenterology, Hospital de Granollers, Granollers, Spain",2
"Department of Nephrology, Hospital Universitario Ramón y Cajal, Madrid, Spain",2
"Institute of Public and Occupational Health of Navarre (ISPLN), Pamplona, Spain",2
"Endocrinology & Nutrition Department, Hospital Universitario La Paz-IdiPAZ, Madrid, Spain",2
"Critical Care Department, Hospital Universitari Arnau de Vilanova, IRBLleida, Lleida, Spain",2
"Critical Care Department, Hospital Universitari Arnau de Vilanova",2
"Catalan Institute for Research and Advanced Studies (ICREA), Barcelona, Spain",2
"Endocrinology & Nutrition Department. Hospital Universitario Fundación Jiménez Díaz, Health Research Institute-Fundación Jiménez Díaz University Hospital (IIS-FJD, UAM), Madrid, Spain",2
"Servicio de Microbiología y Unidad de Investigación, Hospital Son Espases, IdISBa, Palma de Mallorca, Spain",2
"IMIM-Hospital del Mar Medical Research Institute, 08003 Barcelona, Spain",2
"Endocrinology Department, Hospital Universitari del Mar, 08003 Barcelona, Spain",2
"Critical Care Department, Hospital Joan XXIII, Tarragona, Spain",2
"Endocrinology Department, Institut de Recerca Sant Joan de Déu, 08950 Barcelona, Spain",2
"Centro de Investigación Biomédica en red en salud Mental (CIBERSAM), Spain",2
"Department of Pathology, Hospital del Mar Universitat Autònoma de Barcelona  Barcelona Spain",2
"Department of Pathology, Hospital del Mar, Institut Hospital del Mar d’Investigacions Mediques (IMIM), Barcelona, Spain",2
"Centro de Investigación Biomédica en Red en Bioingeniería, Biomateriales y Nanomedicina (CIBER-BBN), Madrid, Spain",2
"Catalan Institute of Nanoscience and Nanotechnology (ICN2), CSIC and BIST, Campus UAB, Cerdanyola del Vallès, 08193 Barcelona, Spain",2
"Department of Nephrology, Hospital del Mar, 08003 Barcelona, Spain",2
"INSA-UB, Nutrition and Food Safety Research Institute, University of Barcelona, Santa Coloma de Gramanet, Spain",2
"Emergency Department, Hospital de Terrassa, Barcelona, Catalonia, Spain",2
"Institut Hospital del Mar d’Investigacions Mèdiques (IMIM), Barcelona, Spain",2
"Department of Pathology, Hospital del Mar-IMIM, Barcelona, Spain",2
"Institut Hospital del Mar d’Investigacions Mèdiques, 08003 Barcelona, Spain",2
"Integrative Pharmacology and Systems Neuroscience Research Group, Neurosciences Research Program, IMIM (Hospital del Mar Medical Research Institute), Barcelona, Spain",2
"Catalan Institute of Nanoscience and Nanotechnology (ICN2), CSIC and BIST, Campus UAB, Bellaterra, Barcelona 08193, Spain",2
"Catalan Institute of Nanoscience and Nanotechnology (ICN2), CSIC and BIST, Campus UAB, Bellaterra, 08193, Barcelona, Spain",2
"Department of Research, Centre D'Higiene Mental Les Corts, Barcelona, Spain",2
"Institut Hospital del Mar d’Investigacions Mèdiques, Barcelona, Spain",2
"Institut Pere Mata, Hospital Universitari Institut Pere Mata of Reus, Reus, Spain",2
"Institut Universitari d’Investigació en Ciències de la Salut (IUNICS), 07122 Palma de Mallorca, Spain",2
"Serra Húnter Programme, Government of Catalonia, Spain",2
"Institut d'Estudis Catalans (IEC), 08001 Barcelona, Catalonia, Spain",2
"Emergency Department, Hospital de la Santa Creu i Sant Pau, Barcelona, Catalonia, Spain",2
"Radiation Oncology Department, Hospital del Mar, Parc de Salut Mar, Barcelona, Spain",2
"Catalan Institute of Nanoscience and Nanotechnology (ICN2), CSIC and BIST, Campus UAB, Bellaterra, Barcelona, 08193 Catalonia, Spain",2
"Department of Pulmonary Medicine, Hospital Clínic-Institut d’Investigacions Biomèdiques August Pi i Sunyer (IDIBAPS), University of Barcelona, 08036 Barcelona, Spain",2
"Departamento de Medicina, Universidad Autónoma de Madrid. Área de Neurociencias. Instituto de Investigación IdiPAZ, Madrid, España",2
"Servicio de Nefrología, Hospital Universitario de Getafe, Universidad Europea de Madrid, Getafe, Madrid, Spain",2
"Centro de Investigación en Red de Enfermedades Respiratorias, (CIBERES), Instituto de Salud Carlos III (ISCIII), Barcelona, Spain",2
"Institut d'Investigació Biomèdica Sant Pau (IIB Sant Pau), Barcelona, Spain",2
"Critical Care Center, ParcTaulí Hospital Universitari, Institut d'Investigació i Innovació Parc Taulí I3PT, Sabadell, Spain",2
"Secció de Parasitologia, Departament de Biologia, Sanitat i Medi Ambient, Facultat de Farmàcia i Ciències de l'Alimentació, Universitat de Barcelona, Barcelona, Spain",2
"Cardiovascular Risk and Nutrition Research Group (CARIN), Hospital del Mar Medical Research Institute (IMIM), Barcelona, Spain",2
"Cardiovascular Risk and Nutrition Research Group (CARIN), Hospital del Mar Medical Research Institute (IMIM), 08003 Barcelona, Spain",2
"Servicio de Nefrología, Hospital Virgen de la Arrixaca, Murcia, Spain",2
"Endocrinology Service, Hospital del Mar, Barcelona, Spain",2
"Red Española de Investigación en Patología Infecciosa (REIPI), Instituto de Salud Carlos III, Madrid, Spain",2
"Corporació Sanitària Parc Taulí, Department of Mental Health, Sabadell, Spain",2
"Cardiovascular Risk and Nutrition Research Group (CARIN), Hospital Del Mar Research Institute (IMIM), 08003, Barcelona, Spain",2
"IMIM (Hospital del Mar Medical Research Institute), Doctor Aiguader 88, Barcelona 08003, Spain",2
"Pediatric Gastroenterology Unit. Hospital General de Tomelloso, Tomelloso, Spain",2
"Departamento de Medicina, Universidad de Barcelona. Instituto de Investigación Biomédica Augut Pi i Sunyer (IDIBAPS), Barcelona, España",2
"IMIM (Hospital del Mar Medical Research Institute), C/ Dr. Aiguader 88, 08003 Barcelona, Spain",2
"IMIM (Hospital del Mar Medical Research Institute), Barcelona, Spain.",2
"Department of Public Health, Mental Health and Perinatal Nursing, School of Nursing, University of Barcelona, Barcelona, Spain",2
"Department of Nephrology, Hospital Universitario 12 de Octubre, Madrid, Spain",2
"Cardiovascular Risk and Nutrition Research Group (CARIN), Hospital Del Mar Research Institute (IMIM), Barcelona, Spain",2
"Centro de Investigación e Innovación en Bioingeniería (Ci2B), Universitat Politècnica de València, Valencia, Spain",2
"Institute of Evolutionary Biology (CSIC-UPF), Department of Experimental and Health Sciences, Universitat Pompeu Fabra, Barcelona, Spain",2
"Institut d'Investigacions Biomèdiques August Pi i Sunyer (IDIBAPS), Imaging of Mood- and Anxiety-Related Disorders (IMARD), University of Barcelona, CIBERSAM, Instituto de Salud Carlos III, Barcelona, Spain",2
"IMIM, Barcelona, Spain",2
"Institut d'Investigacions Biomèdiques August Pi i Sunyer (IDIBAPS), c. Villarroel, 170, 08036 Barcelona, Spain",2
"Departamento de Medicina Preventiva, Universidad de Valencia, Valencia, Spain",2
"Critical Care Department, Hospital Dr. Negrín Gran Canaria, Las Palmas, Gran Canaria, Spain",2
"Servicio de Microbiología, Hospital Universitario Ramón y Cajal, Madrid, Spain",2
"Pediatric Intensive Care Unit, Hospital General Universitario Gregorio Marañón, Madrid, Spain",2
"Department of Nephrology, Hospital Universitario Fundación Alcorcón, Alcorcón, Madrid, Spain",2
"Institut d'Investigació Biomèdica Sant Pau (IIB SANT PAU), Barcelona, Spain",2
"Cardiovascular Risk and Nutrition research group (CARIN), Hospital del Mar Research Institute (IMIM), Barcelona, Spain",2
"IMIM - Hospital del Mar Medical Research Institute, Barcelona, Spain",2
"Critical Care Department, Corporació Sanitària Parc Taulí, Sabadell, Barcelona, Spain",2
"Sección de Nefrología Pediátrica, Hospital de la Santa Creu i Sant Pau, Universidad Autónoma de Barcelona, Barcelona, Spain",2
"Radiology Department, Hospital del Mar, Barcelona, Spain",2
"Cardiovascular Risk and Nutrition Research Group, Hospital del Mar Medical Research Institute (IMIM), Barcelona, Spain",2
"Centro de Investigación en Red de Enfermedades Respiratorias (CIBERES), Instituto de Salud Carlos III (ISCIII), 28015 Madrid, Spain",2
"IMIM (Hospital del Mar Research Institute), Centro de Investigación Biomédica en Red de Fragilidad y Envejecimiento Saludable (CIBERFES), Barcelona, Spain",2
"Radiology Department, Imatge Mèdica Intercentres-Parc de Salut Mar, Hospital del Mar, 08003 Barcelona, Spain",2
"Cardiovascular Risk and Nutrition Research Group, Epidemiology and Public Health Program, Hospital del Mar Medical Research Institute (IMIM), Barcelona, Spain",2
"IMIM - Hospital del Mar Medical Research Institute. Barcelona, Spain",2
"Ecology Section, Department of Evolutionary Biology, Ecology and Environmental Sciences, University of Barcelona (UB), Barcelona, Spain",2
"Cell Death, Senescence and Survival Group, Departament de Bioquímica i Biologia Molecular and Institut de Neurociències, Facultat de Medicina, Campus de Bellaterra, Universitat Autònoma de Barcelona, 08193 Bellaterra, Spain",2
"Institute of Neurosciences, University of Barcelona, 08035 Barcelona, Spain",2
"Centro de Investigación Biomédica en Red de Fisiopatología de la Obesidad y Nutrición (CIBEROBN), Instituto de Salud Carlos III, Madrid, Spain",2
"Departamento de Ciencias Farmacéuticas y de la Salud, Facultad de Farmacia, Universidad San Pablo-CEU, CEU Universities, Urbanización Montepríncipe, 28660 Boadilla del Monte, Spain",2
"Department of Pathology, Hospital Clinic of Barcelona, Universitat de Barcelona, Barcelona, Spain",2
"Department of Pathology, Hospital Clinic, Barcelona, Spain",2
Catalonia Institute for Energy Research‐IREC Sant Adrià de Besòs  Barcelona 08930 Spain,2
"ISGlobal, Hospital Clínic - Universitat de Barcelona, Barcelona, Catalonia, Spain",2
"Servicio de Endocrinología, Hospital del Mar, IMIM, Barcelona, Spain",2
"Department of Rheumatology, Hospital del Mar, Barcelona, Spain",2
"Departamento de Ciencias de la Salud, Centro de Estudios Avanzados en Olivar y Aceites de Oliva, Universidad de Jaén, 23071 Jaén, Spain",2
Servei de Microbiologia Hospital de la Santa Creu i Sant Pau Barcelona Barcelona Spain,2
"Emergency Department, Complejo Asistencial Universitario de León, León, Spain",2
"Centro de Investigación Biomédica en Red de Fragilidad y Envejecimiento Saludable (CIBERFES), Instituto de Salud Carlos III, Madrid, Spain",2
"Catalonia Institute for Energy Research – IREC Sant Adrià de Besòs, Barcelona 08930, Spain",2
Catalonia Institute for Energy Research – IREC Sant Adrià de Besòs Barcelona 08930 Spain,2
Catalonia Institute for Energy Research – IREC Sant Adrià de Besòs  Barcelona 08930 Spain,2
"Catalonia Institute for Energy Research (IREC), Jardins de les Dones de Negre 1, 08930, Sant Adrià de Besòs, Spain",2
"Emergency Department, Hospital Clínic, IDIBAPS, University of Barcelona, Barcelona, Catalonia, Spain",2
"Emergency Department, Hospital Clínic, IDIBAPS, University of Barcelona, Barcelona, Spain",2
"ISGlobal, Hospital Clinic, University of Barcelona, Barcelona, Spain",2
"Servicio de Dermatología. Hospital Universitario de la Princesa, Madrid, Spain",2
"Servicio de Dermatología. Hospital Universitario y Politécnico la Fe, Valencia, Spain",2
"Pharmacy Service, Division of Medicines, Hospital Clínic de Barcelona, Universitat de Barcelona, Barcelona, Spain",2
"Center for Biomedical Research in Respiratory Diseases (CIBERES), Instituto de Salud Carlos III, Madrid, Spain",2
"Centro de Investigación Biomédica en Red de Enfermedades Raras (CIBERER), Madrid, Spain",2
"Department of Neurology, Hospital del Mar, Barcelona, Spain",2
"Public Health Agency of Catalonia (ASPCAT), Generalitat de Catalunya, Barcelona, Spain",2
"Servicio de Dermatología. Hospital del Mar, IMIM, Universitat Pompeu Fabra, Barcelona, Spain",2
"Center for Biomedical Research in Mental Health (CIBERSAM), Carlos III Health Institute, Madrid, Spain",2
"Department of Neurology, Hospital del Mar",2
"Centro de Investigación Biomédica en Red de Epidemiología y Salud Pública (CIBERESP), Instituto de Salud Carlos III, 28029 Madrid, Spain",2
"Department of Surgery, Hospital General Granollers",2
"Servei de Ressonància Magnètica Nuclear Universitat Autònoma de Barcelona  Campus UAB, Bellaterra 08193 Barcelona Spain",2
"ESIMar (Mar Nursing School), Parc de Salut Mar, Universitat Pompeu Fabra-Affiliated, 08003 Barcelona, Spain",2
"ESIMar (Mar Nursing School), Parc de Salut Mar, Universitat Pompeu Fabra-affiliated, Barcelona, Spain",2
"Center for Biomedical Research in Infectious Diseases Network (CIBERINFEC), Instituto de Salud Carlos III, 28029 Madrid, Spain",2
"Department of Neurology, Hospital de la Santa Creu i Sant Pau, Barcelona, Spain",2
"Servei de Radiologia, Centre de Diagnòstic per la Imatge Clínic, Hospital Clínic, Barcelona, España",2
"Institute of Psychiatric Phenomics and Genomics (IPPG), University Hospital, LMU Munich, Munich, 80336, Germany",2
"Public Health Division of Gipuzkoa, Biodonostia Research Institute, San Sebastian, Spain",2
"Centro de Investigación Biomédica en Red de Enfermedades Respiratorias (CIBERES), Spain",2
"Institute of Psychiatry and Mental Health, Health Research Institute (IdISSC), Clinico San Carlos Hospital, Madrid, Spain",2
"Emergency Department, Hospital Rio Hortega, Valladolid, Spain",2
"Emergency Department, Hospital Santa Creu y Sant Pau, Barcelona, Spain",2
"Centro de Investigación Biomédica en Red de Salud Mental, CIBERSAM, Madrid, Spain",2
"Servicio de Medicina Intensiva, Hospital Universitario La Paz, IdiPAZ, Madrid, Spain",2
"Institute of Neuropsychiatry and Addictions, Hospital del Mar, IMIM, Barcelona, Spain",2
"Emergency Department, Hospital Universitari de Vic, Barcelona, Catalonia, Spain",2
"Catalan Institute of Nanoscience and Nanotechnology (ICN2), Campus UAB, Bellaterra, Barcelona 08193, Catalonia, Spain",2
"Emergency Department, Hospital Universitario Gregorio Marañón, Madrid, Spain",2
"Catalan Institute of Nanoscience and Nanotechnology (ICN2), CSIC, and The Barcelona Institute of Science and Technology (BIST), Campus UAB, Bellaterra, Barcelona 08193, Spain",2
"Department of Pathology, Hospital Universitari Germans Trias i Pujol, Badalona, Barcelona, Spain",2
"Institut D'Investigació Sanitària Pere Virgili (IISPV), Reus, Spain",2
"Institute of Neuropsychiatry and Addictions, Hospital del Mar, Barcelona, Spain",2
"Emergency Department, Hospital Universitario Morales Meseguer, Murcia, Spain",2
"Emergency Department, Hospital Universitario Severo Ochoa, Leganés, Spain",2
"Catalan Institute of Nanoscience and Nanotechnology (ICN2), CSIC and the Barcelona Institute of Science and Technology, Campus UAB, 08193 Bellaterra, Spain",2
"Critical Intensive Medicine Department, Hospital Universitari Arnau de Vilanova de Lleida, IRBLleida, Lleida, Spain",2
"Institute of Neuropsychiatry and Addictions (INAD), Parc de Salut Mar, Barcelona, Spain",2
"Pulmonology Service, University and Polytechnic Hospital La Fe, Valencia, Spain",2
"Catalan Institute of Nanoscience and Nanotechnology (ICN2), CSIC and The Barcelona Institute of Science and Technology (BIST), Campus UAB, Bellaterra, Barcelona 08193, Spain",2
"Catalan Institute of Nanoscience and Nanotechnology (ICN2), CSIC and The Barcelona Institute of Science and Technology (BIST), Campus UAB, Bellaterra, 08193 Barcelona, Spain",2
"Centro de Investigación Biomédica en Red de Salud Mental, Madrid, Spain",2
"Emergency Department, Hospital Universitario Infanta Leonor, Madrid, Spain",2
"Centro de Investigación Biomédica en Red de Oncología, CIBERONC-ISCIII, Madrid, Spain",2
"Departamento de Cirugía, Universidad Autónoma de Barcelona, Barcelona, Spain",2
Department of Surgery Universitat Autònoma de Barcelona Barcelona Spain,2
"Centro de Investigación Biomédica en Red de Salud Mental (CIBERSAM), 28029 Madrid, Spain",2
"ISGlobal, Barcelona Institute for Global Health, Hospital Clínic-Universitat de Barcelona, Barcelona, Spain",2
"Catalan Institution of Research and Advanced Studies (ICREA), Barcelona, Spain",2
"Emergency Department, Hospital Doctor Peset, Valencia, Spain",2
"Institute of Neuroscience, Hospital Clinic, University of Barcelona, IDIBAPS, Barcelona, Spain",2
"Catalan Institution for Research and Advanced Studies (ICREA), Spain",2
"Emergency Department, Hospital General de Albacete, Albacete, Spain",2
"Servei de Digestiu, Hospital del Mar Parc Salut Mar, Barcelona, España",2
"Department of Pathology, Hospital Clínic, Universitat de Barcelona, Spain",2
"Emergency Department, Hospital General de Alicante, University Miguel Hernández, Elche, Alicante, Spain",2
"Catalan Institution for Research and Advanced Studies (ICREA), 08010 Barcelona, Spain.",2
"ISGlobal, Barcelona 08003, Spain",2
"Servei de Gastroenterologia, Hospital de la Santa Creu i Sant Pau, Barcelona, España",2
"Emergency Department, Hospital Josep Trueta, Girona, Spain",2
"Catalan Institute of Oncology, Hospitalet de Llobregat, Barcelona, Spain",2
"Institut Guttmann, Institut Universitari de Neurorehabilitació adscrit a la UAB, Badalona, Barcelona, Spain",2
"Emergency Department, Hospital Miguel Servet, Zaragoza, Spain",2
"Centro de Investigación Biomédica en Red de Salud Mental (CIBERSAM), Madrid, Spain.",2
"Emergency Department, Hospital Reina Sofía, Murcia, Spain",2
"Centro de Investigación Biomédica en Red de Salud Mental (CIBERSAM), Instituto de Salud Carlos III, 28029 Madrid, Spain",2
"Basque Centre for Climate Change (BC3), Leioa, Spain",2
"Lipid Unit, Hospital Santa Caterina, Girona, Spain",2
"Lipid Unit, University Hospital Vall d'Hebron, Barcelona Autonomous University, Barcelona, Spain",2
"Lipid Unit, University Hospital del Mar, Barcelona Autonomous University, Barcelona, Spain",2
"Nephrology Research Group, Vall d’Hebron Research Institute (VHIR), Nephrology Department, Hospital Universitari Vall d’Hebron, Universitat Autònoma de Barcelona, 08035 Barcelona, Spain",2
"Lipid and Vascular Risk Unit, Internal Medicine Service, Hospital Universitario de Bellvitge, Hospitalet de Llobregat, Spain",2
"Barcelonaβeta Brain Research Center (BBRC), Pasqual Maragall Foundation, 08005 Barcelona, Spain",2
"Nephrology Department, Hospital del Mar, Parc de Salut Mar, Barcelona, Spain",2
"BarcelonaBeta Brain Research Center (BBRC), Pasqual Maragall Foundation, Barcelona, Spain",2
"Barcelona, Spain",2
"Hospital Universitario Vall d'Hebron, Barcelona, Spain",2
"Barcelona Supercomputing Centre (BSC-CNS), 08034 Barcelona, Spain",2
"Department of Dermatology, Hospital de la Princesa, Madrid, Spain",2
"Barcelona Supercomputing Center, Barcelona, Spain",2
"Lipids and Atherosclerosis Unit, Department of Internal Medicine, Maimonides Biomedical Research Institute of Cordoba (IMIBIC), Reina Sofia University Hospital, University of Cordoba, Córdoba, Spain",2
"Hospital Son Espases, Mallorca, Spain",2
"Unitat de Recerca en Neurociència Cognitiva, Departament de Psiquiatria i Medicina Legal, Universitat Autònoma de Barcelona, Barcelona, Spain",2
"Barcelona Public Health Agency, Barcelona, Spain",2
"Lipids and Vascular Risk Unit, Internal Medicine Service, Hospital Universitario de Bellvitge, 08907 L'Hospitalet de Llobregat, Spain",2
"Lipids and Vascular Risk Unit, Internal Medicine Service, Hospital Universitario de Bellvitge, 08907 L’Hospitalet de Llobregat, Spain",2
"Geography Department, Universitat Autònoma de Barcelona, Barcelona, Spain",2
"Unitat de Suport a la Recerca de la Catalunya Central, Fundació Institut Universitari per a la recerca a l'Atenció Primària de Salut Jordi Gol i Gurina, Sant Fruitós de Bages, Spain",2
"Hospital Universitari Arnau de Vilanova, Institut de Recerca Biomedica de Lleida (IRBLleida), Universitat de Lleida (UdL), Lleida, Spain",2
"Lipid Clinic, Department of Endocrinology and Nutrition, Institut d’Investigacions Biomèdiques August Pi Sunyer (IDIBAPS), Hospital Clínic, Barcelona, Spain",2
"Hospital Universitari de Vic, Barcelona, Spain",2
"Department of Intensive Care, Hospital Universitari de Bellvitge, Bellvitge Biomedical Research Institute (IDIBELL), L'Hospitalet de Llobregat, Barcelona, Spain",2
"BioMIT, Department of Applied Mathematics, Universitat Politècnica de València, Valencia, Spain",2
"Department of Dermatology, Hospital Universitario 12 de Octubre, Madrid, Spain",2
"Department of Intensive Care Medicine, Hospital Universitario, 12 de Octubre, Madrid, Spain",2
"Department of Dermatology, Hospital Universitario Doce de Octubre, Madrid, Spain",2
"Unitat Clínica de Tuberculosis, Hospital del Mar, Barcelona, Spain",2
"Department of Dermatology, Hospital Universitario Fundación Alcorcón, Madrid, Spain",2
"Networking Biomedical Research Center: Bioengineering, Biomaterials and Nanomedicine (CIBER-BBN), Universitat Autònoma de Barcelona (UAB), Bellaterra 08193, Spain",2
"Department of Dermatology, Hospital Universitario Infanta Leonor, Madrid, Spain",2
"Hospital Universitari Joan XXIII de Tarragona, Tarragona, Spain",2
"Bellvitge University Hospital, Department of Psychiatry, Bellvitge Biomedical Research Institute (IDIBELL), Neurosciences Group - Psychiatry and Mental Health, Barcelona, Spain",2
"Lipid Clinic, Endocrinology and Nutrition Service, Institut d’Investigacions Biomèdiques August Pi Sunyer (IDIBAPS), Hospital Clínic, 08036 Barcelona, Spain",2
"Lipid Unit, ALTHAIA, Xarxa Assistencial Universitària de Manresa, Spain",2
"Hospital Universitari Son Espases, Palma de Mallorca, Spain",2
"Hospital Universitari Sant Joan de Reus-Laboratori de Referència del Camp de Tarragona i de les Terres de l'Ebre, Reus, Spain",2
"Department of Dermatology, Hospital Universitario Reina Sofía, Cordoba, Spain",2
"Department of Dermatology, Hospital Universitario San Cecilio, Granada, Spain",2
"Department of Dermatology, Hospital Universitario Virgen de la Victoria, Málaga, Spain",2
"Bellvitge Biomedical Research Institute (IDIBELL), 08907 L'Hospitalet de Llobregat, Spain",2
"Lipid Unit, Department of Internal Medicine, IDIBELL-Hospital Universitari de Bellvitge, L’Hospitalet de Llobregat, FIPEC, 08908 Barcelona, Spain",2
"Lipid Unit, Hospital Mutua Terrasa, Barcelona, Spain",2
"Lipid Clinic, Endocrinology and Nutrition Service, Institut d'Investigations Biomèdiques August Pi I Sunyer (IDIBAPS), Hospital Clínic, Barcelona, Spain",2
Universidad de Santiago de Compostela,2
"Department of Electronic and Biomedical Engineering, Universitat de Barcelona, 08028 Barcelona, Spain",2
"Department of Infectious Diseases, Hospital Clinic of Barcelona-IDIBAPS, University of Barcelona, Barcelona, Spain",2
"Navarra Institute for Health Research (IdiSNA), Pamplona, Navarra, Spain",2
"Department of Infectious Diseases, Hospital Clinic de Barcelona, Barcelona, Spain",2
"Barcelona City Research Support Unit, University Institute for Research in Primary Care Jordi Gol, Barcelona, Spain",2
"Universidade da Coruña, GRICA Group, Centro de Investigacións Científicas Avanzadas (CICA), Rúa as Carballeiras, 15071, A Coruña, Spain",2
Universitat Autonoma de Barcelona,2
"Gregorio Marañón Health Research Institute (IISGM), Madrid, Spain",2
"Group for Biomedical Research in Sepsis (BioSepsis), Instituto de Investigación Biomédica de Salamanca (IBSAL), Paseo de San Vicente, Salamanca, Spain",2
"Department of Infectious Diseases, Hospital Universitario Cruces, Barakaldo, Spain",2
"Group for Biomedical Research in Sepsis (BioSepsis), Instituto de Investigación Biomédica de Salamanca (IBSAL), Salamanca, Spain",2
"Group of Applied Clinical Research in Hematology, Cancer Research Program-IMIM (Hospital del Mar Medical Research Institute), Barcelona, Spain",2
Universitat Autònoma de Barcelona (UAB) Barcelona Spain,2
Department of Endocrinology Institut d` Investigacions Biomédiques August Pi Sunyer (IDIBAPS) Hospital Clinic University of Barcelona  Barcelona Spain,2
"Group of Evaluation of Health Determinants and Health Policies, Department of Basic Sciences, Universitat Internacional de Catalunya, Sant Cugat Del Vallès, Spain",2
"Group of Evaluation of Health Determinants and Health Policies, Department of Basic Sciences, Universitat Internacional de Catalunya, Sant Cugat del Vallès, Spain",2
"Group of Investigation in Interactions Gene-Environment and Health (GIIGAS), Institute of Biomedicine (IBIOMED), University of León, León, Spain",2
"Nanoscience and Nanotechnology Institute (IN2UB), University of Barcelona, Martí i Franquès 1, 08028 Barcelona, Spain",2
"Universitat Autònoma de Barcelona, 08193 Bellaterra, Spain",2
"Nanomalaria Group, Institute for Bioengineering of Catalonia (IBEC), The Barcelona Institute of Science and Technology, Baldiri Reixac 10-12, 08028 Barcelona, Spain",2
"BETA Technological Center, University of Vic–University of Central Catalonia, Carrer de la Laura 13, 08500, Vic, Catalonia, Spain",2
Universitat Autònoma de Barcelona  Bellaterra Barcelona 08193 Spain,2
"Barcelona Institute for Global Health (ISGlobal, Hospital Clínic-Universitat de Barcelona), Barcelona, Spain",2
"Lipids and Vascular Risk Unit, Internal Medicine, Hospital Universitario de Bellvitge-IBIDELL, Hospitalet de Llobregat, Barcelona, Spain",2
"Department of Dermatology, Hospital del Mar-Parc de Salut Mar, Barcelona, Spain",2
"Universidad Autónoma de Barcelona, Barcelona, España",2
"Universidad Autónoma de Madrid, Madrid, España",2
"Lipids and Vascular Risk Unit, Internal Medicine, Hospital Universitario de Bellvitge-IDIBELL, Hospitalet de Llobregat, Barcelona Spain",2
"Universidad Complutense de Madrid (UCM), Madrid, Spain",2
"Barcelona Institute for Global Health (ISGlobal), Barcelona, Catalonia, Spain",2
"Geriatrics Department, Hospital del Mar, 08003 Barcelona, Spain",2
"Barcelona Institute for Global Health (ISGlobal) and Centro de Investigación Biomédica en Red en Epidemiologia Y Salud Pública (CIBERESP), Barcelona, Spain",2
"Lipids and Vascular Risk Unit, Internal Medicine, University Hospital of Bellvitge-IDIBELL, Hospitalet de Llobregat, 08907 Barcelona, Spain",2
Universidad de Oviedo. CIBERSAM. ISPA. SESPA,2
"Universidad Francisco de Vitoria, Madrid, Spain",2
"Department of Diabetes, Endocrinology and Nutrition, Dr Josep Trueta University Hospital, Girona, Spain",2
"Liver Section, Gastroenterology Department, Hospital del Mar, 08003 Barcelona, Spain",2
"Liver Section, Gastroenterology Department, Hospital del Mar, Barcelona, Spain",2
Department of Ecology University of Barcelona Barcelona Catalonia Spain,2
"Department of Ecology, University of Barcelona, Barcelona, Catalonia, Spain",2
"Department of Infectious Diseases, Hospital Clinic, IDIBAPS, Barcelona, Spain",2
"Department of Infectious Diseases, Hospital Clinic, Barcelona, Spain",2
"Navarra Institute of Health Research (IdiSNA), Pamplona, Spain",2
"Barcelona Clinic Schizophrenia Unit, Hospital Clinic of Barcelona, Neuroscience Institute, University of Barcelona, August Pi I Sunyer Biomedical Research Institute (IDIBAPS), Spain",2
"Barcelona Clinic Schizophrenia Unit, Hospital Clinic of Barcelona, Neuroscience Institute, Spain",2
"Universidad Complutense, Madrid, Spain",2
"Biomedical Research Networking Centre in Epidemiology and Public Health (CIBERESP), Instituto de Salud Carlos III, Madrid, Spain",2
"Laboratory Medicine Department. Hospital Universitario de La Princesa, Madrid, Spain",2
"Gastroenterology Department, Hospital Universitario Miguel Servet, Zaragoza, Spain",2
"Department of Critical Care Medicine, CHUS, Complejo Hospitalario Universitario de Santiago, Santiago, Spain",2
Department of Dermatology,2
"Department of Internal Medicine, Hospital de Sant Joan Despi Moises Broggi, Sant Joan Despi, Spain",2
"Neurology Department, Hospital Universitario Central de Asturias, Oviedo, Spain",2
Department of Dermatology Hospital Universitari Germans Trials i Pujol Institut d'Investigació GermansTrias i Pujol Universitat Autònoma de Barcelona Departament de Medicina Badalona Barcelona Spain,2
"Neurology Department, Hospital Mútua Terrassa, Terrassa, Spain",2
"Gastroenterology Department, Hospital Universitario de Burgos, Burgos, Spain",2
"Bioaraba Health Research Institute, Cardiovascular, Respiratory and Metabolic Area, Osakidetza Basque Health Service, Araba University Hospital, University of the Basque Country UPV/EHU, 01009 Vitoria-Gasteiz, Spain",2
"Unidad de Medicina Interna, Hospital Universitario Fundación Alcorcón, Universidad Rey Juan Carlos, Alcorcón, Madrid, España",2
"Laboratory of Molecular Physiology, Department of Experimental and Health Sciences, Universitat Pompeu Fabra, 08003 Barcelona, Spain",2
"Department of Internal Medicine, Hospital Universitari Germans Trias i Pujol and Institut de Recerca Germans Trias i Pujol (HUGTiP-IGTP), Badalona, Spain",2
"Department of Internal Medicine, Hospital Universitari Germans Trias i Pujol and Institut de Recerca Germans Trias i Pujol (HUGTiP-IGTP), 08916 Badalona, Spain",2
Department of Dermatology Hospital del Mar Institut Mar d'Investigacions Mèdiques Universitat Autònoma de Barcelona (UAB) and Universitat Pompeu Fabra (UPF)  Barcelona Spain,2
"Hospital Universitario Marqués de Valdecilla, Santander, Spain",2
Department of Dermatology Hospital del Mar Universitat Autònoma de Barcelona  Barcelona Spain,2
"Hospital Universitario Marques de Valdecilla. IDIVAL. Santander, Spain",2
"Hospital Universitario Marques de Valdecilla, IDIVAL, Santander, Spain",2
"Biomedical Research Institute INCLIVA, Fundación Investigación Hospital Clínico de Valencia, Valencia, Spain",2
"Biomedical Research Institute August Pi i Sunyer (IDIBAPS), Hospital Clinic of Barcelona, Barcelona, Spain",2
"Unidad de Medicina Intensiva, Hospital Universitario Virgen de Valme, Sevilla, Spain",2
"Hospital Universitario Torrejón- Universidad Francisco de Vitoria, Madrid, Spain",2
"Department of Internal Medicine, Maimonides Biomedical Research Institute of Cordoba (IMIBIC), Reina Sofia University Hospital, University of Córdoba, Córdoba, Spain",2
"Department of Internal Medicine, Maimonides Biomedical Research Institute of Cordoba (IMIBIC), Reina Sofia University Hospital, University of Cordoba, Cordoba, Spain;",2
"Bipolar Disorder Program, Institute of Neuroscience, Hospital Clinic, University of Barcelona, IDIBAPS, CIBERSAM, Barcelona, Spain",2
"Department of Clinical and Health Psychology, Autonomous University of Barcelona, 08193 Bellaterra, Spain",2
"Biostatistics Unit, IDIBELL, Barcelona, Spain",2
"Department of Clinical and Health Psychology, Autonomous University of Barcelona, Cerdanyola del Vallès, Spain",2
"Department of Internal Medicine, Institutd'Investigacions Biomèdiques August Pi Sunyer (IDIBAPS), Hospital Clinic, University of Barcelona, Barcelona, Spain",2
"Department of Internal Medicine, Institut d’Investigacions Biomèdiques August Pi Sunyer (IDIBAPS), Hospital Clinic, University of Barcelona, Barcelona, Spain",2
"Gastroenterology Department, Hospital Universitari Mútua Terrassa, Terrassa, Spain",2
"Neurology Department, IMIM-Hospital del Mar, Barcelona, Spain",2
"Department of Internal Medicine, IDIBAPS, Hospital Clínic, University of Barcelona, Barcelona, Spain",2
"Hospital Universitario Río Hortega, Valladolid, Spain",2
"Department of Clinical and Health Psychology, Universitat Autònoma de Barcelona, Cerdanyola del Vallès, Barcelona, Spain",2
"Biomedicine Institute of Sevilla (IBiS)/CSIC, Seville, Spain",2
"Neurology Department, Hospital del Mar, 08003 Barcelona, Spain",2
"Gastroenterology Department, Hospital Universitario Central de Asturias, Oviedo, Spain",2
"Department of Cognition, Development and Educational Psychology, University of Barcelona, 08035, Barcelona, Spain",2
"Department of Cognition, Development and Educational Psychology, University of Barcelona, Barcelona, Spain",2
"Biomedical Research in Heart Diseases, IMIM (Hospital del Mar Medical Research Institute), Barcelona, Spain",2
"Biomedical Research Networking Centre on Respiratory Diseases (CIBERES), Madrid, Spain",2
"Biomedical Research Networking Centre on Respiratory Diseases (CIBERES), 28029 Madrid, Spain",2
"Biomedical Research Networking Centre in Mental Health (CIBERSAM), Madrid, Spain",2
"Hospital Universitario San Cecilio, Granada, Spain",2
"Department of Dermatology, Hospital Joan XXIII, Tarragona, Spain",2
"Department of Dermatology, Hospital Moisès Broggi, Barcelona, Spain",2
"Hospital Universitario Central de Asturias, and Instituto de Investigación Sanitaria del Principado de Asturias (ISPA)  Oviedo Spain",2
"Department of Dermatology, Hospital Parc Taulí, Barcelona, Spain",2
"Department of Dermatology, Hospital Puerta de Hierro, Madrid, Spain",2
"Department of Dermatology, Hospital Ramón y Cajal, Madrid, Spain",2
"Neurobiology of Behaviour Research Group (GReNeC-NeuroBio), Department of Medicine and Life Sciences, Universitat Pompeu Fabra, Barcelona, Spain",2
"Neurobiology of Behaviour Research Group (GReNeC-NeuroBio), Department of Experimental and Health Sciences, Universitat Pompeu Fabra, 08003 Barcelona, Spain",2
"Department of Dermatology, Hospital Universitari Arnau de Vilanova - Institut de Recerca Biomèdica de Lleida, Lleida, Spain",2
"Department of Internal Medicine Hospital Clinic, IDIBAPS, University of Barcelona, Barcelona, Spain",2
"Hospital Universitario Araba-Santiago, Vitoria-Gasteiz, Spain",2
"Laboratory of Neuropharmacology, Department of Experimental and Health Sciences, Universitat Pompeu Fabra, Barcelona, Spain",2
"Hospital Universitario Araba-Santiago, Instituto de Investigación Sanitaria Bioaraba, Universidad del País Vasco, Spain",2
"Department of Dermatology, Hospital Universitari Germans Trias i Pujol, Badalona, Universidad Autónoma de Barcelona, Barcelona, Spain",2
"Neurobiology Unit, Program in Neurosciences and Institute of Biotechnology and Biomedicine (BIOTECMED), Universitat de València, Burjassot, Spain",2
"Lipid Clinic, Department of Endocrinology and Nutrition, Institut D'Investigacions Biomèdiques August Pi Sunyer (IDIBAPS), Hospital Clínic, Barcelona, Spain",2
"Bioaraba Health Research Institute, Osakidetza Basque Health Service, Araba University Hospital, Vitoria-Gasteiz, Spain",2
"Department of Dermatology, Hospital Universitari Germans Trias i Pujol, Universitat Autònoma de Barcelona, IGTP, Badalona, Spain",2
"Department of Dermatology, Hospital Universitari Mútua Terrassa, Barcelona, Spain",2
"Lipid Clinic, Department of Endocrinology and Nutrition, Institut d'Investigacions Biomèdiques August Pi Sunyer (IDIBAPS), Hospital Clínic, 08036 Barcelona, Spain",2
"Neuro-Oncology Unit, Bellvitge University Hospital-ICO (IDIBELL), Avinguda de la Gran Via de l'Hospitalet, 199-203, L'Hospitalet de Llobregat, 08908 Barcelona, Spain",2
"Department of Dermatology, Hospital Universitari Son Espases, Palma, Spain",2
"Department of Dermatology, Hospital Universitari Vall d'Hebron, Universitat Autònoma de Barcelona, Barcelona, Spain",2
"Biochemical Department, Hospital General Universitario Dr. Balmis de Alicante, Alicante, Spain",2
"Laboratory of Neuropharmacology-Neurophar, Department of Experimental and Health Sciences, Universitat Pompeu Fabra (UPF), Barcelona, Spain",2
"Biomedical Research Centre for Diabetes and Metabolic Diseases Network (CIBERDEM), Instituto de Salud Carlos III (ISCIII), 28029 Madrid, Spain",2
"Department of Dermatology, Complexo Hospitalario Universitario de Vigo, Vigo, Spain",2
Hospital Universitario Infanta Sofía  Madrid Spain,2
"Biomedical Imaging Group, Biomedical Research Networking Center in Bioengineering, Biomaterials and Nanomedicine (CIBER-BBN), Barcelona, Spain",2
"Department of Dermatology, Fundación Jiménez Díaz, Madrid, Spain",2
"Department of Internal Medicine, August Pi i Sunyer Biomedical Research Institute (IDIBAPS), Hospital Clinic, University of Barcelona, Barcelona, Spain",2
Unit of Cardiovascular Risk and Nutrition Institut Hospital del Mar de Investigaciones Médicas Municipal d`Investigació Médica (IMIM)  Barcelona Spain,2
"Hospital Universitario Fundación Jiménez Díaz, 28040 Madrid, Spain",2
"Unit of Cardiovascular Risk and Nutrition, Hospital del Mar Institute for Medical Research (IMIM), 08003 Barcelona, Spain",2
"Hospital Universitario Fundación Alcorcón, Madrid, Spain",2
"Hospital Universitario Costa del Sol, Marbella, Spain",2
Hospital Universitario Fundación Alcorcón  Madrid Spain,2
"Department of Dermatology, Hospital Clínic de Barcelona, Universitat de Barcelona, Barcelona, Spain",2
"Neurodevelopment Group [Girona Biomedical Research Institute]-IDIBGI, Institute of Health Assistance (IAS), Parc Hospitalari Martí i Julià, 17190 Girona, Spain",2
"Department of Dermatology, Hospital Fundación Alcorcón, Madrid, Spain",2
"Department of Dermatology, Hospital General Universitario de Alicante-ISABIAL, Alicante, Spain",2
"Unit of Cardiovascular Risk and Nutrition, Institut Hospital del Mar de Investigaciones Médicas Municipal d'Investigació Mèdica (IMIM), 08003 Barcelona, Spain",2
"Department of Dermatology, Hospital General Universitario de Valencia, Valencia, Spain",2
"Department of Dermatology, Hospital General de Granollers, Barcelona, Spain",2
"Unit of Cardiovascular Risk and Nutrition, Institut Hospital del Mar de Investigaciones Médicas Municipal d’Investigació Médica (IMIM), 08003 Barcelona, Spain",2
"Department of Dermatology, Hospital Gregorio Marañón, Madrid, Spain",2
"Unit of Cardiovascular Risk and Nutrition, Institut Hospital del Mar de Investigaciones Médicas, Barcelona, Spain",2
Lipid Clinic Department of Endocrinology and Nutrition Institut d'Investigacions Biomèdiques August Pi Sunyer (IDIBAPS) Hospital Clínic  Barcelona Spain,2
"Department of Experimental and Health Sciences, Pompeu Fabra University, Barcelona, Spain.",2
"Department of Experimental and Health Sciences, Universitat Pompeu Fabra (CEXS-UPF), 08003 Barcelona, Spain",2
"Microbiology Department, Hospital Clinic I Provincial de Barcelona, Institut of Global Health of Barcelona (ISGlobal), Barcelona, Spain",2
Health Research Institute of the Balearic Islands (IdISBa)  Palma de Mallorca Spain,2
"Ace Alzheimer Center Barcelona - Universitat Internacional de Catalunya, Barcelona, Spain",2
"University of the Basque Country, Vitoria, Spain",2
"Microbiology Department, Centre Diagnòstic Biomèdic, Hospital Clínic, Barcelona, Spain",2
"Health Research Institute of the Balearic Islands (IdISBa), 07120, Palma de Mallorca, Spain",2
"Health Research Institute of the Balearic Islands (IdISBa), Hospital Son Espases, Palma de Mallorca, Spain",2
"ARADyAL Research Network, Barcelona, Spain",2
"Universitat Autònoma de Barcelona, Barcelona, Catalonia, Spain",2
"Department of Experimental and Health Sciences, Universitat Pompeu Fabra, 08002 Barcelona, Spain",2
"Health Research Institute of the Balearic Islands (IdISBa), University Hospital Son Espases, Palma, Spain",2
"Department of Geriatrics, Hospital del Mar, 08003 Barcelona, Spain",2
"ALBA Synchrotron Light Source, 08290 Cerdanyola del Vallès, Spain",2
"Department of Experimental and Health Sciences, Universitat Pompeu Fabra, Doctor Aiguader 88, 08003 Barcelona, Spain",2
"Department of Experimental and Health Sciences, Universitat Pompeu Fabra, Parc de Recerca Biomèdica de Barcelona, Barcelona, Spain",2
AFIN Research Group and Outreach Centre Autonomous University of Barcelona  Cerdanyola del Vallès Spain,2
"Hestia Chair in Integrated Health and Social Care, School of Medicine, Universitat Internacional de Catalunya, Barcelona, Spain",2
"Department of Geography, Environmental Management and Energy Studies, University of Johannesburg, Corner Ditton and University Avenue, Auckland Park, Johannesburg, South Africa",2
"Methodology and Biostatistics Support Unit, Institut Hospital del Mar d'Investigacions Mèdiques (IMIM), Barcelona, Spain",2
"Health Services Research Group, IMIM (Institut Hospital del Mar d'Investigacions Mèdiques), CIBERESP, Pompeu Fabra University, Barcelona, Spain",2
"Health Research Institute of the Balearic Islands (IdISBa), Palma, Spain",2
"University of Barcelona, Barcelona 08028, Spain",2
"Agència de Salut Pública de Barcelona, Barcelona, España",2
"Head of Advanced Practice Nurses, Hospital del Mar, Parc de Salut Mar, Barcelona, Spain",2
"Department of Evolutionary Biology, Ecology and Environmental Sciences, University of Barcelona, Barcelona, Spain",2
"Department of Health and Experimental Sciences, Universitat Pompeu Fabra, 08003 Barcelona, Spain",2
"Department of Health and Experimental Sciences (CEXS), Universitat Pompeu Fabra (UPF), 08035 Barcelona, Spain",2
"Department of Health Sciences, Center for Advanced Studies in Olive Grove and Olive Oils, University of Jaen, Jaen, Spain",2
"Hospital Clinic, Institute of Neuroscience, University of Barcelona, IDIBAPS, CIBERSAM, Barcelona, Spain",2
"Hospital Clinic, Institute of Neuroscience, University of Barcelona, IDIBAPS, Barcelona, Spain",2
"University of Navarra, Department of Preventive Medicine and Public Health, IDISNA, 31008 Pamplona, Spain",2
"Hospital Clinic, Barcelona, Spain",2
"Department of Experimental and Health Sciences, Pompeu Fabra University, 08003 Barcelona, Spain",2
"University of Pompeu Fabra (UPF), Barcelona, Spain",2
"University of Rovira i Virgili, Tarragona, Spain",2
"Department of Gynecology and Obstetrics, Hospital del Mar, 08003 Barcelona, Spain",2
"University of Southampton, Centre for Innovation in Mental Health, Southampton, United Kingdom",2
"University of Valencia, Valencia, Spain",2
"Department of Experimental and Health Sciences, Pompeu Fabra University (CEXS-UPF), Barcelona, Spain",2
"Department of Experimental and Health Sciences, Pompeu Fabra University (UPF), Barcelona, Spain",2
"Health Promotion in Rural Areas Research Group, Gerència Territorial de la Catalunya Central, Institut Català de la Salut, Sant Fruitós de Bages, Spain",2
"Addiction Research Group (GRAd), Neuroscience Research Program, Hospital del Mar Medical Research Institute (IMIM), Barcelona, Spain",2
"Addiction Research Group (GRAd), Neuroscience Research Program, Hospital del Mar Medical Research Institute (IMIM), 08003 Barcelona, Spain",2
"Addiction Program, Institute of Neuropsychiatry and Addictions, Hospital del Mar, Barcelona, Spain",2
"University of Navarra, Mind-Brain Group, Institute for Culture and Society (ICS), Pamplona, Spain",2
"Department of Gastroenterology, Hospital Central de Asturias, Oviedo, Spain",2
"Hematology Department, Hospital Clinic-IDIBAPS, Barcelona, Spain",2
"Hematology Department, Hospital Clínic, Barcelona, Spain",2
"Hematology Department, Hospital Clínico Universitario de Valencia, Valencia, Spain",2
"Medicine Department, Universitat Autònoma de Barcelona, 08193 Bellaterra, Spain",2
"Hematology Division, Hospital universitario y politécnico La Fe, Valencia, Spain",2
"Hematology Division, Hospital de la Santa Creu i Sant Pau, Barcelona, Spain",2
"Hematology Department, Hospital Universitario 12 de Octubre, Madrid, Spain",2
"Hematology Division, Hospital Universitario Infanta Leonor, Madrid, Spain",2
"Hematology Division, Hospital Universitario Fundación Alcorcón, Madrid, Spain",2
"Health Services Research Network on Chronic Diseases (REDISSEC), Madrid, Spain",2
"Hematology Division, Hospital Ramon y Cajal, Madrid, Spain",2
"Hematology Division, Hospital Clínico Universitario Virgen de la Arrixaca, Murcia, Spain",2
"Medicine Department, DCEXS-Universitat Pompeu Fabra (UPF), 08002 Barcelona, Spain",2
"Hematology Division, Hospital Arnau de Vilanova, Valencia, Spain",2
"Área de Urgencias, Hospital Clínic, IDIBAPS, Universitat de Barcelona, Barcelona, Spain",2
"Department of Gastroenterology, University Hospital San Cecilio, Granada, Spain",2
Área de Biodiversidad y Conservación Universidad Rey Juan Carlos  Madrid Spain,2
"Department of Gastroenterology, Parc de Salut Mar, Barcelona, Spain",2
"redGDPS Foundation, Madrid, Spain",2
"Department of Gastroenterology, Hospital del Mar, Barcelona, Spain",2
"Hematology Department, Hospital del Mar, 08003 Barcelona, Spain",2
"Hematology Division, Hospital Regional Universitario Carlos Haya, Malaga, Spain",2
"Health Services Research Unit, IMIM (Hospital del Mar Medical Research Institute), Barcelona, Spain",2
"Health Services Research Unit, IMIM-Institut Hospital del Mar d'Investigacions Mèdiques, Barcelona, Spain",2
"Department of Genetics, Microbiology and Statistics, Faculty of Biology, Universitat de Barcelona, CIBERER, IBUB, IRSJD, 08028 Barcelona, Spain",2
"Vall d'Hebron Institute of Oncology (VHIO), Vall d'Hebron Hospital Universitari, Vall d'Hebron Barcelona Hospital Campus, Barcelona, Spain",2
"Mental Health and Psychiatric Care Research Group, Biodonostia Health Research Institute Osakidetza, San Sebastian, Spain",2
"Department of Fundamental Care and Medical-Surgical Nursing, Nursing School, Universitat de Barcelona, L'Hospitalet de Llobregat, Spain",2
"Vall d'Hebron Institute of Oncology, Vall d'Hebron University Hospital, Universitat Autònoma de Barcelona, Barcelona, Spain",2
"Vall d'Hebron Research Institute (VHIR), 08035 Barcelona, Spain",2
"Mental Health Research Group, IMIM-Hospital del Mar, Barcelona, Spain",2
"Mental Health Research Group, Hospital del Mar Research Institute, Barcelona, Spain",2
"Medical Oncology Department, Hospital Universitario 12 de Octubre, Madrid, Spain",2
"Medical Oncology Department, Hospital del Mar, Barcelona, Spain",2
"Heart Diseases Biomedical Research Group, IMIM (Hospital del Mar Medical Research Institute), 08003 Barcelona, Spain",2
"Heart Failure Clinic and Cardiology Service, University Hospital Germans Trias i Pujol, Badalona, Spain",2
"Heart Failure Unit, Cardiology Department, Hospital del Mar, 08003 Barcelona, Spain",2
"Henan Key Laboratory of Photovoltaic Materials, Henan University, Kaifeng 475004, China",2
"Heart Failure Unit, Department of Cardiology, Hospital del Mar, 08003 Barcelona, Spain",2
"Department of Gastroenterology and Clinical Biochemistry, Hospital de la Santa Creu i Sant Pau, Barcelona, Spain",2
"Vascular and Interventional Radiology Department, Hospital Clínico San Carlos, Madrid, Spain",2
"Villaverde Mental Health Center, Clinical Management Area of Psychiatry and Mental Health, Psychiatric Service, Hospital Universitario 12 de Octubre, Madrid, Spain",2
"Department of General and Digestive Surgery, Hospital Universitario del Mar, Parc de Salut Mar, Barcelona, Spain",2
"Virgen de la Victoria Hospital, Department of Endocrinology, Instituto de Investigación Biomédica de Málaga (IBIMA), University of Málaga, 29010 Málaga, Spain",2
"Hematology Service, Hospital del Mar, Barcelona, Spain",2
"Vall d'Hebron University Hospital, Barcelona, Spain",2
"BCN MedTech, Universitat Pompeu Fabra, Barcelona, Spain",2
"Department of Endocrinology and Nutrition, Hospital del Mar, Barcelona, Spain",2
Universitat Pompeu Fabra (UPF) Barcelona Spain,2
"Department of Hematology, ICO-IJC-Hospital Germans Trias i Pujol, Badalona, Spain",2
"Department of Endocrinology and Nutrition, Hospital del Mar, Passeig Marítim, 25-29, 08003 Barcelona, Spain",2
"Universitat Pompeu Fabra (UPF), Barcelona 08003, Spain",2
"Department of Hematology, Hospital del Mar-IMIM, Barcelona, Spain",2
"Grup de Recerca en Remugants, Departament de Ciència Animal i dels Aliments, Universitat Autònoma de Barcelona (UAB), Bellaterra, Spain",2
"Universitat Pompeu Fabra (UPF). Barcelona, Spain",2
"Hospital Fundación Alcorcón, Madrid, Spain",2
"Haematology Department, Son Espases University Hospital, 07120 Palma de Mallorca, Spain",2
"Department of Hematology, Hospital del Mar, Barcelona, Spain;",2
"Autonomous University of Barcelona (UAB), Barcelona, Spain",2
"Department of Endocrinology and Nutrition, Instituto de Investigación Sanitaria San Carlos (IdISSC), 28040 Madrid, Spain",2
"Movement Disorders Unit, Neurology Department, Sant Pau Hospital, Barcelona, Spain",2
"Universitat Pompeu Fabra, Hospital Parc Tauli Sabadell, iMove Barcelona, Barcelona, Spain",2
"MRI Research Unit, Department of Radiology, Hospital del Mar, Barcelona, Spain.",2
"MRI Research Unit, Department of Radiology, Hospital del Mar, Passeig Marítim 25-29, Barcelona 08003, Spain",2
"Atención Primaria, Servicio Navarro de Salud-Osasunbidea, Pamplona, Spain",2
"MRI Research Unit, Hospital del Mar, Barcelona, Spain",2
"Grupo de Investigación DIPO, Instituto de Investigación Sanitaria Galicia Sur (IIS Galicia Sur), SERGAS-UVIGO, Spain",2
"Molecular Microbiology Department, Hospital Sant Joan de Deu, Esplugues, Barcelona, Spain",2
"Multidisciplinary Sleep Unit, Respiratory Department, Hospital de la Santa Creu i Sant Pau, Barcelona, Spain",2
"Hospital Germans Trias i Pujol, Badalona, Spain",2
"Group of Psychiatry, Mental Health and Addictions, Vall d'Hebron Research Institute (VHIR), Psychiatric Genetics Unit, Vall d'Hebron Research Institute (VHIR), Barcelona, Catalonia, Spain",2
"Hospital Germans Trias i Pujol, 08916 Badalona, Spain",2
"Universitat Autònoma de Barcelona, Bellaterra, Spain",2
"Hospital General de Segovia, Segovia, Spain",2
"Universitat Autònoma de Barcelona, Cerdanyola del Vallès 08193, Spain",2
"Grumets Research Group, CREAF, Edifici C, Universitat Autònoma de Barcelona, 08193 Bellaterra, Catalonia, Spain",2
"Universitat Autònoma de Barcelona, Cerdanyola del Vallès, Spain",2
"Lleida Institute for Biomedical Research Dr. Pifarré Foundation, Lleida, Spain",2
"Grumets Research Group, CREAF, Edifici C, Universitat Autònoma de Barcelona, 08193 Cerdanyola del Vallès, Spain",2
"Lung Cancer and Muscle Research Group, Pulmonology Department, Hospital del Mar-IMIM, Parc de Salut Mar, 08003 Barcelona, Spain",2
"Department of Endocrinology and Nutrition, Hospital de la Santa Creu i Sant Pau, Barcelona, Spain",2
"BETA Tech Center, TECNIO Network, University of Vic-Central University of Catalonia, Ctra de Roda 70, 08500 Vic, Spain",2
"Universitat Autónoma de Barcelona, Barcelona, Spain",2
"Musculoskeletal Research Unit, IMIM-Hospital del Mar, Barcelona, Spain",2
"Department of Hematology, Vall d'Hebron Institute of Oncology (VHIO), Vall d'Hebron Hospital Universitari, Vall d'Hebron Barcelona Hospital Campus, C/ Natzaret, 115-117, 08035, Barcelona, Spain",2
"Grumets Research Group, Geography Department, Universitat Autònoma de Barcelona, 08193 Cerdanyola del Vallès, Spain",2
"Musculoskeletal Research Group, IMIM (Hospital del Mar Medical Research Institute), Centro de Investigación Biomédica en Red en Fragilidad y Envejecimiento Saludable (CIBERFES), ISCIII, 08003 Barcelona, Spain",2
"Department of Hematology, University Hospital of Salamanca, Salamanca, Spain",2
"Universitat Internacional de Catalunya, Barcelona, Spain",2
"BCNatal, Barcelona Center for Maternal-Fetal and Neonatal Medicine, Hospital Sant Joan de Déu and Hospital Clínic, IDIBAPS, Universitat de Barcelona, CIBER-ER, Barcelona, Spain",2
Hospital General Universitario de Castellón  Castellón Spain,2
"Hospital General Universitario de Alicante, Alicante, Spain",2
"Hospital General de Elche, Elche (Alicante), Spain",2
"Universitat de Barcelona, Barcelona, Spain.",2
"Department of Endocrinology, Virgen de la Victoria Hospital, University of Málaga, Málaga, Spain",2
"Angiology and Vascular Surgery Department, Hospital del Mar, Barcelona, Spain",2
Universitat de Girona,2
"Anesthesia Department, Hospital del Mar, 08003 Barcelona, Spain",2
"Universitat de Vic-Universitat Central de Catalunya (UVIC-UCC), Vic, Spain",2
"Microelectronics and Electronic Systems Department, Universitat Autònoma de Barcelona (UAB), Bellaterra 08193, Spain",2
"Anaxomics Biotech, Barcelona, Spain",2
"University Hospital of Burgos, Burgos, Spain",2
"Amyloidosis and Myeloma Unit, Department of Hematology, Hospital Clínic of Barcelona, IDIBAPS, University of Barcelona, Barcelona, Spain",2
"Department of Epidemiology and Evaluation, IMIM (Hospital del Mar Medical Research Institute), Barcelona, Spain",2
"Atenció Primària Camp de Tarragona, Institut Català de la Salut, Spain",2
"Hospital Clínic de Barcelona, Barcelona, Spain",2
"Allergy Service, Fundacion Jimenez Diaz, Autonoma University of Madrid, CIBERES-ISCIII, Madrid, Spain",2
"Hospital Clínic de Barcelona, 08036 Barcelona, Spain",2
"Allergy Section, Department of Internal Medicine, Hospital Vall d'Hebron, Barcelona, Spain",2
"University Pompeu Fabra, Barcelona, Spain",2
"Department of Epidemiology, Harvard T.H. Chan School of Public Health. Boston, MA, USA",2
"Medical Imaging, Girona Biomedical Research Institute (IdibGi), Girona, Spain",2
"Medical Intensive Care Unit, Hospital Clinic, IDIBAPS, University of Barcelona, Barcelona, Spain",2
"Department of Epidemiology, School of Medicine, University of Malaga, 29010 Málaga, Spain",2
"Haematology Department, Marqués de Valdecilla University Hospital, 39008 Santander, Spain",2
"Haematology Department, Reina Sofía University Hospital-IMIBIC-UCO, 14004 Córdoba, Spain",2
"Department of Epidemiology and Public Health, Hospital de la Santa Creu i Sant Pau, Barcelona, Spain",2
"Hospital Costa del Sol, Marbella, Spain",2
"Grupo de Investigación en Enfermedades del Corazón (GREC), Instituto Hospital del Mar de Investigaciones Médicas (IMIM), Barcelona, España",2
"Department of Endocrinology, IDIBAPS, Hospital Clinic, University of Barcelona, Barcelona, Spain",2
"Magnetic Resonance Image Core Facility, Institut d'Investigacions Biomèdiques August Pi i Sunyer (IDIBAPS), Barcelona, Spain",2
"Department of Endocrinology, IDIBAPS, Hospital Clínic, University of Barcelona, Barcelona, Spain",2
"Department of Endocrinology, Institut D'Investigacions Biomédiques August Pi Sunyer (IDIBAPS), Hospital Clinic, University of Barcelona, Barcelona, Spain",2
"Universitat Rovira i Virgili, Departament de Bioquímica i Biotecnologia, Unitat de Nutrició Humana, 43201 Reus, Spain",2
"Universitat Rovira i Virgili, Departament de Bioquímica i Biotecnologia, Unitat de Nutrició Humana, Hospital Universitari San Joan de Reus, Reus, Spain",2
"Area of Genomics and Health, Foundation for the Promotion of Sanitary and Biomedical Research of Valencia Region (FISABIO-Public Health), Valencia, Spain",2
"Department of Endocrinology, Institut d' Investigacions Biomédiques August Pi Sunyer (IDIBAPS), Hospital Clinic, University of Barcelona, Barcelona, Spain",2
"Universitat Rovira i Virgili, Departament de Bioquímica i Biotecnologia, Unitat de Nutrició Humana. Reus, Spain",2
"Universitat de Barcelona, 08028 Barcelona, Catalonia, Spain",2
"Hospital Clínico Universitario de Valladolid, Valladolid, Spain",2
"Department of Endocrinology, Institut d` Investigacions Biomédiques August Pi Sunyer (IDIBAPS), Hospital Clinic, University of Barcelona, Barcelona, Spain",2
Hospital Clínico Universitario de Valladolid  Valladolid Spain,2
"Molecular Cytogenetics Laboratory, Pathology Department, Hospital del Mar, Barcelona, Spain",2
"Universitat Rovira i Virgili, Department de Bioquímica i Biotecnologia, Unitat de Nutrició, Reus, Spain",2
"Hospital Clínico Universitario de Valencia, 46010 Valencia, Spain",2
"Department of Endocrinology, Institut d’Investigacions Biomédiques August Pi Sunyer (IDIBAPS), Hospital Clinic, University of Barcelona, 08036 Barcelona, Spain",2
Universitat de Barcelona (UB)  Martí i Franquès 1 08028 Barcelona Spain,2
"Applied Metabolomics Research Group, IMIM (Hospital del Mar Medical Research Institute), 08003 Barcelona, Spain",2
"Grupo de investigación TransLab, Departamento de Ciencias Médicas, Universitat de Girona.",2
"Hospital Clínico Universitario and Instituto de Investigación Sanitaria (IIS) Aragón, Zaragoza, Spain",2
"Area de Medicina Preventiva y Salud Pública. Universidad de León, León, Spain",2
"Department of Medical Oncology, Navarra University Hospital, Pamplona, Spain",2
"CIBER Epidemiología y Salud Pública, Madrid, Spain",2
"Translational Research in Respiratory Medicine, University Hospital Arnau de Vilanova and Santa Maria, IRBLleida, Lleida, Spain",2
"Department of Legal Medicine, Psychiatry and Pathology, Universidad Complutense de Madrid, Spain",2
Hospital Universitario de Gran Canaria Dr. Negrín  Las Palmas de Gran Canaria Spain,2
"CIBER de Enfermedades Infecciosas (CIBERINFEC), Barcelona, Spain",2
"Gastroenterology Department, Hospital Clínico San Carlos, Madrid, Spain",2
"Department of Medicine and Health Sciences, Universitat Pompeu Fabra, Barcelona, Spain",2
"CIBER de Enfermedades Respiratorias (CIBERES), Instituto de Salud Carlos III, Madrid, Spain",2
"Department of Medicine and Health Science, Universitat Pompeu Fabra, 08003 Barcelona, Spain",2
"CIBER Diabetes y Enfermedades Metabólicas, Instituto de Salud Carlos III, Madrid, Spain",2
Department of Medicine University of Barcelona Barcelona Spain,2
"Tobacco Control Research Group, Bellvitge Biomedical Research Institute - IDIBELL, L'Hospitalet de Llobregat, Barcelona, Spain",2
"Hospital Universitario Virgen del Rocío, Sevilla, Spain",2
"Department of Legal Medicine, Toxicology, and Physical Anthropology, School of Medicine, University of Granada, Granada, Spain",2
Department of Medicine Universitat Autónoma de Barcelona  Barcelona Spain,2
"Department of Clinical Sciences & Research Institute of Biomedical and Health Sciences, Universidad de Las Palmas de Gran Canaria, Las Palmas, Spain",2
"Hospital de Basurto, Bilbao, Spain",2
"Blanquerna School of Health Sciences, Universitat Ramon Llull, 08025 Barcelona, Spain",2
"CIBER de Enfermedades Raras, Instituto de Salud Carlos III, Barcelona, Spain",2
"Unidad de Conductas Adictivas, Complejo Hospitalario de Ourense, CIBERSAM, Ourense.",2
"CIBER Epidemiología y Salud Pública (CIBERESP), Instituto de Salud Carlos III, Madrid, Spain",2
"UGC Salud Mental, Hospital Universitario Torrecárdenas, Almería, Spain",2
"Department of Clinical Sciences, School of Medicine and Health Sciences, University of Barcelona, Hospitalet de Llobregat, 08907 Barcelona, Spain",2
"Hospital Universitario Virgen de las Nieves, Granada, Spain",2
"Bipolar and Depressive Disorders Unit, Hospìtal Clinic de Barcelona, Barcelona, Spain",2
"Neurovascular Research Group, IMIM (Institut Hospital del Mar d'Investigacions Mèdiques), Universitat Autònoma de Barcelona/DCEXS-Universitat Pompeu Fabra, Barcelona, Spain",2
"CIBER Epidemiología y Salud Pública (CIBERESP), Madrid 28029, Spain",2
"Translational Research on Hematological Neoplasms Group, Cancer Research Program, Institut Hospital del Mar d’Investigacions Mèdiques (IMIM), 08003 Barcelona, Spain",2
"Fundación INCLIVA, Instituto de Investigación Sanitaria Hospital Clínico Universitario de Valencia, Valencia, Spain",2
"Department of Child and Adolescent Psychiatry, Institute of Psychiatry and Mental Health, Hospital General Universitario Gregorio Marañón, Madrid, Spain",2
"Bipolar and Depressive Disorders Unit, Institute of Neuroscience, Hospital Clinic, University of Barcelona, IDIBAPS, CIBERSAM, Barcelona, Spain",2
"Department of Clinical Sciences, School of Medicine and Health Sciences University of Barcelona  Barcelona Spain",2
"The Sant Joan University Hospital, Human Nutrition Unit, Reus, Spain",2
"CIBER Enfermedades Cardiovasculares (CIBERCV), Madrid, Spain",2
"CIBER de Enfermedades Infecciosas, Madrid, Spain",2
"CIBER Enfermedades Cardiovasculares (CIBERCV), Instituto de Salud Carlos III, Madrid, España",2
"Department of Cardiology, University Hospital of Alava, Vitoria, Spain",2
"Bipolar and Depressive Disorders Unit, Hospìtal Clinic de Barcelona, c. Villarroel, 170, 08036 Barcelona, Spain",2
"Jordi Gol Primary Care Research Institute, Catalan Institute of Heath, Barcelona, Spain",2
"Hospital Virgen del Puerto, Plasencia, Spain",2
"Fundació Institut Universitari per a la recerca a l’Atenció Primària de Salut Jordi Gol i Gurina (IDIAPJGol), Barcelona, Spain",2
"CIBER Fisiopatología de la Obesidad y Nutrición (CIBERObn), Instituto de Salud Carlos III, Madrid, Spain",2
"LIPIDCAS, Endocrinology Department, Hospital Verge de la Cinta, Tortosa, Spain",2
CIBER Cardiovascular Barcelona Spain,2
"CIBER Fisiopatología Obesidad y Nutrición, Instituto de Salud Carlos III, Madrid, Spain",2
Neuroradiology Section Radiology Department Diagnostic Image Center Hospital Clínic de Barcelona Universitat de Barcelona  Barcelona Spain,2
"Department of Clinical Genetics, Erasmus University Medical Center, Rotterdam, Netherlands",2
Both authors contributed equally to this article.,2
Korrespondenzanschrift,2
"Toxicology Unit, Research Institute of Biomedical and Health Sciences (IUIBS), Universidad de Las Palmas de Gran Canaria, Canary Islands, Spain",2
Hospital Universitario de Cabueñes  Gijón Spain,2
"CIBER Fisiopatología de la Obesidad y Nutrición (CIBEROBN), Instituto de Salud Carlos III, Madrid, Spain",2
"Fundació Institut d'Investigació en Ciències de la Salut Germans Trias i Pujol, Badalona, Barcelona, Spain",2
"CEXS, Universitat Pompeu Fabra, Barcelona, España",2
"Knee and Arthroscopy Unit, ICATME, Hospital Universitari Dexeus, Universitat Autonoma de Barcelona (U.A.B.), Barcelona, Catalunya, Spain",2
"CERM, Center for the Study of Mediterranean Rivers, University of Vic – Central University of Catalonia (UVic-UCC), Manlleu, Spain",2
"Fundació Institut d'Investigació en Ciències de la Salut Germans Trias i Pujol, Badalona, Spain",2
"Neuroscience Research Programme, IMIM-Hospital del Mar Research Institute, 08003 Barcelona, Spain",2
"Hospital Universitario de Getafe, Madrid, Spain",2
Nutrition Unit University Hospital of Sant Joan de Reus  Reus Spain,2
"Department of Cell Death and Proliferation, IIBB-CSIC, IDIBAPS, 08036 Barcelona, Spain",2
"CIBER Physiopathology of Obesity and Nutrition (CIBERobn), Instituto de Salud Carlos III, 28029 Madrid, Spain",2
"La Paz University Hospital, Madrid, Spain",2
"Nutrition Research Group, Research Institute of Biomedical and Health Sciences (IUIBS), University of Las Palmas de Gran Canaria, Las Palmas de Gran Canaria, Spain",2
"CIBER Physiology of Obesity and Nutrition (CIBEROBN), Carlos III Health Institute, Madrid, Spain",2
"Department of Clinical Psychology and Psychobiology, School of Psychology, University of Barcelona, Passeig de la Vall d’Hebrón 171, 08035 Barcelona, Spain",2
"CIBER Physiology of Obesity and Nutrition (CIBEROBN), Carlos III Health Institute, 28029 Madrid, Spain",2
"Hospital Virgen del Rocio de Sevilla, Spain",2
"Hospital Virgen de la Arrixaca, Murcia, Spain",2
"CIBER Hepatic and Digestive Diseases (CIBERehd), Instituto Carlos III, Madrid, Spain",2
"Hospital Virgen del Rocío, Sevilla, Spain",2
"LIPIDCAS, Pius Hospital Valls, Valls, Spain",2
"CIBER Fragilidad y Envejecimiento Saludable (CIBERFES), Madrid, Spain",2
"Tobacco Control Unit, Catalan Institute of Oncology - ICO, WHO Collaborating Centre for Tobacco Control, L'Hospitalet de Llobregat, Barcelona, Spain",2
"LIPIDCAS, Hospital Sant Pau i Santa Tecla, Tarragona, Spain",2
"Department of Clinical Pharmacology, Hospital Universitari Germans Trias i Pujol and Institut de Recerca Germans Trias i Pujol (HUGTiP-IGTP), 08916 Badalona, Spain",2
"Neuropsychiatry and Drug Addiction Institute, Parc de Salut Mar, Barcelona, Spain",2
"Gastroenterology Department, Hepatology Unit, Hospital Universitari de Bellvitge, IDIBELL, Universitat de Barcelona, Barcelona, Spain",2
"Department of Clinical Sciences, School of Medicine, Universitat de Barcelona (UB), Spain",2
"Department of Child and Adolescent Psychiatry, Institute of Psychiatry and Mental Health, Hospital General Universitario Gregorio Marañón, CIBERSAM, IiSGM, School of Medicine, Universidad Complutense, Madrid, Spain",2
"Nutritional Control of the Epigenome Group, IMDEA Food, CEI UAM + CSIC, Madrid, Spain",2
"Hospital Universitario y Politécnico La Fe, Valencia, Spain",2
"Department of Medical Oncology, Hospital del Mar, 08003 Barcelona, Spain",2
Hospital Universitario y Politécnico La Fe  Valencia Spain,2
"Fundación Investigación e Innovación Biosanitaria de AP, Comunidad de Madrid, Madrid, Spain",2
"Josep Carreras Leukemia Research Institute, Barcelona, Spain",2
"Bipolar and Depressive Disorders Unit, Hospital Clinic de Barcelona, Barcelona, Spain",2
"CIBER Epidemiología y Salud Pública (CIBERESP), 28029 Madrid, Spain",2
"IrsiCaixa AIDS Research Institute, Hospital Universitari Germans Trias i Pujol, 08916 Badalona, Spain",2
"IrsiCaixa AIDS Research Institute, Badalona, Spain",2
"Nutrition, Eumetabolism and Health Group, Girona Biomedical Research Institute (IdibGi), Girona, Spain",2
"Karolinska Institutet, Centre for Psychiatric Research and Education, Department of Clinical Neuroscience, Stockholm, Sweden",2
"CIBER Epidemiología y Salud Pública (CIBERESP), Instituto de Salud Carlos III (ISCIII), 28029 Madrid, Spain",2
"Department of Clinical Sciences, School of Medicine, University of Barcelona (UB), Barcelona, Spain",2
"Department of Medicine and Life Sciences (MELIS), Universitat Pompeu Fabra, 08003 Barcelona, Spain",2
Hospital Universitario de Torrejón  Madrid Spain,2
"Department of Child and Adolescent Psychiatry, Institute of Psychatry and Mental Health, Hospital General Universitario Gregorio Marañon, IiSGM, School of Medicine, Universidad Complutense, Madrid, Spain",2
"Department of Cardiology, Hospital Universitario de Álava, Vitoria, Spain",2
"Territorial Unit of Nosocomial Infection, Hospital Universitari Arnau de Vilanova, Lleida, Spain",2
"Forest Science and Technology Centre of Catalonia (CTFC), Solsona, Spain",2
"Hospital Universitario la Paz, Madrid, Spain",2
"Department of Clinical Sciences, University Fernando Pessoa Canarias, Las Palmas de Gran Canaria, Spain",2
"Department of Medicine, Universitat Autònoma de Barcelona, 08139 Barcelona, Spain",2
"UGC Salud Mental Hospital Regional de Malaga, Malaga, Spain",2
"IrsiCaixa AIDS Research Institute, Germans Trias i Pujol Research Institute (IGTP), Badalona, Spain",2
