,raw_affiliation,DOI
0,"mar medical research institute, upf, departament de ciències experimentals i de la salut-dcexs, barcelona, spain",1
1,"mar nursing school (esimar), parc de salut mar, university pompeu fabra, 08003 barcelona, spain",1
2,"internal medicine service, hospital clínic, university of barcelona, 08036 barcelona, spain",1
3,"mariana arcaya's research lab, department of urban studies and planning, massachusetts institute of technology, cambridge, ma 02139, usa",1
4,"mariana arcaya's research lab, department of urban studies and planning, massachusetts institute of technology, cambridge, ma, usa",1
5,"mariana arcaya’s research lab, department of urban studies and planning, massachusetts institute of technology, 77 massachusetts ave, cambridge, ma 02139, usa",1
6,"marine research institute (iim), spanish national research council (csic), vigo, spain",1
7,"institute of neuropsychiatry and addictions, hospital del mar- imim, barcelona, spain",1
8,"lung cancer and muscle research group, pulmonology department, hospital del mar-imim, parc de salut mar, 08003 barcelona, spain.",1
9,"institute of neuropsychiatry and addictions, hospital del mar-imim and department of psychiatry, autonomous university of barcelona, barcelona, spain",1
10,"lung cancer and muscle research group, pulmonology department, hospital del mar-imim, parc de salut mar, prbb, c/dr. aiguader, 88, 08003 barcelona, spain",1
11,"institute of neuropsychiatry and addictions, hospital del mar-imim and department of psychiatry, autonomous university of barcelona, barcelona, spain.",1
12,institute of mental health hospital del mar medical research institute  barcelona spain,1
13,"institute of nanoscience and nanotechnology (in2ub) universitat de barcelona  martí i franquès, 1‐11 barcelona 08028 spain",1
14,"management control department, hospital del mar, barcelona, spain",1
15,"institute of neuropsychiatry and addictions, hospital del mar- imim, pompeu i fabra university, barcelona, spain",1
16,"institute of neuropsychiatry and addictions, department of psychiatry, hospital del mar, imim (hospital del mar medical research institute), cibersam, autonomous university of barcelona, barcelona, catalonia, spain",1
17,"institute of neuropsychiatry and addictions (inad), parc de salut mar, passeig marítim, 25-29 08003, barcelona, spain",1
18,internal medicine service hospital clínic university of barcelona  barcelona spain,1
19,"management control department, hospital del mar-parc de salut mar, 08003 barcelona, spain",1
20,"management control department, hospital del mar-parc de salut mar, barcelona, spain",1
21,"institute of neuropsychiatry and addictions (inad), parc de salut mar (psmar), barcelona, spain",1
22,"management control department, hospital del mar—parc de salut mar, spain",1
23,"institute of neuropsychiatry and addictions, hospital del mar, parc de salut mar, 08003 barcelona, spain",1
24,"institute of neuropsychiatry and addiction of the barcelona mar health park, hospital del mar medical research institute (imim), barcelona, spain",1
25,"institute of neuropsychiatry and addiction (inad), parc de salut mar, barcelona, spain",1
26,"institute of neuropsychiatry and addiction of the barcelona mar health park, passeig marítim de la barceloneta, 25-29, barcelona 08003, spain",1
27,"mar institute of medical research (imim), parc de salut mar, barcelona, spain",1
28,"internal medicine service, complejo hospitalario de navarra, pamplona, spain",1
29,"institute of neuropsychiatry and addictions, hospital del mar, parc de salut mar, barcelona, spain",1
30,"institute of neuropsychiatry and addiction, parc de salut mar, premia de mar, spain",1
31,"mary mackillop institute for health research, australian catholic university, melbourne, victoria, australia",1
32,"institute of neuropsychiatry and addictions (inad), parc de salut mar, barcelona, spain",1
33,management and control department consorci mar parc de salut de barcelona  barcelona spain,1
34,"institute of neuropsychiatry and addiction, parc de salut mar, barcelona, spain",1
35,"institute of evolutionary biology (csic-upf), department of experimental and health sciences, universitat pompeu fabra. pg. marítim de la barceloneta, 37, 08003 barcelona, spain",1
36,"malaria immunology group, isglobal, hospital clínic - universitat de barcelona, barcelona, spain",1
37,"internal medicine service, hospital universitario son espases, palma, spain",1
38,"medical histology unit, department of cell biology, physiology and immunology, school of medicine, universitat autònoma de barcelona, 08193 cerdanyola del vallès, catalonia, spain",1
39,"institute of environmental science and technology, autonomous university of barcelona, 08193 bellaterra, spain",1
40,"internal medicine and infectious disease service, hospital verge de la cinta , tortosa , spain",1
41,"institute of environmental science and technology, universitat autònoma de barcelona (icta- uab), edificio z, campus uab, cerdanyola del vallès, 08193, bellaterra, spain",1
42,"internal medicine service, parc taulí health corporation consortium, 08208 sabadell, catalonia, spain",1
43,"internal medicine service, hospital del mar, institut hospital del mar d’investigacions mèdiques (imim), universitat pompeu fabra (upf) , barcelona , spain",1
44,"internal medicine service, hospital universitario morales meseguer, murcia, spain",1
45,"institute of marine sciences (icm), physical and technological oceanography department, spanish national research council (csic), 08003 barcelona, spain",1
46,"internal medicine service, hospital sant pau i santa tecla, rambla vella, 14, 43003, tarragona, spain",1
47,juan domingo gispert and marta crous-bou contributed equally to this study.,1
48,"institute of global health (isglobal), 08036 barcelona, spain",1
49,"institute of global health of barcelona, barcelona, spain",1
50,"instituto neurológico andaluz, hospital victoria eugenia, unidad de deterioro cognitivo, hospital universitario virgen macarena, sevilla, spain",1
51,"maternal, child and reproductive health initiative, barcelona institute for global health (isglobal), hospital clínic- universitat de barcelona, barcelona, spain",1
52,instituto murciano de investigación biosanitaria imib‐arrixaca and hospital clínico universitario virgen de la arrixaca  el palmar murcia spain,1
53,"mri research unit, department of radiology, hospital del mar, barcelona, spain",1
54,"instituto murciano de investigación biosanitaria imib-arrixaca, hospital clínico universitario virgen de la arrixaca, el palmar, murcia, spain",1
55,"mri research unit, department of radiology hospital del mar, 08003 barcelona, spain",1
56,"mind‐in2ub departament d'enginyeria electrònica i biomèdica, facultat de física universitat de barcelona  martí i franquès 1 barcelona 08028 spain",1
57,"mind-in2ub, departament d’enginyeria electrònica i biomèdica, facultat de física, universitat de barcelona, martí i franquès 1, 08028 barcelona, spain",1
58,"mind-in2ub, departament d’enginyeria electrònica i biomèdica, facultat de física , universitat de barcelona , martí i franquès 1 , 08028 barcelona , spain",1
59,"internal medicine department, imim (hospital del mar medical research institute), pompeu fabra university, ciberfes (frailty and healthy aging research network), instituto carlos iii, passeig maritim 25-29, 08003 barcelona, spain. electronic address: xnogues@psmar.cat.",1
60,"margenomics, imim, barcelona, spain",1
61,"institute of psychiatry and mental health, gregorio marañón university general hospital, madrid, spain",1
62,"internal medicine department, hospital del mar, universitat autònoma de barcelona, barcelona 08003, spain",1
63,"mri research unit, department of radiology, hospital del mar, passeig marítim 25-29, 08003 barcelona, spain",1
64,"institute of psychiatry and mental health, hospital general universitario gregorio marañón (iisgm), madrid, spain",1
65,"mri research unit, department of radiology, hospital del mar , barcelona, spain",1
66,"mri research unit, department of radiology, hospital del mar",1
67,"instituto murciano de investigación biosanitaria imib‐arrixaca and hospital clínico universitario virgen de la arrixaca, el palmar, and university of murcia murcia spain",1
68,"internal medicine department, hospital del mar, passeig marítim 25-29, 08003 barcelona, spain. electronic address: adiez@psmar.cat.",1
69,"instituto hospital del mar de investigaciones médicas , barcelona ,",1
70,"instituto hospital del mar de investigación médica (imim)-universidad autónoma de barcelona, neurociencias, psiquiatría, barcelona, españa",1
71,"mind-in2ub, departament d'enginyeria electrònica i biomèdica, facultat de física, universitat de barcelona, martí i franquès 1, 08028, barcelona, spain",1
72,"internal medicine department, institut hospital del mar d’investigacions mèdiques (imim), barcelona, spain",1
73,"instituto murciano de investigación biomédica (imib), el palmar, murcia, españa",1
74,"instituto hospital del mar de investigaciones médicas (imim), 08003 barcelona, spain",1
75,"instituto hospital del mar de investigaciones médicas (imim), barcelona, españa",1
76,instituto mediterráneo de estudios avanzados (uib‐csic). global change research group  esporles balearic islands spain,1
77,"mind-in2ub, departament d'enginyeria electrònica i biomèdica, facultat de física, universitat de barcelona, martí i franquès 1, 08028 barcelona, spain",1
78,"internal medicine department, imim-hospital del mar, barcelona, spain",1
79,"internal medicine department, university hospital of vic, multidisciplinary inflamation research group (mirg), facultat de medicina, universitat de vic, universitat central de catalunya, 08500, vic, spain.",1
80,"institute of neuroscience, universitat autònoma de barcelona (uab)  bellaterra spain",1
81,"mar health park consortium, 08003, barcelona, spain",1
82,"institute of nutrition and food safety, university of barcelona, insa-ub maria de maeztu unit of excellence , 08921, santa coloma de gramenet ,",1
83,"institute of neuropsychiatry and addictions, hospital del mar-imim, barcelona, spain.",1
84,"institute of neuropsychiatry and addictions, hospital del mar-imim, spain",1
85,"institute of neuropsychiatry and addictions, hospital del mar–imim, 08003 barcelona, spain",1
86,"institute of neuropsychiatry and addictions, parc de salut mar de barcelona, barcelona, spain",1
87,"institute of neuropsychiatry and addictions, parc de salut mar de barcelona, llull, 410, 08019, barcelona, spain",1
88,"malaria eradication scientific alliance (mesa), barcelona institute for global health, hospital clínic - universitat de barcelona, barcelona, catalunya, spain",1
89,"institute of neuropsychiatry and addictions, parc de salut mar, 08003 barcelona, spain",1
90,"madrid health service, primary care research unit, madrid, spain",1
91,"mri research unit, radiology department, hospital del mar, barcelona, spain",1
92,"margenomics, imim (institut hospital del mar d'investigacions mèdiques), barcelona, spain",1
93,"mri research unit, hospital del mar, cibersam g21, barcelona, spain",1
94,"institute of nutrition and food safety of the university of barcelona, insa-ub maria de maeztu unit of excellence, santa coloma de gramenet, spain",1
95,"margenomics, hospital del mar medical research institute (imim), barcelona, spain",1
96,"internal medicine department, instituto de investigación hospital del mar (imim)—centro de investigación biomédica en red de fragilidad y envejecimiento saludable (ciberfes) universitat autonòma de barcelona  barcelona spain",1
97,"margenomics, imim (hospital del mar medical research institute), barcelona, spain",1
98,institute of neurosciences department of cell biology physiology and immunology universitat autònoma de barcelona  bellaterra 08193 spain,1
99,"medical oncology department, hospital del mar-ciberonc, cancer research program, imim (hospital del mar medical research institute), passeig marítim 25-29, 08003 barcelona, spain",1
100,"medical oncology department, hospital del mar, passeig marítim 25-29, 08001, barcelona, spain",1
101,"medical oncology department, hospital del mar, imm research institute, barcelona, spain",1
102,"investigación biomédica en red de salud mental, cibersam, madrid, spain; department of psychiatry, hospital de la santa creu i sant pau, institut d'investigació biomèdica-sant pau (iib-sant pau), universitat autònoma de barcelona, barcelona, spain; salut mental parc taulí. sabadell (barcelona), hospital universitari - uab universitat autònoma de barcelona, barcelona, spain; neuropsiquiatria i addiccions, hospital del mar, imim (hospital del mar medical research institute), barcelona, spain. electronic address: epousa@santpau.cat.",1
103,"medical oncology department, hospital del mar, ciberonc, barcelona",1
104,"medical oncology department, hospital del mar, 08003 barcelona, spain",1
105,"medical oncology department, hospital del mar research institute, pg. marítim de la barceloneta, 25, 29, barcelona 08003, spain",1
106,"medical oncology department, hospital del mar research institute, barcelona, spain.",1
107,"medical oncology department, hospital del mar, ciberonc, imim research institute, barcelona, spain",1
108,"institute for biotechnology and biomedicine, universitat autònoma de barcelona, e-08193 bellaterra, spain",1
109,"medical oncology department, hospital universitario la fe, avinguda de fernando abril martorell, 106, 46026, valencia, spain",1
110,"institute for environmental science and technology, universidad autónoma de barcelona, 08193 bellaterra, spain",1
111,"institute for environmental science and technology, universitat autònoma de barcelona, bellaterra (cerdanyola del vallès), spain",1
112,"isglobal, barcelona, spain",1
113,"medical oncology service, instituto valenciano de oncología (ivo), valencia, spain",1
114,"medical oncology service, instituto valenciano de oncología (ivo), 46009 valencia, spain",1
115,"medical oncology service, hospital universitario virgen macarena, sevilla, spain",1
116,"medical oncology service, hospital sant joan despí -moisès broggi, c. d′oriol martorell, 12, sant joan despí 08970, spain",1
117,"medical oncology service, vall d'hebron barcelona hospital campus, vall d'hebron institute of oncology (vhio), barcelona, 08035, spain",1
118,"medical research institute hospital del mar (imim), 08003, barcelona, spain",1
119,"medical physiology unit, department of cell biology, physiology and immunology, faculty of medicine, universitat autònoma de barcelona, 08193, bellaterra, spain",1
120,"medical oncology, hospital del mar, barcelona, spain",1
121,"medical oncology department, institut hospital del mar d’investigacions mèdiques (imim), hospital del mar, 08003 barcelona, spain",1
122,"medical oncology department, institut hospital del mar d'investigacions mèdiques (imim), hospital del mar, barcelona, spain",1
123,"medical oncology service, doctor peset university hospital, valencia, spain",1
124,"medical oncology service, catalan institute of oncology, gran vía de l′hospitalet 199-203, l'hospitalet de llobregat 08908, spain",1
125,"medical oncology service, catalan institute of oncology, campus can ruti, carretera de can ruti, camí de les escoles s/n, badalona 08916, spain",1
126,institute for global health (isglobal) hospital clínic - universitat de barcelona  barcelona spain,1
127,institute of biotechnology and biomedicine universitat autònoma de barcelona  cerdanyola del vallès spain,1
128,institute of biotechnology and biomedicine universitat autònoma de barcelona cerdanyola del vallès spain,1
129,"institute of biomedical research of salamanca (ibsal-sacyl), university of salamanca-csic, paseo de san vicente, 58-182, 37007 salamanca, spain",1
130,"internal medicine, imim (hospital del mar research institute), centro de investigación biomédica en red de fragilidad y envejecimiento saludable (ciberfes) barcelona spain",1
131,"institute of environmental science and technology (icta), autonomous university of barcelona (uab), z building, icta-icp, carrer de les columnes, uab campus, 08193, bellaterra (cerdanyola del vallès), barcelona, spain",1
132,"institute of environmental science and technology (icta), autonomous university of barcelona (uab), z building, icta-icp, carrer de les columnes, uab campus, 08193, bellaterra, barcelona, spain",1
133,"institute of environmental science and technology (icta-uab), universitat autònoma de barcelona, 08193 cerdanyola del vallès, barcelona, spain",1
134,"internal medicine, hospital comarcal de l´alt penedès, vilafranca del penedès, spain",1
135,"internal medicine, emergency department, hypertension and cardiovascular risk unit, hospital de la santa creu i sant pau, universitat autónoma de barcelona, bellaterra, catalunya, spain",1
136,"internal medicine, emergency department, hypertension and cardiovascular risk unit, hospital de la santa creu i sant pau, universitat autònoma de barcelona, bellaterra, spain",1
137,"interventional cardiology unit, cardiology department, hospital del mar, 08003 barcelona, spain",1
138,"institute for research and innovation in life sciences and health in central catalonia (iris-cc), 08500 vic, spain",1
139,"institute for research and innovation in life sciences and health in central catalonia (iris-cc), ctra. de roda, 70, vic 08500, spain.",1
140,"medical oncology department, hospital universitari de vic, carrer de francesc pla el vigatà, 1, 08500 vic, spain",1
141,"institute for global health (isglobal), 08003 barcelona, spain",1
142,"institute for global health (isglobal), barcelona, spain;",1
143,"j.j. merland of therapeutic neuroangiography, hospital del mar, barcelona, catalunya, spain",1
144,"institute for global health (isglobal), hospital clínic – universitat de barcelona, barcelona, spain",1
145,"institute for global health, university college london (ucl), london, united kingdom",1
146,"interventional cardiology unit, department of cardiology, hospital del mar, barcelona, spain",1
147,"institute for global health, isglobal, barcelona, spain",1
148,"interstitial lung disease unit, respiratory medicine department, hospital del mar, passeig marítim 25, 08003, barcelona, spain",1
149,"medical oncology department, hospital general universitario gregorio marañón, instituto de investigación sanitaria gregorio marañón (iisgm), universidad complutense, madrid, spain. electronic address: pgarcaalfonso@gmail.com.",1
150,"jardí botànic marimurtra - fundació carl faust , 17300 blanes , catalonia, spain",1
151,"medical oncology department, hospital general universitario gregorio marañón, instituto de investigación sanitaria gregorio marañón (iisgm), universidad complutense, madrid, spain.",1
152,"instituto de salud global barcelona (isglobal), barcelona, spain",1
153,instituto de salud global de barcelona (isglobal)  barcelona spain,1
154,"instituto de salud global de barcelona (isglobal), 08036 barcelona, spain",1
155,"instituto de psiquiatría y salud mental del hospital gregorio marañón, servicio de psiquiatría del niño y del adolescente, madrid, spain",1
156,"intensive care unit, hospital del mar medical research institute (imim), barcelona, spain",1
157,"intensive care unit, hospital del mar (psmar) - imim. barcelona, spain",1
158,"intensive care unit, hospital del mar, barcelona, spain",1
159,"integrative pharmacology & systems neuroscience group, imim (hospital del mar medical research institute), 08003 barcelona, spain",1
160,"integrative pharmacology & systems neuroscience group, imim-institut hospital del mar d′investigacions mèdiques, 08003 barcelona, spain",1
161,"integrative pharmacology and neurosciences systems, institut hospital del mar d’investigacions mèdiques (imim), 08003 barcelona, spain",1
162,"integrative pharmacology and systems neuroscience group institut municipal investigació mèdica (imim), hospital del mar  barcelona spain",1
163,"integrative pharmacology and systems neuroscience group, hospital del mar medical research institute, barcelona, spain",1
164,"integrative pharmacology and systems neuroscience group, imim, hospital del mar, doctor aiguader 88, 08003 barcelona, spain",1
165,"integrative pharmacology and systems neuroscience research group, hospital del mar medical research institute (imim), dr. aiguader 88, 08003 barcelona, spain",1
166,"integrative pharmacology and systems neuroscience research group, hospital del mar medical research institute (imim), parc de recerca biomedica de barcelona (prbb), c/dr. aiguader 88, 08003, barcelona, spain",1
167,"instiut català de nanociència i nanotecnologia (icn2), csic and the barcelona institute of science and technology (bist). campus uab, 08193, barcelona, spain",1
168,"integrated pharmacology and systems neurosciences, imim-hospital del mar medical research institute, barcelona, spain",1
169,"integrative biomedical informatics group, research programme on biomedical informatics, hospital del mar medical research institute, department of experimental and health sciences, universitat pompeu fabra, barcelona, catalonia 08003, spain",1
170,"integrative biomedical informatics, research program on biomedical informatics (ibi-grib), hospital del mar medical research institute (imim), department of experimental and health sciences, universitat pompeu fabra (upf) , c/ del dr. aiguader 88, barcelona 08003, spain",1
171,"integrative biomedical informatics, research programme on biomedical informatics (ibi-grib), hospital del mar medical research institute (imim), department of experimental and health sciences, universitat pompeu fabra , c/dr aiguader 88, e-08003  barcelona , spain",1
172,"integrated pharmacology and systems neurosciences research group, hospital del mar medical research institute (imim), barcelona, spain",1
173,"lipid clinic, endocrinology and nutrition service institut d'investigacions biomèdiques august pi sunyer (idibaps) hospital clínic university of barcelona  barcelona spain",1
174,"lipid clinic, endocrinology and nutrition service institut d'investigacions biomèdiques august pi sunyer (idibaps) hospital clínic  barcelona spain",1
175,"instituto de microelectronica de barcelona (imb-cnm, csic), campus uab, 08193 bellaterra, barcelona, spain",1
176,"instituto de microelectronica de barcelona (imb-cnm, csic), campus uab, bellaterra, barcelona e-08193, spain",1
177,"instituto de microelectrónica de barcelona (imb-cnm, csic), campus uab, bellaterra 08193, barcelona, spain",1
178,"lipid clinic, service of endocrinology and nutrition, institut d'investigacions biomediques august pi sunyer (idibaps), hospital clinic, 08036 barcelona, spain",1
179,"lipid clinic, endocrinology and nutrition service, institut d’investigacions biomèdiques august pi i sunyer, hospital clínic, 08036 barcelona, spain",1
180,"instituto de investigación del hospital del mar (imim), hospital del mar, barcelona, españa",1
181,"instituto de investigación del hospital del mar (imim), hospital del mar, barcelona, spain",1
182,"intensive care unit, and emergency medicine, universidad de alcalá, madrid, spain; servicio de medicina intensiva, hospital universitario ramón y cajal, madrid, spain",1
183,"lipid clinic, endocrinology and nutrition service, institut d'investigacions biomèdiques august pi i sunyer, hospital clínic, 08036 barcelona, spain",1
184,instituto de investigación en cambio global (iicg) universidad rey juan carlos  madrid spain,1
185,"lipid clinic, endocrinology and nutrition service, idibaps, hospital clinic, university of barcelona , barcelona , spain",1
186,"lipid clinic, endocrinology and nutrition service, hospital clínic, biomedical research institute august pi i sunyer (idibaps), barcelona, spain",1
187,"lipid clinic, endocrinology and nutrition service, hospital clínic, biomedical research institute august pi i sunyer (idibaps), barcelona, catalonia, spain",1
188,"instituto de investigación e innovación biomédica de cádiz, inibica, hospital universitario puerta del mar, spain",1
189,"instituto de investigación e innovación en ciencias biomédicas de cádiz, inibica, hospital universitario puerta del mar, cádiz, spain",1
190,"instituto de neurociencias. universitat autònoma de barcelona (uab), campus uab, 08193 cerdanyola del vallès, spain",1
191,"instituto de neuropsiquiatria y adicciones del parc de salut del mar (inad), consorci parc de salut mar, 08001 barcelona, spain",1
192,"instituto de neuropsiquiatría y adicciones (inad), centros asistenciales dr. emili mira i lópez (caemil-recinto torribera), parc de salut mar, santa coloma de gramenet, barcelona, spain.",1
193,"instituto de neuropsiquiatría y adicciones (inad), hospital del mar, universitat pompeu fabra, barcelona, spain",1
194,"instituto de microelectrónica de barcelona (imb-cnm, csic), campus uab, bellaterra, 08193 barcelona, spain",1
195,"la marina primary care center, catalan institute of health (ics), 08908 barcelona, spain",1
196,"instituto de neuropsiquiatría y adicciones, hospital del mar, barcelona, españa",1
197,"instituto de neuropsiquiatría y adicciones, parc de salut mar, instituto hospital del mar de investigación médica (imim), barcelona, españa",1
198,"instituto de neuropsiquiatría y adicciones (inad), parc de salut mar, 08003 barcelona, spain",1
199,"instituto de microelectrónica de barcelona (imb-cnm, csic). campus de la universitat autònoma de barcelona, 08193 bellaterra, spain",1
200,"instituto de microelectrónica de barcelona (imb‐cnm, csic)  campus uab, bellaterra barcelona 08193 spain",1
201,"instituto de microelectrónica de barcelona, imb-cnm (csic), campus uab, bellaterra, barcelona, spain",1
202,"instituto de microelectrónica de barcelona, imb-cnm (csic), esfera uab, bellaterra, spain",1
203,"laboratorio de cáncer hereditario, servicio de bioquímica clínica-análisis clínicos, hospital universitario 12 de octubre , av. de córdoba, s/n, madrid 28041, spain",1
204,"integrative pharmacology and systems neuroscience research group, hospital del mar research institute, barcelona, spain",1
205,"intensive care department, donation and transplantation coordination unit, hospital universitario marqués de valdecilla-idival, santander, spain",1
206,"laboratori de citologia hematològica, servei de patologia, hospital del mar and gretnhe, cancer research program, imim (hospital del mar medical research institute), barcelona, spain",1
207,"integrative pharmacology and systems neurosciences research group, neurosciences research program, hospital del mar medical research institute (imim), barcelona, spain.",1
208,"laboratori de medicina computacional, facultat de medicina, universitat autònoma de barcelona, 08193 bellaterra, spain",1
209,"integrative pharmacology and systems neurosciences research group, neurosciences research program, hospital del mar medical research institute, barcelona, spain",1
210,"integrative pharmacology and systems neurosciences research group, neurosciences research program, hospital del mar research institute (hmri), barcelona, 08003, spain",1
211,"laboratori de medicina computacional, unitat de bioestadística, facultat de medicina, universitat autònoma de barcelona, 08193 bellaterra, spain",1
212,"integrative pharmacology and systems neurosciences, instituto hospital del mar de investigaciones médicas (imim), barcelona, spain",1
213,"laboratoris de citologia hematològica i citogenètica, servei de patologia hospital del mar, gretnhe, institut hospital del mar d'investigacions mèdiques (imim)  barcelona spain",1
214,"intensive care department, regional donor transplant coordination, hospital universitario virgen de la victoria de málaga, málaga, spain",1
215,"laboratorio de biología molecular, servicio de análisis clínicos y microbiología, hospital de sagunto, valencia, spain",1
216,"intensive care unit service, hospital del mar, institut hospital del mar d'investigacions mèdiques (imim), universitat pompeu fabra (upf), passeig marítim de la barceloneta, 25, 29, 08003, barcelona, spain",1
217,"intensive care medicine, hospital del mar & imim, barcelona, spain.",1
218,intensive care unit hospital del mar medical research institute (imim)  barcelona spain,1
219,"laboratorio de microbiología, hospital marina baixa, villajoyosa, spain",1
220,"intensive care unit, del mar university hospital, barcelona, spain",1
221,"intensive care department, hospital del mar, barcelona, catalunya, spain",1
222,"laboratorio de citogenética y biología molecular servicio de hematología, consorcio hospital general universitario  valencia spain",1
223,"integrative pharmacology and systems neuroscience research group, neurosciences research program, imim-institut hospital del mar d’investigacions mèdiques, 08003 barcelona, spain",1
224,"integrative pharmacology and systems neuroscience research group, neurosciences research program, imim-institut hospital del mar d’investigacions mèdiques, doctor aiguader 88, 08003 barcelona, spain",1
225,"integrative pharmacology and systems neuroscience research group, hospital del mar research institute (imim), 08003 barcelona, spain",1
226,"integrative pharmacology and systems neuroscience research group, imim-hospital del mar medical research institute, barcelona, spain",1
227,"integrative pharmacology and systems neuroscience, hospital del mar medical research institute, barcelona biomedical research park, 08003 barcelona, spain",1
228,"laboratory of antimicrobial resistance, isglobal, hospital clínic - universitat de barcelona, barcelona, spain",1
229,"integrative pharmacology and systems neuroscience, imim-hospital del mar research institute, 08003 barcelona, spain",1
230,"integrative pharmacology and systems neuroscience, neuroscience research program, hospital del mar research institute, barcelona, spain.",1
231,"laboratori de biologia molecular, servei de patologia hospital del mar  barcelona spain",1
232,"integrative pharmacology and systems neuroscience, neuroscience research program, hospital del mar research institute, barcelona, spain. electronic address: probledo@researchmar.net.",1
233,"integrative pharmacology and systems neuroscience, neuroscience research program, hospital del mar research institute, barcelona, spain; department of medicine and life sciences, university pompeu fabra, barcelona, spain.",1
234,"integrative pharmacology and systems neuroscience, imim-hospital del mar medical research institute, barcelona, spain",1
235,"integrative pharmacology and systems neuroscience research group, imim (hospital del mar medical research institute), dr. aiguader 88, 08003 barcelona, spain",1
236,"integrative pharmacology and systems neuroscience research group, imim-institut hospital del mar d’investigacions mèdiques, 08003 barcelona, spain",1
237,"integrative pharmacology and systems neuroscience research group, neuroscience research programme, hospital del mar medical research institute (imim), barcelona, spain",1
238,"integrative pharmacology and systems neuroscience research group, neurosciences research program, hospital del mar medical research institute (imim), 08003 barcelona, spain",1
239,"integrative pharmacology and systems neuroscience research group, neurosciences research program, imim-hospital del mar medical research institute, barcelona, spain",1
240,"integrative pharmacology and systems neuroscience research group, neurosciences research program, hospital del mar medical research institute (imim) and universitat pompeu fabra (cexs-upf), 08003 barcelona, spain",1
241,"laboratory of immunology, department of pathology, hospital del mar, parc de salut mar, barcelona, spain",1
242,"integrative pharmacology and systems neurosciences research group, neurosciences research program, hospital del mar medical research institute (imim), 08003, barcelona, spain. electronic address: acuenca@imim.es.",1
243,"integrative pharmacology and systems neurosciences research group, neurosciences research program, hospital del mar medical research institute (imim), 08003, barcelona, spain. electronic address: mgomis@imim.es.",1
244,"laboratory of immunology, department of pathology, hospital del mar, barcelona, spain",1
245,"integrative pharmacology and systems neurosciences research group, neurosciences research program, hospital del mar medical research institute (imim), 08003, barcelona, spain; ciber fisiopatología obesidad y nutrición (ciberobn), instituto de salud carlos iii, 28029, madrid, spain. electronic address: lforcano@imim.es.",1
246,"integrative pharmacology and systems neurosciences research group, neurosciences research program, hospital del mar medical research institute (imim), 08003, barcelona, spain; department of experimental and health sciences, universitat pompeu fabra, 08003, barcelona, spain. electronic address: nsoldevila@imim.es.",1
247,"integrative pharmacology and systems neurosciences research group, neurosciences research program, hospital del mar medical research institute (imim), 08003, barcelona, spain; department of experimental and health sciences, universitat pompeu fabra, 08003, barcelona, spain; ciber fisiopatología obesidad y nutrición (ciberobn), instituto de salud carlos iii, 28029, madrid, spain. electronic address: rtorre@imim.es.",1
248,"integrative pharmacology and systems neuroscience, neuroscience research program, hospital del mar research institute, barcelona, spain; department of medicine and life sciences, university pompeu fabra, barcelona, spain; centro de investigación biomédica en red - fisiopatología de la obesidad y nutrición (ciberobn), instituto de salud carlos iii, madrid, spain.",1
249,"laboratory of cytology, department of pathology, gretnhe, imim hospital del mar research institute, barcelona, spain",1
250,"laboratori de citologia hematològica, servei de patologia, grup de recerca translacional en neoplàsies hematològiques (gretnhe), imim hospital del mar research institute, barcelona, spain",1
251,"integrative pharmacology and systems neurosciences research group, neurosciences research program, hospital del mar medical research institute (imim)",1
252,"integrative pharmacology and systems neurosciences research group, neurosciences research program, hospital del mar medical research institute (imim), 08003 barcelona, spain",1
253,"laboratory of antimicrobial resistance, isglobal, hospital clínic–universitat de barcelona, barcelona, spain",1
254,"laboratory of electron nanoscopies (lens), micro-nanotechnology and nanoscopies for electrophotonic devices (mind), department of electronics and biomedical engineering and institute of nanoscience and nanotechnology (in2ub), university of barcelona c/martí i franquès 1, barcelona 08028, spain",1
255,"laboratori de citogenètica molecular servei de patologia, hospital del mar  barcelona spain",1
256,"integrative pharmacology and systems neuroscience, neuroscience research program, imim-hospital del mar research institute, 08003 barcelona, spain",1
257,"laboratori de citogenètica molecular, servei de patologia hospital del mar  barcelona spain",1
258,"integrative pharmacology and systems neuroscience, neuroscience research program, imim-hospital del mar research institute, barcelona, spain",1
259,"integrative pharmacology and systems neuroscience, neurosciences research programme, imim-hospital del mar research institute, prbb, calle dr. aiguader 88, 08003, barcelona, spain",1
260,"integrative pharmacology and systems neurosciences (fins), hospital del mar research institute (imim), barcelona, spain",1
261,integrative pharmacology and systems neurosciences hospital del mar medical research institute (imim)  barcelona spain,1
262,"integrative pharmacology and systems neurosciences research group, hospital del mar medical research institute, barcelona, spain;",1
263,"integrative pharmacology and systems neurosciences research group, institut hospital del mar de investigaciones médicas municipal d'investigació mèdica (imim), 08003 barcelona, spain",1
264,"integrative pharmacology and systems neurosciences research group, institut hospital del mar de investigaciones médicas municipal d’investigació mèdica (imim), 08003 barcelona, spain",1
265,"integrative pharmacology and systems neurosciences research group, neuroscience research program, hospital del mar medical research institute (imim), barcelona, spain",1
266,"integrative pharmacology and systems neurosciences research group, neurosciences research program hospital del mar medical research institute (imim) barcelona spain",1
267,"laboratori de citologia hematològica, department of pathology, hospital del mar, barcelona, spain",1
268,"laboratory of molecular diagnostics, pathology department, hospital del mar, barcelona, spain",1
269,"internal medicine department, hospital costa del sol marbella, málaga, spain",1
270,"internal medicine department, hospital costa del sol, marbella, spain",1
271,"kidney transplant unit, nephrology department, hospital general universitario gregorio marañón , madrid, spain",1
272,"liver unit, digestive department, hospital general universitario gregorio marañón, complutense university of madrid, 28007 madrid, spain",1
273,"liver unit and digestive department,hospital general universitario gregorio marañón,ciberehd,madrid,spain",1
274,"liver section, gastroenterology department, hospital del mar, parc de salur mar, barcelona, spain",1
275,"liver section, gastroenterology department, hospital del mar, institut hospital del mar d'investigacions mèdiques, psmar, universitat pompeu fabra, facultat de ciències de la salut i de la vida, barcelona, spain",1
276,"liver section, gastroenterology department, hospital del mar, imim (hospital del mar medical research institute) universitat autònoma de barcelona  barcelona spain",1
277,"liver section, gastroenterology department, hospital del mar, hospital del mar medical research institute (imim), universitat autònoma de barcelona, 08003 barcelona, spain",1
278,"liver section, gastroenterology department, hospital del mar, department of medicine, imim, barcelona, spain",1
279,"liver section, gastroenterology department, hospital del mar, barcelona, spain;",1
280,"liver section, gastroenterology department, hospital del mar universitat autònoma de barcelona, imim (hospital del mar medical research institute)  barcelona spain",1
281,"liver section, gastroenterology department and imim (hospital del mar medical research institute), gastroenterology department, spain",1
282,"liver pathology unit, biochemistry and microbiology service, hospital universitari vall d'hebron, barcelona, spain",1
283,instituto de investigación biosanitaria de granada (ibs.granada) servicio andaluz de salud/universidad de granada  granada spain,1
284,"liver transplant unit, hospital clinic – idibaps, isglobal (institute for global health), university of barcelona, barcelona, spain",1
285,"liver section,gastroenterology department,departament der medicina,hospital del mar,universistat autonoma de barcelona,imim,barcelona,spain",1
286,"liver section, gastroenterology department, hospital del mar, universitat autònoma de barcelona, barcelona, spain",1
287,"instituto sanitario de investigación de bioaraba, servicio vasco de salud-osakidetza, hospital universitario de araba",1
288,"instituto universitario de investigación en atención primaria jordi gol (idiap jordi gol), unidad de apoyo a la investigación de girona, girona, spain",1
289,"kidney research group, hospital del mar medical research institute, imim, barcelona 08003, spain.",1
290,"instituto de catálisis y petroleoquímica, csic, c/marie curie, 2, 28049 madrid, spain",1
291,"kidney disease research group, hospital del mar medical research group, 08003 barcelona, spain",1
292,"kidney research group (gren), hospital del mar institute for medical research (imim), rd16/0009/0013 (isciii feder redinren), barcelona, spain",1
293,"knee unit, department of orthopaedic surgery and traumatology, hospital del mar, universitat autònoma de barcelona (uab), barcelona, spain",1
294,"instituto de investigación hospital del mar, hospital del mar, dr. aiguader, 88, 08003 barcelona, spain",1
295,"lipid and vascular risk unit, department of endocrinology and nutrition, hospital del mar, 08003 barcelona, spain",1
296,"intensive medicine department, hospital universitario marqués of valdecilla, santander, spain",1
297,"instituto de investigación sanitaria del principado de asturias (ispa). instituto de neurociencias del principado de asturias (ineuropa). mental health services of the principality of asturias (sespa), oviedo, spain",1
298,"instituto de investigación sanitaria gregorio marañon, madrid, spain",1
299,"instituto de investigación sanitaria gregorio marañón (iisgm), spain",1
300,"kidney transplant unit, nephrology department, hospital universitario puerta del mar , cádiz, spain",1
301,"interdisciplinary laboratory of clinical analysis interlab-umu, regional campus of international excellence 'campus mare nostrum', university of murcia, campus de espinardo s/n, espinardo, 30100 murcia, spain",1
302,"kidney transplant unit, nephrology department, hospital del mar , barcelona, spain",1
303,"instituto de investigación sanitaria gregorio marañón, 28007 madrid, spain",1
304,"instituto de investigación sanitaria gregorio marañón, spain",1
305,"kidney transplant unit, nephrology department, hospital del mar, barcelona, spain",1
306,"hospital universitario severo ochoa, servicio de medicina interna, madrid, spain",1
307,"hospital universitario puerta de hierro, servicio de medicina interna, majadahonda, spain",1
308,hospital universitario puerta del mar,1
309,"hospital universitario puerta del mar, 11009 cádiz, spain",1
310,"hospital universitario puerta del mar, cadiz, spain",1
311,"hospital universitario de bellvitge, servicio de cardiología, l'hospitalet de llobregat, barcelona, spain",1
312,"hospital universitario virgen de la victoria, 29010 malaga, spain",1
313,"hospital universitario virgen de la victoria, 29010 málaga, spain",1
314,"hospital universitario virgen de la victoria, ibima, 29010 malaga, spain",1
315,hospital universitario virgen de la victoria. malaga,1
316,"hospital universitario virgen de las nieves, servicio de análisis clínicos e inmunología, granada, spain",1
317,"hospital universitario virgen de las nieves, servicio de medicina interna, granada, spain",1
318,"hospital universitario virgen del rocío, servicio de medicina interna, seville, spain",1
319,"hospital universitario de alava, servicio de psiquiatría, bioaraba, cibersam, university of the basque country, spain",1
320,"hospital universitario virgen de las nieves, servicio de enfermedades infecciosas, granada, spain",1
321,"hospital universitario araba, servicio de psiquiatria, upv/ehu , bioaraba , spain",1
322,"hospital universitario araba, servicio de psiquiatria, upv/ehu, spain",1
323,"hospital universitario príncipe de asturias, servicio de microbiología clínica, madrid, spain",1
324,"hospital universitari de la valld'hebron, servicio de cardiología, barcelona, spain",1
325,"hospital universitari del mar, barcelona, españa",1
326,"hospital universitario la paz-idipaz, servicio de farmacología, madrid, spain",1
327,"hospital universitario la paz-idipaz, servicio de inmunología, madrid, spain",1
328,"hospital universitario la paz-idipaz, servicio de medicina interna, madrid, spain",1
329,"hospital universitario la paz-idipaz, servicio de neumología, madrid, spain",1
330,"hospital universitario la paz-idipaz, servicio de pediatría, madrid, spain",1
331,"hospital universitario los arcos del mar menor, san javier.",1
332,hospital universitario marques de valdecilla,1
333,"hospital universitario marques de valdecilla. idival. santander, spain.",1
334,"hospital universitario marqués de valdecilla, santander.",1
335,"hospital universitario marqués de valdecillas, ciberinfec, (santander)",1
336,"hospital universitario marqués de valdecilla, idival, santander, spain.",1
337,"hospital universitario infanta leonor, servicio de alergia, madrid, spain",1
338,"hospital universitario infanta leonor, servicio de medicina intensiva, madrid, spain",1
339,"hospital universitario infanta leonor, servicio de medicina interna, madrid, spain",1
340,"hospital del mar 5 pathology department, , barcelona,",1
341,"hospital del mar autoimmune diseases and vasculitis unit of excellence unit disease, spain",1
342,"hospital del mar department of nephrology, hospital del mar medical research institute (imim), 08003 barcelona, spain",1
343,"hospital del mar institute for biomedical research (imim), barcelona, spain",1
344,hospital del mar institute for medical research (imim)  barcelona catalonia spain,1
345,"hospital del mar institute for medical research (imim), barcelona, spain",1
346,"hospital del mar institute for medical research, barcelona, spain.",1
347,"hospital del mar institute of medical research (imim psmar), barcelona, catalonia, spain",1
348,"hospital del mar institute of medical research (imim), research group in nursing care (greci), barcelona, spain",1
349,"hospital del mar institute of medical research autonomous university of barcelona research network on frailty and healthy aging (ciberfes) instituto carlos iii, barcelona, spain",1
350,"hospital del mar medical research institute (imim psmar), barcelona, spain",1
351,hospital del mar medical research institute (imim),1
352,"hospital del mar medical research institute (imim) , barcelona , spain",1
353,"hospital del mar medical research institute (imim) , barcelona, spain",1
354,"hospital del mar medical research institute (imim) of barcelona, autonomous university of barcelona, 08003 barcelona, spain",1
355,"hospital del mar medical research institute (imim) of barcelona, autonomous university of barcelona, spain",1
356,"hospital del mar medical research institute (imim), 08001 barcelona, spain",1
357,"hospital del mar medical research institute (imim), 08003 barcelona, catalonia, spain",1
358,"hospital del mar medical research institute (imim), 88, dr. aiguader st., 08003, barcelona, catalonia, spain",1
359,"hospital del mar medical research institute (imim), autonomous university of barcelona (uab), 08003 barcelona, spain",1
360,"hospital del mar medical research institute (imim), autonomous university of barcelona (uab), barcelona, spain.",1
361,"hospital del mar medical research institute (imim), autonomous university of barcelona, cibersam, barcelona, spain",1
362,"hospital del mar medical research institute (imim), barcelona biomedical research park, 08003 barcelona, spain",1
363,"hospital del mar medical research institute (imim), barcelona biomedical research park, barcelona, spain",1
364,"hospital del mar medical research institute (imim), barcelona, catalonia, spain.",1
365,"hospital del mar medical research institute (imim), barcelona, spain.",1
366,"hospital del mar medical research institute (imim), barcelona, spain. aura.muntasell@uab.cat.",1
367,"hospital del mar medical research institute (imim), cibersam, barcelona, spain",1
368,"hospital del mar medical research institute (imim) and iibb-csic associated rdi unit, e08036 barcelona, spain",1
369,"hospital de la santa creu i. sant pau, servicio de cardiología, barcelona, spain",1
370,"hospital del mar / hospital universitari dexeus, universitat autònoma de barcelona (uab), barcelona, spain",1
371,"hospital del mar , barcelona, spain",1
372,hospital del mar and imim (hospital del mar medical research institute)  barcelona spain,1
373,"hospital del mar – universitat pompeu fabra (upf) passeig marítim, 25 barcelona spain",1
374,"hospital del mar, barcelona, 08003, spain",1
375,"hospital del mar, barcelona, españa.",1
376,"hospital del mar, department of infectious diseases, barcelona, spain",1
377,"hospital del mar, emergency department, barcelona, catalonia, spain.",1
378,"hospital del mar, hospital del mar medical research institute (imim), barcelona, spain",1
379,"hospital del mar, hospital del mar research institute (imim), 08003 barcelona, spain",1
380,"hospital del mar, hospital del mar research institute, barcelona, spain",1
381,"hospital del mar, institut de neuropsiquiatria i addiccions (inad), barcelona, spain",1
382,"hospital del mar, servicio de cardiología, barcelona, spain",1
383,"hospital del mar, universitat autònoma de barcelona, imim, 08003 barcelona, spain",1
384,"hospital del mar- imim and department of psychiatry, institute of neuropsychiatry and addictions, autonomous university of barcelona, barcelona, spain",1
385,"hospital del mar-imim, universitat pompeu fabra, barcelona, spain",1
386,"hospital del mar medical research institute (imim), cancer research programme, 08003 barcelona, spain.",1
387,"hospital del mar-parc de salut mar, paseo maritimo 25-29, barcelona 08005, spain",1
388,"hospital del mar-parc de salut mar, paseo maritimo 25-29, barcelona, 08005, spain",1
389,hospital del mar. barcelona,1
390,"hospitales universitarios regional y virgen de la victoria, málaga, spain.",1
391,"hospitales universitarios regional y virgen de la victoria, ibima, malaga, spain",1
392,"hospitals del mar i l'esperança, parc de salut mar",1
393,"human anatomy and embryology unit, department of morphological sciences, faculty of medicine, universitat autònoma de barcelona, bellaterra, spain.",1
394,"hospital del mar-parc de salut mar barcelona, spain",1
395,"hospital del mar medical research institute (imim), carrer doctor aiguader, 88, 08003 barcelona, spain",1
396,"hospital del mar medical research institute (imim), carrer del dr. aiguader, 88, 08003 barcelona, spain",1
397,"hospital del mar medical research institute (imim), dr aiguader 88, barcelona 08003, spain",1
398,"hospital del mar medical research institute (imim), hospital del mar, barcelona, spain",1
399,"hospital del mar medical research institute (imim), pompeu fabra university, barcelona, spain",1
400,"hospital del mar medical research institute (imim), universitat autònoma de barcelona (uab), barcelona, spain",1
401,"hospital del mar medical research institute - imim, barcelona, spain",1
402,"hospital del mar medical research institute, 08003 barcelona, spain;",1
403,"hospital del mar medical research institute, 08003, barcelona, spain; faculty of health and life sciences, universitat pompeu fabra, 08003, barcelona, spain; epilepsy monitoring unit, department of neurology, hospital del mar, 08003, barcelona, spain.",1
404,"hospital del mar medical research institute, 08003, barcelona, spain; faculty of health and life sciences, universitat pompeu fabra, 08003, barcelona, spain; epilepsy monitoring unit, department of neurology, hospital del mar, 08003, barcelona, spain. electronic address: rrocamora@parcdesalutmar.cat.",1
405,"hospital del mar medical research institute, barcelona biomedical research park 6 , 08003 barcelona, spain",1
406,"hospital del mar medical research institute; universitat pompeu fabra, melis department, cibersam, isciii, barcelona, spain",1
407,"hospital del mar medical research institute; universitat pompeu fabra, melis department, cibersam, isciii, barcelona, spain.",1
408,"hospital del mar medical researchinstitute (imim), barcelona, spain",1
409,"hospital del mar research institute, respiratory medicine department, hospital del mar. medicine and life sciences department, universitat pompeu fabra (upf), brn, 08018 barcelona, spain",1
410,"hospital del mar nursing school (esihmar), universitat pompeu fabra-affiliated, 08003 barcelona, spain",1
411,"hospital del mar research institute & universitat pompeu fabra, c/ dr. aiguader 88, barcelona, 08003, spain.",1
412,"hospital del mar research institute (imim) , 88 dr. aiguader, 08009 barcelona, catalonia , spain",1
413,"hospital del mar research institute (imim), barcelona, spain.",1
414,"hospital del mar research institute (imim), parc salut mar, 08003 barcelona, spain",1
415,"hospital del mar research institute (imim), parc de recerca biomèdica de barcelona (prbb), 08003 barcelona, spain",1
416,"hospital del mar research institute (imim), section of gastrointestinal surgery, hospital del mar, department of surgery, universitat autònoma de barcelona, 08003 barcelona, spain",1
417,"hospital del mar research institute (imim), universitat pompeu fabra (upf), barcelona, spain. centro de investigación biomédica en red de enfermedades infecciosas ciberinfec, instituto carlos iii, madrid, spain",1
418,hospital del mar research institute barcelona spain,1
419,"hospital del mar research institute barcelona, cancer research program, barcelona biomedical research park (prbb), 08003 barcelona, spain",1
420,"hospital del mar research institute, cancer research programme, 08003 barcelona, spain. electronic address: pwelz@researchmar.net.",1
421,"hospital del mar research institute, dr. aiguader 88, barcelona 08003, spain.",1
422,"hospital del mar research institute, melis, universitat pompeu fabra, barcelona, spain am",1
423,"hospital del mar research institute, neurovascular research lab, barcelona, spain. electronic address: jjimenez3@imim.es.",1
424,"hospital del mar research institute, parc de recerca biomèdica de barcelona (prbb), 08003 barcelona, spain",1
425,"hospital del mar medicar research institute (imim), barcelona, spain",1
426,"hospital universitario de salamanca-ibsal, servicio de cardiología, salamanca, spain",1
427,"hospital universitario de salamanca-ibsal, servicio de medicina interna, salamanca, spain",1
428,hospital universitario del mar hospital (barcelona).,1
429,"hospital universitario del tajo, servicio de medicina intensiva, toledo, spain",1
430,"hospital universitario y politécnico la fe, servicio de microbiología, valencia, spain",1
431,"hospital comarcal alt penedès, consorci sanitari alt penedès-garraf",1
432,"hospital de calella, corporació de salut del maresme i la selva, calella, spain",1
433,"hospital de mar medical research institute—imim, 08003 barcelona, spain",1
434,"hospital de mar. mental health institute, barcelona, spain.",1
435,"hospital de mataró, consorci sanitari del maresme, 08301 mataró, spain",1
436,"hospital de mataró, consorci sanitari del maresme, spain",1
437,"hospital de mataró. department of radiology. consorci sanitari del maresme, mataró, spain",1
438,"hospital de mataró. department of surgery. consorci sanitari del maresme, mataró, spain",1
439,"hospital at home unit, internal medicine service, hospital clínic barcelona, university of barcelona, spain",1
440,hospital virgen de la victoria málaga spain,1
441,"hospital clinico universitario de valladolid, servicio de hematologia y hemoterapia, valladolid, spain",1
442,"hinda and arthur marcus institute for aging research and deanna and sidney wolk centre for memory health, hebrew senior life, boston, ma, united states",1
443,"hospita universitario gregorio marañón, instituto de investigación sanitaria gregorio marañón, madrid, spain",1
444,"hospital arquitecto marcide, 15405 ferrol, spain",1
445,"hospital clínico universitario virgen de la arrixaca, el palmar, spain",1
446,"hospital clínic i provincial, servicio de cardiología, barcelona, spain",1
447,hematology hospital universitario cruces servicio de hematología  barakaldo spain,1
448,"hematology laboratory service, ico badalona-hospital germans trias i pujol, myeloid neoplasms group, josep carreras leukemia research institute (ijc), badalona, spain",1
449,"hematology service, clinic university hospital, incliva health research institute, valencia, spain",1
450,"hematology service, fundació althaia, manresa, spain.",1
451,"hematology service, hospital arnau de vilanova, lleida, spain",1
452,"hematology service, hospital clínic de barcelona, barcelona, spain",1
453,"hematology service, hospital clínic de barcelona, barcelona, spain.",1
454,"hematology service, hospital clínico de valencia, valencia, spain",1
455,"hematology service, hospital joan xxiii, tarragona, spain",1
456,"hematology service, hospital mútua de terrassa, terrassa, spain",1
457,"hematology service, hospital son llàtzer, palma de mallorca, spain",1
458,"hematology service, hospital universitari arnau vilanova, lleida, spain.",1
459,"hematology service, hospital universitari joan xxiii de tarragona, tarragona, spain.",1
460,"hematology service, hospital universitari mútua terrassa, terrassa, spain.",1
461,"hematology service, hospital universitario la fe, valencia, spain",1
462,"hematology service, hospital universitario son llàtzer, palma de mallorca, spain.",1
463,hematology service hospital son llàtzer  palma de mallorca spain,1
464,"hematology department, hospital del mar, imim, universitat autònoma de barcelona, barcelona, spain",1
465,"hematology department, hospital del mar-imim, 08003 barcelona, spain",1
466,"hematology department, hospital del mar-imim, barcelona, spain",1
467,"hematology department, marqués de valdecilla university hospital, 39008 santander, spain",1
468,"hepato pancreato biliary division, hospital del mar, universitat pompeu fabra, barcelona, spain. electronic address: marcpxaus@gmail.com.",1
469,"hepato pancreato biliary division, hospital del mar, universitat pompeu fabra, barcelona, spain. electronic address: psanchezvelazquez@psmar.cat.",1
470,"hepato pancreato biliary unit, hospital del mar, pompeu fabra university, barcelona, spain",1
471,"hepato-biliary and pancreatic surgery unit, department of surgery, hospital parc salut mar, universitat pompeu fabra, barcelona, spain",1
472,"hepato-biliary and pancreatic surgery unit, department of surgery, hospital del mar, barcelona, spain.",1
473,"hepato-biliary and pancreatic surgery unit, department of surgery, hospital del mar, pompeu fabra university, barcelona, spain.",1
474,"hepato-biliary and pancreatic surgery unit, department of surgery, hospital del mar, pompeu fabra university, barcelona, spain. greta.donisi@humanitas.it.",1
475,"hepato-biliary and pancreatic surgery unit, hospital del mar , barcelona , spain",1
476,"hepato-biliary and pancreatic surgery unit, hospital del mar, universitat pompeu fabra, barcelona, spain.",1
477,"hepatobiliary surgery unit, hospital del mar, barcelona, spain",1
478,"hepatobiliary surgery unit, hospital del mar, university pompeu fabra, barcelona, spain",1
479,"hematology service, hospital vall d'hebron, barcelona, spain",1
480,"hepatology section, gastroenterology department, hospital del mar, imim (hospital del mar medical research institute), barcelona, spain",1
481,"hepatology section, gastroenterology department, hospital del mar. imim, barcelona, spain",1
482,"hepatology section, gastroenterology department, parc de salut mar, imim (hospital del mar medical research institute), universitat autònoma de barcelona, barcelona, spain",1
483,"hepatobiliary division, hospital del mar, universitat pompeu fabra, barcelona, spain",1
484,"hematology service, hospital verge de la cinta, tortosa, spain",1
485,"hematology service, hospital de sant pau, barcelona, spain",1
486,"hematology service, hospital de tortosa verge de la cinta, tortosa, spain.",1
487,"hematology service, hospital de la santa creu i sant pau, barcelona, spain",1
488,"hematology service, hospital de la santa creu i sant pau, barcelona, spain.",1
489,"hematology service, hospital del mar, barcelona, spain.",1
490,"hematology service, ico girona - hospital josep trueta, girona, spain",1
491,"hematology service, institut català d'oncologia (ico)-hospital germans trias i pujol, institut de recerca contra la leucèmia josep carreras, universitat autònoma de barcelona, badalona, spain",1
492,"hematology service, institut català d'oncologia-hospital duran i reynals, barcelona, spain.",1
493,"hematology service, institut català d'oncologia-hospital germans trias i pujol, institut de recerca contra la leucèmia josep carreras, universitat autònoma de barcelona, badalona, spain.",1
494,"hepato pancreato biliary division, hospital del mar, universitat pompeu fabra, barcelona, spain. electronic address: ielpo.b@gmail.com.",1
495,"hepato pancreato biliary division, department of hepato-pancreato-biliary surgery, hospital del mar, universitat pompeu fabra, passeig marítim de la barceloneta, 25, 29, 08003, barcelona, spain",1
496,"hepato pancreato biliary division, hospital del mar, universitat pompeu fabra, barcelona, spain. electronic address: fburdio@hotmail.com.",1
497,"hospital marqués de valdecilla – idival, santander, spain",1
498,"hospital marqués de valdecilla, santander, spain",1
499,"hospital parc de salut mar, barcelona, spain.",1
500,"hospital universitari germans trias i pujol, barcelona institute for global health, rosselló, 132, badalona 08036, spain",1
501,"hospital universitari germanstrias i. pujol, servicio de cardiología, badalona, spain",1
502,hospital santa maria,1
503,hospital santa maria salut/gestió de serveis sanitaris  lleida spain,1
504,"hospital santa maria, irblleida, 25198 lleida, spain",1
505,"hospital santa maria, irblleida, lleida, spain.",1
506,"hospital santa maria; irblleida, lleida, spain",1
507,"hospital universitari arnau de vilanova and santa maria, group of translational research in respiratory medicine, irb lleida, universitat de lleida, lleida, spain",1
508,"hospital universitari arnau de vilanova and santa maria, group of translational research in respiratory medicine, irblleida, lleida, spain",1
509,"hospital santa maria, salut/gestió de serveis sanitaris  lleida spain",1
510,"hospital marqués de valdecilla , santander, spain",1
511,"hospital general universitario gregorio maranon, iisgm. madrid",1
512,hospital general universitario gregorio marañón madrid spain,1
513,"hospital general universitario gregorio marañón, 28009 madrid, spain",1
514,"hospital general universitario gregorio marañón, departamento de medicina universidad complutense de madrid  madrid spain",1
515,"hospital general universitario gregorio marañón, madrid, spain.",1
516,hospital general universitario los arcos del mar menor  murcia spain,1
517,"hospital comarcal el escorial, madrid, spain",1
518,"hospital comarcal sant jaume de calella, spain.",1
519,hospital comarcal de vinarós castello spain,1
520,"hospital costa del sol, marbella, spain.",1
521,"hospital costa del sol, marbella.",1
522,hospital del mar,1
523,"hospital del mar institute of medical research (imim), barcelona, catalonia, spain",1
524,"hospital del mar medical research institute (imim), barcelona, spain",1
525,"hospital del mar medical research institute (imim), carrer del dr. aiguader, 88, 08003, barcelona, spain",1
526,"hospital del mar medical research institute (imim), carrer del dr. aiguader, 88, barcelona, spain",1
527,"hospital del mar, 08003 barcelona, spain",1
528,"hospital del mar, barcelona, spain",1
529,hospital comarcal de inca  islas baleares spain,1
530,"hospital mare de déu de la mercè, barcelona, spain",1
531,"hospital mare de déu de la mercè, germanes hospitalàries, barcelona, spain",1
532,hospital marina baixa  alicante spain,1
533,hospital marqués de valdecilla  santander spain,1
534,"hospital general de alicante, spain ac hospital marina baixa de villajoyosa, alicante, spain",1
535,hospital general universitario gregorio marañón. instituto de investigación sanitaria gregorio marañón. universidad complutense de madrid. ciberes,1
536,"hospital gregorio marañón, madrid.",1
537,"institut català de nanociència i nanotecnologia (icn2-uab-csic-bist), cerdanyola del vallès, spain",1
538,"institut català de paleontologia miquel crusafont, universitat autònoma de barcelona , 08193 cerdanyola del vallès, barcelona , spain",1
539,"institut catala de la salut (ics). bcn. ambit d'atencio primaria, barcelona, spain",1
540,"institut català de nanociència i nanotecnologia (icn2-uab-csic-bist), campus uab, bellaterra, 08193 barcelona, spain",1
541,"institut català de nanociència i nanotecnologia (icn2), csic, the barcelona institute of science and technology (bist), campus uab, bellaterra, 08193 barcelona, spain",1
542,institut català de nanociència i nanotecnologia (icn2),1
543,"institut català de nanociència i nanotecnologia (icn2), csic and bist, campus uab, bellaterra, 08193, barcelona, spain.",1
544,"institut català de nanociència i nanotecnologia (icn2), csic and bist, campus universitat autònoma de barcelona, 08193 barcelona, spain",1
545,"institut català de nanociència i nanotecnologia (icn2), consejo superior de investigaciones científicas (csic), the barcelona institute of science and technology (bist), 08036 barcelona, spain",1
546,"institut català de nanociència i nanotecnologia (icn2), consejo superior de investigaciones científicas (csic), the barcelona institute of science and technology (bist), barcelona, spain",1
547,"institut català de nanociència i nanotecnologia (icn2), consejo superior de investigaciones científicas (csic), the barcelona institute of science and technology (bist), universitat autònoma de barcelona (uab), barcelona, spain",1
548,"institut hospital del mar d'investigacions mèdiques - institut de neuropsiquiatria i addiccions, mar health park, barcelona, spain",1
549,"institut hospital del mar d'investigacions mèdiques barcelona, barcelona, spain",1
550,"institut hospital del mar d'investigacions mèdiques barcelona, spain; dermatology department, hospital del mar, parc de salut mar, barcelona, spain; universitat autónoma de barcelona barcelona, spain.",1
551,"institut hospital del mar d'investigacions mèdiques, (imim), parc de salut mar, spain",1
552,"institut hospital del mar d'investigacions mèdiques, (imim), parce de salut mar, barcelona, spain",1
553,"institut hospital del mar d'investigacions mèdiques, barcelona, spain",1
554,"institut hospital del mar d'investigacions mèdiques. barcelona, spain.",1
555,"institut hospital del mar de investigaciones médicas (imim), barcelona, spain",1
556,"institut hospital del mar d’investigacions mediques, imim, barcelona, spain",1
557,institut hospital del mar d’investigacions mèdiques (imim) parce de salut mar  barcelona spain,1
558,"institut hospital del mar d’investigacions mèdiques (imim), barcelona, españa",1
559,"institut hospital del mar d’investigacions mèdiques (imim), dr. aiguader, 80, 08003 barcelona, spain",1
560,"institut hospital del mar d’investigacions mèdiques, barcelona, españa",1
561,"institut hospital del mar d’investigacions mèdiques, ciberonc, barcelona 08003, spain.",1
562,"institut mar investigacions mediques (imim), barcelona, spain",1
563,"institut mar d'investigacions mèdiques (imim), barcelona, spain",1
564,"institut mar d’investigacions mediques (imim), ciberonc, barcelona, spain",1
565,institut municipal d'investigacions mèdiques hospital del mar  barcelona spain,1
566,"institut municipal d'investigació mèdica (imim)-hospital del mar, barcelona, catalonia, spain",1
567,"institut salut mental hospital del mar, hospital del mar research institute. universitat de vic-ucc, universitat autònoma de barcelona. red de investigación en atención primaria de adicciones (riapad), barcelona, spain",1
568,"institut hospital del mar d'investigacions mèdiques (imim), universitat pompeu fabra (upf), barcelona, spain centro de investigación biomédica en red de enfermedades infecciosas (ciberinfec), instituto de salud carlos iii, madrid, spain",1
569,institut hospital del mar d'investigacions mèdiques barcelona spain,1
570,"institut hospital del mar investigacions mèdiques (imim), barcelona, spain",1
571,institut hospital del mar d'investigacions mediques,1
572,"institut hospital del mar d'investigacions mediques (imim), barcelona, spain",1
573,institut hospital del mar d'investigacions mèdiques,1
574,institut hospital del mar d'investigacions mèdiques (imim)  barcelona spain,1
575,"institut hospital del mar d'investigacions mèdiques (imim) department of psychiatry, institut de neuropsiquiatria i addicions, hospital del mar, universidad autónoma de barcelona, barcelona, spain",1
576,"institut hospital del mar d'investigacions mèdiques (imim), centro de investigación biomédica en red de enfermedades infecciosas (ciberinfec), barcelona, spain",1
577,"institut hospital del mar d'investigacions mèdiques (imim), dr. aiguader, 80, e-08003 barcelona, spain",1
578,"institut hospital del mar d'investigacions mèdiques (imim), dr. aiguader, 88, 08003, barcelona, spain",1
579,"institut hospital del mar d'investigacions mèdiques (imim), parc de salut mar, barcelona, spain.",1
580,"institut hospital del mar d'investigacions mèdiques (imim), parc de salut mar, barcelona, spain; research center, montreal heart institute, montreal, canada.",1
581,"institut hospital del mar d'investigacions mèdiques (imim), parc de salut mar, barcelona, spain; servicio de cardiología, hospital del mar, parc de salut mar, barcelona, spain.",1
582,"institut hospital del mar d'investigacions mèdiques (imim), parc de salut mar, barcelona, spain; servicio de neurología, hospital del mar, parc de salut mar, barcelona, spain.",1
583,"institut hospital del mar d'investigacions mèdiques (imim), universitat autònoma de barcelona (uab), spain.",1
584,"institut hospital del mar d'investigacions mèdiques (imim), barcelona, spain",1
585,"infectious diseases unit, hospital del mar, universitat autònoma de barcelona, barcelona, spain",1
586,"infectious diseases unit, internal medicine service, hospital universitario la paz, instituto de investigación hospital universitario la paz (idipaz), madrid, spain",1
587,"infectious diseases, hospital general universitario gregorio marañón, madrid 28007, spain",1
588,"infectious diseases, hospital del mar research institute , barcelona 08003 ,",1
589,"infectious diseases, internal medicine service, hospital universitario infanta leonor, instituto de investigación sanitaria gregorio marañón (iisgm), madrid, spain",1
590,"infectious diseases unit, department of internal medicine, hospital universitari de vic, spain",1
591,"infectious diseases unit, hospital del mar research institute, barcelona, spain",1
592,"infectious diseases unit, hospital universitario marqués de valdecilla, university of cantabria, santander, spain",1
593,institució catalana de recerca i estudis avançats (icrea)  pg. lluís companys 23 bellaterra 08010 spain,1
594,"infectious pathology and antimicrobials 10 research group (ipar), institut hospital del mar d'investigacions mediques (imim), cexs-universitat pompeu fabra, barcelona, spain",1
595,"infectious pathology and antimicrobials research group (ipar), infectious diseases department, institut hospital del mar d’investigacions mèdiques (imim), universitat autònoma de barcelona (uab), cexs—universitat pompeu fabra, hospital del mar, 08003 barcelona, spain",1
596,"infectious pathology and antimicrobials research group (ipar), infectious diseases service, hospital del mar, institut hospital del mar d’investigations mèdiques (imim), universitat autònoma de barcelona (uab), cexs-universitat pompeu fabra, 08003 barcelona, spain",1
597,"infectious pathology and antimicrobials research group (ipar), institut hospital del mar d’investigacions mèdiques (imim), barcelona, spain",1
598,"infectious pathology and antimicrobials research group (ipar), institut hospital del mar d'investigacions mediques (imim), 08003 barcelona, spain",1
599,"infectious pathology and antimicrobials research group (ipar), institut hospital del mar d’investigacions mèdiques (imim), cexs-universitat pompeu fabra, 08003 barcelona, spain",1
600,"infectious pathology and antimicrobials research group (ipar), institut hospital del mar d’investigacions mèdiques (imim), dr. aiguader 88, 08003 barcelona, spain",1
601,"infectious pathology and antimicrobials research group (ipar), pharmacy department, institut hospital del mar d’investigacions mèdiques (imim), hospital del mar, 08003 barcelona, spain",1
602,"infectious pathology and antimicrobials research group (ipar) institut hospital del mar d'investigacions mèdiques (imim), barcelona, spain",1
603,"infectiuos diseases department, hospital universitario marqués de valdecilla, santander, spain.",1
604,"infectiuos diseases department, hospital del mar, barcelona, spain.",1
605,"infusion and vascular access nurse, parc de salut mar, barcelona, spain",1
606,"innovation and digital transformation area, hospital del mar, barcelona, spain",1
607,"institut de neuropsiquiatria i addiccions (inad). parc de salut mar, rta, barcelona.",1
608,"institut de neuropsiquiatria i addiccions (inad). parc de salut mar, rta. barcelona.",1
609,"institut de neuropsiquiatria i addiccions, hospital del mar, 08003 barcelona, spain",1
610,"institut de neuropsiquiatria i addiccions, hospital del mar, barcelona imim (hospital del mar medical research institute), barcelona, cibersam, department of psychiatry, universitat autònoma de barcelona, barcelona, spain",1
611,"institut de neuropsiquiatria i addiccions, hospital del mar, barcelona imim (hospital del mar medical research institute), barcelona. cibersam department of psychiatry, univ autonoma, barcelona",1
612,"institut de neuropsiquiatria i addiccions, hospital del mar, barcelona, spain.",1
613,"institut de neuropsiquiatria i addiccions, hospital del mar, cibersam, institut hospital del mar d'investigacions mèdiques (imim), psiquiatria, universitat autònoma de barcelona, barcelona, españa",1
614,"institut de neuropsiquiatria i addiccions, parc de salut mar, barcelona, españa",1
615,"institut de neuropsiquiatria i addicions, hospital del mar, barcelona, spain. department of psychiatry and forensic medicine, autonomous university of barcelona, barcelona, spain",1
616,"institut de neuropsiquiatria i adiccions (inad), parc de salut mar, rta, barcelona.",1
617,"institut de neuropsiquiatria i adiccions, parc de salut mar, barcelona, spain",1
618,"institut de neuropsiquiatria, parc de salut mar, cádiz, spain",1
619,"institut de govern i polítiques públiques, universitat autònoma de barcelona, 08193, bellaterra, spain",1
620,"institut de microelectrònica de barcelona (imb-cnm, csic), bellaterra 08193, spain",1
621,"institut de microelectrònica de barcelona (imb-cnm, csic), campus uab, 08193 bellaterra, barcelona, spain",1
622,"institut de microelectrònica de barcelona (imb-cnm-csic) 3 , campus uab, cerdanyola del vallès e-08193, spain",1
623,"institut de microelectrònica de barcelona (imb‐cnm,csic) carrer dels til.lers s/n campus universitat autònoma de barcelona (uab)  cerdanyola del vallès 08193 spain",1
624,"institut de microelectrònica de barcelona, imb-cnm (csic), bellaterra, spain",1
625,"institut de microelectrònica de barcelona, imb-cnm (csic), campus uab, bellaterra, barcelona e-08193, spain",1
626,"institut de microelectrònica de barcelona, imb-cnm (csic), campus uab, bellaterra, spain",1
627,"institut de microelectrònica de barcelona, imb-cnm (csic), esfera uab, bellaterra 08193, spain",1
628,"institut de microelectrònica de barcelona, imb-cnm (csic), esfera uab, bellaterra, spain",1
629,"institut de microelectrónica de barcelona (imb-cnm, csic), 08193 bellaterra, spain",1
630,"institut de neurociències, departament de bioquimica i biologia molecular, facultat de medicina, universitat autònoma de barcelona (uab), campus uab, cerdanyola del vallès, 08193 barcelona, spain",1
631,"institut de neuropsiquiatria i addiccions (inad), parc de salut mar, universitat autònoma de barcelona (uab), barcelona, spain",1
632,"institut de neurociències, universitat autònoma de barcelona, 08193 bellaterra, barcelona, spain",1
633,"institut de neurociències, universitat autònoma de barcelona, 08193 cerdanyola del vallès, catalonia, spain",1
634,"institut de neurociències, universitat autònoma de barcelona, 08193, bellaterra, spain",1
635,"institut de neurociències, universitat autònoma de barcelona, cerdanyola del vallès, barcelona, spain.",1
636,"institut de neurociències, universitat autònoma de barcelona, cerdanyola del vallès, barcelona, spain; departament de psicobiologia i de metodologia de les ciències de la salut, universitat autònoma de barcelona, cerdanyola del vallès, barcelona, spain; centro de investigación biomédica en red de salud mental (cibersam), spain; unitat de neurociència traslacional, parc taulí hospital universitari, institut d'investigació i innovació parc taulí (i3pt), spain; icrea, barcelona, spain.",1
637,institut de neuropisquiatria i addiccions parc de salut mar de barcelona barcelona catalonia spain,1
638,"institut de neuropsiquiatria addiccions – hospìtal del mar, universitat autònoma de barcelona, universitat de vic-central de catalunya, red de investigación en atención primaria de adicciones-riapad, barcelona, spain",1
639,"institut de neuropsiquiatria i addiccions (inad), direcció procés atenció comunitària i programes especials. parc de salut mar, barcelona, spain",1
640,"institut de neuropsiquiatria i addiccions (inad), parc de salut mar, barcelona, spain",1
641,"institut de neuropsiquiatria i adiccions (inad), parc de salut mar, barcelona, spain",1
642,institut de neuropsiquiatria i addiccions (inad) parc de salut mar universitat autònoma de barcelona (uab)  barcelona spain,1
643,"institut de neuropsiquiatria i addiccions (inad), institut hospital del mar d’investigacions mèdiques (imim), universitat autònoma de barcelona, parc de salut mar, 08003 barcelona, spain",1
644,"institut de neuropsiquiatria i addiccions (inad), parc de salut mar hospital del mar, barcelona, españa",1
645,"institut de neuropsiquiatria i addiccions (inad), parc de salut mar, 08003 barcelona, spain",1
646,"institut de neurociències, facultat de medicina, universitat autònoma de barcelona (uab), campus uab, cerdanyola del vallès, 08193 barcelona, spain",1
647,"institut de recerca i innovació en ciències de la vida i de la salut a la catalunya central (iris-cc), 08500 vic, spain",1
648,"institut de salut global barcelona – isglobal, barcelona, spain",1
649,"institut de salut global de barcelona (isglobal), centre de recerca en epidemiologia ambiental (creal), barcelona, spain",1
650,"institut de salut global de barcelona (isglobal) de recerca en salut internacional de barcelona (cresib). barcelona, catalonia, spain.",1
651,"institut de salut global de barcelona (isglobal), 08036 barcelona, spain",1
652,"institut de salut global de barcelona (isglobal), faculty of medicine, university of barcelona, 08036 barcelona, spain",1
653,"institut de salut global de barcelona (isglobal), faculty of medicine, university of barcelona, barcelona,",1
654,"institut de salut global de barcelona (isglobal), faculty of medicine, university of barcelona, barcelona, spain.",1
655,"institut de salut global de barcelona (isglobal), hospital clínic, university of barcelona, 08036 barcelona, spain",1
656,"institut de salut global de barcelona, barcelona, spain",1
657,"institut de recerca hospital del mar, barcelona, spain",1
658,"institut de recerca hospital del mar, imim, barcelona, spain",1
659,"institut de ciències del mar, csic, 08003 barcelona, catalonia, spain",1
660,"institut d'investigacions biomèdiques august pi sunyer (idibaps), c/ del rosselló, 149, barcelona 08036, spain v ciberonc, universitat pompeu fabra, passeig maritim 25-29, barcelona 08003, spain w unidad de enfermería clinica de cirugia. hospital sant joan despí -moisès broggi, c. d′oriol martorell, 12, sant joan despí 08970, spain",1
661,"institut de biotecnologia i biomedicina and departament de bioquímica i biologia molecular, universitat autònoma de barcelona, 08193 bellaterra, spain",1
662,"institut de biotecnologia i biomedicina, universitat autònoma de barcelona, cerdanyola del vallès, 08193 barcelona, spain",1
663,"institut de biotecnologia i biomedicina, and departament de bioquímica i biologia molecular, universitat autònoma de barcelona, cerdanyola del vallès , 08193 , barcelona , spain",1
664,"institut de biotecnologia i de biomedicina (ibb), universitat autònoma de barcelona, 08193 bellaterra, barcelona, spain",1
665,"institut de biotecnologia i de biomedicina and departament de bioquímica i biologia molecular, universitat autónoma de barcelona, bellaterra, 08193 barcelona, spain",1
666,"institut de biotecnologia i de biomedicina, universitat autònoma de barcelona (uab), cerdanyola del vallès, 08193 barcelona, spain",1
667,"institut de biotecnologia i de biomedicina, universitat autònoma de barcelona, bellaterra, 08193 barcelona, spain; icrea, 08010 barcelona, spain; research programme on biomedical informatics (grib), hospital del mar research institute, barcelona, spain.",1
668,"institut de biotecnologia i de biomedicina, r, universitat autònoma de barcelona, cerdanyola del vallès 08193, spain",1
669,institut de ciencia de materials de barcelona csic campus universitat autonoma de barcelona  bellaterra a08193 spain,1
670,institut de ciència de materials de barcelona (icmab-csic)  08193 bellaterra spain,1
671,"institut de ciència de materials de barcelona (icmab-csic) 2 , campus uab, cerdanyola del vallès e-08193, spain",1
672,"institut de ciència de materials de barcelona (icmab-csic) and ciber-bbn, campus de la uab, 08193 bellaterra, spain",1
673,"institut de ciència de materials de barcelona (icmab-csic), 08193 bellaterra, spain",1
674,"institut de ciència de materials de barcelona (icmab-csic), campus uab, 08193 bellaterra, spain",1
675,"institut de ciència de materials de barcelona (icmab-csic), campus de la uab, 08193 bellaterra, barcelona, catalonia, spain",1
676,institut de ciència de materials de barcelona campus de la uab  bellaterra catalonia 08193 spain,1
677,"institut de ciència de materials de barcelona, csic, campus uab, 08193 bellaterra, barcelona, spain",1
678,"institut de ciència i tecnologia ambientals (icta-uab), universitat autònoma de barcelona (uab) , 08193 bellaterra, catalonia, spain",1
679,"institut de ciència i tecnologia ambientals (icta-uab), universitat autònoma de barcelona, bellaterra (cerdanyola de vallès), catalonia, spain",1
680,"institut de cie `ncia de materials de barcelona (icmab-csic), campus uab, 08193 bellaterra, spain.",1
681,imim,1
682,"imim (hospital del mar medical research institute), carrer del dr. aiguader 80, 08003, barcelona, spain",1
683,"imim (hospital del mar medical research institute), spain",1
684,"imim (hospital del mar medical research insititute), barcelona, spain",1
685,imim (hospital del mar medical research institute),1
686,"imim (hospital del mar medical research institute) , barcelona 08003 , spain",1
687,"imim (hospital del mar medical research institute) , barcelona, catalonia, spain",1
688,"imim (hospital del mar medical research institute), barcelona  spain",1
689,"imim (hospital del mar medical research institute), barcelona spain",1
690,"imim (hospital del mar medical research institute), barcelona, catalonia, spain",1
691,"imim (hospital del mar medical research institute), cardiovascular epidemiology and genetics group (egec), regicor study group, barcelona, spain",1
692,"imim (hospital del mar medical research institute), centro de investigación biomédica en red de fragilidad y envejecimiento saludable (ciberfes), 08003, barcelona, spain",1
693,"imim (hospital del mar medical research institute), centro de investigación biomédica en red de fragilidad y envejecimiento saludable (ciberfes), barcelona 08003, spain",1
694,"imim (hospital del mar medical research institute), centro de investigación biomédica en red de fragilidad y envejecimiento saludable (ciberfes), isciii, barcelona, spain",1
695,"imim (hospital del mar medical research institute), hospital del mar, 08003, barcelona, spain",1
696,"imim (hospital del mar medical research institute), universitat pompeu fabra, barcelona, spain.",1
697,"imim (hospital del mar medical research institute), universitat pompeu fabra, barcelona, spain. aoliveras@hospitaldelmar.cat.",1
698,"imim (hospital del mar medical research institute). parc de salut mar, department of infectious diseases, barcelona, spain",1
699,"imim (hospital del mar medical research institute). parc de salut mar, department of internal medicine, barcelona, spain",1
700,imim (hospital del mar research institute)  barcelona spain,1
701,"imim (hospital del mar research institute), centro de investigación biomédica en red de fragilidad y envejecimiento saludable (ciberfes) barcelona spain",1
702,"imim (institut hospital del mar d’investigacions mèdiques), barcelona, españa",1
703,"imim (institut hospital del mar d’investigacions mèdiques), ciberfes, isciii, doctor aiguader 88, 08003 barcelona, spain",1
704,"imim (instituto hospital del mar de investigaciones médicas), barcelona, spain",1
705,"imim (hospital del mar medical research institute), barcelona, spain;",1
706,"iermb, autonomous university of barcelona, 08193 cerdanyola del vallès, spain",1
707,"ild unit, respiratory department, university hospital of bellvitge, idibell, university of barcelona, spain; ciber enfermedades respiratorias (ciberes), madrid, spain. electronic address: mariamolinamolina@hotmail.com.",1
708,"imim - hospital del mar health research institute, barcelona, spain",1
709,"irta (institut de recerca i tecnologia agroalimentàries), torre marimon, 08140 caldes de montbui, barcelona, spain",1
710,"irta, centre de recerca en sanitat animal (cresa, irta-uab), campus de la uab, 08193 bellaterra (cerdanyola del vallès), spain",1
711,"irta, torre marimón, caldes de montbui, catalonia, spain",1
712,"isglobal, hospital clinic, university of barcelona, barcelona, spain",1
713,isglobal universitat pompeu fabra (upf) ciber epidemiología y salud pública (ciberesp) barcelona spain,1
714,"isglobal, barcelona institute for global health, barcelona, spain",1
715,"isglobal, barcelona, centre for research in environmental epidemiology, barcelona, spain",1
716,"imim - hospital del mar medical research institute. c/ del dr. aiguader, 88, 2nd floor, campus mar, 08003 barcelona, spain",1
717,"imim - institut hospital del mar d’investigacions mèdiques, barcelona, spain",1
718,"imim barcelona, barcelona, españa.",1
719,"imim hospital del mar medical research institute, grup de risc cardiovascular i nutrició, barcelona, spain",1
720,"imim hospital del mar medical research institute, hospital del mar, barcelona, spain",1
721,"imim hospital del mar research institute, barcelona, spain",1
722,"imim parc salut mar, barcelona, españa",1
723,"imim – parc salut mar, barcelona, spain",1
724,"imim, barcelona, catalunya, spain.",1
725,"imim, heart disease biomedical research group, barcelona, spain",1
726,"imim, hospital del mar medical research institute, 08003 barcelona, spain",1
727,"imim, hospital del mar medical research institute, barcelona, españa",1
728,imim-hospital del mar,1
729,"imim-hospital del mar (parc de recerca biomèdica de barcelona c/ doctor aiguader, 88 08003 barcelona - espagne)",1
730,"inad, hospital del mar, 08003 barcelona, spain",1
731,"imim-hospital del mar medical research institute, barcelona, 08003 spain",1
732,"imim-hospital del mar medical research institute, cell-type mechanisms in normal and pathological behavior, barcelona, spain.",1
733,"imim-hospital del mar medical research institute, prbb building, doctor aiguader, 88, barcelona 08003, spain",1
734,"imim-hospital del mar and grib, barcelona, spain.",1
735,"imim-hospital del mar, epilepsy unit, barcelona, spain",1
736,"imim-hospital del mar, neurosurgery, barcelona, spain",1
737,imim-institut hospital del mar d'investigacions mèdiques,1
738,"imim-institut hospital del mar d'investigacions mèdiques, barcelona, españa",1
739,"imim-institut hospital del mar d’investigacions mèdiques, 08003 barcelona, spain",1
740,"imim-institute hospital del mar of medical research, barcelona, spain",1
741,imim-parc salut mar,1
742,"imim-parc salut mar, barcelona, spain",1
743,imim‐parc salut mar  barcelona spain,1
744,"imim-hospital del mar medical research institute and ciber of physiopathology of obesity and nutrition (ciberobn), university pompeu fabra (dcexs-upf), 08003 barcelona, spain",1
745,"human pharmacology and clinical neurosciences research group, neurosciences research program, hospital del mar medical research institute (imim), 08003, barcelona, spain",1
746,"hypertension unit, nephrology dpt, hospital del mar, barcelona, spain.",1
747,"hypertension unit, nephrology dpt, hospital del mar, barcelona, spain. aoliveras@hospitaldelmar.cat.",1
748,"hypertension and vascular risk unit, nephrology department, hospital del mar, parc de salut mar, imim, uab-upf, barcelona, spain",1
749,"hypertension and vascular risk unit, nephrology department, hospital del mar, parc de salut mar, imim. uab-upf, barcelona, catalunya, spain",1
750,"icatknee, icatme, hospital universitari dexeus, universitat autònoma de barcelona, barcelona, spain; department of orthopedic surgery and traumatology, hospital del mar, universitat autònoma de barcelona, barcelona, spain.",1
751,icmab - institut de ciència de materials de barcelona (campus de la universitat autònoma de barcelona bellaterra 08193 spain - spain),1
752,idiap jordi gol primary care research institute,1
753,"isglobal, centre for research in environmental epidemiology (creal), barcelona, spain",1
754,"infectious diseases department, hospital del mar, barcelona, spain",1
755,"immunology unit, department of cell biology, physiology and immunology, institut de biotecnologia i biomedicina (ibb), universitat autònoma de barcelona (uab), bellaterra, spain",1
756,"immunology laboratory, dpt. of pathology, hospital del mar, barcelona, spain",1
757,"immunology, department of pathology, hospital del mar medical research institute (imim), barcelona, spain",1
758,"inforest jru (ctfc-creaf), crtra. sant llorenç de morunys, km 2, 25280 solsona, spain.",1
759,"infection control nurse, service of preventive medicine, hospital clínic de barcelona, spain",1
760,"infection control program nurse, epidemiology and evaluation department, parc de salut mar, barcelona, spain",1
761,"infectious disease service, hospital del mar, institut hospital del mar d'investigacions mèdiques (imim), passeig marítim de la barceloneta, 25-29, 08003, barcelona, spain",1
762,infectious diseases &amp; hiv service hospital universitari mutuaterrassa terrassa spain,1
763,"infectious diseases service, hospital mutua de terrassa, barcelona, spain.",1
764,"infectious diseases service, hospital universitari sant joan de reus, 43204 reus, spain",1
765,"infectious diseases service, hospital universitari son espases, palma de mallorca, spain",1
766,"infectious diseases service, hospital universitari son espases, palma de mallorca, spain.",1
767,"infectious diseases service, hospital universitario de bellvitge- institut d'investigacio biomedica de bellvitge, barcelona, spain.",1
768,"infectious diseases service, hospital de la santa creu i sant pau, barcelona, spain.",1
769,"infectious diseases service, hospital de la santa creui sant pau - institut d'investigació biomèdica sant pau. universitat autònoma de barcelona, barcelona, spain.",1
770,"infectious diseases service, hospital de la santa creui sant pau-institut d'investigació biomèdica sant pau, universitat autònoma de barcelona, barcelona, spain",1
771,"infectious diseases service, hospital del mar (barcelona, spain). passeig marítim de la barceloneta, 25-29, 08003, barcelona, spain.",1
772,"infectious diseases service, hospital del mar, infectious pathology and antimicrobials research group (ipar), hospital del mar research institute, universitat autònoma de barcelona (uab), universitat pompeu fabra (upf), barcelona, spain",1
773,"infectious diseases service, hospital del mar, infectious pathology and antimicrobials research group (ipar), hospital del mar research institute. universitat autònoma de barcelona (uab), cexs-universitat pompeu fabra, barcelona, spain; center for biomedical research in infectious diseases network (ciberinfec), instituto de salud carlos iii, madrid, spain.",1
774,"infectious diseases service, hospital del mar, infectious pathology and antimicrobials research group (ipar), hospital del mar research institute. universitat autònoma de barcelona (uab), cexs-universitat pompeu fabra, barcelona, spain; center for biomedical research in infectious diseases network (ciberinfec), instituto de salud carlos iii, madrid, spain. electronic address: jhorcajada@psmar.cat.",1
775,"infectious diseases service, hospital del mar, infectious pathology and antimicrobials research group (ipar), hospital del mar research institute. universitat autònoma de barcelona (uab), cexs-universitat pompeu fabra, barcelona, spain; center for biomedical research in infectious diseases network (ciberinfec), instituto de salud carlos iii, madrid, spain. electronic address: sgomezzorrilla@parcdesalutmar.cat.",1
776,"infectious diseases service, hospital del mar, infectious pathology and antimicrobials research group (ipar), institut hospital del mar d’investigacions mèdiques (imim), universitat autònoma de barcelona (uab), universitat pompeu fabra (upf), barcelona, spain",1
777,"infectious diseases service, hospital del mar, infectious pathology and antimicrobials research group (ipar), institut hospital del mar d'investigacions mèdiques (imim), universitat pompeu fabra (upf), spanish network for research in infectious diseases (reipi), ciberinfec, barcelona, spain",1
778,"infectious diseases service, hospital del mar, infectious pathology and antimicrobials research group (ipar), institut hospital del mar d'investigacions mèdiques (imim), universitat pompeu fabra (upf), spanish network for research in infectious diseases (reipi), passeig marítim de la barceloneta, 25, 29, 08003, barcelona, spain",1
779,"infectious diseases service, hospital del mar, infectious pathology and antimicrobials research group (ipar), institut hospital del mar d'investigacions mèdiques (imim), universitat pompeu fabra, passeig marítim 25-27, 08003, barcelona, spain",1
780,"infectious diseases service, hospital del mar, infectious pathology and antimicrobials research group (ipar), institut hospital del mar d’investigacions mèdiques (imim), universitat autònoma de barcelona (uab), universitat pompeu fabra (upf), 08003 barcelona, spain",1
781,"infectious diseases service, hospital del mar, infectious pathology and antimicrobials research group (ipar), institut hospital del mar d’investigacions mèdiques (imim), universitat pompeu fabra (upf), spanish network for research in infectious diseases (reipi), ciberinfec , barcelona , spain",1
782,"infectious diseases service, hospital del mar, institut hospital del mar d’investigacions mèdiques (imim), universitat autònoma de barcelona (uab), cexs-universitat pompeu fabra, 08003 barcelona, spain",1
783,"infectious diseases service, hospital del mar. infectious pathology and antimicrobials research group (ipar), cexs-universitat pompeu fabra, institut hospital del mar d'investigacions mèdiques (imim), barcelona, spain",1
784,"infectious diseases service, marqués de valdecilla university hospital, santander, cantabria, spain",1
785,"infectious diseases service, osakidetza, biocruces bizkaia health research institute , barakaldo , spain",1
786,"infectious diseases service, reina sofia university hospital, cordoba, spain",1
787,"infectious diseases service, vall d' hebron university hospital, barcelona, spain",1
788,"infectious diseases service. hospital parc tauli, sabadell, spain and institut d’investigació i innovació parc taulí (i3pt), sabadell, spain",1
789,"infectious diseases service, hospital del mar, infectious pathology and antimicrobials research group (ipar), institut hospital del mar d'investigacions mèdiques (imim), universitat autònoma de barcelona (uab), cexs-universitat pompeu fabra, passeig marítim 25-29, 08003, barcelona, spain",1
790,"infectious diseases department, hospital del mar institute of medical research (imim), barcelona, spain",1
791,"infectious diseases department, hospital del mar institute of medical research, barcelona, spain",1
792,"infectious diseases department, hospital del mar, infectious diseases, barcelona, spain; departament de medicina,",1
793,"infectious diseases department, hospital del mar, infectious pathology and antimicrobials research group (ipar), institut hospital del mar d’investigacions mèdiques (imim) (center associated with the universitat pompeu fabra), 08003 barcelona, spain",1
794,"infectious diseases department, hospital del mar, parc de salut mar, 08003 barcelona, spain",1
795,"infectious diseases department, isglobal, hospital clinic de barcelona, idibaps, universitat de barcelona, barcelona, spain",1
796,"infectious diseases service, hospital mutua de terrassa, barcelona, spain",1
797,"infectious diseases department. hospital del mar, fundació institut mar d’investigacions mèdiques, universitat pompeu fabra, 08003 barcelona, spain",1
798,"infectious diseases service, clinica universidad navarra, pamplona, spain.",1
799,"infectious diseases service, clínica universidad de navarra, pamplona, spain",1
800,"infectious diseases service, complexo hospitalario universitario de pontevedra, pontevedra, spain",1
801,"infectious diseases service, complexo hospitalario universitario de pontevedra, pontevedra, spain.",1
802,"infectious diseases service, cruces university hospital, bilbao, spain",1
803,"infectious diseases service, hospital clinic-institut d’investigacions biomèdiques august pi i sunyer (idibaps), university of barcelona, barcelona, spain",1
804,"infectious diseases service, hospital clínico lozano blesa, zaragoza, spain.",1
805,"infectious diseases service, hospital clínico universitario \lozano blesa\, zaragoza, spain",1
806,"infectious diseases service, hospital clínico universitario \lozano blesa\, zaragoza, spain.",1
807,"isglobal, barcelona, spain; pompeu fabra university, barcelona, catalonia, spain;",1
808,"isglobal, campus mar, 08036 barcelona, spain",1
809,"isglobal, campus mar, barcelona, spain",1
810,"isglobal, carrer del dr. aiguader 88, 08003, barcelona, spain",1
811,"isglobal, centre for research in environmental epidemiology, barcelona, spain",1
812,"isglobal, doctor aiguader 88, 08003, barcelona, spain",1
813,"isglobal, doctor aiguader, 88, barcelona 08003, spain",1
814,"isglobal, doctor aiguader, 88, barcelona 08003, spain.",1
815,"isglobal, hospital clinic - universitat de barcelona, barcelona, spain",1
816,"isglobal, hospital clinic – universitat de barcelona, barcelona, spain",1
817,"isglobal, hospital clínic - universitat de barcelona , barcelona, spain",1
818,"isglobal, hospital clínic - universitat de barcelona, carrer rosselló 132, 08036, barcelona, spain",1
819,"isglobal, hospital clínic - universitat de barcelona, carrer rosselló 153, e-08036, barcelona, catalonia, spain",1
820,"isglobal, hospital clínic - university of barcelona, barcelona, spain",1
821,"immunology service, hospital universitario virgen de la arrixaca, murcia, spain",1
822,"isglobal, hospital clínic de barcelona, universitat de barcelona, 08036 barcelona, spain",1
823,"isglobal, hospital clínic, 08036 barcelona, spain",1
824,"isglobal, hospital clínic, universitat de barcelona  barcelona spain",1
825,"isglobal, hospital clínic, universitat de barcelona, barcelona 08036, spain",1
826,"isglobal, hospital clínic, universitat de barcelona, carrer roselló 153 (cek building), e-08036, barcelona, catalonia, spain",1
827,"isglobal, hospital clínic, universitat de barcelona, carrer rosselló 153 cek building, e-08036 barcelona, catalonia, spain",1
828,"isglobal, hospital clínic, universitat de barcelona, carrer rosselló 153 cek building, e-08036, barcelona, catalonia, spain.",1
829,"isglobal, hospital clínic, universitat de barcelona, universitat de barcelona, barcelona, spain",1
830,"isglobal, hospital clínic-universitat de barcelona, 08036 barcelona, spain",1
831,"isglobal, hospital clínic-universitat de barcelona, barcelona, spain",1
832,"isglobal, hospital clínic-universitat de barcelona, rosello 132, 5ª 2ª, 08036, barcelona, spain",1
833,"isglobal, hospital clínic‐universitat de barcelona barcelona spain",1
834,"isglobal, hospital clínic–universitat de barcelona , barcelona, spain",1
835,"isglobal, hospital clínic—universitat de barcelona, barcelona, catalonia, spain",1
836,"isglobal, hospital clínic—university of barcelona, barcelona, spain",1
837,"isglobal, hospital clínic -university of barcelona, barcelona, spain",1
838,isglobal,1
839,"isglobal (barcelona institute for global health), barcelona, 08036, spain",1
840,"isglobal , barcelona , spain",1
841,"isglobal , barcelona, spain",1
842,"isglobal - barcelona institute for global health [barcelona, spain] (spain)",1
843,"isglobal - hospital clínic - universitat de barcelona, barcelona, spain",1
844,"isglobal - psmar - prbb, barcelona, spain",1
845,isglobal barcelona spain,1
846,"isglobal hospital clinic - universitat de barcelona, barcelona, spain",1
847,"isglobal hospital clínic–universitat de barcelona, barcelona, spain",1
848,"isglobal institute for global health, hospital clínic - universitat de barcelona, barcelona, spain",1
849,"isglobal – instituto de salud global de barcelona, 08003 barcelona, spain",1
850,"isglobal,  hospital clínic-universitat de barcelona, barcelona, spain",1
851,"isglobal, 08036 barcelona, spain",1
852,"isglobal, barcelona, spain,",1
853,"isglobal, barcelona ctr. int. health res. (cresib), hospital clínic – universitat de barcelona, barcelona, spain",1
854,"isglobal, barcelona institute for global health - campus mar, barcelona biomedical research park. barcelona, spain",1
855,"isglobal, barcelona institute for global health, barcelona, spain.",1
856,"isglobal, barcelona institute for global health, dr aiguader 88, 08003 barcelona, spain",1
857,"isglobal, barcelona institute for global health, hospital clinic-universitat de barcelona barcelona spain",1
858,"isglobal, barcelona institute for global health, hospital clinic-universitat de barcelona, barcelona, spain",1
859,"isglobal, barcelona institute for global health, hospital clínic – universitat de barcelona, barcelona, spain",1
860,"isglobal, barcelona institute for global health, hospital clínic – universitat de barcelona, carrer rosselló 153 (cek building), 08036, barcelona, spain",1
861,"isglobal, barcelona institute for global health, hospital clínic, universitat de barcelona, 08036 barcelona, spain",1
862,"isglobal, barcelona institute for global health, hospital clínic, universitat de barcelona, rosselló, 132, barcelona, spain",1
863,"isglobal, barcelona institute for global health, hospital clínic-universitat de barcelona, spain",1
864,"isglobal, barcelona institute for global health, hospital clínic–universitat de barcelona, barcelona, spain",1
865,"isglobal, barcelona institute of global health  barcelona spain",1
866,"isglobal, barcelona institute of global health, barcelona, spain",1
867,"isglobal, barcelona, catalunya 08003, spain",1
868,"isglobal, 08193 barcelona, spain",1
869,"imaging of mood- and anxiety-related disorders (imard) group, idibaps and cibersam, 08036 barcelona, spain",1
870,"imaging of mood- and anxiety-related disorders (imard) group, idibaps, barcelona, spain",1
871,"immunity and infection laboratory, hospital del mar medical research institute (imim), barcelona, spain",1
872,"isglobal, hospital-clinic-universitat de barcelona, barcelona, spain.",1
873,"immunology laboratory, department of pathology, hospital del mar , barcelona ,",1
874,"immunology laboratory, department of pathology, hospital del mar, barcelona, spain",1
875,"immunology laboratory, pathology department, hospital del mar, barcelona, spain",1
876,"immunogenetics-histocompatibility group, servicio de inmunología, instituto de investigación sanitaria puerta de hierro – segovia de arana, madrid, spain",1
877,"isglobal, institute for global health, barcelona, spain",1
878,"isglobal, institute for global health. barcelona. spain.",1
879,"isglobal, instituto de salud global de barcelona, barcelona, catalonia, spain",1
880,"isglobal, instituto de salud global de barcelona, hospital clínic—universitat de barcelona, barcelona, spain",1
881,"isglobal, universitat de barcelona, hospital clínic, barcelona, spain",1
882,"isglobal- instituto de salud global de barcelona-campus mar, parc de recerca biomèdica de barcelona (prbb), barcelona, spain",1
883,"isglobal. isglobal, barcelona, centre for research in environmental epidemiology (creal), barcelona, spain",1
884,"isglobal. isglobal, barcelona institute for global health, barcelona, spain",1
885,isglobalhospital clínic ‐ universitat de barcelona barcelona spain,1
886,"ivi rma global research alliance, ivi foundation, instituto de investigación sanitaria la fe (iis la fe), valencia, spain",1
887,"ivi rma global research alliance, ivi rma madrid, avda. del talgo 68, madrid, 28023, spain",1
888,"iberoamerican cochrane centre, department of clinical epidemiology and public health, biomedical research institute sant pau (iib sant pau), sant antonio maría claret 167, 08025 barcelona, spain",1
889,"servicio de neurología, biomedical research institute of girona, hospital universitario doctor josep trueta, girona, spain",1
890,"servicio de neurología, centro de ictus, hospital universitario la paz, idipaz, universidad autónoma de madrid, madrid, spain",1
891,"servicio de neurología, centro de ictus, hospital universitario la paz. idipaz. universidad autónoma de madrid, madrid, españa",1
892,"servicio de neurología, complejo hospitalario universitario de a coruña",1
893,"servicio de neurología, complejo hospitalario universitario de a coruña, instituto de investigación biomédica a coruña, a coruña, spain",1
894,"servicio de neurología, complejo hospitalario universitario de albacete, albacete, spain",1
895,"servicio de neurología, hgu gregorio marañón, madrid, españa",1
896,"servicio de neurología, hospital clinic, barcelona, españa",1
897,"servicio de neurología, hospital clínic i universitari, departamento de medicina, universidad de barcelona, instituto de investigación biomédica augut pi i sunyer (idibaps), barcelona, spain",1
898,"servicio de neurología, hospital clínico san carlos, madrid, españa",1
899,"servicio de neurología, hospital clínico universitario virgen de la arrixaca",1
900,"servicio de neurología, hospital clínico universitario virgen de la arrixaca, instituto murciano de investigación biomédica (imib), el palmar, murcia, spain",1
901,"servicio de neurología, hospital clínico universitario de santiago de compostela, santiago de compostela, la coruña, españa",1
902,"servicio de neurología, hospital clínico universitario de valladolid, valladolid, spain",1
903,"servicio de neurología, hospital general universitario gregorio marañón, madrid, españa",1
904,"nephrology service, germans trias i pujol university hospital, badalona, spain",1
905,"servicio de neurología, hospital universitario cruces-osakidetza, baracaldo, vizcaya, españa",1
906,"servicio de neurología, hospital universitario cruces. biocruces bizkaia health research institute, barakaldo, vizcaya, españa",1
907,"servicio de neurología, hospital universitario cruces. instituto de investigación biocruces bizkaia, barakaldo, españa",1
908,"servicio de neurología, hospital universitario germans trias i pujol, universidad autònoma de barcelona, badalona, españa",1
909,"servicio de neurología, hospital universitario germans trias i pujol, universidad autónoma de barcelona, badalona, barcelona, españa",1
910,"servicio de neurología, hospital universitario germans trias i pujol, universidad autónoma de barcelona, badalona, españa",1
911,"servicio de neurología, hospital universitario germans trias i pujol, universidad autónoma de barcelona, badalona, spain",1
912,"servicio de neurología, hospital universitario gregorio marañon. universidad complutense de madrid, madrid, españa",1
913,"servicio de neurología, hospital universitario gregorio marañón",1
914,"servicio de neurología, hospital universitario gregorio marañón, universidad complutense de madrid, madrid, spain",1
915,"servicio de neurología, hospital universitario gregorio marañón. universidad complutense de madrid, madrid, españa",1
916,"servicio de neurología, hospital universitario insular de gran canaria, las palmas de gran canaria, las palmas, españa",1
917,"servicio de neurología, hospital universitario marqués de valdecilla, idival, santander, españa",1
918,"servicio de neurología, hospital universitario marqués de valdecilla, idival, santander, spain",1
919,"servicio de neurología, hospital universitario miguel servet, zaragoza, españa",1
920,"servicio de neurología, hospital universitario central de asturias, oviedo, spain",1
921,"servicio de neumología, hospital son espases - instituto de investigación sanitaria de palma (idisba), universitat de les illes balears, palma de mallorca, spain",1
922,"servicio de neumología, hospital universitario fundación jiménez díaz, madrid, spain; ciber de enfermedades respiratorias, ciberes, madrid, spain.",1
923,"servicio de neumología, hospital universitario vall d'hebron, barcelona, spain",1
924,"servicio de neumología, hospital universitario de bellvitge, l'hospitalet de llobregat, spain",1
925,"servicio de neumología, hospital universitario de canarias, la laguna, santa cruz de tenerife, spain.",1
926,"servicio de neumología, hospital universitario de canarias, la laguna, santa cruz de tenerife, spain. electronic address: oacofer@gmail.com.",1
927,"servicio de neumología, hospital universitario de salamanca, instituto de investigación biomédica de salamanca (ibsal), departamento de medicina, universidad de salamanca, salamanca, spain",1
928,"servicio de neumología, hospital del mar - imim. departamento melis, universitat pompeu fabra. ciberes, isciii. brn, barcelona, españa.",1
929,"servicio de neumología, hospital del mar - imim. departamento melis, universitat pompeu fabra. ciberes, isciii. brn, barcelona, españa. electronic address: quim.gea@upf.edu.",1
930,"servicio de neumología, hospital del mar – imim, barcelona, spain",1
931,"servicio de neumología, hospital del mar – imim, departamento melis, universitat pompeu fabra, ciberes, isciii, brn, barcelona, spain",1
932,"servicio de neumología, hospital del mar, barcelona, españa",1
933,"servicio de neumología, hospital del mar, barcelona, spain",1
934,"servicio de neumología, hospital del mar, cataluña, españa",1
935,"servicio de neumología, hospital del mar, cataluña, spain",1
936,"servicio de neurocirugía, hospital del mar, parc de salut mar, barcelona, spain",1
937,"servicio de neumología, hospital del mar-imim, dcexs, universitat pompeu fabra, ciberes, isciii, brn, barcelona, spain",1
938,"servicio de neumología, hospital del mar-imim. dcexs, universitat pompeu fabra. ciberes, isciii. brn, barcelona. españa",1
939,"servicio de neumología, hospital del mar. barcelona, cataluña, españa. cexs, universitatpompeu fabra, barcelona, cataluña, españa. ciber de enfermedades respiratorias (ciberes), isc iii, madrid, españa",1
940,"servicio de neumología. complejo hospitalario universitario de santiago. santiago de compostela, spain.",1
941,"servicio de neumología. hospital germans tries i pujol, badalona, españa",1
942,"servicio de neumología. hospital universitario 12 de octubre, madrid, españa",1
943,"servicio de neumología. hospital universitario dr. peset. valencia, spain.",1
944,"servicio de neumología. hospital universitario galdakao. vizcaya, spain.",1
945,"servicio de neumología. hospital universitario gregorio marañón, madrid, españa",1
946,"servicio de neumología. hospital universitario de burgos. burgos, spain.",1
947,"servicio de neumología. hospital universitario de la princesa. instituto de investigación la princesa madrid, spain.",1
948,"servicio de neumología. hospital virgen del rocío. sevilla, andalucía, españa",1
949,"servicio de neumología. hospital del mar psmar-imim. upf. barcelona, spain.",1
950,"servicio de neumología. parc taulí hospital universitari. insitut d' investigació i innovació parc taulí (i3pt-cerca). universitat autònoma de barcelona. sabadell, barcelona, españa",1
951,"servicio de neumología/unidad de investigación, hospital universitario nuestra señora de candelaria, universidad de la laguna, tenerife, spain.",1
952,"servicio de neumología, hospital del mar-imim, barcelona, spain",1
953,"servicio de pediatría, unidad de reumatología pediátrica – hospital regional universitario de málaga, spain",1
954,"servicio de prevención de riesgos laborales, hospital clínic, barcelona, españa",1
955,"servicio de prevención de riesgos laborales, hospital clínic, barcelona, spain",1
956,"servicio de prevención de riesgos laborales, hospital de cabueñes, gijón, españa",1
957,"servicio de psiquiatría y salud mental. hospital el bierzo, gerencia de asistencia sanitaria del bierzo (gasbi), gerencia regional de salud de castilla y león (sacyl). ponferrada (león), spain",1
958,"servicio de psiquiatría y salud mental. hospital el bierzo, gerencia de asistencia sanitaria del bierzo (gasbi), gerencia regional de salud de castilla y leon (sacyl), ponferrada, león, spain",1
959,"servicio de psiquiatría y salud mental. hospital el bierzo, gerencia de asistencia sanitaria del bierzo (gasbi). gerencia regional de salud de castilla y leon (sacyl). ponferrada, león, spain",1
960,"servicio de psiquiatría, eoxi de santiago de compostela.",1
961,"servicio de psiquiatría, hospital clínic de barcelona, barcelona, españa",1
962,"servicio de psiquiatría, hospital universitari de bellvitge-ics, idibell, cibersam, universitat de barcelona, l'hospitalet de llobregat, barcelona, españa",1
963,"servicio de psiquiatría, hospital universitario la paz, instituto de investigación idipaz, cibersam, madrid, españa",1
964,"servicio de psiquiatría, instituto de investigación sanitaria (idis), complejo hospitalario universitario de santiago, servicio gallego de salud (sergas) de santiago de compostela, spain",1
965,"servicio de psiquiatría, oviedo, sespa, spain",1
966,"servicio de psiquiatría. consorci mar parc salut de barcelona, spain",1
967,servicio de psiquiatría. eoxi de santiago de compostela.,1
968,"servicio de neurología, hospital universitario son espases, palma de mallorca, islas baleares, españa",1
969,"servicio de radiología, hospital del mar, barcelona, españa",1
970,"servicio de reumatología – hospital universitari de bellvitge, idibell, universitat de barcelona, barcelona, spain",1
971,"servicio de reumatología – hospital universitario donostia, donostia, spain",1
972,"servicio de salud laboral y prevención, hospital universitario fundación jiménez díaz, madrid, españa",1
973,"servicio de salud laboral, parc de salut mar, barcelona",1
974,"servicio de salud laboral, parc de salut mar, barcelona, españa",1
975,"servicio de salud laboral, badalona serveis assistencials, badalona (barcelona), españa",1
976,"servicio de salud del principado de asturias (sespa) oviedo, oviedo, spain.",1
977,"servicio de salud del principado de asturias (sespa) oviedo, spain.",1
978,"servicio de salud del principado de asturias (sespa), spain",1
979,"servicio de salut mental, hospital universitario parc taulí, unidad mixta de neurociencia traslacional, i3pt-universitat autònoma de barcelona, barcelona, españa",1
980,"servicio de trasplantament renal, hospital universitario de bellvitge, barcelona, spain",1
981,"servicio de urgencias, althaia xarxa assitencial universitària de manresa, institut de recerca i innovació ciències de la vida i de la salut a catalunya central, manresa, barcelona, spain",1
982,"servicio de urgencias, fundació althaia, xarxa assistencial universitaria de manresa, barcelona, spain",1
983,"servicio de urgencias, hospital arnau de vilanova, lérida, spain",1
984,"servicio de radiodiagnóstico, unidad de neuro-radiología, hospital de la santa creu i sant pau, universitat autònoma de barcelona, barcelona, spain",1
985,"servicio de neurología, hospital universitario torrecárdenas, almería, españa",1
986,"servicio de neurología, hospital universitario torrecárdenas, almería, spain",1
987,"servicio de neurología, hospital universitario de canarias, tenerife, españa",1
988,"servicio de neurología, hospital universitario de cruces, biocruces bizkaia health research institute, barakaldo, bizkaia, españa",1
989,"servicio de neurología, hospital universitario de cruces, biocruces bizkaia health research institute, barakaldo, bizkaia, spain",1
990,"servicio de neurología, hospital universitario de la princesa",1
991,"servicio de neurología, hospital universitario de la princesa, instituto de investigación sanitaria princesa, universidad autónoma de madrid, madrid, spain",1
992,"servicio de neurología, hospital universitario de santiago de compostela, santiago de compostela, la coruña, españa",1
993,"servicio de neurología, hospital universitario de santiago de compostela, santiago de compostela, spain",1
994,"servicio de neurología, hospital de sant joan despí moisès broggi, sant joan despí, barcelona, españa",1
995,"servicio de neurología, hospital de sant joan despí moisès broggi, sant joan despí, españa",1
996,"servicio de neurología, hospital de sant joan despí moisès broggi, sant joan despí, spain",1
997,"servicio de neurología, hospital de sant joan despí moisès broogi, barcelona, españa",1
998,"servicio de neurología, imim-hospital del mar, barcelona, españa",1
999,"servicio de neurología, imim-hospital del mar, barcelona, spain",1
1000,"servicio de pediatría, sección de enfermedades infecciosas – hospital general universitario gregorio marañón, universidad complutense de madrid, madrid, spain",1
1001,"servicio de oncología radioterápica, hospital universitari i politècnic la fe, valencia, spain, and",1
1002,"servicio de oncología radioterápica, hospital universitario central de asturias, oviedo, spain,",1
1003,"servicio de oncología radioterápica, institut català d'oncologia (ico), gran via de l'hospitalet 199-203, e-08908 l'hospitalet de llobregat, barcelona, spain,",1
1004,"servicio de oncología radioterápica, institut català d'oncologia, l'hospitalet de llobregat, barcelona, spain,",1
1005,"servicio de oncología radioterápica, instituto oncológico de guipuzkoa, san sebastián, spain,",1
1006,"servicio de ortopedia y traumatología pediátricas – hospital sant joan de déu, barcelona, spain",1
1007,"servicio de otorrinolaringología, hospital universitario y politécnico la fe, valencia, españa",1
1008,"servicio de otorrinolaringología, hospital de la santa creu i sant pau, universitat autònoma de barcelona, barcelona, spain",1
1009,"servicio de otorrinolaringología, hospital de la santa creu i sant pau, universitat autònoma de barcelona, c/mas casanovas, 90, 08041, barcelona, spain",1
1010,"servicio de otorrinolaringología, hospital del mar, barcelona, spain",1
1011,"servicio de otorrinolaringología, hospital del mar, universitat pompeu fabra, barcelona, spain",1
1012,"servicio de patología, hospital universitario donostia, donostia, spain",1
1013,"servicio de pediatría hospitalaria, enfermedades infecciosas y tropicales, hospital universitario la paz, instituto de investigación idipaz, madrid, ritip (red de investigación translacional en infectología pediátrica), centro de investigación biomédica en red de enfermedades infecciosas (ciberinfec), seip (sociedad española de infectología pediátrica), madrid, spain",1
1014,"servicio de pediatría, hospital del mar, universitat autònoma de barcelona, barcelona, españa",1
1015,"servicio de pediatría, hospital del mar, universitat pompeu fabra, barcelona, españa",1
1016,"servicio de neurología. irblleida. hospital arnau de vilanova, lérida, españa",1
1017,"servicio de medicina interna, hospital universitario de bellvitge-idibell, universidad de barcelona, ciberobn, l' hospitalet de llobregat, barcelona, españa",1
1018,"servicio de medicina interna, hospital universitario de reus, universidad rovira i virgili, iispv, ciberbem, reus, tarragona, españa",1
1019,"servicio de medicina interna, hospital del mar, universidad autónoma de barcelona, barcelona, españa",1
1020,"servicio de medicina interna, hospital álvaro cunqueiro, vigo, pontevedra, españa",1
1021,"servicio de medicina interna, área de atención integrada de riesgo vascular, hospital sant joan despí-moisès broggi, consorci sanitari integral (csi), sant joan despí, barcelona",1
1022,"servicio de medicina nuclear, complejo hospitalario de navarra, pamplona, navarra, spain",1
1023,"servicio de medicina nuclear, hospital clínic, barcelona, spain",1
1024,"servicio de medicina nuclear, hospital vall d’hebron, barcelona, spain",1
1025,"servicio de medicina nuclear, hospital de la santa creu i sant pau, universitat autònoma de barcelona, barcelona, spain",1
1026,"servicio de medicina nuclear, imatge mèdica intercentres s. l. (imi), parc de salut mar, barcelona, spain",1
1027,"servicio de medicina preventiva y epidemiología, hospital universitari vall d'hebron—universitat autònoma de barcelona, barcelona, spain",1
1028,"servicio de medicina preventiva, hospital clínic, universidad de barcelona-isglobal, barcelona, españa",1
1029,"servicio de medicina preventiva, hospital general universitario de valencia, departamento de medicina preventiva y salud pública, universidad de valencia, spain",1
1030,"servicio de medicina preventiva, hospital universitari son espases, palma de mallorca, islas baleares, españa",1
1031,"servicio de medicina preventiva, hospital universitari vall d'hebron, vall d'hebron institut de recerca (vhir), universitat autònoma de barcelona, barcelona, españa",1
1032,"servicio de neumología, hospital clínic, barcelona, españa",1
1033,"servicio de medicina de aparato digestivo gregorio marañón hospital general universitario gregorio marañón, lisgm  madrid spain",1
1034,"servicio de medicina de aparato digestivo gregorio marañón, hospital general universitario gregorio marañón, ciberehd, madrid, spain",1
1035,"servicio de medicina ofounded, complejo hospitalario universitario de a coruña (chuac), sistema galego de saúde (sergas), a coruña, spain",1
1036,servicio de metodología y calidad en cuidados enfermeros hospital del mar barcelona spain,1
1037,"servicio de microbiologia, hospital regional universitario de málaga, málaga, spain",1
1038,"servicio de microbiología & core de biología molecular, cdb, hospital clínic, barcelona, spain",1
1039,"servicio de microbiología clínica y enfermedades infecciosas, hospital general universitario gregorio marañón, departamento de medicina, facultad de medicina, universidad complutense de madrid, centro de investigación biomédica en red de enfermedades respiratorias (ciberes), madrid, spain",1
1040,"servicio de microbiología clínica y enfermedades infecciosas, hospital general universitario gregorio marañón, instituto de investigación sanitaria gregorio marañón, ciber enfermedades respiratorias-ciberes (cb06/06/0058), facultad de medicina, universidad complutense de madrid, madrid, spain",1
1041,"servicio de microbiología clínica y enfermedades infecciosas, hospital general universitario gregorio marañón. instituto de investigación sanitaria gregorio marañón, madrid, spain",1
1042,"servicio de microbiología clínica – hospital universitario de navarra, pamplona, spain",1
1043,"servicio de microbiología clínica, complejo hospitalario de navarra (pamplona, navarra), pamplona, spain",1
1044,"servicio de microbiología clínica, facultad de medicina, departamento de biomedicina y biotecnología, hospital universitario príncipe de asturias - universidad de alcalá, alcalá de henares, madrid, spain",1
1045,"servicio de microbiología clínica, hospital san pedro de alcántara, cáceres, spain",1
1046,"servicio de microbiología clínica, hospital universitario fundación jiménez díaz-iis-fundacion jimenez diaz, universidad autónoma de madrid, madrid, spain",1
1047,"servicio de microbiología clínica, hospital universitario miguel servet, zaragoza, spain",1
1048,"servicio de medicina preventiva, hospital universitario del tajo, aranjuez (madrid), spain",1
1049,servicio de inmunología hospital clínico universitario virgen de la arrixaca‐imib  murcia spain,1
1050,"servicio de medicina digestiva hospital clínic, instituto de investigaciones biomédicas august pi i sunyer (idibaps), barcelona, spain",1
1051,"servicio de medicina digestiva, hospital general universitario dr. balmis, instituto de investigación sanitaria isabial, universidad miguel hernández, alicante, spain",1
1052,"servicio de medicina digestiva, instituto de investigación biomédica (isabial), hospital general universitario de alicante, alicante, spain",1
1053,"servicio de medicina física y rehabilitación, instituto nacional de medicina física y rehabilitación (infre), panamá, panamá",1
1054,"servicio de medicina física y rehabilitación, parc de salut mar (hospital del mar-hospital de l’esperança), barcelona, españa",1
1055,"servicio de medicina intensiva, hospital punta de europa, algeciras, spain",1
1056,"servicio de medicina intensiva, hospital universitario m utua de terrassa, terrassa, barcelona, spain",1
1057,"servicio de medicina intensiva, hospital universitario marqués de valdecilla, 39008 santander, spain",1
1058,"servicio de medicina intensiva, hospital universitario mútua de terrassa, terrassa, barcelona, spain",1
1059,"servicio de medicina intensiva, hospital universitario príncipe de asturias, madrid, spain",1
1060,"servicio de medicina intensiva, hospital universitario ram on y cajal, madrid, spain",1
1061,"servicio de medicina intensiva, hospital universitario ramón y cajal, 28034 madrid, spain",1
1062,"servicio de medicina intensiva, hospital universitario vall d'hebron barcelona hospital campus, shock organ dysfunction and resuscitation (sodir) research group, vall d'hebron institut de recerca (vhir), barcelona, spain",1
1063,"servicio de medicina intensiva, hospital universitario y politécnico la fe, 46026 valencia, spain",1
1064,"servicio de medicina interna, hospital universitario virgen de la victoria, universidad de málaga, instituto de investigación biomédica de málaga (ibima), málaga, españa",1
1065,"servicio de medicina intensiva, hospital de cruces, baracaldo, vizcaya, spain",1
1066,"servicio de medicina intensiva. hospital universitario sant joan d'alacant, alicante, spain",1
1067,"servicio de medicina intensiva. hospital universitario y politécnico la fe, valencia, spain",1
1068,"servicio de medicina interna, complejo hospitalario universitario de santiago, santiago de compostela, a coruña, españa",1
1069,"servicio de medicina interna, complex hospitalari moisès broggi, consorci sanitari integral, sant joan despí, barcelona, spain",1
1070,"servicio de medicina interna, hospital arquitecto marcide, ferrol, a coruña, españa",1
1071,"servicio de medicina interna, hospital clínico universitario lozano blesa, zaragoza, españa",1
1072,"servicio de medicina interna, hospital general universitario reina sofía de murcia, universidad de murcia, murcia, españa",1
1073,"servicio de medicina interna, hospital príncipe de asturias, alcalá de henares, madrid, spain",1
1074,"servicio de medicina interna, hospital regional universitario de malaga, instituto de investigación biomédica de málaga (ibima), universidad de málaga (uma), málaga, spain",1
1075,"servicio de medicina interna, hospital san pedro, logroño, españa",1
1076,"servicio de medicina interna, hospital univ. 12 de octubre, instituto de investigación biomédica \imas12\ hospital 12 de octubre, madrid, spain",1
1077,"servicio de medicina interna, hospital universitario fundación alcorcón, universidad rey juan carlos, alcorcón, madrid, españa",1
1078,"servicio de medicina interna, hospital universitario miguel servet, iis aragón, cibercv, universidad de zaragoza, zaragoza, españa",1
1079,"servicio de medicina interna, hospital universitario reina sofía, imibic, universidad de córdoba, ciberobn, córdoba, españa",1
1080,"servicio de medicina intensiva, hospital universitario y politécnico la fe, centro de investigación biomédica en red de enfermedades respiratorias (ciberes), valencia, spain",1
1081,"servicio de microbiología, laboratori clínic metropolitana nord, hospital universitari germans trias i pujol, institut d'investigació en ciències de la salut germans trias i pujol (igtp), badalona, barcelona, spain",1
1082,"servicio de microbiología. hospital dr peset, valencia, spain",1
1083,"servicio de microbiologíabiodonostia, osakidetza, hospital universitario donostia, san sebastián, spain",1
1084,"servicio de microscopía electrónica, centro de investigación príncipe felipe (cipf), valencia, spain",1
1085,"servicio de microscopía óptica avanzada, centro de investigación príncipe felipe (cipf), valencia, spain",1
1086,"servicio de nefrología pediátrica, hospital universitario vall d'hebron (huvh), barcelona, spain",1
1087,"servicio de nefrología, hospital universitario 12 de octubre, madrid, spain",1
1088,"servicio de nefrología, hospital universitario marqués de valdecilla, santander, spain",1
1089,"servicio de nefrología, hospital universitario de gran canaria dr. negrín, universidad de las palmas de gran canaria, las palmas de gran canaria, las palmas, spain",1
1090,"servicio de nefrología, hospital universitario de gran canaria dr. negrín, universidad de las palmas de gran canaria, spain",1
1091,"servicio de nefrología, hospital de la princesa, instituto de investigación carlos iii, madrid, spain",1
1092,"servicio de nefrología, hospital de la princesa, redinren, instituto de investigación carlos iii, madrid, spain",1
1093,"servicio de nefrología, hospital del mar, barcelona, spain",1
1094,"servicio de nefrología, iis-fundación jiménez díaz, universidad autónoma de madrid, irsin, redinren, madrid, spain",1
1095,"servicio de nefrología, iis-fundación jiménez díaz, universidad autónoma de madrid, ricors2040, madrid, spain",1
1096,"servicio de microbiología clínica, hospital universitario príncipe de asturias – departamento de biomedicina y biotecnología, universidad de alcalá de henares, madrid, spain",1
1097,"servicio de nefrología, redinren, instituto de investigación carlos iii, hospital del mar, barcelona, spain",1
1098,"servicio de neumologia, hospital universitario central de asturias, facultad de medicina, instituto de investigación sanitaria del principado de asturias (ispa), oviedo, spain.",1
1099,"servicio de neumología hospital general universitario gregorio marañón-facultad de medicina: universidad complutense de madrid (ucm), madrid, spain; instituto de investigación sanitaria gregorio marañón (iisgm), madrid, spain.",1
1100,"servicio de neumología hospital general universitario gregorio marañón-facultad de medicina: universidad complutense de madrid (ucm), madrid, spain; instituto de investigación sanitaria gregorio marañón (iisgm), madrid, spain. electronic address: lpuente@separ.es.",1
1101,servicio de neumología hospital universitario virgen de las nieves granada spain,1
1102,"servicio de neumología y cirugía torácica, hospital universitario nuestra señora de candelaria, santa cruz de tenerife, spain.",1
1103,"servicio de neumología, complejo hospitalario universitario de santiago, santiago de compostela, spain",1
1104,"servicio de neumología, complexo hospitalario universitario de ferrol, ferrol (a coruña), españa",1
1105,"servicio de neumología, complexo hospitalario universitario de ferrol, ferrol, spain.",1
1106,"servicio de neumología, consorci sanitari parc taulí, universitat autònoma de barcelona, sabadell, spain",1
1107,"servicio de neumología, fundación jiménez díaz, universidad autónoma de madrid, 28049 madrid, spain",1
1108,"servicio de neumología, fundación jiménez díaz, universidad autónoma de madrid, clínica universidad de navarra, madrid, spain",1
1109,"servicio de neumología, fundación jiménez díaz, universidad autónoma de madrid, madrid, spain",1
1110,"servicio de neumología, hospital 12 de octubre, 28041 madrid, spain",1
1111,"servicio de neumología, hospital 12 de octubre, madrid, spain",1
1112,"servicio de nefrología, parc de salut mar, hospital del mar, barcelona, spain",1
1113,"servicio de microbiología clínica, hospital universitario príncipe de asturias, departamento de biomedicina y biotecnología, universidad de alcalá de henares, madrid, spain",1
1114,"servicio de microbiología clínica, hospital universitario príncipe de asturias-departamento de biomedicina y biotecnología, universidad de alcalá de henares, madrid, spain",1
1115,"servicio de microbiología clínica, hospital universitario de navarra, pamplona, navarra, spain",1
1116,"servicio de microbiología uceimp, hospital universitario virgen del rocío, sevilla, spain",1
1117,"servicio de microbiología y unidad de investigación, hospital son espases, ciberinfec, palma de mallorca, spain",1
1118,"servicio de microbiología y unidad de investigación, hospital universitario son espases, instituto de investigación sanitaria illes balears (idisba), centro de investigación biomédica en red de enfermedades infecciosas (ciberinfec), palma de mallorca, spain",1
1119,"servicio de microbiología, centro diagnóstico biomédico, hospital clínic. isglobal, universidad de barcelona, barcelona, spain",1
1120,"servicio de microbiología, complejo hospitalario universitario a coruña, ciberinfec, a coruña, spain",1
1121,"servicio de microbiología, complexo hospitalario universitario a coruña, instituto investigación biomédica a coruña (inibic),",1
1122,"servicio de microbiología, complexo hospitalario universitario a coruña, instituto investigación biomédica a coruña (inibic), ciberinfec, a coruña, españa",1
1123,"servicio de microbiología, consorcio hospital general universitario de valencia, valencia, spain",1
1124,"servicio de microbiología, h.u. puerta del mar, cádiz, spain",1
1125,"servicio de microbiología, hospital arnau de vilanova, valencia, spain",1
1126,"servicio de microbiología, hospital clínico universitario virgen de la arrixaca, el palmar, spain",1
1127,"servicio de microbiología, hospital son espases, instituto de investigación sanitaria illes balears (idisba), ciberinfec, palma de mallorca, españa",1
1128,"servicio de microbiología, hospital universitario de álava, vitoria-gasteiz, spain",1
1129,"servicio de microbiología, hospital universitario central de asturias, oviedo, spain",1
1130,"servicio de microbiología, hospital universitario cruces, bilbao, spain",1
1131,"servicio de microbiología, hospital universitario la paz, idipaz, departamento de microbiología, universidad autónoma de madrid, ciberinfec, spain",1
1132,"servicio de microbiología, hospital universitario marqués de valdecilla, santander, spain",1
1133,"servicio de microbiología, hospital universitario miguel servet, zaragoza, spain",1
1134,"servicio de microbiología, hospital universitario ramón y cajal and instituto ramón y cajal de investigación sanitaria (irycis), madrid, spain",1
1135,"servicio de microbiología, hospital universitario ramón y cajal e irycis, ciberinfec, madrid, spain",1
1136,"servicio de microbiología, hospital universitario ramón y cajal- irycis, ciberinfec, madrid, españa",1
1137,"servicio de microbiología, hospital universitario son espases, palma de mallorca, spain",1
1138,"servicio de microbiología, hospital universitario vall d'hebron, universitat autònoma de barcelona, vall d'hebron institut de recerca (vhir), ciberinfec, barcelona, spain",1
1139,"servicio de microbiología, hospital universitario vall d'hebron, universitat autònoma de barcelona, vall d'hebron institut de recerca (vhir), centro de investigación biomédica en red de enfermedades infecciosas (ciberinfec), barcelona, spain",1
1140,"servicio de microbiología, hospital universitario vall d`hebron, vall d'hebron institut de recerca (vhir), departamento de genética y microbiología, universitat autònoma de barcelona, ciberinfec, barcelona, españa",1
1141,"servicio de microbiología, hospital universitario virgen de las nieves, granada, spain",1
1142,"servicio de microbiología, hospital universitario de cruces, baracaldo, vizcaya, spain",1
1143,"servicio de microbiología, hospital universitario de álava, osakidetza-servicio vasco de salud, vitoria-gasteiz (álava), spain",1
1144,"servicio de microbiología, hospital universitario 12 de octubre, madrid, spain",1
1145,"stroke unit, hospital universitari i politècnic la fe, valencia, spain. electronic address: imesmar@gmail.com.",1
1146,"stroke unit, hospital del mar, barcelona, spain",1
1147,"structural bioinformatics (grib-imim), departament de ciències experimentals i de la salut, universitat pompeu fabra, barcelona, spain",1
1148,"structural bioinformatics (grib‐imim), departament de ciències experimentals i de la salut universitat pompeu fabra  barcelona spain",1
1149,"structural bioinformatics group (grib-imim), department of medicine and life sciences, universitat pompeu fabra, barcelona, spain",1
1150,"servicio de urgencias, hospital central de asturias, oviedo, spain",1
1151,"structural bioinformatics lab (grib-imim), department of experimental and health science, pompeu fabra university, biomedical research park, 08003 barcelona, spain",1
1152,"structural bioinformatics lab (grib-imim), department of experimental and health science, universitat pompeu fabra, barcelona, catalonia, spain",1
1153,"structural bioinformatics lab (grib-imim), department of experimental and health science, university pompeu fabra , barcelona 08005, catalonia, spain",1
1154,"structural bioinformatics lab (grib-imim), department of experimental and health science, university pompeu fabra, barcelona, catalonia, spain",1
1155,"structural bioinformatics lab (grib-imim), department of medicine and life sciences, universitat pompeu fabra , dr. aiguader, 88,  barcelona  08003  catalonia ,",1
1156,"structural bioinformatics lab (grib-imim), universitat pompeu fabra, 08950 barcelona, catalonia, spain",1
1157,"structural bioinformatics lab grib-imim, department of experimental and life sciences, universitat pompeu fabra, parc de recerca biomèdica de barcelona, barcelona, spain",1
1158,"structural bioinformatics lab grib‐imim, universitat pompeu fabra, and parc de recerca biomèdica de barcelona  barcelona spain",1
1159,"structural bioinformatics lab, research program on biomedical informatics (sbi-grib), hospital del mar medical research institute (imim), department of experimental and health sciences, universitat pompeu fabra (upf) , c/ del dr. aiguader 88, barcelona 08003, spain",1
1160,structural bioinformatics lab (grib-imim) barcelona spain,1
1161,"stem cells and cancer research laboratory-imim, ciberonc, barcelona, spain",1
1162,"stress and health research group (gies), universitat autònoma de barcelona, 08193 cerdanyola del vallès, spain",1
1163,"stroke pharmacogenomics and genetics group, institut de recerca de l`hospital de la santa creu i sant pau, c/sant antoni maría claret 167, barcelona, spain",1
1164,"stroke unit, department of neurology, hospital del mar, barcelona, spain",1
1165,"technological center in biodiversity, ecology and environmental and food technology, tecnio network, university of vic–central university of catalonia, 08500 vic, spain",1
1166,"technological centre in biodiversity, ecology and environmental and food technology -beta-, universitat de vic-universitat central de catalunya (uvic-ucc), spain",1
1167,"terrestrial ecology group (teg), department of ecology, facultad de ciencias, universidad autónoma de madrid, c/ darwin 2, e-28049 madrid, spain, and centro de investigación en biodiversidad y cambio global (cibc-uam), universidad autónoma de madrid,",1
1168,"the institute of materials science of barcelona (icmab-csic), bellaterra, 08193 barcelona, spain",1
1169,"the mar nursing school (escola superior d'infermeria del mar - esimar), psmar, pompeu fabra university-affiliated, barcelona, spain",1
1170,"the university and polytechnic la fe hospital of valencia, avenida fernando abril martorell, 106 torre h 1a planta, 46026, valencia, spain",1
1171,"surgery service, parc de salut mar. ihospital del mar research institute, barcelona, spain",1
1172,"surgery service, parc de salut mar. institut hospital del mar d’investigacions mèdiques (imim) fabra, barcelona, spain",1
1173,"systematics and evolution of vascular plants (uab)—associated unit to csic (ibb), bellaterra, spain",1
1174,"systems neurologic and neurotherapeutic group at research institute hospital del mar, barcelona, spain. gvillalba@psmar.cat.",1
1175,"signalling in the central nervous system group, departament de bioquímica i biologia molecular, institut de neurociències, facultat de medicina, universitat autònoma de barcelona, 08193 bellaterra, spain",1
1176,social determinants and health education research group (sdhed) hospital del mar institute for medical research (imim) barcelona spain,1
1177,"social determinants and health education research group (sdhed), hospital del mar medical research institute (imim), 08003 barcelona, spain",1
1178,"social determinants and health education research group (sdhed), hospital del mar research institute, 08003 barcelona, spain",1
1179,"social determinants and health education research group, imim (hospital del mar medical research institute), barcelona, spain",1
1180,"sleep unit, service of pneumology, hospital universitari vall d'hebron, universitat autònoma de barcelona, barcelona, spain",1
1181,"servicio de urgencias, hospital clínico san carlos, madrid, españa",1
1182,"servicio de urgencias, hospital clínico san carlos, universidad complutense de madrid, madrid, spain",1
1183,"servicio de urgencias, hospital clínico san carlos, universidad complutense, madrid, spain",1
1184,"servicio de urgencias, hospital doctor josep trueta, gerona, spain",1
1185,"servicio de urgencias, hospital esperit sant, santa coloma de gramenet, barcelona, spain",1
1186,"servicio de urgencias, hospital general universitario gregorio marañón, madrid, españa",1
1187,"servicio de urgencias, hospital joan xxiii, tarragona, spain",1
1188,"servicio de urgencias, hospital moisès broggi, sant joan despí, barcelona, spain",1
1189,"servicio de urgencias, hospital universitari arnau de vilanova, lleida, spain",1
1190,"servicio de urgencias, hospital universitari germans trias i pujol, badalona, barcelona, spain",1
1191,"servicio de urgencias, hospital universitari de bellvitge, idibell, universitat de barcelona, l'hospitalet de llobregat, barcelona, spain",1
1192,"servicio de urgencias, hospital universitari de bellvitge, l'hospitalet de llobregat, barcelona, spain",1
1193,"servicio de urgencias, hospital universitari de bellvitge, l’hospitalet de llobregat, barcelona, españa",1
1194,"servicio de urgencias, hospital universitario infanta leonor, madrid, españa",1
1195,"servicio de urgencias, hospital universitario infanta leonor, madrid, spain",1
1196,"servicio de urgencias, hospital unversitari vall d'hebron, barcelona, spain",1
1197,"servicio de urgencias, hospital verge de la cinta, tortosa, tarragona, spain",1
1198,"servicio de urgencias, hospital de sant pau i santa tecla, tarragona, spain",1
1199,"servicio de urgencias, hospital de santa caterina, salt, gerona, spain",1
1200,"servicio de urgencias, hospital de la santa creu i sant pau, barcelona, españa",1
1201,"servicio de urgencias, hospital del mar, barcelona, españa",1
1202,"servicio de vigilancia y control epidemiológico. dirección general de salud pública y adicciones, conselleria de sanitat universal i salut pública. generalitat valenciana, valencia, spain",1
1203,"servicio de farmacia del hospital de conxo-sergas, santiago de compostela, a coruña, spain",1
1204,"servicio de medicina intensiva, hospital universitario y politécnico la fe, valencia, spain",1
1205,"servicio de medicina intensiva. hospital universitario y polit ecnico la fe, valencia, spain",1
1206,"servicio de medicina intensive, hospital universitario y politécnico la fe, valencia, spain",1
1207,"servicio médico, centro penitenciario de mallorca, palma de mallorca, spain",1
1208,"servicios de atención primaria, navarra regional health service (osasunbidea), idisna, pamplona, spain",1
1209,"servicios de atención primaria, servicio navarro de salud, osasunbidea, pamplona, spain",1
1210,"servicio de urgencias, hospital universitario del mar, barcelona, españa",1
1211,"spanish national research council (csic), 08193 cerdanyola del vallès, spain",1
1212,"specialized service in mental health and intellectual disability, institute of health assistance (ias), parc hospitalari martí i julià, 17190 girona, spain",1
1213,"spinal surgery unit, hospital del mar, barcelona, spain",1
1214,"spinal surgery unit, traumatology, hospital del mar, 08003 barcelona, spain",1
1215,"spine surgery unit, neurosurgery, hospital del mar, 08003 barcelona, spain",1
1216,"st james's university hospital, trinity college, dublin 8, d08 nhy, ireland. drmartinloeches@gmail.com.",1
1217,"statistics advisory service, institute of biomedical research of bellvitge, rovira i virgili university, 08908 tarragona, spain",1
1218,"statistics deparment, institut hospital del mar d'investigacions mèdiques (imim), barcelona, spain",1
1219,"statistics deparment, institut hospital del mar d’investigacions mèdiques (imim), barcelona, spain",1
1220,"statistics department, institut hospital del mar d'investigacions mèdiques, barcelona, spain",1
1221,"statistics service, institut hospital del mar d’investigacions mèdiques (imim), 08003 barcelona, spain",1
1222,"servicio navarro de salud, pamplona, spain",1
1223,servicio navarro de salud—osasunbidea banco de sangre y tejidos  pamplona spain,1
1224,"servicio patología digestiva, hospital de la santa creu i sant pau, barcelona, spain",1
1225,servicio regional de investigación y desarrollo agroalimentario (serida)  villaviciosa spain,1
1226,"servicio regional de investigación y desarrollo agroalimentario del principado de asturias (serida), camino de rioseco 1225, la olla, deva 33394 gijón, spain.",1
1227,"servicio de alergia. complejo hospitalario universitario de cartagena. murcia, spain.",1
1228,"servicio de alergología, clínica universidad de navarra, pamplona, españa",1
1229,"servicio de alergología, clínica universidad de navarra, pamplona, spain",1
1230,"servicio de alergología, fundación jiménez diaz, departamento de medicina, universidad autónoma de madrid, spain",1
1231,"servicio de alergología, fundación jiménez diaz. departamento de medicina, universidad autónoma de madrid",1
1232,"servicio de alergología, hospital universitario cruces, vizcaya, españa",1
1233,"servicio de alergología, hospital universitario cruces, vizcaya, spain",1
1234,"servicio de alergología, hospital vall d'hebron, vhir, universitat autònoma barcelona, aradyal (isciii), barcelona, españa",1
1235,"servicio de alergología, hospital vall d'hebron, vhir, universitat autònoma barcelona, aradyal (isciii), barcelona, spain",1
1236,"servicio de alergología. complejo universitario de salamanca. retics aradyal. departamento de ciencias biométicas y del diagnóstico. universidad de salamanca. salamanca, spain.",1
1237,"servicio de hepatología, hospital universitario vall d’hebron, vall d’hebron barcelona hospital campus, barcelona, españa",1
1238,"servicio de alergología. hospital universitario la paz. instituto de investigación hospital universitario la paz (idipaz) y ciber de enfermedades respiratorias (ciberes). madrid, spain.",1
1239,"servicio de anatomía patológica, complejo hospitalario universitario a coruña, biobanco inibic, a coruña, spain",1
1240,"servicio de anatomía patológica, hospital universitari vall d’hebron, barcelona, españa",1
1241,"servicio de anatomía patológica, hospital universitario virgen del rocío, sevilla (spain)",1
1242,"servicio de anatomía patológica, iis-fundación jiménez díaz-ciberonc, madrid, spain",1
1243,"servicio de anatomía patológica, usc, instituto de investigación sanitaria de santiago (idis), hospital clínico universitario, santiago de compostela, spain",1
1244,servicio de anestesiología hospital universitario de vic  vic spain,1
1245,"servicio de anestesiología y reanimaci on, hospital universitario basurto, bilbao, spain",1
1246,"servicio de anestesiología y reanimación, hospital clínico universitario virgen de la arrixaca, murcia, spain",1
1247,"servicio de anestesiología y reanimación, hospital universitario de basurto, bilbao, vizcaya, spain",1
1248,"servicio de anestesiología, reanimación y tratamiento del dolor, clínica diagonal, barcelona, spain",1
1249,"servicio de anestesiología, reanimación y tratamiento del dolor, hospital clínic, universitat de barcelona, barcelona, spain",1
1250,"servicio de anestesiología, reanimación y tratamiento del dolor, hospital universitari mútua de terrassa, barcelona, spain",1
1251,"servicio de anestesiología, reanimación y tratamiento del dolor, hospital del mar, universitat pompeu fabra, barcelona, spain",1
1252,"servicio de angiología y cirugía vascular, hospital del mar, barcelona, spain",1
1253,"servicio de alergología. hospital clínic. universidad de barcelona. instituto de investigación biomédica august pi i sunyer (idibaps). barcelona, spain.",1
1254,"servicio medicina digestiva, hospital marina baixa, villajoyosa, spain",1
1255,"servicio medicina digestiva, hospital nuestra señora de la candelaria, santa cruz de tenerife, spain",1
1256,"servicio medicina digestiva, hospital sant joan de déu - althaia, manresa, spain",1
1257,"servicio medicina digestiva, hospital universitari mútua terrassa, terrassa, spain",1
1258,"servicio medicina digestiva, hospital universitario clínico san carlos, madrid, spain",1
1259,"servicio medicina digestiva, hospital universitario donostia, san sebastián, spain",1
1260,"servicio medicina digestiva, hospital universitario fundación de alcorcón, madrid, spain",1
1261,"servicio medicina digestiva, hospital universitario la fé, valencia, spain",1
1262,"servicio medicina digestiva, hospital universitario la laguna, santa cruz tenerife, spain",1
1263,"servicio medicina digestiva, hospital universitario marqués de valdecilla and idival, santander, spain",1
1264,"servicio medicina digestiva, hospital universitario miguel servert, zaragoza, spain",1
1265,"servicio medicina digestiva, hospital universitario ramón y cajal, madrid, spain",1
1266,"servicio medicina digestiva, hospital universitario reina sofía, córdoba, spain",1
1267,"servicio medicina digestiva, hospital universitario son espases, palma de mallorca, spain",1
1268,"servicio medicina digestiva, hospital universitario son llàtzer, palma de mallorca, spain",1
1269,"servicio navarro de salud, osasunbidea, 31003, pamplona, spain",1
1270,"servicio medicina digestiva, hospital universitario de basurto, bilbao, spain",1
1271,"servicio medicina digestiva, hospital universitario de bellvitge, barcelona, spain",1
1272,"servicio medicina digestiva, hospital universitario de burgos, burgos, spain",1
1273,"servicio medicina digestiva, hospital de cruces, bilbao, spain",1
1274,"servicio medicina digestiva, hospital de fuenlabrada, fuenlabrada, spain",1
1275,"servicio medicina digestiva, hospital de manises, valencia, spain",1
1276,"servicio medicina digestiva, hospital de sant joan despí moisès broggi, barcelona, spain",1
1277,"servicio medicina digestiva, hospital de torrejón de ardoz, madrid, spain",1
1278,"servicio medicina digestiva, hospital del mar, imim (hospital del mar medical research institute), barcelona, spain",1
1279,"servicio medicina intensiva, hospital universitario arnau de vilanova de lleida, lleida, spain",1
1280,"servicio microbiología, departamento de salud de elche-hospital general, elche, alicante, spain",1
1281,"servicio navarro de salud (osasunbidea), 31003 pamplona, spain",1
1282,"servicio navarro de salud (osasunbidea), pamplona, spain",1
1283,"servicio navarro de salud , atención primaria pamplona, 31003, pamplona ,",1
1284,"servicio navarro de salud - osasunbidea, gobierno de navarra, pamplona, españa",1
1285,"servicio medicina digestiva, hospital universitario virgen macarena, sevilla, spain",1
1286,"servicio de cardiología, hospital universitari de girona doctor josep trueta, girona, spain",1
1287,"servicio de cardiología, hospital universitari de tarragona joan xxiii, iispv, universidad rovira virgili, tarragona, spain",1
1288,"servicio de cardiología, hospital universitario araba sede txagorritxu, vitoria-gasteiz, spain",1
1289,"servicio de cardiología, hospital universitario gregorio marañón, madrid, spain",1
1290,"servicio de cardiología, hospital universitario juan ramon jiménez, huelva, spain",1
1291,"servicio de cardiología, hospital universitario la fe, valencia, spain",1
1292,"servicio de cardiología, hospital universitario la paz, madrid, spain",1
1293,"servicio de cardiología, hospital universitario miguel servet, zaragoza, spain",1
1294,"servicio de cardiología, hospital universitario nuestra señora de la candelaria, santa cruz de tenerife, spain",1
1295,"servicio de cardiología, hospital universitario ramón y cajal, madrid, spain",1
1296,"servicio de cardiología, hospital universitario reina sofía, instituto maimónides de investigación biomédica (imibic), universidad de córdoba, córdoba, spain",1
1297,"servicio de cardiología, hospital universitario salamanca, salamanca, spain",1
1298,"servicio de cardiología, hospital universitario sant joan d'alacant, alicante, spain",1
1299,"servicio de cardiología, hospital universitario son llàtzer, palma de mallorca, balearic islands, spain",1
1300,"servicio de cardiología, hospital universitario virgen de la victoria, málaga, spain",1
1301,"servicio de aparato digestivo, hospital universitario central de asturias, oviedo, spain",1
1302,"servicio de cardiología, hospital universitario de jaén, jaén, spain",1
1303,"servicio de cardiología, hospital universitario de valme (área sanitaria sur de sevilla), sevilla, spain",1
1304,"servicio de cardiología, hospital vall d’hebron, barcelona, spain",1
1305,"servicio de cardiología, hospital vall d’hebron, universitat autònoma de barcelona, barcelona, spain",1
1306,"servicio de cardiología, hospital de bellvitge, barcelona, spain",1
1307,"servicio de cardiología, hospital de tortosa verge de la cinta, iispv, tarragona, spain",1
1308,"servicio de cardiología, hospital del mar - parc de salut mar, barcelona, grupo de investigación biomédica en enfermedades del corazón, imim (instituto hospital del mar de investigaciones médicas), barcelona, spain.",1
1309,"servicio de cardiología, hospital del mar, institut hospital del mar d’investigacions mèdiques (imim), universitat autònoma de barcelona, barcelona, spain",1
1310,"servicio de cardiología, hospital del mar, parc de salut mar, barcelona, spain.",1
1311,"servicio de cardiología, institut clínic cardiovascular, hospital clínic barcelona, barcelona, spain",1
1312,"servicio de cardiología, institut del cor, hospital universitari germans trias i pujol, badalona, spain",1
1313,"servicio de cardiología, instituto cardiovascular, hospital clínic, universidad de barcelona, spain",1
1314,"servicio de cirugía gastrointestinal (icmdim), hospital clínic de barcelona, universitat de barcelona. sección de infección quirúrgica, aec, barcelona, españa",1
1315,"servicio de cirugía gastrointestinal icmdm, hospital clínic de barcelona, universitat de barcelona, spain",1
1316,"servicio de cirugía general y del aparato digestivo, parc de salut mar, hospital del mar,  p. marítim 23-25, 08003, barcelona, spain",1
1317,"servicio de cardiología, hospital universitario de basurto, bilbao, spain",1
1318,"servicio de aparato digestivo, hospital universitario marqués de valdecilla, idival, santander, spain",1
1319,"servicio de aparato digestivo, hospital universitario de galdakao, iis biocruces, galdakao, spain",1
1320,"servicio de aparato digestivo, hospital universitario de la princesa, instituto de investigación sanitaria princesa (iis-ip), universidad autónoma de madrid (uam), madrid, spain",1
1321,"servicio de aparato digestivo, hospital universitario de salamanca, instituto de investigación biomédica de salamanca, salamanca, spain",1
1322,"servicio de aparato digestivo,hospital universitari de tarragona joan xxiii,tarragona,spain",1
1323,servicio de atención a la ciudadanía hospital del mar barcelona spain,1
1324,"servicio de bioquímica clínica, hospital universitario miguel servet, centro de investigación en red en enfermedadescardiovasculares (cibercv), iss aragón, universidad de zaragoza, zaragoza, españa",1
1325,"servicio de cardiología intervencionista, hospital universitario galdakao, galdakao, vizcaya, spain",1
1326,"servicio de cardiología intervencionista, hospital universitario lucus augusti, lugo, spain",1
1327,"servicio de cardiología, complejo hospitalario universidad de santiago, santiago de compostela, a coruña, spain",1
1328,"servicio de cardiología, complejo hospitalario universitario de albacete, albacete, spain",1
1329,"servicio de cardiología, consorci mar parc de salut de barcelona, spain",1
1330,"servicio de cardiología, grupo de investigación en enfermedades del corazón (grec), instituto hospital del mar de investigaciones médicas (imim), barcelona, spain",1
1331,"servicio de cardiología, hospital arnau de vilanova, lleida, spain",1
1332,"servicio de cardiología, hospital clínico universitario lozano blesa, zaragoza, spain",1
1333,"servicio de cardiología, hospital universitari de bellvitge, idibell, universitat de barcelona, l'hospitalet de llobregat, barcelona, spain",1
1334,"servicio de cardiología, hospital clínico universitario, fundación para la investigación del hospital clínico de la comunidad valenciana (incliva), universitat de valència, valencia, spain",1
1335,"servicio de cardiología, hospital general universitario de ciudad real, ciudad real, spain",1
1336,"servicio de cardiología, hospital german trias i pujol, barcelona, spain",1
1337,"servicio de cardiología, hospital joan xxiii, tarragona, spain",1
1338,"servicio de cardiología, hospital josep trueta, girona, spain",1
1339,"servicio de cardiología, hospital la paz, idipaz, madrid, spain",1
1340,"servicio de cardiología, hospital universitari doctor josep trueta, girona, spain",1
1341,"servicio de cardiología, hospital universitari joan xxiii de tarragona, tarragona, spain",1
1342,"servicio de cardiología, hospital universitari josep trueta, girona, spain",1
1343,"servicio de cardiología, hospital universitari mútua de terrassa, terrassa, barcelona, spain",1
1344,"servicio de cardiología, hospital universitari son espases, palma de mallorca, spain",1
1345,"servicio de cardiología, hospital universitari vall d'hebron, barcelona, spain",1
1346,"servicio de cardiología, hospital universitari vall d'hebron, barcelona, spain; vall d'hebron institut de recerca (vhir), barcelona, spain; departament de medicina, universitat autònoma de barcelona, barcelona, spain; centro de investigación biomédica en red de enfermedades cardiovasculares (cibercv), instituto de salud carlos iii, spain. electronic address: b.benito.v@gmail.com.",1
1347,"servicio de cardiología, hospital universitari vall d’ hebron, barcelona, spain",1
1348,"servicio de cardiología, hospital universitari de bellvitge, barcelona, spain",1
1349,"servicio de cardiología, hospital clínico universitario virgen de la victoria, cibercv, málaga, spain",1
1350,"service of biochemistry and molecular genetics, hospital clinic, centro de investigación biomédica en red de enfermedades hepáticas y digestivas (ciberehd), institut d’investigacions biomèdiques august pi i sunyer (idibaps), 08036 barcelona, spain",1
1351,"service of clinical analysis and microbiology, fundación instituto valenciano de oncología, valencia, spain",1
1352,"service of general and digestive surgery, department of health and experimental sciences, hospital del mar, universitat pompeu fabra, barcelona, spain",1
1353,"service of general and digestive surgery, hospital arnau de vilanova, universitat de lleida, lleida, spain",1
1354,"service of hematology, hospital del mar, universitat autònoma de barcelona, barcelona, spain",1
1355,"service of hospital pharmacy, hospital del mar, barcelona, spain.",1
1356,"service of infectious diseases, hospital del mar, 08003 barcelona, spain",1
1357,"service of intensive care medicine, hospital 12 de octubre, madrid, spain",1
1358,"service of intensive care medicine, hospital clínico san carlos, madrid, spain",1
1359,"service of intensive care medicine, hospital universitari arnau de vilanova, lleida, spain",1
1360,"service of intensive care medicine, hospital universitario virgen macarena, sevilla, spain",1
1361,"service of intensive care medicine, hospital universitario de fuenlabrada, fuenlabrada, madrid, spain",1
1362,"service of intensive care medicine, hospital universitario i politècnico la fe, valencia, spain",1
1363,"service of intensive care medicine, hospital del mar, parc de salut mar, universitat autònoma de barcelona, barcelona, spain",1
1364,"service of internal medicine, hospital de sant joan despí moisès broggi, 08970 sant joan despí, spain",1
1365,"servicio medicina digestiva, hospital la paz, madrid, spain",1
1366,service of pediatric surgery hospital sant joan de déu universitat de barcelona barcelona spain,1
1367,"service of pneumology and allergy, university hospital juan ramón jiménez, huelva, spain",1
1368,"service of pneumology, consorci corporacio sanitaria parc tauli de sabadell, sabadell, barcelona, spain",1
1369,"service of pneumology, hospital clínic barcelona, universitat de barcelona, institut d’investigacions biomèdiques august pi i sunyer (idibaps), barcelona, spain",1
1370,"service of pneumology, hospital dos de maig, consorci sanitari integral, barcelona, spain",1
1371,"service of pneumology, hospital universitari arnau de vilanova, department of medicine, universitat de lleida (udl), lleida, spain",1
1372,"service of pneumology, hospital universitari dr. josep trueta, girona, spain",1
1373,"service of pneumology, hospital universitari joan xxiii, unidad docente joan xiii, universitat rovira i virgili, tarragona, spain",1
1374,"service of pneumology, hospital universitari vall d’hebron, department of medicine, universitat autònoma de barcelona, barcelona, spain",1
1375,"service of pneumology, hospital del mar-parc de salut mar, institut hospital del mar d’investigacions mèdiques, universitat pompeu fabra, barcelona, spain",1
1376,"service of prevention of labor risks, medical emergencies system, generalitat de catalunya, barcelona, spain",1
1377,"service of preventive medicine and public health, hospital universitario clínico san cecilio, 18016 granada, spain;",1
1378,"service of preventive medicine and public health, hospital universitario ramón y cajal, madrid, spain",1
1379,"service of preventive medicine and quality of attention, university clinical hospital of valencia, valencia, spain",1
1380,"service of preventive medicine, hospital general universitario de burgos, burgos, spain",1
1381,service of neonatology hospital sant joan de déu universitat de barcelona barcelona spain,1
1382,"servei de pneumologia, hospital del mar - imim, barcelona, spain",1
1383,"servei de pneumologia, hospital del mar - imim, parc de salut mar, barcelona, españa",1
1384,"servei de pneumologia, hospital del mar – imim, barcelona, spain",1
1385,"servei de pneumologia, hospital del mar, 08003 barcelona, spain",1
1386,"servei de ressonàcia magnètica nuclear, universitat autònoma de barcelona, 08193, cerdanyola del vallès, catalonia, spain",1
1387,"servei de ressonància magnètica nuclear, universitat autònoma de barcelona, bellaterra, 08193, spain",1
1388,"service of biochemistry and molecular genetics, hospital clinic universitari, centro de investigación biomédica en red de enfermedades hepáticas y digestivas (ciberehd), institut d’investigacions, biomèdiques august pi i sunyer (idibaps), 08905 barcelona, spain",1
1389,"servei d’estadística aplicada, universitat autònoma de barcelona, 08193 bellaterra, barcelona, spain",1
1390,"servei d’estadística aplicada, universitat autònoma de barcelona, 08193 cerdanyola, spain",1
1391,"servei d’oncologia radioteràpica, member of geicam, hospital del mar research institute, barcelona, spain",1
1392,"service de cardiologie, centre hospitalier de saintonge, saintes, france",1
1393,"service of allergology, hospital universitari joan xxiii, universitat rovira i virgili, tarragona, spain",1
1394,"service of anesthesia and resuscitation, hospital universitario de basurto, bilbao, spain",1
1395,"service of anesthesia and resuscitation, hospital universitario de tarragona joan xxiii, tarragoa, spain",1
1396,service of biochemistry and molecular genetics,1
1397,"service of biochemistry and molecular genetics, hospital clinic universitari, centro de investigación biomédica en red de enfermedades hepáticas y digestivas (ciberehd),",1
1398,"servicio hematología clínica, hospital central de asturias, instituto de investigación sanitario del principado de asturias (ispa), instituto oncológico universitario del principado de asturias (iuopa), oviedo",1
1399,"servicio hematología clínica, hospital general de alicante, alicante",1
1400,"servicio hematología clínica, hospital insular de gran canarias, las palmas de gran canaria",1
1401,"servicio hematología clínica, hospital mútua de terrassa, terrassa",1
1402,"servicio hematología clínica, hospital son espases, palma de mallorca",1
1403,"servicio hematología clínica, hospital son llátzer, palma de mallorca",1
1404,"servicio hematología clínica, hospital universitari de la vall d'hebron, barcelona",1
1405,"servicio hematología clínica, hospital universitario de donostia, donostia",1
1406,"servicio hematología clínica, hospital universitario de salamanca, salamanca",1
1407,"servicio hematología clínica, hospital virgen de la victoria, málaga",1
1408,"servicio hematología clínica, hospital vírgen del rocío, sevilla",1
1409,"servicio hematología clínica, hospital de jerez, jerez de la frontera",1
1410,"servicio medicina digestiva, complejo asistencial universitario de león, león, spain",1
1411,"servicio medicina digestiva, complejo hospitalario de navarra, pamplona, spain",1
1412,"servicio medicina digestiva, consorci sanitari terrasa, barcelona, spain",1
1413,"service of surgery, complejo hospitalario de navarra, pamplona, spain",1
1414,"servicio medicina digestiva, hospital arnau de vilanova, lleida, spain",1
1415,"servicio medicina digestiva, hospital cabueñes, gijón, spain",1
1416,"servicio medicina digestiva, hospital clinico universitario lozano blesa, zaragoza, spain",1
1417,"servicio medicina digestiva, hospital clínico universitario de valencia, valencia, spain",1
1418,"servicio medicina digestiva, hospital clínico virgen de la victoria, málaga, spain",1
1419,"servicio medicina digestiva, hospital clínico de valladolid, madrid, spain",1
1420,"servicio medicina digestiva, hospital general ciudad real, ciudad real, spain",1
1421,"servicio medicina digestiva, hospital general la mancha centro, ciudad real, spain",1
1422,"servicio medicina digestiva, hospital general tomelloso, ciudad real, spain",1
1423,"servicio medicina digestiva, hospital general universitario alicante, alicante, spain",1
1424,"servicio medicina digestiva, hospital general universitario castellón, castellón de la plana, spain",1
1425,"servicio medicina digestiva, hospital general universitario de elche, elche, spain",1
1426,"servicio medicina digestiva, hospital general de granollers, barcelona, spain",1
1427,"servicio medicina digestiva, hospital gregorio marañón, madrid, spain",1
1428,"servicio medicina digestiva, hospital infanta sofía, madrid, spain",1
1429,"servicio medicina digestiva, hospital 12 de octubre, madrid, spain",1
1430,"service of surgery, consorci corporació sanitària parc taulí de sabadell, 08208 sabadell, spain",1
1431,"service of surgery, consorci corporació sanitària parc taulí de sabadell, sabadell, barcelona, spain",1
1432,"service of surgery, hospital general de granollers, 08402 granollers, spain",1
1433,"service of surgery, hospital universitari arnau de vilanova, 25198 lleida, spain",1
1434,"service of surgery, hospital universitari germans trias i pujol, universitat autònoma de barcelona, 08916 badalona, spain",1
1435,"service of surgery, hospital universitari josep trueta, 17007 girona, spain",1
1436,"service of surgery, hospital universitari mútua terrassa, terrassa, barcelona, spain",1
1437,"service of surgery, hospital universitari de tarragona, joan xxiii, 43005 tarragona, spain",1
1438,"service of surgery, hospital universitari de vic, 08500 vic, spain",1
1439,"service of surgery, hospital universitari de vic, vic, barcelona, spain",1
1440,"service of surgery, hospital universitario de navarra, 31008 pamplona, spain",1
1441,"service of surgery, hospital universitario de navarra, pamplona, spain",1
1442,"service of surgery, hospital de mataró, consorci sanitari del maresme, 08304 mataró, spain",1
1443,"service of surgery, hospital de sant joan despí moisès broggi, 08970 sant joan despí, spain",1
1444,"service of the internal medicine, hospital universitari de tarragona joan xxiii, c/ dr. mallafrè guasch, 4, 43005, tarragona, spain",1
1445,"servicio hematología clínica, hospital 12 de octubre, madrid",1
1446,"servicio hematología clínica, complejo hospitalario de navarra, pamplona",1
1447,"servicio hematología clínica, complejo hospitalario de león, león",1
1448,"servicio hematología clínica, complejo hospitalario de jaén, jaén",1
1449,"servicio extremeño de salud, sevilla, spain",1
1450,"servicio enfermedades infecciosas, hospital universitario ramón y cajal, madrid, spain",1
1451,servicio dermatología hospital del mar‐parc de salut mar barcelona spain,1
1452,servicio dermatología hospital universitario príncipe de asturias madrid spain,1
1453,servicio anestesiología reanimación y tratamiento del dolor. parc de salut mar  barcelona spain,1
1454,"servicio de neumología, hospital general universitario gregorio marañón, madrid, spain",1
1455,"servicio de medicina de aparato digestivo gregorio marañón, hospital general universitario gregorio marañón, lisgm, spain",1
1456,"servicio cirugía general y del aparato digestivo, hospital san jorge, huesca, spain",1
1457,servicio canario de salud (sescs),1
1458,"servicio aparato digestivo, hospital universitario santiago, santiago de compostela, spain",1
1459,"servicio aparato digestivo, hospital universitario puerta de hierro, madrid, spain",1
1460,"servicio aparato digestivo, hospital universitari germans trias i pujol, badalona, spain",1
1461,"servicio anestesiología, reanimación y tratamiento del dolor, parc de salut mar, barcelona, spain",1
1462,"servicio de neumología, hospital universitario infanta sofía, san sebastián de los reyes, madrid, spain",1
1463,"servicio de dermatología. instituto valenciano de oncología, valencia, spain",1
1464,"servicio de digestivo, hospital universitario marqués de valdecilla, santander, spain",1
1465,"servicio de digestivo, hospital de la santa creu i sant pau, barcelona, españa",1
1466,"servicio de digestivo, unidad de endoscopia, hospital de viladecans, barcelona, spain",1
1467,"servicio de endocrinología y nutrició, hospital del mar, departament de medicina, universitat autònoma de barcelona, spain. ciberobn (centros de investigación biomédica en red-ciber, physiopathology of obesity and nutrition, instituto de salud carlos iii, madrid, spain).",1
1468,"servicio de endocrinología y nutrición, complejo asistencial universitario de león, león, spain.",1
1469,"servicio de endocrinología y nutrición, complexo hospitalario universitario de vigo, vigo, pontevedra, españa",1
1470,"servicio de endocrinología y nutrición, hospital clínic barcelona, institut d'investigacions biomèdiques august pi sunyer (idibaps), barcelona, spain. ciberobn (centros de investigación biomédica en red-ciber, physiopathology of obesity and nutrition, instituto de salud carlos iii, madrid).",1
1471,"servicio de endocrinología y nutrición, hospital clínic de barcelona, institut d'investigacions biomèdiques august pi i sunyer (idibaps), centro de investigación biomédica en red de obesidad y nutrición (ciberobn), madrid, españa",1
1472,"servicio de endocrinología y nutrición, hospital clínico san carlos, idissc, madrid, spain.",1
1473,"servicio de endocrinología y nutrición, hospital clínico universitario de valladolid, instituto de investigación endocrinología y nutrición de valladolid (ienva), valladolid, españa",1
1474,"servicio de endocrinología y nutrición, hospital clínico, universidad de valència, departamento de medicina, universidad de valencia, ciber de diabetes y enfermedades metabólicas (ciberdem), isciii, valencia, españa",1
1475,"servicio de endocrinología y nutrición, hospital clínico, universidad de valència, departamento de medicina, universidad de valencia, españa",1
1476,"servicio de endocrinología y nutrición, hospital universitari arnau de vilanova, grupo de investigación en obesidad, diabetes y metabolismo (odim), irblleida, universidad de lleida, centro de investigación biomédica en red de diabetes y enfermedades metabólicas asociadas (ciberdem), lleida, españa",1
1477,"servicio de endocrinología y nutrición, hospital universitari arnau de vilanova, grupo de investigación en obesidad, diabetes y metabolismo (odim), institut de recerca biomèdica de lleida (irblleida), lleida, españa",1
1478,"servicio de cirugía general y digestiva, hospital universitario donostia, donostia, gipuzkoa",1
1479,"servicio de endocrinología y nutrición, hospital universitari germans trias i pujol, imppc, institut d investigació germans trias i pujol (igtp), badalona, barcelona, spain.",1
1480,"servicio de endocrinología y nutrición, hospital universitari mútua de terrassa, terrassa, barcelona, españa",1
1481,"servicio de endocrinología y nutrición, hospital universitari parc taulí, institut d'investigació i innovació parc taulí, universitat autònoma de barcelona, sabadell, barcelona, españa",1
1482,"servicio de endocrinología y nutrición, hospital universitari parc taulí, institut d’investigació i innovació parc taulí, universitat autònoma de barcelona, sabadell, barcelona, spain",1
1483,"servicio de endocrinología y nutrición, hospital universitari parc taulí, universitat autònoma de barcelona, institut d'investigació i innovació parc taulí (i3pt), sabadell, barcelona, españa",1
1484,"servicio de endocrinología y nutrición, hospital universitari vall d'hebron, grupo de investigación en diabetes y metabolismo, vall d'hebron research institut (vhir), barcelona, españa",1
1485,"servicio de endocrinología y nutrición, hospital universitari de bellvitge-institut d'investigació biomèdica de bellvitge (idibell), centro de investigación biomédica en red de diabetes y enfermedades metabólicas asociadas (ciberdem), barcelona, españa",1
1486,"servicio de endocrinología y nutrición, hospital universitario gregorio marañón, iisgm, facultad de medicina, universidad complutense, madrid, spain.",1
1487,"servicio de endocrinología y nutrición, hospital universitario lucus augusti, lugo, españa",1
1488,"servicio de endocrinología y nutrición, hospital universitario ramón y cajal, ciberobn, irycis, madrid, spain",1
1489,"servicio de endocrinología y nutrición, hospital universitario de bellvitge-idibell, ĺhospitalet de llobregat, barcelona, spain. ciberdem (ciber de diabetes y enfermedades metabólicas asociadas, instituto de salud carlos iii, spain). electronic address: nuriavilarrasa@yahoo.es.",1
1490,"servicio de endocrinología y nutrición, hospital de montecelo, pontevedra, españa",1
1491,"servicio de endocrinología y nutrición, hospital de la santa creu i sant pau universitat autònoma de barcelona  barcelona spain",1
1492,"servicio de endocrinología y nutrición, hospital de la santa creu i sant pau, departament de medicina, universitat autònoma de barcelona, barcelona, españa",1
1493,"servicio de endocrinología y nutrición, hospital de la santa creu i sant pau, iib sant pau, universitat autònoma de barcelona, ciber de diabetes y enfermedades metabólicas asociadas (ciberdem), barcelona, spain",1
1494,"servicio de endocrinología y nutrición, hospital universitari arnau de vilanova, lleida, spain. obesity, diabetes and metabolism research group (odim), irblleida, universitat de lleida, ciberdem (ciber de diabetes y enfermedades metabólicas asociadas, instituto de salud carlos iii, spain).",1
1495,"servicio de dermatología. complejo asistencial universitario de león, león, españa",1
1496,"servicio de dermatología. complejo asistencial universitario de león, león, spain",1
1497,"servicio de dermatología. complexo hospitalario a coruña, a coruña, spain",1
1498,"servicio de dermatología. hospital clínico san carlos, madrid, spain",1
1499,"servicio de dermatología. hospital general universitario de valencia, valencia, españa",1
1500,"servicio de dermatología. hospital ramón y cajal, madrid, españa",1
1501,"servicio de dermatología. hospital ruber internacional, madrid, spain",1
1502,"servicio de dermatología. hospital universitari germans trias i pujol, institut d'investigació germans trias i pujol, universitat autònoma de barcelona, badalona, spain",1
1503,"servicio de dermatología. hospital universitari germans trias i pujol. germans trias i pujol research institute (igtp). universitat autònoma de barcelona, badalona, barcelona, spain",1
1504,"servicio de dermatología. hospital universitari germans trias i pujol. germans trias i pujol research institute (igtp). universitat autònoma de barcelona. badalona, barcelona, spain",1
1505,"servicio de dermatología. hospital universitari sagrar cor, grupo quironsalud, barcelona, españa",1
1506,"servicio de dermatología. hospital universitario 12 de octubre, madrid, españa",1
1507,"servicio de dermatología. hospital universitario central de asturias, oviedo, spain",1
1508,"servicio de dermatología. hospital universitario dr. balmi, alicante, españa",1
1509,"servicio de dermatología. hospital universitario fundación jiménez díaz, madrid, españa",1
1510,"servicio de dermatología. hospital del mar de barcelona, barcelona, spain",1
1511,"servicio de dermatología. hospital universitario infanta sofía, madrid, españa",1
1512,"servicio de dermatología. hospital universitario insular de gran canaria. universidad de las palmas de gran canaria. las palmas de gran canaria, españa",1
1513,"servicio de dermatología. hospital universitario josé maría morales meseguer, murcia, españa",1
1514,"servicio de dermatología. hospital universitario la fe, valencia, españa",1
1515,"servicio de dermatología. hospital universitario la princesa, madrid, spain",1
1516,"servicio de dermatología. hospital universitario nuestra señora de candelaria, santa cruz de tenerife, spain",1
1517,"servicio de dermatología. hospital universitario puerta de hierro majadahonda, madrid, spain",1
1518,"servicio de dermatología. hospital universitario rey juan carlos, madrid, españa",1
1519,"servicio de dermatología. hospital universitario san cecilio, granada, españa",1
1520,"servicio de dermatología. hospital universitario son llàtzer, palma de mallorca, spain",1
1521,"servicio de dermatología. hospital universitario virgen de valme de sevilla, sevilla, spain",1
1522,"servicio de dermatología. hospital universitario de fuenlabrada, madrid, españa",1
1523,"servicio de dermatología. hospital universitario áraba. universidad del país vasco, vitoria, españa",1
1524,"servicio de dermatología. hospital de la santa creu i sant pau, barcelona, españa",1
1525,"servicio de dermatología. hospital del mar research institute. universitat pompeu fabra, barcelona, españa",1
1526,"servicio de dermatología. hospital universitario germans trias i pujol, badalona, españa",1
1527,"servicio de enfermedades infecciosas, hospital universitario de bellvitge, instituto catalán de oncología (ico), instituto de investigación biomédica del hospital universitario de bellvitge (idibell), centro de investigación biomédica en red de enfermedades infecciosas (ciberinfec), barcelona, spain",1
1528,"servicio de enfermedades infecciosas, hospital universitario de bellvitge, l'hospitalet de llobregat, barcelona, spain",1
1529,"servicio de enfermedades infecciosas, hospital del mar, barcelona, spain",1
1530,"servicio de enfermedades infecciosas, hospital del mar, instituto hospital del mar de investigaciones médicas (imim), universdad pompeu fabra, centro de investigación biomédica en red de enfermedades infecciosas (ciberinfec), barcelona, spain",1
1531,"servicio de enfermedades infecciosas, hospital del mar, parc de salut mar, ciberinfec, barcelona, spain",1
1532,"servicio de enfermedades infecciosas, instituto hospital del mar de investigaciones médicas (imim), universitat pompeu fabra, hospital del mar, barcelona, spain",1
1533,"servicio de enfermedades infeciosas, hospital universitario marqués de valdecilla-idival, santander, cantabria, spain",1
1534,servicio de epidemiología y evaluación hospital del mar barcelona spain,1
1535,"servicio de epidemiología y evaluación, hospital del mar, barcelona, españa",1
1536,"servicio de epidemiología y evaluación, institut hospital del mar d'investigacions mèdiques (imim), hospital del mar, barcelona, spain",1
1537,"servicio de evaluación del servicio canario de la salud, fundación canaria instituto de investigación sanitaria de canarias (fiisc), santa cruz de tenerife, santa cruz de tenerife, spain",1
1538,"servicio de evaluación y planificación del servicio canario de la salud (sescs), tenerife, spain",1
1539,"servicio de farmacia, hospital infantil vall d'hebron, vall d'hebron institut de recerca, ritip (red de investigación translacional en infectología pediátrica), proa-nen, barcelona, spain",1
1540,"servicio de farmacología clínica, hospital universitario virgen de la victoria, málaga, spain",1
1541,"servicio de farmacología clínica, unidad de investigación clínica independiente y ensayos clínicos (ibima). hospital universitario virgen de la victoria, campus universitario teatinos s/n, 29010 málaga, spain",1
1542,"servicio de endocrinología y nutrición, hospital del mar, institut hospital del mar d'investigacions mèdiques (imim), barcelona, españa",1
1543,"servicio de gastroenterología y hepatología, hospital universitario ramón y cajal. instituto ramón y cajal de investigación sanitaria (irycis). universidad de alcalá. madrid, spain",1
1544,"servicio de gastroenterología. hospital universitario río hortega. gerencia regional de salud de castilla y león (sacyl), valladolid, spain",1
1545,"servicio de geriatría y cuidados paliativos, badalona serveis assistencials, barcelona, spain",1
1546,"servicio de geriatría y cuidados paliativos, centro de salud el carme badalona servicios asistenciales, badalona, barcelona, españa",1
1547,"servicio de geriatría, fundació sanitària mollet, barcelona, spain",1
1548,"servicio de geriatría, hospital universitari arnau de vilanova, lleida, spain",1
1549,"servicio de geriatría, hospital universitario miguel servet, zaragoza, españa",1
1550,"servicio de geriatría, hospital universitario ramón y cajal, madrid, españa",1
1551,"servicio de geriatría, hospital universitario de navarra, pamplona, navarra, españa",1
1552,"servicio de geriatría, hospital del mar, barcelona, spain",1
1553,"servicio de geriatría, parc de salut mar, barcelona, españa",1
1554,"servicio de hematologia, ccun, clínica universidad de navarra, universidad de navarra, pamplona",1
1555,"servicio de hematología hospital clínico universitario de salamanca, salamanca, spain",1
1556,"servicio de hematología, hospital general universitario gregorio marañón. instituto de investigación sanitaria gregorio marañón, madrid",1
1557,"servicio de hepatología, hospital clínic, barcelona, españa",1
1558,"servicio de gastroenterología y hepatología, hospital universitario ramón y cajal, instituto ramón y cajal de investigación sanitaria (irycis), universidad de alcalá, madrid, spain",1
1559,"servicio de endocrinología y nutrición, hospital del mar, institut hospital del mar d'investigacions mèdiques (imim), departamento de medicina, universitat autònoma de barcelona, centro de investigación biomédica en red de la fisiopatología de la obesidad y nutrición (ciberobn), barcelona, españa",1
1560,"servicio de endocrinología y nutrición, hospital del mar, institut hospital del mar d’investigacions mèdiques (imim), barcelona, spain",1
1561,"servicio de endocrinología y nutrición, vall d'hebron research institute, universitat autònoma de barcelona (vhir-uab), ciberdem (ciber de diabetes y enfermedades metabólicas asociadas, instituto de salud carlos iii, spain) endocrinology and nutrition department, hospital universitari vall hebron, barcelona, spain.",1
1562,"servicio de endocrinología, consorci mar parc salut de barcelona, spain",1
1563,"servicio de endocrinología, hospital clínico universitario lozano blesa, zaragoza, spain",1
1564,"servicio de endocrinología, hospital universitario de navarra, servicio navarro de salud-osasunbidea, pamplona, spain",1
1565,"servicio de endocrinología. complejo hospitalario de navarra, servicio navarro de salud, 31003 pamplona, spain",1
1566,"servicio de enfermedades infecciosas y microbiología clínica, clínica universidad de navarra, pamplona, spain",1
1567,"servicio de enfermedades infecciosas y microbiología, clínica universidad de navarra, universidad de navarra, spain",1
1568,"servicio de enfermedades infecciosas – hospital clínic, idibaps, universitat de barcelona, barcelona, spain",1
1569,"servicio de enfermedades infecciosas – hospital ramón y cajal, irycis, madrid, spain",1
1570,"servicio de enfermedades infecciosas – hospital regional universitario de málaga, ibima, málaga, spain",1
1571,"servicio de enfermedades infecciosas – hospital universitari de bellvitge, idibell, universitat de barcelona, spain",1
1572,"servicio de enfermedades infecciosas – hospital universitari de bellvitge, idibell, l'hospitalet de llobregat, barcelona, spain",1
1573,"servicio de enfermedades infecciosas – hospital del mar, imim, universitat pompeu fabra, barcelona, spain",1
1574,"servicio de enfermedades infecciosas, hospital universitario vall d'hebron, barcelona, spain",1
1575,"servicio de enfermedades infecciosas, hospital clínic de barcelona «idibaps», barcelona, spain",1
1576,"servicio de enfermedades infecciosas, hospital clínic de barcelona, barcelona, spain",1
1577,"servicio de enfermedades infecciosas, hospital clínic de barcelona, idibaps, universitat de barcelona, barcelona, spain",1
1578,"servicio de enfermedades infecciosas, hospital clínic-idibaps, barcelona, spain",1
1579,"servicio de enfermedades infecciosas, hospital clínico universitario lozano blesa, instituto de investigación biosanitaria aragón, departamento de medicina, universidad de zaragoza, centro de investigación biomédica en red de enfermedades infecciosas (ciberinfec), zaragoza, spain",1
1580,"servicio de enfermedades infecciosas, hospital clínico universitario lozano blesa, instituto de investigación sanitaria aragón, ciberinfec, zaragoza, spain",1
1581,"servicio de enfermedades infecciosas, hospital del mar, imim, barcelona, spain",1
1582,"servicio de enfermedades infecciosas, hospital regional universitario de málaga, ibima, málaga, spain",1
1583,"servicio de enfermedades infecciosas, hospital son espases, palma de mallorca, spain",1
1584,"servicio de enfermedades infecciosas, hospital universitari bellvitge. idibell, barcelona, spain",1
1585,"servicio de enfermedades infecciosas, hospital universitari de bellvitge, barcelona, spain",1
1586,"servicio de enfermedades infecciosas, hospital universitario cruces, barakaldo, bizkaia, spain",1
1587,"servicio de enfermedades infecciosas, hospital universitario marqués de valdecilla, santander, spain",1
1588,"servicio de enfermedades infecciosas, hospital universitario ramón y cajal e instituto ramón y cajal de investigación sanitaria (irycis), madrid, spain",1
1589,"servicio de enfermedades infecciosas, hospital universitario reina sofía, córdoba, spain",1
1590,"servicio de enfermedades infecciosas – vall d'hebron institut de recerca (vhir), vall d'hebron hospital universitari, universitat autònoma de barcelona, barcelona, spain",1
1591,"servicio de cirugía ortopédica, hospital universitari i politècnic la fe, valencia, spain",1
1592,"servicio de cirugía pediátrica, hospital la paz, instituto de investigación la paz (idipaz), madrid, spain",1
1593,"servicio de cirugía torácica, complejo hospitalario de navarra, pamplona, españa",1
1594,"servicio de cirugía torácica, fundación instituto valenciano de oncología, valencia, españa",1
1595,"servicio de cirugía torácica, fundación instituto valenciano de oncología, valencia, spain",1
1596,"servicio de cirugía torácica, hospital arnau de vilanova, lleida, españa",1
1597,"servicio de cirugía torácica, hospital clinic de barcelona, instituto respiratorio, universidad de barcelona, barcelona, españa",1
1598,"servicio de cirugía torácica, hospital clinic de barcelona, instituto respiratorio, universidad de barcelona, barcelona, spain",1
1599,"servicio de cirugía torácica, hospital clínico san carlos, madrid, españa",1
1600,"servicio de cirugía torácica, hospital clínico universitario, valladolid, españa",1
1601,"servicio de cirugía torácica, hospital general universitario de alicante, alicante, españa",1
1602,"servicio de cirugía torácica, hospital general universitario de alicante, alicante, spain",1
1603,"servicio de cirugía torácica, hospital puerta del mar, cádiz, españa",1
1604,"servicio de cirugía torácica, hospital regional universitario, málaga, españa",1
1605,"servicio de cirugía torácica, hospital santa creu y sant pau, universidad autónoma de barcelona, barcelona, españa",1
1606,"servicio de dermatología. clínica universidad de navarra, madrid, spain",1
1607,"servicio de cirugía torácica, hospital universitari mútua terrassa, universidad de barcelona, terrassa, barcelona, spain",1
1608,"servicio de cirugía torácica, hospital universitario 12 de octubre, madrid, españa",1
1609,"servicio de cirugía torácica, hospital universitario cruces, bilbao, españa",1
1610,"servicio de cirugía torácica, hospital universitario gregorio marañón, madrid, españa",1
1611,"servicio de cirugía torácica, hospital universitario la ribera, alcira, valencia, españa",1
1612,"servicio de cirugía torácica, hospital universitario miguel servet y hospital clínico universitario lozano blesa, iis aragón, zaragoza, españa",1
1613,"servicio de cirugía torácica, hospital universitario miguel servet y hospital clínico universitario lozano blesa, iis aragón, zaragoza, spain",1
1614,"servicio de cirugía torácica, hospital universitario puerta de hierro majadahonda, madrid, spain",1
1615,"servicio de cirugía torácica, hospital universitario puerta de hierro majadahonda. madrid, españa",1
1616,"servicio de cirugía torácica, hospital universitario quironsalud madrid, madrid, españa",1
1617,"servicio de cirugía torácica, hospital universitario quironsalud madrid, madrid, spain",1
1618,"servicio de cirugía torácica, hospital universitario ramón y cajal, madrid, spain",1
1619,"servicio de cirugía torácica, hospital universitario ramón y cajal. madrid, españa",1
1620,"servicio de cirugía torácica, hospital universitario sagrat cor, barcelona, españa",1
1621,"servicio de cirugía torácica, hospital universitario santiago de compostela, santiago de compostela, españa",1
1622,"servicio de cirugía torácica, hospital universitari mútua terrassa, universidad de barcelona, terrassa, barcelona, españa",1
1623,"servicio de cirugía general y digestiva, hospital vall d'hebron, barcelona, spain",1
1624,"servicio de cirugía general y digestiva, hospital del mar, instituto hospital del mar de investigaciones médicas (imim), universitat autònoma de barcelona, barcelona, spain",1
1625,"servicio de cirugía general y digestiva, parc de salut mar, hospital del mar, barcelona, spain",1
1626,servicio de cirugía general y del aparato digestivo hospital universitario virgen macarena. sevilla facultad de medicina. universidad de sevilla,1
1627,"servicio de cirugía general y del aparato digestivo, complejo asistencial universitario de león, 24008 león, spain",1
1628,"servicio de cirugía general, complejo hospitalario universitario de vigo, instituto de investigación galicia sur, vigo, pontevedra, spain.",1
1629,"servicio de cirugía general, hospital general de granollers, universitat internacional de catalunya, barcelona, españa",1
1630,"servicio de cirugía general, hospital general de granollers, universitat internacional de catalunya, spain",1
1631,"servicio de cirugía general, hospital universitari del mar, departament de cièncias experimentals i de la salut, universitat pompeu fabra, barcelona, spain",1
1632,"servicio de cirugía general, hospital universitario fundación alcorcón, madrid, spain",1
1633,"servicio de cirugía general, hospital universitario la paz, madrid, españa",1
1634,"servicio de cirugía general, hospital universitario la paz, madrid, spain",1
1635,"servicio de cirugía general, hospital universitario miguel servet, zaragoza, spain",1
1636,"servicio de cirugía general, hospital universitario rey juan carlos, madrid, spain",1
1637,"servicio de cirugía general, hospital universitario virgen del rocío de sevilla, spain",1
1638,"servicio de cirugía ortopédica y traumatología, hospital del mar, universitat autònoma de barcelona, barcelona, españa",1
1639,"servicio de cirugía general, hospital vall d'hebrón, spain",1
1640,"servicio de cirugía general, hospital del mar, barcelona, spain",1
1641,"servicio de cirugía general, hospital del mar. instituto hospital del mar de investigaciones médicas (imim), barcelona, spain",1
1642,"servicio de cirugía general, unidad de mama, complejo asistencial universitario de león, león, spain",1
1643,"servicio de cirugía general. hospital universitari del mar, barcelona, españa",1
1644,"servicio de cirugía general. hospital vall d’hebron, barcelona, españa",1
1645,"servicio de cirugía general. hospital de mataró, barcelona, españa",1
1646,"servicio de cirugía ortopédica y traumatología – hospital clínic, universitat de barcelona, barcelona, spain",1
1647,"servicio de cirugía ortopédica y traumatología – hospital moisés broggi-hospital general d'hospitalet, consorcio sanitari integral, barcelona, spain",1
1648,"servicio de cirugía ortopédica y traumatología, hospital universitario infanta leonor, madrid, españa",1
1649,"servicio de cirugía ortopédica y traumatología, hospital universitario infanta leonor, madrid, spain",1
1650,"servicio de cirugía ortopédica y traumatología, hospital universitario de navarra , pamplona , españa",1
1651,"servicio de cirugía ortopédica y traumatología, hospital universitario de navarra, pamplona, navarra, spain",1
1652,"servicio de cirugía ortopédica y traumatología, hospital del mar, barcelona, españa",1
1653,"servicio de cirugía ortopédica y traumatología, hospital del mar, barcelona, spain",1
1654,"servicio de cirugía general, hospital universitario de guadalajara, guadalajara, spain",1
1655,"servicio de dermatología, hospital universitari germans trias i pujol, universitat autònoma de barcelona, germans trias i pujol research institute (igtp), badalona, barcelona, spain",1
1656,"servicio de dermatología, hospital universitari germans trias i pujol, universitat autònoma de barcelona; germans",1
1657,"servicio de dermatología, hospital universitario 12 de octubre, madrid, españa",1
1658,"servicio de dermatología, hospital universitario 12 de octubre, madrid, spain",1
1659,"servicio de dermatología, hospital universitario infanta leonor, madrid, españa",1
1660,"servicio de dermatología, hospital universitario infanta leonor, madrid, españa.",1
1661,"servicio de dermatología, hospital universitario infanta leonor, madrid, spain",1
1662,"servicio de dermatología, hospital universitario la paz, madrid, españa",1
1663,"servicio de dermatología, hospital universitario miguel servet, zaragoza, españa",1
1664,"servicio de dermatología, hospital universitario miguel servet, zaragoza, españa.",1
1665,"servicio de dermatología, hospital universitario miguel servet, zaragoza, spain",1
1666,"servicio de dermatología, hospital universitario puerta de hierro majadahonda, madrid, españa",1
1667,"servicio de dermatología, hospital universitario puerta de hierro majadahonda, madrid, spain",1
1668,"servicio de dermatología, hospital universitario puerta de hierro, madrid, españa.",1
1669,"servicio de dermatología, hospital universitario san cecilio, granada, españa.",1
1670,"servicio de cirugía torácica, hospital universitario virgen macarena, sevilla, españa",1
1671,"servicio de dermatología, hospital universitario virgen de las nieves, instituto de investigación biosanitaria ibs.granada, granada, spain",1
1672,"servicio de dermatología, hospital universitario virgen de las nieves. instituto de investigación biosanitaria ibs.granada, granada, españa",1
1673,"servicio de dermatología, hospital universitario virgen de las nieves; instituto de investigación ibs, granada, españa.",1
1674,"servicio de dermatología, hospital universitario de gran canaria doctor negrín, las palmas de gran canaria, españa",1
1675,"servicio de dermatología, hospital universitario de la princesa, madrid, españa",1
1676,"servicio de dermatología, hospital universitario de la princesa, madrid, spain",1
1677,"servicio de dermatología, hospital universitario de la princesa, madrid, españa.",1
1678,"servicio de dermatología, hospital universitario y politécnico la fe, universidad de valencia, valencia, españa.",1
1679,"servicio de dermatología, hospital universitario y politécnico la fe, valencia, españa",1
1680,"servicio de dermatología, hospital universitario y politécnico la fe, valencia, spain",1
1681,"servicio de dermatología, hospital del mar de barcelona; hospital del mar research institute, barcelona, españa.",1
1682,"servicio de dermatología, hospital del mar, parc de salut mar, universitat autònoma barcelona, barcelona, españa",1
1683,"servicio de dermatología, hospital del mar, parc de salut mar, universitat autònoma barcelona, barcelona, spain",1
1684,"servicio de dermatología, hospital del mar-parc de salut mar, barcelona, españa",1
1685,"servicio de dermatología, hospital del mar-parc de salut mar, barcelona, spain",1
1686,"servicio de dermatología, hospital universitario san cecilio, granada, spain.",1
1687,"servicio de cirugía torácica, hospital universitario virgen macarena, sevilla, spain",1
1688,"servicio de cirugía torácica, hospital universitario virgen del rocío, sevilla, españa",1
1689,"servicio de cirugía torácica, hospital universitario virgen del rocío, sevilla, spain",1
1690,"servicio de cirugía torácica, hospital universitario de albacete, albacete, españa",1
1691,"servicio de cirugía torácica, hospital universitario de badajoz, badajoz, españa",1
1692,"servicio de cirugía torácica, hospital universitario de bellvitge, hospitalet de llobregat, barcelona, españa",1
1693,"servicio de cirugía torácica, hospital universitario de donostia, san sebastián-donostia, españa",1
1694,"servicio de cirugía torácica, hospital universitario de donostia, san sebastián-donostia, spain",1
1695,"servicio de cirugía torácica, hospital universitario de salamanca, universidad de salamanca, ibsal, salamanca, españa",1
1696,"servicio de cirugía torácica, hospital universitario de salamanca, universidad de salamanca, ibsal, salamanca, spain",1
1697,"servicio de cirugía torácica, hospital virgen de las nieves, granada, españa",1
1698,"servicio de cirugía, hospital clínico san carlos, y departamento de cirugía, facultad de medicina, universidad complutense de madrid, spain",1
1699,"servicio de cirugía, hospital universitario de guadalajara, guadalajara, españa",1
1700,servicio de dermatología hospital universitario virgen de las nieves granada spain,1
1701,"servicio de dermatología, complejo hospitalario universitario de pontevedra, grupo de investigación dipo, instituto de investigación sanitaria galicia sur, sergas-uvigo, pontevedra, spain",1
1702,"servicio de dermatología, hospital universitari germans trias i pujol, universitat autònoma de barcelona, germans",1
1703,"servicio de dermatología, hospital universitari germans trias i pujol, universitat autònoma de barcelona",1
1704,"servicio de dermatología, hospital universitari germans trias i pujol germans trias i pujol research institute (igtp), badalona, barcelona, españa; departament de medicina, universitat autònoma de barcelona (uab), barcelona, españa.",1
1705,"servicio de dermatología, hospital universitari germans trias i pujol germans trias i pujol research institute (igtp), badalona, barcelona, españa. electronic address: vicente.peris@hotmail.com.",1
1706,"servicio de dermatología, hospital general universitario de alicante, alicante, spain",1
1707,"servicio de dermatología, hospital general universitario de alicante, alicante, españa",1
1708,"servicio de dermatología, hospital general universitario dr. balmis, alicante, españa.",1
1709,"servicio de dermatología, hospital general universitario dr balmis, isabial, alicante, spain",1
1710,"servicio de dermatología, complejo hospitalario universitario de pontevedra, pontevedra, españa",1
1711,"servicio de dermatología, hospital clínico de málaga, málaga, españa.",1
1712,"servicio de dermatología, hospital clínic de barcelona, idibaps, universidad de barcelona, barcelona, spain",1
1713,"servicio de dermatología, hospital arnau de vilanova, valencia, spain",1
1714,"servicio de dermatología, hospital arnau de vilanova, valencia, españa",1
1715,"servicio de dermatología, complejo hospitalario universitario de vigo, vigo, españa; unidad de investigación, fundación piel sana aedv, madrid, españa.",1
1716,"servicio de dermatología, complejo hospitalario universitario de pontevedra, pontevedra, spain; grupo de investigación dipo, instituto de investigación sanitaria galicia sur (iis galicia sur), sergas-uvigo, spain.",1
1717,"servicio de dermatología, complejo hospitalario universitario de pontevedra, pontevedra, spain",1
1718,"servicio de dermatología, complejo hospitalario universitario de pontevedra, pontevedra, españa.",1
1719,"servicio de dermatología, hospital general universitario dr balmis, isabial, alicante, españa",1
1720,"universitat pompeu fabra, barcelona, spain. gvillalba@psmar.cat.",1
1721,"universitat pompeu fabra-universitat autònoma de barcelona, hospital del mar, barcelona, españa",1
1722,"universitat rovira i virgili, departament de bioquímica i biotecnologia, unitat de nutrició, reus, spain; institut d'investigació sanitària pere virgili (iispv), alimentació, nutrició, desenvolupament i salut mental (anut-dsm), reus, spain; abs reus v. centre d'assistència primària marià fortuny. salut sant joan de reus - baix camp, reus, spain.",1
1723,"universitat pompeu fabra, imim-hospital del mar and ciberer-isciii, barcelona, spain",1
1724,"universitat politécnica de catalunya, departament d'enginyeria química, av. eduard maristany 16, barcelona 08019, spain",1
1725,"universitat pompeu fabra (upf), campus del mar, barcelona, spain",1
1726,"universitat pompeu fabra (upf), campus del mar, carrer del dr. aiguader 80, 08003, barcelona, spain",1
1727,"universitat de barcelona, institute of complex systems (ubics), c/martí i franquès 1, 08028, barcelona, spain",1
1728,"universitat de barcelona, martí i franquès 1, 08028 barcelona, spain",1
1729,universitat de vic,1
1730,"universitat de vic – ucc, vic, catalonia, spain",1
1731,"universitat de vic – universitat central de catalunya, barcelona, spain",1
1732,"universitat de vic-universitat central de catalunya (uvic-ucc), vic, spain",1
1733,"universitat de vic-universitat central de catalunya, barcelona, spain",1
1734,"universitat de vic—universitat central de catalunya (uvic-ucc), vic, spain",1
1735,"university hospital arnau de vilanova and santa maria, translational research in respiratory medi-cine, irblleida, avda alcalde rovira roure 80, 25198 lleida, spain.",1
1736,"universitat de vic (uvic) - universitat central de catalunya, vic, barcelona, spain",1
1737,"universidad de oviedo, cibersam, instituto de investigación sanitaria del principado de asturias (ispa), instituto de neurociencias del principado de asturias (ineuropa), servicio de salud del principado de asturias (sespa), oviedo, spain",1
1738,"universidad de oviedo, cibersam, instituto de investigación sanitaria del principado de asturias (ispa), servicio de salud del principado de asturias (sespa), oviedo.",1
1739,"universidad de oviedo, centro de investigación biomédica en red de salud mental (cibersam), instituto de investigación\nsanitaria del principado de asturias (ispa), servicio de salud del principado de asturias (sespa) (oviedo).",1
1740,"universidad de salamanca, área de neurociencias, instituto de investigación biomédica de salamanca (ibsal), servicio de psiquiatría, hospital universitario de salamanca, salamanca, españa",1
1741,universitat autonoma de barcelona (uab)  bellaterra 08193 spain,1
1742,"universitat autonòma de barcelona (uab), campus uab, bellaterra, 08193 barcelona, spain",1
1743,"universitat autònoma barcelona, cerdanyola del vallès 08193, spain",1
1744,"universitat autònoma de barcelona  bellaterra (cerdanyola del vallès), catalonia spain",1
1745,"universidad católica de valencia san vicente mártir, grupo de investigación mhg  valencia spain",1
1746,"universidad de barcelona, ciberes, barcelona, spain. drmartinloeches@gmail.com.",1
1747,"universitat autònoma de barcelona, bellaterra (cerdanyola del vallès), barcelona, spain",1
1748,"universitat autònoma de barcelona, bellaterra (cerdanyola del vallès), catalunya, spain",1
1749,"universitat autònoma de barcelona, bellaterra 08193, spain",1
1750,"universitat autònoma de barcelona, bellaterra, 08193 barcelona, spain",1
1751,"universitat autònoma de barcelona, bellaterra, 08193 cerdanyola del vallès (barcelona), spain",1
1752,"universitat autònoma de barcelona, bellaterra, 08193, spain",1
1753,"universitat autònoma de barcelona, bellaterra, barcelona, spain",1
1754,"universitat autònoma de barcelona, bellaterra, catalonia, spain",1
1755,"universitat autònoma de barcelona, bellaterra, cerdanyola del vallès, spain.",1
1756,"universitat autònoma de barcelona, bellaterra, españa",1
1757,"universitat autònoma de barcelona, bellaterra, españa.",1
1758,"universitat autònoma de barcelona, campus uab, 08193 cerdanyola del vallès, barcelona, spain",1
1759,"universitat autònoma de barcelona, cerdanyola del vallès, catalonia, spain",1
1760,universitat autònoma de barcelona  bellaterra spain,1
1761,"universitat autònoma de barcelona, department of biotechnology, campus de la uab, plaça cívica, 08193, bellaterra, barcelona, spain",1
1762,"universitat autònoma de barcelona, department of material science, campus de la uab, plaça cívica, 08193, bellaterra, barcelona, spain",1
1763,"universitat autònoma de barcelona, department of material science, campus de la uab, plaça cívica, bellaterra, 08193 barcelona, spain",1
1764,"universitat autònoma de barcelona, hospital del mar research institute (imim), doctor aiguader, 88, 08003, barcelona, spain. aura.muntasell@uab.cat.",1
1765,"universitat autónoma de barcelona, bellaterra (cerdanyola del vallès, barcelona), españa",1
1766,"universitat autónoma de barcelona, bellaterra, spain,",1
1767,"universitat central de catalunya, universitat de vic, 08500 vic, spain",1
1768,"universitat autònoma de barcelona, cerdanyola del vallés, barcelona, spain",1
1769,universitat autònoma de barcelona (uab)  bellaterra spain,1
1770,"universitat autònoma de barcelona (uab)  campus uab, bellaterra barcelona 08193 spain",1
1771,"universitat autònoma de barcelona (uab), bellaterra, 08193, barcelona, spain",1
1772,"universitat autònoma de barcelona (uab), cerdanyola del vallès, spain",1
1773,"universitat autònoma de barcelona (uab), institute for environmental science and technology (icta), edifici icta-icp, carrer de les columnes s/n, campus de la uab, 08193, cerdanyola del vallès, barcelona, spain",1
1774,"universitat autònoma de barcelona (uab), institute for environmental science and technology (icta), hospital del mar medical research institute (imim), barcelona laboratory for urban environmental justice and sustainability (bcnuej), spain.",1
1775,"universitat autònoma de barcelona (uab), institute for environmental science and technology (icta), hospital del mar medical research institute (imim), barcelona laboratory for urban environmental justice and sustainability (bcnuej), spain; massachusetts institute of technology (mit), department of urban studies and planning, usa.",1
1776,"universitat autònoma de barcelona, 08193, bellaterra, spain; centre for ecological research and forestry applications (creaf), 08193, bellaterra, spain. electronic address: sergio.albacete@autonoma.cat.",1
1777,"universitat autònoma de barcelona, 08193, bellaterra, spain; centre for ecological research and forestry applications (creaf), 08193, bellaterra, spain.",1
1778,"universitat autònoma de barcelona, 08193 cerdanyola del vallès, barcelona, spain",1
1779,"universitat autònoma de barcelona, 08193 bellaterra, barcelona, spain",1
1780,"universitat autònoma de barcelona (uab), institute for environmental science and technology (icta), hospital del mar medical research institute (imim), barcelona laboratory for urban environmental justice and sustainability (bcnuej), spain; universitat autònoma de barcelona (uab), institute for environmental science and technology (icta), spain.",1
1781,universitat autònoma de barcelona bellaterra (cerdanyola del vallès) catalonia spain,1
1782,universitat autònoma de barcelona bellaterra (cerdanyola del vallès) catalonia e08193 spain,1
1783,"universitat autònoma de barcelona (uab). 08193 cerdanyola del vallès, spain",1
1784,"universitat autònoma de barcelona (uab), institute for environmental science and technology (icta), hospital del mar medical research institute (imim), barcelona laboratory for urban environmental justice and sustainability (bcnuej), spain; vrije universiteit brussel (vub), geography and sociology departments, brussels, belgium.",1
1785,"universitat autònoma de barcelona bellaterra, barcelona spain",1
1786,"vascular surgery, hospital del mar, barcelona, spain",1
1787,"vetgenomics, pruab, universitat autònoma de barcelona, bellaterra, barcelona, spain",1
1788,"villaverde mental health center. clinical management area of psychiatry and mental health, psychiatric service, hospital universitario 12 de octubre, madrid, spain",1
1789,"virgen de la victoria hospital, department of endocrinology, instituto de investigación biomédica de málaga (ibima). university of málaga, málaga, spain",1
1790,virgen de la victoria,1
1791,virgen de la victoria hospital department of endocrinology instituto de investigación biomédica de málaga (ibima) university of málaga  málaga spain,1
1792,"virgen de la victoria hospital, department of endocrinology, instituto de investigaci on biom edica de m alaga (ibima). university of m alaga, m alaga, spain;",1
1793,"virgen de la victoria hospital, department of endocrinology, instituto de investigación biomédica de málaga (ibima), university of málaga, 29071 málaga, spain",1
1794,"virgen de la victoria hospital, department of endocrinology, university of málaga, málaga, spain",1
1795,"virgen de la victoria hospital, department of endocrinology. instituto de investigación biomédica de málaga (ibima). university of málaga, málaga, spain",1
1796,"wildlife conservation medicine research group (wildcom), departament de medicina i cirurgia animals, universitat autònoma de barcelona (uab), bellaterra, spain",1
1797,"wildlife ecology & health group (we&h) and servei d'ecopatologia de fauna salvatge (sefas), departament de medicina i cirurgia animals, facultat de veterinària, universitat autònoma de barcelona (uab), 08193 bellaterra, barcelona, spain",1
1798,"vascular surgery department, parc de salut mar-hospital del mar, barcelona, spain",1
1799,"vascular health research group of girona (isv-girona), jordi gol institute for primary care research (institut universitari per a la recerca en atenció primària jordi gol i gorina -idiapjgol), girona, spain.",1
1800,"vascular health research group of girona (isv-girona), jordi gol institute for primary care research, (institut universitari per a la recerca en atenció primària jordi gol i gorina-idiapjgol), girona biomedical research institute, (idibgi), dr. josep trueta university hospital, catalonia, spain",1
1801,"vascular health research group of girona (isv-girona). jordi gol institute for primary care research (institut universitari per a la recerca en atenció primària jordi gol i gurina -idiapjgol), girona biomedical research institute (idibgi), dr. josep trueta university hospital , catalonia, spain",1
1802,"vascular health research group, research unit in primary care, catalan institute of health, girona, spain",1
1803,vascular surgery department hospital del mar passeig marítim 25‐29 08003 barcelona spain,1
1804,"vascular surgery department, hospital del mar, barcelona, spain; departament de cirurgia, universitat autònoma de barcelona, barcelona, spain.",1
1805,"vascular surgery department, hospital del mar, barcelona, spain; departament de cirurgia, universitat autònoma de barcelona, barcelona, spain; ciber cardiovascular, barcelona, spain.",1
1806,"vascular surgery department, hospital del mar, barcelona, spain; departament de cirurgia, universitat autònoma de barcelona, barcelona, spain; ciber cardiovascular, barcelona, spain. electronic address: aclara@hospitaldelmar.cat.",1
1807,"vascular surgery department, hospital del mar, universitat autònoma de barcelona, barcelona, spain",1
1808,"área de praxis, servicio de responsabilidad profesional, colegio de médicos de barcelona, consejo de colegios de médicos de catalunya, barcelona, españa",1
1809,"“cavanilles” institute of biodiversity and evolutionary biology, university of valencia, catedrático josé beltrán martínez, 2, 46980, paterna, spain",1
1810,"wildlife ecology & health group (we&h), and servei d’ ecopatologia de fauna salvatge (sefas), facultat de veterinària, universitat autònoma de barcelona (uab) bellaterra, 08193 barcelona, spain",1
1811," isglobal, barcelona, spain,",1
1812," servicio de cardiología, hospital general universitario de ciudad real, ciudad real, spain",1
1813," servicio de cardiología, hospital son llàtzer, palma de mallorca, balearic islands, spain",1
1814," servicio de cirugía torácica, hospital arnau de vilanova, lleida, españa",1
1815," servicio de microbiología clínica, hospital universitario príncipe de asturias, departamento de biomedicina y biotecnología, universidad de alcalá de henares, madrid, spain",1
1816," translational research in respiratory medicine, university hospital arnau de vilanova and santa maria, irblleida, lleida, spain",1
1817,"wildlife ecology & health group (we&h), servei d'ecopatologia de fauna salvatge (sefas), departament de medicina i cirurgia animals, universitat autònoma de barcelona (uab), bellaterra, spain",1
1818,"wildlife ecology & health research group (we&h) and servei d'ecopatologia de fauna salvatge (sefas), departament de medicina i cirurgia animals, universitat autònoma de barcelona (uab), bellaterra, barcelona, spain",1
1819,"wildlife ecology &amp; health group (we&amp;h) and servei d’ecopatologia de fauna salvatge (sefas), departament de medicina i cirurgia animals, facultat de veterinària, universitat autònoma de barcelona, bellaterra, 08193 barcelona, spain",1
1820,"aj hospital costa del sol de marbella, málaga, spain",1
1821,"ao hospital del mar, barcelona, spain",1
1822,"ay hypertension and vascular risk unit, department of nephrology, hospital del mar, imim (hospital del mar medical research institute), universitat pompeu fabra, barcelona, spain",1
1823,"i service of allergology, hospital universitari joan xxiii, universitat rovira i virgili, tarragona, spain",1
1824,"university of barcelona, martí i franqués 1, 08028 barcelona, spain",1
1825,"university of navarra, department of preventive medicine and public health, idisna, pamplona, spain; osasunbidea, servicio navarro de salud, atención primaria, pamplona, spain.",1
1826,"university of vic–central university of catalonia (uvic-ucc), 08500, vic, spain",1
1827,university hospital of vic – vic hospital consortium (huv‐chv)  barcelona spain,1
1828,"university institute for primary health care research jordi gol (idiap jordi gol), girona, spain",1
1829,"university of vic–central university of catalonia (uvic–ucc), vic, spain",1
1830,"university of vic–central university of catalonia, vic, spain",1
1831,urticaria center of reference and excellence (ucare) department of dermatology hospital del mar imim universitat autònoma barcelona spain,1
1832,"urology service. hospital clinic de barcelona, barcelona, spain.",1
1833,"urology department, hospital del mar, barcelona, spain",1
1834,"urology department, hospital universitario virgen de la victoria, málaga, spain",1
1835,"urological cancer functional unit, hospital del mar-parc de salut mar-imim, barcelona, spain",1
1836,"urology department, hospital del mar-imim, autonomous university of barcelona, passeig marítim 25-29, barcelona, spain",1
1837,"unidad hepatología, servicio digestivo, hospital universitari parc taulí, institut d'investigació i innovació parc taulí i3pt,universitat autònoma de barcelona, ciberehd,sabadell,spain",1
1838,"unidad medicina legal, colegio oficial de médicos de barcelona, barcelona, españa; hospital del mar, universitat pompeu fabra, barcelona, españa. electronic address: robert.guerri@comb.cat.",1
1839,"unidad multidisciplinaria de medicina del sueño, parc de salut mar, universitat autònoma de barcelona, barcelona, españa",1
1840,"unidad multidisciplinaria de medicina del sueño, parc de salut mar, universitat autònoma de barcelona, barcelona, spain.",1
1841,"unidad multidisciplinaria de medicina del sueño, parc de salut mar, universitat autònoma de barcelona, barcelona, spain. electronic address: 91435@parcdesalutmar.cat.",1
1842,"unidad de arritmias, servicio de cardiología, parc de salut mar, universitat autònoma de barcelona, barcelona, spain.",1
1843,"unidad de cadera, parc de salut mar, universidad autónoma de barcelona, barcelona, españa",1
1844,"unidad de cadera, parc de salut mar, universidad autónoma de barcelona, barcelona, spain",1
1845,"unidad de calidad, hospital universitario marqués de valdecilla, santander, spain",1
1846,"unidad de cirugía general, parc de salut mar, barcelona, spain",1
1847,"unidad de arritmias, servicio de cardiología, parc de salut mar, universitat autònoma de barcelona, barcelona, españa",1
1848,"unidad asociada (imim), iibb-csic, 08036 barcelona, spain",1
1849,"unidad asociada (imim), iibb-csic, cibercv, idibaps, 08036 barcelona, spain",1
1850,"unidad asociada (imim), institute of biomedical research of barcelona (iibb-csic), barcelona, spain",1
1851,"unidad clínica y de investigación en lípidos y arteriosclerosis, servicio de medicina interna, hospital universitario miguel servet, iis aragón, universidad de zaragoza, zaragoza",1
1852,"unidad clínica y de investigación en lípidos y arteriosclerosis, servicio de medicina interna, hospital universitario miguel servet, iis aragón, universidad de zaragoza, zaragoza, españa",1
1853,"unidad coronaria, servicio de cardiología, hospital del mar, barcelona, spain",1
1854,"unidad docente de medicina preventiva y salud pública del parc de salut mar – universitat pompeu-fabra, barcelona, españa",1
1855,"unidad docente de medicina preventiva y salud pública, hospital del mar, barcelona, spain",1
1856,"unidad de enfermedades infecciosas, servicio de medicina interna, hospital universitario puerta de hierro, instituto de investigación sanitaria puerta de hierro – segovia de arana, madrid, spain",1
1857,"unidad de enfermedades neuromusculares, servei de neurologia, hospital del mar, parc de salut mar, barcelona, españa",1
1858,"unidad de evaluación, servicio canario de la salud, tenerife, españa",1
1859,"unidad de gestión clínica arroyo de la miel, distrito de atención primaria costa del sol, servicio andaluz de salud, 29630 benalmádena, spain",1
1860,"unidad de gestión clínica arroyo de la miel. distrito de atención primaria costa del sol. servicio andaluz de salud, benalmádena, spain",1
1861,"unidad de gestión clínica torrequebrada, distrito de atención primaria costa del sol, servicio andaluz de salud, 29640 benalmádena, spain",1
1862,"unidad de gestión clínica de endocrinología y nutrición del hospital virgen de la victoria, instituto de investigación biomédica de málaga (ibima), málaga, spain",1
1863,"unidad de gestión clínica de endocrinología y nutrición, instituto de investigación biomédica de málaga (ibima), hospital universitario de málaga (virgen de la victoria), universidad de málaga, málaga, spain",1
1864,"unidad de hemodinámica, servicio de cardiología, hospital universitario arnau de vilanova, lleida, spain",1
1865,"unidad de hemodinámica, servicio de cardiología, hospital universitario clínico san cecilio, instituto de investigación biosanitaria ibs, granada, spain",1
1866,"unidad de hemodinámica, servicio de cardiología, hospital universitario donostia, donostia, guipúzcoa, spain",1
1867,"unidad de cirugía hepatobiliopancreática, hospital del mar, universidad pompeu fabra, barcelona, españa",1
1868,"unidad de cirugía hepatobiliopancreática, hospital del mar, universidad pompeu fabra, barcelona, spain",1
1869,"unidad de cirugía de pared abdominal, parc de salut mar, universidad pompeu fabra, barcelona, spain",1
1870,"unidad de cirugía de urgencias, sección de cirugía general, servicio de cirugía general y digestiva, hospital del mar, institut hospital del mar d'investigacions mèdiques (imim)",1
1871,"unidad de cirugía de la pared abdominal, servicio de cirugía general, hospital universitario vall d’hebron, universitat autònoma de barcelona, barcelona, spain",1
1872,"unidad de cuidados intensivos cardiológicos, servicio de cardiología, hospital de la santa creu i sant pau, biomedical research institute iib-sant pau, universitat de barcelona, spain",1
1873,"unidad de cuidados intensivos, hospital del mar, barcelona, spain",1
1874,"unidad de enfermedades infecciosas pediátricas, servicio de pediatría, hospital la paz, seip, ritip y ciberinfec, madrid, spain",1
1875,"unidad de enfermedades infecciosas pediátricas, servicio de pediatría, instituto de investigación sanitaria gregorio marañón (iisgm), hospital general universitario gregorio marañón, madrid, spain",1
1876,"transfusion service-hospital del mar and blood and tissue bank, barcelona, spain",1
1877,"translational clinical research program, hospital del mar research institute (imim), barcelona, spain",1
1878,"translational clinical research program, hospital del mar research institute 1 , barcelona,",1
1879,"translational clinical research program, institut hospital del mar d'investigacions mediques (imim), 08003 barcelona, spain",1
1880,"translational clinical research program, institut hospital del mar d'investigacions mèdiques (imim), barcelona, spain",1
1881,"translational clinical research program, institute \hospital del mar\ for medical investigations (imim), barcelona, spain",1
1882,"unidad asociada (imim) iibb-csic, cibercv, 08036 barcelona, spain",1
1883,"translational research in respiratory medicine, respiratory department, hospital universitari arnau de vilanova and santa maria, irblleida, lleida, spain",1
1884,"thoracic surgery department, hospital del mar, barcelona, spain",1
1885,"thoracic surgery department, hospital del mar-imim, parc de salut mar, barcelona, spain",1
1886,"thoracic surgery department, hospital del mar-imim, parc de salut mar, barcelona, spain.",1
1887,"thoracic surgery dept, hospital del mar-imim, parc de salut mar, barcelona, spain",1
1888,"udif-sm, servicio murciano de salud, imib-arrixaca, ciberesp-murcia, región de murcia, spain",1
1889,"udif-sm, servicio murciano de salud, murcia, spain",1
1890,"udif-sm, subdirección general de planificación, innovación y cronicidad, servicio murciano de salud. imib-arrixaca, ciberesp-murcia, murcia, spain",1
1891,"translational research in respiratory medicine, respiratory dept, hospital universitari aranu de vilanova and santa maria",1
1892,"translational research on hematological neoplasms group, cancer research program, hospital del mar research institute (imim), barcelona, spain",1
1893,"translational research on hematological neoplasms group, cancer research program, imim-hospital del mar, barcelona, spain",1
1894,"tuberculosis research unit foundation of barcelona, provença 286°-2-1ª, 08008 barcelona, spain; epidemiology service, public health agency of barcelona, pl. lesseps, 1, 08023 barcelona, spain; ciber of epidemiology and public health (ciberesp), carlos iii health institute, 28029 madrid, spain.",1
1895,"tuberculosis unit, service of infectious diseases, bellvitge university hospital-bellvitge biomedical research institute (idibell), university of barcelona, l'hospitalet de llobregat, spain",1
1896,"tuberculosis unit, service of infectious diseases, bellvitge university hospital-bellvitge institute for biomedical research (idibell), l’hospitalet de llobregat, barcelona, spain",1
1897,"ub-geomodels research institute. department de dinàmica de la terra i de l'oceà, facultat de ciències de la terra, universitat de barcelona, martí i franquès s/n, 08028 barcelona, spain",1
1898,"uab, cresa (irta-uab), campus de la uab, 08193 bellaterra (cerdanyola del vallès), spain",1
1899,"uab – universitat autònoma de barcelona, 08193 bellaterra, spain",1
1900,uab - universitat autònoma de barcelona (uab campus 08193 bellaterra barcelona - espagne),1
1901,"uab (universitat autònoma de barcelona), campus de la uab, plaça cívica, s/n, 08193 bellaterra, barcelona, spain",1
1902,"unitat funcional de toxicologia, hospital universitario del mar, barcelona, españa",1
1903,"unitat mixta d'investigació irta-uab en sanitat animal. centre de recerca en sanitat animal (cresa), campus de la universitat autònoma de barcelona (uab), bellaterra, spain",1
1904,"unitat trastorns cognitius, hospital universitari de santa maria, institut de recerca biomèdica de lleida (irblleida), lleida, spain",1
1905,"unidad de hemodinámica, servicio de cardiología, hospital universitario torrecárdenas, almería, spain",1
1906,"unitat d'ecologia, departament de biologia animal, biologia vegetal i ecologia, universitat autònoma barcelona (uab), 08193 cerdanyola del vallès, barcelona, spain",1
1907,"unitat d'ecologia, universitat autònoma de barcelona, cerdanyola del vallès 08193, spain",1
1908,"unitat de bioestadística, facultat de medicina, universitat autònoma de barcelona (uab), cerdanyola del vallès, catalunya, espanya.",1
1909,"unitat de botànica, departament de biologia animal, biologia vegetal i ecologia, facultat de biociències, universitat autònoma de barcelona, bellaterra, 08193, spain",1
1910,"unitat de botànica, departament de biologia animal, de biologia vegetal i d’ecologia, universitat autònoma de barcelona, 08193 bellaterra, barcelona, spain",1
1911,"unit of sleep breathing disorders, respiratory department, hospital del mar, parc de salut mar, imim, uab-upf, barcelona, spain",1
1912,"unit of sleep breathing disorders, respiratory department, hospital del mar, parc de salut mar. imim. uab-upf, barcelona, cataluña, spain",1
1913,"unitat de suport a la recerca barcelona, university institute for primary care research (idiap jordi gol), barcelona, spain",1
1914,"unitat de suport a la recerca metropolitana nord, institut universitari d’investigació en atenció primària jordi gol (idiap jordi gol), mare de déu de guadalupe, 08303 mataró, spain",1
1915,"unitat de trastorns cognitius, hospital universitari santa maria, lleida, spain",1
1916,unitat d’ecologia departament de biologia animal biologia vegetal i ecologia universitat autònoma barcelona (uab)  cerdanyola del vallès spain,1
1917,"unitat d’ecologia, departament de biologia animal, de biologia vegetal i ecologia, universitat autònoma de barcelona, 08193, bellaterra, catalonia, spain",1
1918,"univ autònoma barcelona, cerdanyola del vallès 08193, spain",1
1919,univ. autònoma barcelona cerdanyola del vallès spain,1
1920,"universidad autónoma de barcelona, campus de la uab, plaza cívica, s/n, 08193, bellaterra (barcelona)",1
1921,"universidad autónoma de barcelona. campus de la uab, plaza cívica, s/n, bellaterra (barcelona) 08193, spain",1
1922,"unitat de psicologia mèdica, departament de psiquiatria i medicina legal and institut de neurociències, universitat autònoma de barcelona, bellaterra, barcelona, spain.",1
1923,"unitat de risc cardiovascular i nutrició, institut hospital del mar d’investigacions mèdiques (imim), barcelona, spain",1
1924,"unidad de lípidos y riesgo vascular, servicio de medicina interna, hospital universitario de bellvitge-idibell-universidad de barcelona-ciberobn, españa",1
1925,"unidad de lípidos, servicio de endocrinología y nutrición, instituto de investigaciones biomédicas august pi i sunyer, barcelona, hospital clinic, universidad de barcelona, barcelona, españa",1
1926,"unidad de lípidos, servicio de medicina interna, hospital general universitario gregorio marañón",1
1927,"unidad de lípidos, servicio de medicina interna, hospital universitario virgen de la victoria, universidad de málaga, málaga, españa",1
1928,"unidad de melanoma. servicio de dermatología médico-quirúrgico. hospital universitario virgen macarena, sevilla, spain",1
1929,"unidad de neumología pediátrica, hospital del mar, barcelona, españa",1
1930,"unidad de obesidad, servicio de endocrinología y nutrición, hospital clínic de barcelona, centro de investigación biomédica en red de diabetes y enfermedades metabólicas asociadas (ciberdem), barcelona, españa",1
1931,"unidad de pared abdominal, hospital del mar, parc de salut mar universidad pompeu fabra, barcelona",1
1932,"unidad de riesgo cardiovascular y nutrición, institut hospital del mar d’investigacions mèdiques (imim), barcelona, spain",1
1933,"unidad de riesgo vascular, servicio de medicina interna, hospital universitario bellvitge, ciberobn, idibell, fipec, universidad de barcelona, barcelona, españa",1
1934,"unidad de riesgo vascular, servicio de medicina interna, hospital universitario bellvitge, ciberobn. idibell. fipec. universidad de barcelona, barcelona, españa",1
1935,"unidad de salud internacional y medicina tropical, hospital del mar, barcelona, españa",1
1936,"unidad de neumología. agencia sanitaria costa del sol. marbella, málaga, spain.",1
1937,"unidad de hemodinámica, servicio de cardiología, hospital universitario de burgos, burgos, spain",1
1938,"unidad de hemodinámica, servicio de cardiología, hospital universitario de álava, vitoria, álava, spain",1
1939,"unidad de hepatología, servicio de aparato digestivo, hospital germans trias i pujol, badalona, españa",1
1940,"unidad de hepatología, servicio de digestivo, parc taulí hospital universitario, instituto de investigación e innovación parc taulí i3pt, sabadell, españa",1
1941,"unidad de hipertensión, servicio de medicina interna, hospital mútua terrassa. universidad de barcelona, barcelona, españa",1
1942,"unidad de hipertensión, servicio de nefrología, hospital del mar, barcelona, españa",1
1943,"unidad de investigación en servicios sanitarios, imim-hospital del mar, barcelona, spain,",1
1944,"unidad de lípidos y riesgo vascular, servicio de medicina interna, hospital universitario la paz, madrid, españa",1
1945,"unidad de lípidos y arteriosclerosis, servicio de medicina interna, hospital la paz-carlos iii, madrid, españa",1
1946,"unidad de lípidos y arteriosclerosis, servicio de medicina interna, hospital la paz-carlos iii,madrid, españa",1
1947,"unidad de lípidos y aterosclerosis, servicio de medicina interna, hospital universitario reina sofía",1
1948,"unidad de lípidos y rcv, servicio de medicina interna, hospital san rafael, a coruña, españa",1
1949,"unidad de lípidos y riesgo cardiovascular servicio de medicina interna, complejo hospitalario universitario de a coruña, a coruña, españa",1
1950,"unidad de lípidos y riesgo vascular, department of endocrinology and nutrition hospital del mar  barcelona spain",1
1951,"unidad de lípidos y riesgo vascular, servicio de endocrinología y nutrición, hospital del mar",1
1952,"unidad de lípidos y riesgo vascular, servicio de endocrinología y nutrición, hospital del mar, barcelona",1
1953,"unidad de lípidos y riesgo vascular, servicio de endocrinología y nutrición, hospital del mar, universidad autónoma de barcelona, barcelona, españa",1
1954,"unidad de lípidos y riesgo vascular, servicio de endocrinología y nutrición, hospital del mar, universitat autònoma de barcelona, barcelona, spain",1
1955,"unidad de lípidos y riesgo vascular, servicio de medicina interna, hospital la paz-carlos iii, madrid, españa",1
1956,"unidad de investigación, departamento de medicina familiar, distrito sanitario atención primaria sevilla, sevilla, spain",1
1957,"unit of cardiovascular risk and nutrition, institut hospital del mar d'investigacions mèdiques (imim), barcelona, spain",1
1958,"unit of cardiovascular risk and nutrition, institut hospital del mar d`investigació médica (imim), barcelona, spain",1
1959,"unit of cardiovascular risk and nutrition, institut hospital del mar d`investigació médica (imim), barcelona, spain;",1
1960,"unit of cardiovascular risk and nutrition, institut hospital del mar de investigaciones médicas (imim), 08003 barcelona, spain",1
1961,"unit of cardiovascular risk and nutrition, institut hospital del mar de investigaciones médicas (imim), barcelona, spain",1
1962,"unit of cardiovascular risk and nutrition, institut hospital del mar de investigaciones médicas municipal d investigació médica (imim), barcelona, spain",1
1963,"unit of cardiovascular risk and nutrition, institut hospital del mar de investigaciones médicas municipal d ′ investigació mèdica (imim), 08003 barcelona, spain",1
1964,"unit of cardiovascular risk and nutrition, institut hospital del mar de investigaciones médicas municipal d'investigació médica (imim), 08003 barcelona, spain",1
1965,"unit of cardiovascular risk and nutrition, institut hospital del mar de investigaciones médicas municipal d'investigació médica (imim), barcelona, spain.",1
1966,"unit of cardiovascular risk and nutrition, institut hospital del mar de investigaciones médicas municipal d’investigació mèdica (imim), barcelona, spain",1
1967,"unit of cardiovascular risk and nutrition, institut hospital del mar de investigaciones médicas municipal d’investigació médica (imim), 08007 barcelona, spain",1
1968,"unit of cardiovascular risk and nutrition, institut hospital del mar de investigaciones médicas municipal d’investigació médica (imim), barcelona, spain",1
1969,"unit of cardiovascular risk and nutrition, institut hospital del mar de investigaciones médicas municipal d′investigació mèdica (imim), 08003 barcelona, spain",1
1970,"unit of cardiovascular risk and nutrition, institut hospital del mar d’investigacions mèdiques (imim), 08003 barcelona, spain",1
1971,"unit of cardiovascular risk and nutrition, institut hospital del mar d’investigacions mèdiques (imim), barcelona, spain",1
1972,"unidad de salud mental comunitaria malaga norte, ugc salud mental carlos haya, servicio andaluz de salud, 29014 malaga, spain",1
1973,"unit of colorectal surgery, service of general and digestive surgery, hospital universitari vall d’hebron, universitat autònoma de barcelona, barcelona, spain",1
1974,"unit of gastrointestinal surgery, hospital del mar, institut de recerca imim- hospital del mar, 08003, barcelona, spain",1
1975,"unit of gastrointestinal surgery, hospital del mar, institut de recerca institut hospital del mar d'investigacions mèdiques, barcelona, spain",1
1976,"unidad de salud mental comunitaria málaga norte, ugc salud mental carlos haya, servicio andaluz de salud, málaga, spain",1
1977,"unidad de trastornos bipolares, servicio de psiquiatría, institut clínic de neurociències, hospital clínic de barcelona, universitat de barcelona, idibaps, barcelona, españa",1
1978,unidad de trastornos del movimiento servicio de neurología y neurofisiología clínica instituto de biomedicina de sevilla (ibis) hospital universitario virgen del rocío/csic/universidad de sevilla  sevilla spain,1
1979,"unidad de trastornos del movimiento, servicio de neurología y neurofisiología clínica, instituto de biomedicina de sevilla (ibis), hospital universitario virgen del rocío/csic/universidad de sevilla, sevilla 41013, spain.",1
1980,"unidad de trastornos del movimiento, servicio de neurología, instituto de biomedicina de sevilla, hospital universitario virgen del rocío, consejo superior de investigaciones científicas, universidad de sevilla, sevilla, españa",1
1981,"unidad de trastornos del movimiento, servicio de neurología, parc de salut mar, institut municipal d’investigació medica hospital del mar, universitat autònoma de barcelona, barcelona, españa",1
1982,unidad de enfermería de cirugía ortopédica y traumatología hospital del mar barcelona spain,1
1983,"unidad del paciente crónico complejo, hospital general universitario santa maría del rosell, cartagena, murcia, españa",1
1984,"unit of cardiovascular risk and nutrition, institut hospital del mar de investigaciones médicas municipal d′investigació médica (imim), barcelona, spain",1
1985,"unit of cardiovascular risk and nutrition, institut hospital del mar de investigaciones médicas municipal d ′ investigació médica (imim), barcelona, spain",1
1986,"unit of cardiovascular risk and nutrition, hospital del mar medical research institute, 08024 barcelona, spain",1
1987,"unit of cardiovascular risk and nutrition, hospital del mar medical research institute (imim) , barcelona , spain",1
1988,"unit of cardiovascular risk and nutrition, hospital del mar institute for medical research (imim), barcelona, spain",1
1989,unit of cardiovascular risk and nutrition institut hospital del mar de investigaciones médicas municipal d`investigació médica (imim) barcelona spain,1
1990,unit of cardiovascular risk and nutrition institut hospital del mar de investigaciones médicas municipal d`investigació médica (imim)  barcelona 08003 spain,1
1991,unit of cardiovascular risk and nutrition institut hospital del mar de investigaciones médicas (imim)  barcelona spain,1
1992,"unit of biomarkers and susceptibility, oncology data analytics program, catalan institute of oncology (ico), hospital duran i reynals, barcelona, spain",1
1993,"unit of biomarkers and susceptibility, oncology data analytics program, catalan institute of oncology (ico), hospital duran i reynals, avinguda de la gran via de l'hospitalet 199-203, 08908, l'hospitalet de llobregat, barcelona, spain",1
1994,"unit of abdominal wall surgery, service of digestive and general surgery, hospital universitari vall d’hebron, universitat autònoma de barcelona, barcelona, spain",1
1995,"nursing department hospital del mar, parc de salut mar barcelona spain",1
1996,"nursing department, hospital del mar, parc de salut mar, passeig marítim 25-29, barcelona, 08003, spain",1
1997,"nursing direction, hospital del mar, barcelona, spain",1
1998,"oncology department, hospital del mar, barcelona, spain",1
1999,"oncology department, hospital del mar, barcelona, spain.",1
2000,"oncology service, sagunto hospital, valencia, spain",1
2001,"ophthalmology department, consorci mar parc de salut de barcelona, passeig marítim, 25–29, 08003 barcelona, spain",1
2002,"orthopaedic department, hospital de la santa creu i sant pau, universitat autònoma de barcelona, sant antoni maria claret 167, 08025, barcelona, spain",1
2003,"orthopaedic department, hospital del mar, universitat autonoma barcelona (uab), barcelona, spain",1
2004,"orthopaedic department, hospital del mar, universitat autònoma barcelona, barcelona, spain",1
2005,"orthopaedic department, hospital del mar, universitat autònoma barcelona, barcelona, spain.",1
2006,"orthopaedics & trauma department, parc de salut mar, barcelona, spain",1
2007,"orthopaedics department, hospital del mar, uab–universitat autonoma barcelona, barcelona, spain",1
2008,"ophthalmology department, esperanza hospital-parc de salut mar, 08003 barcelona, spain",1
2009,"obstetrics and gynaecology department, hospital de la santa creu i sant pau, universitat autònoma barcelona, sant antoni maria claret 167, 08025 barcelona, spain. electronic address: jcalaf@santpau.cat.",1
2010,"obstetrics and gynecology department, autonoma university of barcelona (uab), campus of bellaterra, cerdanyola del vallès, spain.",1
2011,"obstetrics and gynecology department, consorci parc de salut mar, universitat autònoma de barcelona, barcelona, passeig marítim 25-29 (08003), spain",1
2012,"obstetrics and gynecology department, universitat autònoma de barcelona, campus universitario uab, bellaterra cerdanyola del vallès 08193, spain",1
2013,"occupational health service, hospital universitari vall d'hebron, barcelona, spain",1
2014,"occupational health service, parc de salut mar, 08003 barcelona, spain",1
2015,on behalf of covid-mar group.,1
2016,"neuromuscular unit, neurology department, hospital del mar, barcelona, spain",1
2017,"neuropsiquiatria i addicions, hospital del mar, imim (hospital del mar medical research institute), 08003 barcelona, spain",1
2018,"neuropsiquiatria i addicions, hospital del mar. imim (hospital del mar medical research institute), barcelona, spain",1
2019,"neuropsychiatry and addcitions institute, hospital del mar, cibersam, isciii, imim (hospital del mar institute of medicine research), psychiatry department, autonomous university of barcelona, barcelona, spain",1
2020,"neuropsychiatry and addictions institute (inad) of parc de salut mar, barcelona, spain",1
2021,"neuroscience group, hospital del mar medical research institute, 08003, barcelona, spain",1
2022,"neuroscience group, hospital del mar medical research institute, barcelona, spain",1
2023,neuroscience research group hospital del mar research institute  barcelona spain,1
2024,"neuroscience research program, hospital del mar medical research institute (imim), barcelona, spain",1
2025,"neuroscience research program, hospital del mar research institute (imim), barcelona, spain",1
2026,"neuroscience research program, hospital del mar research institute, pompeu fabra university, barcelona, spain",1
2027,"neuroscience research program, institut hospital del mar d'investigacions mediques (imim), 08003 barcelona, spain",1
2028,"neuroscience research programme. imim-hospital del mar research institute, barcelona, spain",1
2029,"neuroscience group, hospital del mar medical research institute (imim), autonomous university of barcelona, barcelona, spain",1
2030,"neurosciences department, imim (hospital del mar medical research institute), 08003 barcelona, spain",1
2031,"neurosciences program, institut hospital del mar d’investigacions mèdiques (imim), 08003 barcelona, spain",1
2032,"neurology department: hospital del mar medical research institute (imim), 08003 barcelona, spain",1
2033,neurology service hospital clínic de barcelona and institut d'investigacions biomèdiques  barcelona spain,1
2034,neurology service hospital clínic de barcelona and institut d'investigacions biomèdiques university of barcelona  barcelona spain,1
2035,"neurology service, hospital clinic and institut d'investigacions biomèdiques august pi i sunyer (idibaps), universitat de barcelona, barcelona, spain",1
2036,"neurology service, hospital clínic de barcelona and institut d'investigacions biomèdiques , barcelona 08036 , spain",1
2037,"neurology service, hospital universitari mútua terrassa, terrassa, spain",1
2038,"neurology unit, hospital comarcal sant jaume de calella, calella, catalonia, spain",1
2039,"neuromuscular unit, department of neurology, hospital del mar, barcelona, spain",1
2040,"neurology, hospital del mar, barcelona, spain",1
2041,"neuromuscular unit, department of neurology, hospital del mar , barcelona 08003 , spain",1
2042,"neurology, hospital del mar medical research institute, barcelona, spain",1
2043,"non-communicable disease and environment research group, barcelona institute for global health (isglobal), 08003 barcelona, spain",1
2044,"non-communicable diseases and environment program, barcelona institute for global health (isglobal) , barcelona , spain",1
2045,"non-communicable diseases and environment programme, barcelona institute for global health (isglobal), barcelona, spain",1
2046,"non-communicable diseases and environment research program, isglobal barcelona institute for global health, 08003 barcelona, spain",1
2047,"neurosciences programme, imim - hospital del mar medical research institute, barcelona, spain",1
2048,"nursing care methodology and quality department, hospital del mar, parc de salut mar, barcelona, spain",1
2049,"nursing department, hospital del mar, parc de salut mar, barcelona, spain",1
2050,"neurosciences programme, imim ‐ hospital del mar medical research institute  barcelona spain",1
2051,"neurosciences programme, imim ‐ hospital del mar medical research institute barcelona spain",1
2052,"neurosciences research group, hospital del mar research institute, barcelona, spain",1
2053,"neurosciences research program, hospital del mar medical research institute, barcelona, spain",1
2054,"neurosciences research programme, hospital del mar medical research institute (imim), barcelona, spain",1
2055,"neurosciences research programme, hospital del mar medical research institute, 08003 barcelona, spain",1
2056,"neurosciences research unit, hospital del mar d'investigacions mèdiques, barcelona, spain.",1
2057,"neurosurgery department, hospital del mar, barcelona, catalunya, spain",1
2058,"neurovascular research group, department of neurology, hospital del mar research institute, c/ del dr. aiguader, 88, 08003, barcelona, spain",1
2059,"neurovascular research group, department of neurology, hospital del mar, imim, universitat autònoma de barcelona/dcexs-universitat pompeu fabra, barcelona, spain",1
2060,"neurovascular research laboratory, vall d'hebron institute of research (vhir)-universitat autónoma de barcelona, barcelona, spain; santa maria university hospital, neurology service, lleida, spain. electronic address: iriba2010@gmail.com.",1
2061,"neurovascular research group, department of neurology, institut hospital del mar d’investigacions mèdiques (imim), 08003 barcelona, spain",1
2062,"neurovascular research group, hospital del mar medical research institute, barcelona, catalunya, spain",1
2063,"neurovascular research group, hospital del mar medical research institute, barcelona, spain",1
2064,"neurovascular research group, imim (institut hospital del mar d'investigacions mèdiques), universitat autònoma de barcelona (uab)/dcexs-universitat pompeu fabra (upf), barcelona, spain",1
2065,"neurovascular research group, neurology department, hospital del mar, barcelona, spain",1
2066,"neurovascular research laboratory, vall d'hebron institute of research (vhir)-universitat autónoma de barcelona, barcelona, spain. electronic address: marcel.lamana@vhir.org.",1
2067,"neurovascular research group, department of neurology, imim-hospital del mar (institut hospital del mar d’investigacions mèdiques), 08003 barcelona, spain",1
2068,pediatric medicine service corporacion sanitaria del parc tauli sabadell universitat autónoma de barcelona pediatric cardiology unit  barcelona spain,1
2069,pediatric medicine service corporacion sanitaria del parc tauli sabadell universitat autónoma de barcelona pediatric rheumatology unit barcelona spain,1
2070,"pediatric neurology unit, department of pediatrics, navarra health service hospital, pamplona, spain",1
2071,pediatric rheumatology service hospital sant joan de deu universitat de barcelona  barcelona spain,1
2072,"pediatric sevice, imim-hospital del mar medical research institute, barcelona, spain",1
2073,"pediatrics service, hospital del mar de barcelona. institut hospital del mar d’investigacions mèdiques (imim), universitat pompeu fabra, barcelona, spain",1
2074,"pathology department, hospital del mar, 08003 barcelona, spain",1
2075,"pathology department, hospital del mar, barcelona, spain.",1
2076,"pathology department, hospital del mar, universitat autònoma de barcelona, barcelona, spain",1
2077,"pathology department, hospital del mar-imim, 08003 barcelona, spain",1
2078,"pathology department, hospital del mar-imim, parc de salut mar, barcelona, spain.",1
2079,"pathology department, neuropathology unit, hospital del mar, institut hospital del mar d'investigacions mèdiques (imim), barcelona, spain",1
2080,"pathology department, neuropathology unit, hospital del mar, institut hospital del mar d’investigacions mèdiques (imim), 08003 barcelona, spain",1
2081,"pathology department, https://ror.org/03a8gac78hospital del mar, barcelona, spain",1
2082,"pathology, consorci parc de salut mar de barcelona, barcelona, spain",1
2083,"patient safety group of semfyc (spanish society of family and community medicine) and quality and safety group of wonca world (global family doctors), barcelona, spain",1
2084,"pediatric allergy and pulmonology unit, pediatric service, hospital universitari parc taulí, sabadell, spain",1
2085,"pediatric allergy and pulmonology unit, pediatric service, hospital del mar, barcelona, spain",1
2086,"pediatric cardiology service, hospital sant joan de deu, universitat de barcelona, barcelona, spain",1
2087,"pharmacoinformatics group, research program on biomedical informatics (imim/upf), 08003 barcelona, spain",1
2088,"pharmacy department, consorci parc de salut mar, 08003 barcelona, catalonia, spain",1
2089,"pharmacy department, consorci parc de salut mar, 08003 barcelona, spain",1
2090,"pharmacy department, consorci parc de salut mar, 08003, barcelona, spain.",1
2091,"pharmacy department, hospital comarcal d’inca, inca, spain",1
2092,"pharmacy department, hospital del mar, universitat autònoma de barcelona barcelona, spain",1
2093,"pharmacy department, hospital general universitario gregorio marañón, spain",1
2094,"pharmacy department, hospital moisès broggi, consorci sanitari integral (csi), c/oriol martorell, 12, 08970 sant joan despi, spain",1
2095,"perioperative medicine research group, hospital del mar research institute, barcelona, spain",1
2096,"phd programme, department of psychiatry and legal medicine, faculty of medicine, universitat autònoma de barcelona, campus uab, 08193, cerdanyola del vallès, spain",1
2097,"otorhinolaryngology department, hospital del mar, universitat autònoma de barcelona, barcelona, spain",1
2098,"otorrinolaringology department, hospital del mar, 08003 barcelona, spain",1
2099,"outpatient clinics, hospital del mar, parc de salut mar, barcelona, spain",1
2100,"outpatient mental health care network, osakidetza-basque health service, biodonosti health research institute, san sebastian, spain",1
2101,"outpatients clinics, hospital del mar, barcelona, spain",1
2102,"paediatric neurology, hospital del mar, barcelona, spain; program in neurosciences, hospital del mar research institute (imim), barcelona, spain; department of medicine and life sciences, universitat pompeu fabra, barcelona, spain. electronic address: gaznar@psmar.cat.",1
2103,"paediatric neurology, hospital del mar, hospital del mar reasearch institute (imim), university pompeu fabra, full member of european reference network epicare, barcelona, spain",1
2104,"paediatric pulmonology and allergy unit, paediatric department, hospital del mar, barcelona, spain",1
2105,"pain clinic unit, anesthesiology, hospital del mar, 08003 barcelona, spain",1
2106,"pain unit, consorci sanitari integral, hospital de sant joan despí moisès broggi, carrer oriol martorell 12, sant joan despí 08907, spain",1
2107,"pain unit, department of anesthesiology, hospital general universitario gregorio marañon, universidad complutense de madrid, madrid, spain.",1
2108,"orthopaedics and trauma department, parc de salut mar. barcelona, universitat autònoma de barcelona, barcelona, spain",1
2109,"orthopedic surgery and traumatology department, hospital del mar, barcelona, spain",1
2110,"orthopedic surgery and traumatology department, hospital del mar, parc de salut mar, 08003 barcelona, spain",1
2111,"osakidetza , osi donostialdea, altza primary care, , san sebastián , spain",1
2112,osakidetza basque health service araba university hospital university of the basque country upv/ehu  vitoria‐gasteiz spain,1
2113,"osakidetza basque health service, araba university hospital, bioaraba health research institute, university of the basque country upv/ehu, vitoria-gasteiz, spain",1
2114,"osakidetza basque health service, araba university hospital, spain",1
2115,"osakidetza basque health service, araba university hospital, university of the basque country upv/ehu, 01009 vitoria-gasteiz, spain",1
2116,"osakidetza basque health service, araba university hospital, university of the basque country upv/ehu, vitoria-gasteiz, spain",1
2117,"osakidetza basque health service, araba university hospital, vitoria-gasteiz, spain",1
2118,"osakidetza basque health service, basurto university hospital, respiratory service , bilbao , spain",1
2119,"otorhinolaryngology department, hospital del mar, barcelona, spain",1
2120,"osakidetza basque health service, donostialdea integrated health organisation, donostia university hospital, clinical epidemiology unit, san sebastián, spain",1
2121,"osakidetza basque health service, galdakao hospital, respiratory service , galdakao , spain",1
2122,"osakidetza basque health service, research unit, galdakao-usansolo university hospital, galdakao, bizkai, spain",1
2123,osasunbidea servicio navarro de salud  pamplona spain,1
2124,"osasunbidea, servicio navarro de salud, 31003 pamplona, spain",1
2125,"osasunbidea, servicio navarro de salud, atención primaria, 31003 pamplona, spain",1
2126,"osakidetza basque health service, bioaraba health research institute, araba university hospital, university of the basque country upv/ehu, vitoria-gasteiz, spain",1
2127,"parc de salut mar head of the knee unit (icatknee), icatme, hospital universoitari dexeus universitat autònoma de barcelona (uab), spain",1
2128,parc de salut mar psmar barcelona spain,1
2129,"parc de salut mar psmar, barcelona, spain",1
2130,"parc de salut mar, 08019 barcelona, spain",1
2131,"parc de salut mar, barcelona, spain.",1
2132,"parc de salut mar, barcelona.",1
2133,"parc de salut mar, hospital del mar medical research institute, barcelona, spain",1
2134,"parc de salut mar, uab, barcelona, spain",1
2135,"parkinson's disease & movement disorders unit and hospital de dia de malalties neurodegeneratives (hdmnd), neurology service, hospital clínic / idibaps / ciberned / european reference network for rare neurological diseases (ern-rnd / institut de neurociències, universitat de barcelona, catalonia, spain.",1
2136,"parkinson's disease & movement disorders unit and hospital de dia de malalties neurodegeneratives (hdmnd), neurology service, hospital clínic / idibaps / ciberned / european reference network for rare neurological diseases (ern-rnd / institut de neurociències, universitat de barcelona, catalonia, spain. electronic address: acamara@clinic.cat.",1
2137,"parkinson's disease & movement disorders unit and hospital de dia de malalties neurodegeneratives (hdmnd), neurology service, hospital clínic / idibaps / ciberned / european reference network for rare neurological diseases (ern-rnd / institut de neurociències, universitat de barcelona, catalonia, spain. electronic address: ycompta@clinic.cat.",1
2138,"parkinson's disease & movement disorders unit, neurology service, clinical institute of neuroscience (icn), hospital clínic de barcelona / idibaps / ciberned (cb06/05/0018-isciii) / european reference network for rare neurological diseases (ern-rnd), institut de neurociències de la universitat de barcelona (maria de maeztu's excellence center), catalonia, spain",1
2139,"parkinson's disease and movement disorders unit, neurology service, hospital clínic i universitari de barcelona, ciberned (cb06/05/0018-isciii), ern-rnd, ubneuro institut clínic de neurociències (maria de maeztu excellence centre), universitat de barcelona, barcelona, spain",1
2140,"pasqual maragall foundation (wellington, 30\r\n08005 barcelona - spain)",1
2141,pathology department hospital universitario marqués de valdecilla  santander spain,1
2142,"parc de salut, hospital del mar, barcelona, spain",1
2143,"pain unit, hospital del mar, passeig marítim 25-29, barcelona 08003, spain",1
2144,"palliative care unit, geriatric department, centre fòrum, hospital del mar, 08003 barcelona, spain",1
2145,parc salut mar,1
2146,"parc salut-mar, barcelona, españa",1
2147,"microbiology service, hospital universitario rio hortega, valladolid, spain.",1
2148,"microbiology service, hospital universitario de bellvitge- institut d'investigacio biomedica de bellvitge, barcelona, spain.",1
2149,"microbiology service, hospital de la santa creu i sant pau- institut d'investigació biomèdica sant pau. universitat autònoma de barcelona, barcelona, spain.",1
2150,"microbiology service, hospital del mar research hospital, barcelona, spain.",1
2151,"microbiology service, infectious pathology and antimicrobials research group (ipar), laboratoi de referència de catalunya, institut hospital del mar d’investigacions mèdiques (imim), universitat autònoma de barcelona (uab), cexs—universitat pompeu fabra, hospital del mar, 08003 barcelona, spain",1
2152,"microbiology service, university hospital marqués de valdecilla-idival, santander, spain",1
2153,"miembro de la red de investigación en cronicidad, atención primaria y promoción de la salud (ricapps), madrid, spain",1
2154,"microbology service, laboratori de referència de catalunya, hospital del mar, 08003 barcelona, spain",1
2155,"microbiology department, hospital universitari de vic, 08500 barcelona, spain",1
2156,"microbiology department, isglobal, hospital clinic de barcelona, idibaps, universitat de barcelona, barcelona, spain",1
2157,"microbiology service, hospital universitario ramón y cajal-irycis, madrid, spain.",1
2158,"microbiology dept-cdb, hospital clinic-isglobal-university of barcelona, barcelona, spain",1
2159,"microbiology laboratory, cdb, isglobal, hospital clínic-idibaps, university of barcelona, barcelona, spain",1
2160,"microbiology service, complexo hospitalario de pontevedra, spain.",1
2161,"microbiology service, hospital clínico lozano blesa, zaragoza.",1
2162,"microbiology service, hospital clínico universitario, incliva research institute, valencia, spain",1
2163,"microbiology service, hospital gregorio marañón, madrid, spain.",1
2164,"microbiology service, hospital marqués de valdecilla, santander.",1
2165,"microbiology service, hospital mutua de terrassa, barcelona, spain.",1
2166,"microbiology service, hospital universitari son espases, palma de mallorca, spain",1
2167,"microbiology service, hospital universitari son espases, palma de mallorca, spain.",1
2168,multidisciplinary unit of abdominal pelvic oncology surgery hospital general universitario de castellon  castellón spain,1
2169,"multidisciplinary unit of sleep medicine, parc de salut mar, universitat autònoma de barcelona, barcelona, spain",1
2170,"muscle research and mitochondrial function laboratory, internal medicine service, hospital clinic of barcelona, barcelona, spain",1
2171,"muscle wasting and cachexia in chronic respiratory diseases and lung cancer research group, pulmonology department, imim-hospital del mar, parc de salut mar, parc de recerca biomèdica de barcelona (prbb), 08003 barcelona, spain",1
2172,"muscle wasting and cachexia in chronic respiratory diseases and lung cancer research group, pulmonology department, imim—hospital del mar, parc de salut mar, 08003 barcelona, spain",1
2173,"musculoskeletal research group imim (hospital del mar medical research institute), centro de investigación biomédica en red en fragilidad y envejecimiento saludable (ciberfes), instituto de salud carlos iii (isciii) barcelona spain",1
2174,"musculoskeletal research group, centro de investigación biomédica en red en fragilidad y envejecimiento saludable (ciberfes), isciii, imim (hospital del mar medical research institute), 08003 barcelona, spain",1
2175,"musculoskeletal research group, hospital del mar research institute, centro de investigación biomédica en red en fragilidad y envejecimiento saludable (ciberfes), isciii, barcelona, spain",1
2176,"musculoskeletal research group, imim (hospital del mar medical research institute), centro de investigación biomédica en red en fragilidad y envejecimiento saludable (ciberfes), isciii, departament de genètica, microbiologia i estadística, ub, barcelona, spain",1
2177,"musculoskeletal research unit, imim-parc salut mar, ciberfes, universitat autonoma de barcelona, doctor aiguader 88, 20, 08003, barcelona, spain",1
2178,"musculoskeletal research unit, institut hospital del mar d’investigacions mèdiques (imim), barcelona, spain",1
2179,"muscle wasting and cachexia in chronic respiratory diseases and lung cancer research group, pulmonology department, hospital del mar-imim, parc de salut mar, parc de recerca biomèdica de barcelona (prbb), 08003 barcelona, spain",1
2180,"molecular biology laboratory, pathology department, hospital del mar, hospital del mar medical research institute, imim, barcelona, spain",1
2181,"molecular cytogenetics laboratory, hematological cytology laboratory, pathology department, hospital del mar, barcelona, spain",1
2182,"molecular cytogenetics laboratory, pathology department, hospital del mar and translational research on hematological neoplasms group, hospital del mar research institute (imim), barcelona, spain",1
2183,"molecular cytogenetics laboratory, pathology department, hospital del mar, 08003 barcelona, spain",1
2184,"molecular cytogenetics laboratory, pathology department, hospital del mar, barcelona, spain and translational research on hematological neoplasms group (gretnhe) - institut hospital del mar d'investigacions mèdiques (imim), barcelona",1
2185,"molecular cytogenetics and hematological cytology laboratories, pathology department, hospital del mar, 08003 barcelona, spain",1
2186,"molecular diagnostics laboratory, department of pathology, hospital del mar-parc de salut mar, and",1
2187,"molecular epidemiology and predictive tumour markers group, medical oncology research laboratory, ramón y cajal health research institute (irycis), madrid, spain. ciberonc",1
2188,"molecular genetics veterinary service, universitat autònoma de barcelona, barcelona, spain",1
2189,"movement disorders unit, hospital del mar, barcelona, catalonia, spain",1
2190,"medicine department, universitat de vic-central de catalunya, vic, spain",1
2191,"medicine department, universitat autònoma de barcelona, bellaterra, spain",1
2192,"medical research institute of the hospital del mar (imim), 08003 barcelona, spain",1
2193,"medical research institute, hospital del mar, barcelona, spain",1
2194,"medical school, autonomous university of barcelona, passeig maritim 25-29, barcelona 08003, spain",1
2195,"medical school, university of vic-central university of catalonia (uvic-ucc), vic, spain",1
2196,"medical statistics unit, hospital del mar research institute, barcelona, spain",1
2197,"medicina familiar y comunitaria. grupo de trabajo de nutrición, sociedad española de médicos de atención primaria (semergen), centro de salud de valga, pontevedra, spain",1
2198,"medicine department, autonomous university of barcelona, bellaterra, barcelona, 08193, spain",1
2199,"medicine department, faculty of medicine, university of vic-central university of catalonia (uvic-ucc), vic, spain",1
2200,"medicine department, autonomous university of barcelona, bellaterra, 08193 barcelona, spain",1
2201,"methodological and biostatistical advisory service, institut hospital del mar d’investigacions mèdiques, 08003 barcelona, spain",1
2202,"methodological and biostatistical advisory service, imim (hospital del mar medical research institute), barcelona, spain",1
2203,"methodology & biostatistics support unit, institut hospital del mar d'investigacions mèdiques (imim), barcelona, spain.",1
2204,"methodology and biostatistics support unit, hospital del mar research institute, barcelona, spain.",1
2205,"methodology and biostatistics support unit, institut hospital del mar d'investigacions mèdiques (imim), carrer del dr. aiguader, 88, 08003, barcelona, spain",1
2206,"methodology and biostatistics support unit, institut hospital del mar d’investigacions mèdiques (imim) , barcelona , spain",1
2207,"methodology and biostatistics support unit, institut hospital del mar d’investigacions mèdiques (imim), 08003 barcelona, spain",1
2208,"methodology and biostatistics support unit, institute hospital del mar for medical research (imim), barcelona, spain",1
2209,"methodology, quality and nursing research department consorci parc de salut mar de barcelona barcelona spain",1
2210,microarray analysis service institut hospital del mar d’investigacionsmèdiques (imim) barcelona spain,1
2211,microarray analysis service institut mar d'investigacions mèdiques  barcelona spain,1
2212,"microbiology department, consorci del laboratori intercomarcal de l'alt penedès, l'anoia i el garraf, hospital sant joan despí moisès broggi, sant joan despi, spain",1
2213,"microbiology department, hospital clínic de barcelona, institute for global health (isglobal), university of barcelona, 08036 barcelona, spain",1
2214,"mental health care program, inad, hospital del mar, 08003 barcelona, spain",1
2215,"mental health department, biocruces bizkaia health research institute, early intervention service, bizkaia mental health system, bilbao, bizkaia, spain",1
2216,"mental health department, servicio navarro de salud-osasunbidea, pamplona, spain",1
2217,"mental health and intellectual disability services, parc sanitari sant joan de déu, barcelona, spain",1
2218,"mental health service. hospital universitari parc taulí. unitat mixta de neurociència traslacional i3pt-inc-uab, barcelona, spain",1
2219,"mental health service, hospital universitari parc taulí, unitat mixta de neurociència traslacional (i3pt-inc-uab), sabadell, barcelona, spain",1
2220,"mental health research group, hospital del mar medical research institute, barcelona, spain",1
2221,"mental health group, imim-hospital del mar, barcelona, catalonia, spain",1
2222,"mental health research group, hospital del mar medical research institute (imim), 08003 barcelona, spain",1
2223,"mental health institute, hospital del mar, barcelona, spain",1
2224,"mental health institute, hospital del mar barcelona, barcelona, spain",1
2225,"mental health institute hospital del mar and hospital del mar research institute, barcelona, cibersam, spain;",1
2226,"mental health research group, hospital del mar medical research institute (imim), 08003, barcelona, spain",1
2227,"neurociences research unit, imim-institut hospital del mar d'investigacions mèdiques, barcelona, spain.",1
2228,"neurodegenerative diseases unit, neurology service and neurosciences department, university hospital germans trias i pujol (hugtp), badalona, spain.",1
2229,"neurofisiología, servicio de neurocirugía, hospital de la santa creu i sant pau, barcelona, españa",1
2230,"neurofisiología, servicio de neurología, parc de salut mar, barcelona, españa",1
2231,"nanobioelectronics & biosensors group, catalan institute of nanoscience and nanotechnology (icn2), csic and bist, campus uab, bellaterra, barcelona, spain",1
2232,"neurogenomics group, hospital del mar research institute , parc de recerca biomèdica de barcelona (prbb), dr. aiguader, 88,  barcelona 08003, catalonia ,",1
2233,"neurogenomics group, research programme on biomedical informatics (grib), hospital del mar medical research institute (imim), dcexs, universitat pompeu fabra, 08003 barcelona, spain",1
2234,"neuroimaging group, neuroscience research program, imim-hospital del mar research institute, barcelona, spain",1
2235,"neuroimmunity research group, institut de neurociències, departament de bioquímica i biologia molecular, facultat de biociències, universitat autònoma de barcelona, 08193 bellaterra, spain",1
2236,"network for research on chronicity, primary care and health promotion (ricapps), 08003 barcelona, spain",1
2237,"neuro-ophthalmology unit, ophthalmology department, consorci mar parc de salut de barcelona, passeig marítim, 25–29, 08003 barcelona, spain",1
2238,"neuroangiography therapeutic, hospital del mar, barcelona, spain",1
2239,"neurology department, hospital universitario marqués de valdecilla, santander, spain",1
2240,"neurology department, hospital del mar medical research institute (imim), 08003 barcelona, spain",1
2241,"neurology department, hospital del mar medical research institute (imim), barcelona, spain.",1
2242,"neurology department, hospital del mar medical research institute, barcelona, spain",1
2243,"neurology department, hospital del mar, barcelona, catalunya, spain",1
2244,"neurology department, hospital del mar, barcelona, spain",1
2245,"neurology department, hospital del mar, department of medicine and life sciences, universitat pompeu fabra (upf), barcelona, spain",1
2246,"neurology department, hospital del mar, parc de salut mar, 08003 barcelona, spain",1
2247,"neurology department, hospital del mar-imim, 08003 barcelona, spain",1
2248,"neurology department, neurovascular research group, institut hospital del mar d’investigació mèdica, barcelona, spain",1
2249,"neurology department, university hospital marqués de valdecilla, universidad de cantabria, santander, spain",1
2250,"neurology department, araba university hospital, osakidetza basque health service, bioaraba, spain",1
2251,"neurology department, consorci hospitalari de vic, vic, spain",1
2252,"neurology department, hospital comarcal del pallars, tremp, spain",1
2253,"neurology department, hospital general universitario gregorio marañón, madrid, spain",1
2254,"navarra health service, navarrabiomed research group, pamplona, spain",1
2255,"navarra institute of public health. regional health service of navarra, pamplona, spain",1
2256,"navarra regional health service, primary health care services, pamplona, spain",1
2257,"navarro health service., primary care pamplona, plaza de la paz s/n., navarra, 31002 spain",1
2258,"nephrology department , hospital del mar, barcelona , spain",1
2259,"nanobioelectronics & biosensors group, institut català de nanociència i nanotecnologia (icn2), csic and the barcelona institute of science and technology (bist), campus uab, bellaterra, 08193, barcelona, spain",1
2260,"nanobioelectronics and biosensors group institut català de nanociència i nanotecnologia (icn2) uab campus, bellaterra barcelona 08193 spain",1
2261,"nanobioelectronics and biosensors group, catalan institute of nanoscience and nanotechnology (icn2), csic, and the barcelona institute of science and technology, campus uab, bellaterra, 08193 barcelona, spain",1
2262,"nanobiosensors and bioanalytical applications group (nanob2a), catalan institute of nanoscience and nanotechnology (icn2), csic, ciber-bbn and bist, campus uab, bellaterra, 08193, barcelona, spain",1
2263,"nanostructured functional materials, catalan institute of nanoscience and nanotechnology (icn2), csic and bist, campus uab, bellaterra, barcelona, 08193 spain",1
2264,"navarra health service hospital, pamplona, spain",1
2265,"nephrology department, hospital del mar universitat pompeu fabra, barcelona, spain",1
2266,"nephrology department, hospital del mar, 08003 barcelona, spain",1
2267,"nephrology department, hospital del mar, passeig marítim de la barceloneta 25-29, 08003 barcelona, spain",1
2268,"nephrology department, hospital del mar-parc de salut mar, 08003 barcelona, spain",1
2269,"nephrology department, renal transplant unit, hospital del mar research institute, hospital del mar, 08003 barcelona, spain",1
2270,"nephrology department. hospital del mar, universitat pompeu fabra, barcelona, es, spain",1
2271,"nephrology dpt, hospital del mar, barcelona, spain.",1
2272,"nephrology service, carlos haya regional university hospital, institute for biomedical research of malaga (ibima), universidad of malaga, redinren (rd16/0009/0006), malaga, spain",1
2273,"hematology department, hospital del mar – parc de salut mar, passeig marítim de la barceloneta 25–29, 08003 barcelona, spain",1
2274,"nephrology service, hospital del mar, hospital del mar medical research institute (imim), redinren (rd16/0009/0013), barcelona, spain",1
2275,"nephrology service, la paz university hospital, redinren (rd16/0009/0008), madrid, spain",1
2276,"nephrology service, marqués de valdecilla hospital, university of cantabria, idival, redinren (rd16/0009/0027), santander, spain",1
2277,"nephrology service, ramón y cajal university hospital, irycis, redinren (rd16/0009/0014), madrid, spain",1
2278,"nephrology service, reina sofia university hospital, redinren (rd16/0009/0034), cordoba, spain",1
2279,"nephrology service, virgen del rocío university hospital, seville, spain",1
2280,"nephrology department hospital del mar, parc de salut mar barcelona spain",1
2281,nephrology department university hospital del mar barcelona spain,1
2282,"nephrology department, hospital general universitario gregorio marañón, madrid, spain",1
2283,"nephrology department, hospital universitario marqués de valdecilla, 39008 santander, spain",1
2284,"nephrology department, hospital universitario gregorio marañón , madrid , spain",1
2285,"nephrology department, hospital universitari del mar, 08003 barcelona, spain",1
2286,"respiratory department, hospital del mar, imim, 08003 barcelona, spain",1
2287,"respiratory department, hospital del mar, pompeu fabra university (upf), barcelona, spain",1
2288,"respiratory department, servei de pneumologia, hospital del mar, passeig marítim 27, 08003, barcelona, spain",1
2289,"respiratory department, hospital consortium of maresme, mataró, spain",1
2290,"rheumatology department, hospital del mar/parc de salut mar-imim, barcelona, spain",1
2291,"rheumatology department, hospital del mar , barcelona, spain",1
2292,"rheumatology department, hospital del mar, 08003, barcelona, spain",1
2293,"rheumatology department, hospital del mar, spain",1
2294,"rheumatology department, hospital del mar/parc de salut mar, barcelona, spain",1
2295,"rheumatology department, hospital del mar—parc de salut mar, barcelona, spain",1
2296,"rheumatology service, hospital universitario, 12 de octubre, madrid, spain",1
2297,"rheumatology service, hospital del mar, 08003 barcelona, spain",1
2298,"rheumatology service, hospital del mar/parc de salut mar-imi, 08003, barcelona, spain",1
2299,"rheumatology service, parc taulí health corporation consortium, 08208 sabadell, catalonia, spain",1
2300,"rheumatology, hospital del mar, barcelona, spain",1
2301,"respiratory department, university hospital del mar, barcelona, spain",1
2302,"respiratory endoscopy section, respiratory medicine department, hospital del mar. institut hospital del mar d’investigacions mèdiques (imim). universitat autònoma de barcelona, ciberes, isciii, barcelona, spain",1
2303,"respiratory medicine department, hospital del mar (psmar) - imim. barcelona, spain",1
2304,"respiratory medicine department, hospital del mar - imim, barcelona, spain",1
2305,"respiratory medicine department, hospital del mar – imim, melis, universitat pompeu fabra, ciberes, isciii, brn, barcelona, spain",1
2306,"respiratory medicine department, hospital del mar, 08003 barcelona, spain",1
2307,"respiratory medicine department, hospital del mar—imim, 08003 barcelona, spain",1
2308,"respiratory medicine department, institut hospital del mar d'investigacions mèdiques (imim) hospital del mar  barcelona spain",1
2309,"respiratory medicine department, institut hospital del mar d'investigacions mèdiques (imim) hospital del mar barcelona spain",1
2310,"respiratory medicine department, muscle & lung cancer research group, imim-hospital del mar, parc de salut mar, melis, upf, prbb, barcelona, spain",1
2311,"respiratory medicine department-muscle wasting and cachexia in chronic respiratory diseases and lung cancer research group, institut hospital del mar d’investigacions mèdiques (imim), barcelona, spain",1
2312,"reumathology service, instituto de investigación sanitaria-fundación jiménez díaz university hospital – universidad autónoma de madrid (iis-fjd, uam), madrid, spain",1
2313,"research institute of biomedical and health sciences (iuibs), university of las palmas de gran canaria, preventive medicine service, centro hospitalario universitario insular materno infantil (chuimi), canarian health service, 35016 las palmas, spain",1
2314,"research institute of biomedical and health sciences (iuibs), university of las palmas de gran canaria, preventive medicine service, centro hospitalario universitario insular materno infantil (chuimi), canarian health service, las palmas, spain",1
2315,"research institute of biomedical and health sciences instituto universitario de investigaciones biomédicas y sanitarias (iuibs), university of las palmas de gran canaria, preventive medicine service, centro hospitalario universitario insular materno infantil (chuimi), canarian health service, las palmas, spain",1
2316,"research network on health services in chronic patients (redissec), instituto de salud carlos iii, 28029, madrid, spain.",1
2317,"research network on health services in chronic patients (redissec), instituto de salud carlos iii, 28029, madrid, spain. mbare@tauli.cat.",1
2318,"research network on chronicity, primary care and health promotion (ricapps), instituto de salud carlos iii, 28029, madrid, spain. mbare@tauli.cat.",1
2319,"research network on chronicity, primary care and health promotion -ricapps- (ricors), spain",1
2320,"research network on health services in chronic diseases (redissec), barcelona, spain",1
2321,"research network on health services in chronic diseases (redissec), ricapps, instituto de salud carlos iii, 28029 madrid, spain",1
2322,"research network on health services in chronic patients (redissec), isciii, 28029 madrid, spain",1
2323,"research network on health services in chronic patients (redissec), instituto de salud carlos iii, 28029 madrid, spain",1
2324,"research progamme on biomedical informatics (grib), hospital del mar medical research institute (imim), barcelona, spain",1
2325,"research progamme on biomedical informatics (grib), hospital del mar medical research institute (imim), barcelona, spain * corresponding author. imim, prbb building. carrer del doctor aiguader 88, 08003, barcelona, spain.",1
2326,"research program of biomedical informatics, hospital del mar research institute (imim), barcelona, spain",1
2327,"research program on biomedical informatics (grib), department of experimental and health sciences of pompeu fabra university (upf)-hospital del mar medical research institute (imim), 08003, barcelona, spain",1
2328,"research program on biomedical informatics (grib), hospital del mar medical research institute (imim), department of experimental and health sciences of pompeu fabra university (upf), 08003 barcelona, spain",1
2329,"research program on biomedical informatics (grib), hospital del mar research institute, barcelona, spain",1
2330,"research program on biomedical informatics (grib), imim-hospital del mar research institute, universitat pompeu fabra, barcelona, spain",1
2331,"research program on biomedical informatics, hospital del mar medical research institute, department of experimental and health sciences, pompeu fabra university, barcelona, 08003, spain",1
2332,"research program on biomedical informatics, hospital del mar research institute and pompeu fabra university, barcelona, spain.",1
2333,"research network on chronicity, primary care and health promotion (ricapps), instituto de salud carlos iii, 28029, madrid, spain.",1
2334,"research group on methodology, methods, models and outcomes of health and social sciences (m3o), faculty of health science and welfare, centre for health and social care research (cess), university of vic-central university of catalonia (uvic-ucc), barcelona, spain",1
2335,"research group on methodology, methods, models and outcomes of health and social sciences (m3o), faculty of health sciences and welfare, centre for health and social care research (cess), university of vic-central university of catalonia (uvic-ucc), carrer de la sagrada família, 7, vic, barcelona 08500, spain.",1
2336,"research group on preventive activities and promotion illes balears (grapp-caib), health research institute of the balearic islands (idisba), primary care research unit of mallorca (ib-salut), palma de mallorca, spain",1
2337,"research institute of biomedical and health sciences (iuibs), university of las palmas de gran canaria and service of preventive medicine, complejo hospitalario universitario insular materno infantil (chuimi), canary health service, las palmas de gran canaria spain",1
2338,"research group on psychosocial risks, organization of work and health (powah), universitat autònoma de barcelona, 08193 cerdanyola del vallès, spain",1
2339,"research group on psychosocial risks, organization of work and health (powah), universitat autònoma de barcelona, cerdanyola del vallès, spain",1
2340,research institute of biomedical and health sciences (iuibs) canarian health service las palmas de gran canaria university of las palmas de gran canaria &amp; centro hospitalario universitario insular materno infantil (chuimi)  spain,1
2341,"research institute of biomedical and health sciences (iuibs), canarian health service, las palmas de gran canaria, university of las palmas de gran canaria & centro hospitalario universitario insular materno infantil (chuimi), spain",1
2342,"research institute of biomedical and health sciences (iuibs), university of las palmas de gran canaria & chuimi canarian health service, las palmas, spain",1
2343,"research institute of biomedical and health sciences (iuibs), university of las palmas de gran canaria & centro hospitalario universitario insular materno infantil (chuimi), canarian health service, 35001 las palmas de gran canaria, spain",1
2344,"research institute of biomedical and health sciences (iuibs), university of las palmas de gran canaria & centro hospitalario universitario insular materno infantil (chuimi), canarian health service, las palmas de gran canaria, spain.",1
2345,"research institute of biomedical and health sciences (iuibs), university of las palmas de gran canaria &amp; centro hospitalario universitario insular materno infantil (chuimi), canarian health service, 35016 las palmas de gran canaria, spain",1
2346,"research institute of biomedical and health sciences (iuibs), university of las palmas de gran canaria preventive medicine service, centro hospitalario universitario insular materno infantil (chuimi), canarian health service, 35016 las palmas de gran canaria, spain",1
2347,"research institute of biomedical and health sciences (iuibs), university of las palmas de gran canaria and centro hospitalario universitario insular materno infantil (chuimi), canarian health service, las palmas, spain",1
2348,"research institute of biomedical and health sciences (iuibs), university of las palmas de gran canaria and maternal and child insular university hospital center (chuimi), canarian health service, las palmas de gran canaria, spain",1
2349,"research support unit, university institute for research in primary care, jordi gol (idiap jordi gol), 08041 barcelona, spain",1
2350,"research unit, costa del sol hospital, university of málaga, instituto de investigación biomédica de málaga (ibima), marbella, spain",1
2351,"research unit, department of family medicine, distrito sanitario atención primaria sevilla, 41006 sevilla, spain",1
2352,"research unit, department of family medicine, distrito sanitario atención primaria sevilla, seville, spain",1
2353,"research unit, department of family medicine, distrito sanitario atención primaria seville, seville, spain",1
2354,"research unit, department of family medicine, sevilla primary care health district, sevilla, spain",1
2355,"research unit, department of family medicine, sevilla primary care health district, sevilla, spain;",1
2356,"research unit, department of family medicine, seville primary care health district, sevilla, spain",1
2357,"research unit, primary care management, madrid health service, madrid, spain",1
2358,"research unit, primary health care management madrid, madrid, spain",1
2359,"research unit. primary care management. madrid health service, madrid, spain",1
2360,research programme on biomedical informatics (grib) hospital del mar research institute  barcelona spain,1
2361,"research programme on biomedical informatics (grib), department of experimental and health sciences (dcexs), hospital del mar medical research institute (imim), universitat pompeu fabra (upf), barcelona, spain.",1
2362,"research programme on biomedical informatics (grib), department of experimental and health sciences of pompeu fabra university (upf), hospital del mar medical research institute (imim), barcelona, spain",1
2363,"research programme on biomedical informatics (grib), department of experimental and health sciences of pompeu fabra university (upf)-hospital del mar medical research institute (imim), 08003 barcelona, spain",1
2364,"research programme on biomedical informatics (grib), department of experimental and health sciences of pompeu, fabra university (upf)-hospital del mar medical research institute (imim), barcelona, spain",1
2365,"research programme on biomedical informatics (grib), department of experimental and health sciences, hospital del mar medical research institute (imim), pompeu fabra university (upf), barcelona, spain",1
2366,"research programme on biomedical informatics (grib), department of medicine and life sciences, universitat pompeu fabra, hospital del mar medical research institute, barcelona, spain",1
2367,"research programme on biomedical informatics (grib), department of medicine and life sciences, universitat pompeu fabra, hospital del mar research institute, barcelona, spain",1
2368,"research programme on biomedical informatics (grib), hospital del mar medical research institute (imim)—department of experimental and health sciences, pompeu fabra university (upf), 08003 barcelona, spain",1
2369,"research programme on biomedical informatics (grib), hospital del mar medical research institute (imim) – pompeu fabra university (upf), dr aiguader 88, barcelona, e-08003, spain",1
2370,"research programme on biomedical informatics (grib), hospital del mar medical research institute (imim), dcexs, pompeu fabra university (upf), barcelona, spain",1
2371,"research programme on biomedical informatics (grib), hospital del mar medical research institute (imim), department of experimental and health sciences (dcexs), universitat pompeu fabra , 08003, barcelona, spain",1
2372,"research programme on biomedical informatics (grib), hospital del mar medical research institute (imim), department of experimental and health sciences, pompeu fabra university, barcelona",1
2373,"research programme on biomedical informatics (grib), hospital del mar medical research institute (imim), dept. of medicine and life sciences, universitat pompeu fabra (upf), dr. aiguader 88, 08003 barcelona, spain",1
2374,"research programme on biomedical informatics (grib), hospital del mar medical research institute (imim), universitat pompeu fabra, 08003 barcelona, spain",1
2375,"research programme on biomedical informatics, universitat pompeu fabra (upf-imim), 08003, barcelona, spain",1
2376,"research programme on biomedical informatics, hospital del mar research institute and pompeu fabra university, barcelona, spain",1
2377,"research programme on biomedical informatics, hospital del mar medical research institute--department of experimental and health sciences, pompeu fabra university, barcelona 08003, spain,",1
2378,"research programme on biomedical informatics, hospital del mar medical research institute, faculty of health and life sciences, universitat pompeu fabra, barcelona, spain",1
2379,"research programme on biomedical informatics, hospital del mar medical research institute, department of medicine and life sciences, pompeu fabra university, 08003 barcelona, spain",1
2380,"research programme on biomedical informatics (grib), hospital del mar medical research institute (imim)–pompeu fabra university (upf), 08003 barcelona, spain.",1
2381,"research programme on biomedical informatics, hospital del mar medical research institute, 08003 barcelona, spain",1
2382,research programme on biomedical informatics institut hospital del mar d’investigacions mèdiques (imim) barcelona spain,1
2383,"research programme on biomedical informatics (grib), hospital del mar research institute, barcelona, spain",1
2384,"research programme on biomedical informatics (grib), hospital del mar research institute and pompeu fabra university, barcelona, spain",1
2385,"research programme on biomedical informatics (grib), hospital del mar research institute (imim) & pompeu fabra university (upf), dr aiguader 88, e-8003, barcelona, spain",1
2386,"research programme on biomedical informatics (grib), hospital del mar medical research institute and dcexs universitat pompeu fabra, barcelona, spain",1
2387,"research programme on biomedical informatics (grib), hospital del mar medical research institute (imim)—pompeu fabra university (upf), barcelona 08003, spain.",1
2388,"research programme on biomedical informatics (grib), hospital del mar medical research institute (imim)—pompeu fabra university (upf), 08003 barcelona, spain",1
2389,"research programme on biomedical informatics, hospital del mar medical research institute, barcelona, spain",1
2390,"serraperera primary care team, institut català de la salut, 08290 cerdanyola del vallès, spain",1
2391,"servei d'anatomia patològica, hospital del mar, barcelona, spain.",1
2392,"servei d'epidemiologia i avaluació, hospital del mar institut d'investigació mèdica, barcelona, españa",1
2393,"servei d'estadística aplicada, universitat autònoma de barcelona , bellaterra, barcelona , spain",1
2394,"servei d'estadística aplicada, universitat autònoma de barcelona, bellaterra, barcelona, spain",1
2395,"servei d'hematologia clínica, grup de recerca clínica aplicada en neoplàsies hematològiques, imim hospital del mar research institute, barcelona, spain",1
2396,"servei planta de tecnologia dels aliments (spta), uab-campus, universitat autònoma de barcelona, 08193 bellaterra, spain",1
2397,"section of allergology, service of pneumology and respiratory allergy, hospital clínic barcelona, universitat de barcelona, institut d’investigacions biomèdiques august pi i sunyer (idibaps), barcelona, spain",1
2398,"section of gastrointesinal surgery, hospital universitario del mar, universitat autònoma de barcelona, hospital del mar medical research institute (imim), barcelona, spain",1
2399,"section of gastrointestinal surgery, hospital universitario del mar, hospital del mar medical research institute (imim). department of surgery, universitat autònoma de barcelona, barcelona, spain",1
2400,"section of gastrointestinal surgery, hospital universitario del mar, universitat autònoma de barcelona, barcelona, spain",1
2401,"section of gastrointestinal surgery, hospital universitario del mar, universitat autònoma de barcelona, hospital del mar medical research institute (imim), 08003 barcelona, spain",1
2402,"section of gastrointestinal surgery, hospital del mar, department of surgery, universitat autònoma de barcelona, hospital del mar medical research institute (imim), 08003 barcelona, spain",1
2403,"section of gastrointestinal surgery, hospital del mar, universitat autònoma de barcelona, hospital del mar medical research institute (imim), barcelona, spain",1
2404,"section of gastrointestinal surgery. hospital del mar. hospital del mar medical research institute (imim), universitat autònoma de barcelona, barcelona, spain",1
2405,"section of general surgery, breast surgery unit, hospital parc de salut mar (barcelona),",1
2406,"serra húnter programme, department of clinical and health psychology, universitat autònoma de barcelona, cerdanyola del vallès, barcelona, spain",1
2407,"serra húnter fellow, universitat autònoma de barcelona, e08193 bellaterra (cerdanyola del vallès), catalonia, spain",1
2408,"servei de genòmica i bioinformàtica, ibb-parc de recerca uab - mòdul b, universitat autònoma de barcelona, bellaterra, barcelona, spain",1
2409,"servei de genòmica i bioinformàtica, ibb-parc de recerca uab – mòdul b, universitat autònoma de barcelona, bellaterra, barcelona, spain",1
2410,"servei de medicina fisica i rehabilitació, parc de salut mar, barcelona, españa",1
2411,"servei de microbiologia, cdb, hospital clínic de barcelona-isglobal, departament de fonaments clínics, facultat de medicina i ciències de la salut, universitat de barcelona, c/ villarroel 170, 08036 barcelona, spain",1
2412,"servei de microbiologia, cdb, hospital clínic de barcelona-isglobal, departament de fonaments clínics, facultat de medicina i ciències de la salut, universitat de barcelona, c/ villarroel 170, 08036, barcelona, spain",1
2413,"servei de microscopia, facultat de biociències, universitat autònoma de barcelona, 08193 bellaterra, spain",1
2414,servei de neurologia hospital del mar barcelona spain,1
2415,"servei de neurologia, hospital del mar  barcelona spain",1
2416,"servei de neurologia, hospital del mar , barcelona 08003 , spain",1
2417,"servei de otorrinolaringologia, hospital comarcal d'inca, inca, balears, spain.",1
2418,"servei de pneumologia - urmar, hospital del mar - imim, parc de salut mar, barcelona, españa",1
2419,"servei de pneumologia, departament de ciències, hospital del mar-imim, experimentals i de la salut (cexs], universitatpompeufabra, barcelona, spain",1
2420,servei de neurologia hospital del mar unitat de deteriorament cognitiu i transtorns del moviment  barcelona spain,1
2421,"servei de cirurgia general, hospital del mar, parc de salut mar, department de ciències, experimentals i de la salut, universitat pompeu fabra, barcelona, spain",1
2422,servei de dermatologia hospital del mar  barcelona spain,1
2423,"servei de genètica, hospital del mar, institut hospital del mar d'investigacions mèdiques (imim), barcelona, spain",1
2424,"servei de dermatologia, hospital del mar, barcelona, spain",1
2425,"servei de digestiu, hospital del mar, barcelona, spain; imim (hospital del mar medical research institute), barcelona, spain.",1
2426,"risk prevention service, hospital clínic of barcelona, barcelona, spain",1
2427,"ruminant research group, departament de ciència animal i dels aliments, facultat de veterinària, universitat autònoma de barcelona, bellaterra, 08193 barcelona, spain",1
2428,"sdhed (grupo de investigación en determinantes sociales y educación en salud), imim (instituto hospital del mar de investigaciones médicas), barcelona, spain",1
2429,"sdhed (social determinants and health education research group), imim (hospital del mar medical research institute), c/ doctor aiguader 80, 08003, barcelona, spain",1
2430,"stalicla discovery and data science unit, world trade center, moll de barcelona, edif este, 08039 barcelona, spain; institut de biotecnologia i de biomedicina, universitat autònoma de barcelona, bellaterra, 08193 barcelona, spain.",1
2431,"svgm, molecular genetics veterinary service, universitat autònoma de barcelona, bellaterra, barcelona, spain",1
2432,"sabadell nord primary care team, institut català de la salut, 08203 sabadell, spain",1
2433,"san martino policlinico hospital, irccs for oncology and neurosciences, genoa, italy",1
2434,"sdhed (social determinants and health education research group), imim (hospital del mar medical research institute), 08005 barcelona, spain",1
2435,"scientific, statistics, and technical department, hospital del mar-imim, parc de salut mar, 08003 barcelona, spain",1
2436,"scientific, statistics, and technical department, hospital del mar-imim, parc de salut mar, barcelona, spain",1
2437,"scientific, statistics, and technical department, hospital del mar—imim, parc de salut mar, 08003 barcelona, spain",1
2438,"scientifics, statistics and technical department institut hospital del mar d’investigacions mèdiques (imim) hospital del mar barcelona spain",1
2439,"secció d'hepatologia, servei de digestiu, hospital del mar, institut hospital del mar d'investigacions mèdiques,universitat autònoma de barcelona,barcelona,spain",1
2440,"sección de alergología, servicio de neumología, hospital clínic, idibaps, aradyal, universitat de barcelona, barcelona, españa",1
2441,"sección de alergología, servicio de neumología, hospital clínic, idibaps, aradyal, universitat de barcelona, barcelona, spain",1
2442,"sección de hepatología, servicio de digestivo, hospital del mar, barcelona, españa",1
2443,"sección de neonatología, servicio de pediatría, hospital del mar, universitat autònoma de barcelona, barcelona, españa",1
2444,"sección de neurología, hospital arquitecto marcide, complejo hospitalario universitario de ferrol (chuf), ferrol, a coruña españa",1
2445,"school of medicine, universitat de vic- universitat central de catalunya, vic, spain",1
2446,"school of medicine, universitat de vic-central de catalunya, 08500 vic, spain",1
2447,"scientific, statistics and technical department, institut hospital del mar d’investigacions mèdiques (imim), hospital del mar, 08003 barcelona, spain",1
2448,"scientific, statistics and technical department, hospital del mar, medical research institute (imim), parc de salut mar, 08003 barcelona, spain",1
2449,"scientific and technical department, hospital del mar-imim, barcelona, spain",1
2450,"scientific and technical department, hospital del mar (imim), 08003 barcelona, spain.",1
2451,"school of medicine, university of vic-central university of catalonia, barcelona, spain",1
2452,"primary care center zaidín-center, andalusian health service, granada, spain",1
2453,"primary care center zaidín-center, andalusian health service, granada, spain.",1
2454,"primary care center, cap can rull, parc taulí hospital universitari, institut d'investigació i innovació parc taulí (i3pt-cerca), 08206, sabadell, spain. mbare@tauli.cat.",1
2455,"primary care centre, capsbe, barcelona, spain",1
2456,"primary care division, catalan institute of health, institut universitari d’investigació en atenció primària (idiap)–jordi gol, barcelona, spain",1
2457,"primary care health centre raval nord, institut català de la salut, barcelona, spain",1
2458,"primary care interventions to prevent maternal and child chronic diseases of perinatal and development origin network (ricors) rd21/0012/0011, carlos iii health institute, madrid, spain",1
2459,"primary care interventions to prevent maternal and child chronic diseases of perinatal and development origin, rd21/0012/0001, instituto de salud carlos iii, 28040 barcelona, spain",1
2460,"primary care interventions to prevent maternal and child chronic diseases of perinatal and developmental origin network (ricors), rd21/0012/0001, instituto de salud carlos iii , madrid, spain",1
2461,"primary care interventions to prevent maternal and child chronic diseases of perinatal and developmental origin network (ricors), rd21/0012/0001, instituto de salud carlos iii, madrid, spain",1
2462,"primary care interventions to prevent maternal and child chronic diseases of perinatal and developmental origin network (ricors), rd21/0012/0003, instituto de salud carlos iii , madrid, spain",1
2463,"primary care interventions to prevent maternal and child chronic diseases of perinatal and developmental origin network (ricors), rd21/0012/0003, instituto de salud carlos iii, madrid, spain",1
2464,"primary care interventions to prevent maternal and child chronic diseases of perinatal and developmental origin network (ricors), rd21/0012/1&3, instituto de salud carlos iii, madrid, spain",1
2465,primary care interventions to prevent maternal and child chronic diseases of perinatal and developmental origin rd21/0012/0003 instituto de salud carlos iii  madrid spain,1
2466,"primary care interventions to prevent maternal and child chronic diseases of perinatal and developmental origin rd21/0012/0003, instituto de salud carlos iii, madrid, spain",1
2467,"primary care prevention and health promotion research network (rediapp), barcelona, spain",1
2468,"primary care quality unit, territorial health authority, camp de tarragona. health institut of catalonia, barcelona, spain",1
2469,"primary care service delta del llobregat, institut català de la salut, 08820 barcelona, spain",1
2470,"primary care service litoral, institut català de la salut, 08023 barcelona, spain",1
2471,"primary care services, navarra regional health service, pamplona, spain",1
2472,"primary care services, servicio navarro de salud (osasunbidea), pamplona, spain",1
2473,"primary health care center la mina, gerència d'atenció primària barcelona ciutat, institut català de la salut, sant adrià de besòs, spain",1
2474,"primary health care centre la mina, gerència d’atenció primària barcelona ciutat, institut català de la salut, 08930 sant adrià del besós, spain",1
2475,"primary health care centre raval sud, gerència d’atenció primària barcelona ciutat, institut català de la salut, 08001 barcelona, spain",1
2476,"primary health care florida nord, institut català de la salut, 08905 l’hospitalet de llobregat, spain",1
2477,"primary health care, consorci sanitari de terrassa, 08227 barcelona, spain",1
2478,"primary health care, idisna, servicio navarro de salud, pamplona, spain",1
2479,"primary healthcare center larrard, primary care pere virgili and pic research group of the imim, barcelona, spain.",1
2480,"primary healthcare centre dreta de l'eixample, 08013 barcelona, spain",1
2481,"primary healthcare centre dreta de l’eixample, 08013 barcelona, spain",1
2482,"primary care interventions to prevent maternal and child chronic diseases of perinatal and developmental origin rd21/0012/0003, instituto de salud carlos iii, madrid, spain.",1
2483,"presidente de separ, unidad especializada de tabaquismo de la comunidad de madrid, servicio de neumología, madrid, spain",1
2484,"preventive medicine service, centro hospitalario universitario insular materno infantil (chuimi), canarian health service, 35001 las palmas, spain",1
2485,"preventive medicine service, centro hospitalario universitario insular materno infantil (chuimi), canarian health service, research institute of biomedical and health sciences (iuibs), university of las palmas de gran canaria, las palmas, spain",1
2486,"preventive medicine service, hospital germans trias i pujol, badalona, spain",1
2487,"preventive medicine service, hospital germans trias i pujol, barcelona, spain",1
2488,"preventive medicine service, research institute of biomedical and health sciences (iuibs), centro hospitalario universitario insular materno infantil (chuimi), canarian health service, university of las palmas de gran canaria, las palmas, spain",1
2489,"preventive medicine unit, hospital del mar research institute, barcelona, spain",1
2490,"preventive medicine and epidemiology department, hospital clínic-universitat de barcelona-isglobal, barcelona, spain",1
2491,"primary care center ibiza, sermas, madrid, spain",1
2492,"preventive medicine and public health training unit psmar-upf-aspb (parc de salut mar - pompeu fabra university - agència de salut pública de barcelona), pg. marítim de la barceloneta, 25, 29, 08003 barcelona, spain; agència de salut pública de barcelona (aspb), pl. de lesseps, 1, 08023 barcelona, spain.",1
2493,"preventive medicine and public health training unit psmar-upf-aspb, parc de salut mar, agència de salut pública de barcelona, pompeu fabra university, barcelona, spain",1
2494,"preventive medicine and public health training unit psmar-upf-aspb, parc de salut mar, agència de salut pública de barcelona, i universitat pompeu fabra, barcelona, spain",1
2495,preventive medicine and public health training unit psmar‐upf‐aspb (parc de salut mar ‐ pompeu fabra university ‐ agència de salut pública de barcelona)  barcelona spain,1
2496,"preventive medicine and public health training unit psmar‐upf‐aspb (parc de salut mar‐pompeu fabra university, agència de salut pública de barcelona),barcelona,spain",1
2497,"preventive medicine and public health training unit, parc de salut mar, pompeu fabra university-public health agency of barcelona, barcelona, españa",1
2498,"primary care baix llobregat centre, direcció d'atenció primària costa ponent, equip d'atenció primària gavarra, cornellà de llobregat, barcelona, spain",1
2499,"primary care center badalona, service barcelonès nord i maresme, catalan health institute, 08911 catalonia, spain",1
2500,"primary healthcare transversal research group, institut d'investigacions biomèdiques august pi i sunyer (idibaps), spain",1
2501,psychiatric rehabilitation area hermanas hospitalarias ‐ hospital sagrat cor  martorell catalonia spain,1
2502,"psychiatric service, university of salamanca health care complex",1
2503,"psychiatric services, hospital germans trias i pujol, carretera de canyet, s/n 08916, badalona, spain",1
2504,"psychiatry department, hospital de mataró, consorci sanitari del maresme, mataró, spain",1
2505,"program in cancer research institut hospital del mar d'investigacions mèdiques (imim), ciberonc  barcelona spain",1
2506,"program in cancer research, hospital del mar medical research institute (imim), barcelona, spain",1
2507,"program in cancer research, hospital del mar medical research institute (imim), dr. aiguader 88, barcelona 08003, spain.",1
2508,"program in cancer research, hospital del mar medical research institute (imim), parc de recerca biomèdica de barcelona (prbb), 08003 barcelona, spain",1
2509,"program in cancer research, hospital del mar research institute (imim), barcelona, spain",1
2510,"program in cancer research, institut hospital del mar d'investigacions m ediques (imim), ciberonc, barcelona, spain",1
2511,"program in cancer research, institut hospital del mar d'investigacions mèdiques, barcelona, spain",1
2512,"program in cancer research, institut hospital del mar d’investigacions mèdiques (imim), ciberonc , barcelona , spain",1
2513,"program in cancer research, institut hospital del mar d’investigacions mèdiques , dr. aiguader, 88, barcelona 08003, spain",1
2514,"program in neurosciences, hospital del mar research institute (imim), barcelona, spain; department of medicine and life sciences, universitat pompeu fabra, barcelona, spain; genetics service, hospital del mar, barcelona, spain; centro de investigación biomédica en red de enfermedades raras (ciberer), isciii, barcelona, spain.",1
2515,"program in neurosciences, hospital del mar research institute (imim), barcelona, spain; epilepsy monitoring unit, department of neurology, hospital del mar, barcelona, spain.",1
2516,programa de recerca en càncer institut hospital del mar d'investigacions mèdiques (imim)  barcelona spain,1
2517,"programa de recerca en càncer institut hospital del mar d'investigacions mèdiques (imim), unitat associada al csic  barcelona spain",1
2518,"programa de recerca en càncer, hospital del mar research institute (imim), dr. aiguader, 88, 08003, barcelona, spain",1
2519,"programa de recerca en càncer, hospital del mar research institute (imim), unidad asociada al csic, barcelona, spain",1
2520,"programa de recerca en càncer, institut hospital del mar d'investigacions mèdiques (imim) and departament de ciències de la salut, universitat pompeu fabra (upf), barcelona, catalonia, spain",1
2521,"programa de recerca en càncer, institut hospital del mar d'investigacions mèdiques (imim), unidad asociada al csic, barcelona, spain.",1
2522,"program in cancer research, institut-hospital del mar d'investigacions mèdiques, ciberonc, barcelona",1
2523,"pharmacy service, division of medicines, hospital clinic, barcelona, spain",1
2524,"pharmacy service, hospital del mar, infectious pathology and antimicrobial research group (ipar), hospital del mar research institute, universitat autònoma de barcelona (uab), universitat pompeu fabra (upf), barcelona, spain",1
2525,"pharmacy service, hospital del mar, infectious pathology and antimicrobials research group (ipar), institut hospital del mar d'investigacions mèdiques (imim), universitat pompeu fabra (upf), passeig marítim de la barceloneta, 25, 29, 08003, barcelona, spain",1
2526,"pharmacy service, hospital del mar, infectious pathology and antimicrobials research group (ipar), institut hospital del mar d’investigacions mèdiques (imim), universitat autònoma de barcelona (uab), universitat pompeu fabra (upf), 08003 barcelona, spain",1
2527,"pharmacy service, hospital del mar, infectious pathology and antimicrobials research group (ipar), institut hospital del mar d’investigacions mèdiques (imim), universitat autònoma de barcelona (uab), universitat pompeu fabra (upf), barcelona, spain",1
2528,"pharmacy service, hospital del mar, infectious pathology and antimicrobials research group (ipar), institut hospital del mar d’investigacions mèdiques (imim), universitat pompeu fabra (upf) , barcelona , spain",1
2529,"pharmacy unit, northern metropolitan primary care directorate, catalan institute of health, 08911 barcelona, spain",1
2530,"pharmacy, consorci parc de salut mar de barcelona, barcelona, spain 60679@parcdesalutmar.cat.",1
2531,"pharmacy, consorci parc de salut mar de barcelona, barcelona, spain.",1
2532,"present address ct beta, university of vic - university of central catalonia (uvic-ucc), vic, spain",1
2533,"physical medicine and rehabilitation department, hospital del mar – centre esperança, avinguda sant josep de la muntanya 12, 08024 barcelona, spain",1
2534,"physical medicine and rehabilitation department, hospital del mar, barcelona, spain",1
2535,"physical medicine and rehabilitation department, hospital del mar, parc de salut mar, 08003 barcelona, spain",1
2536,"physical medicine and rehabilitation department, parc de salut mar (hospital de l’esperança), sant josep de la muntanya 12, 08024 barcelona, catalonia, spain",1
2537,"physical medicine and rehabilitation department, parc de salut mar (hospital del mar, hospital de l'esperança), barcelona, catalonia, spain",1
2538,"physical medicine and rehabilitation department, parc de salut mar (hospital del mar–hospital de l’esperança), 08003 barcelona, spain",1
2539,"physiology of cognition and alzheimer's prevention research group, neurosciences research program hospital del mar medical research institute (imim)  barcelona spain",1
2540,"physiology of cognition and alzheimer's prevention research group, neurosciences research program, hospital del mar medical research institute (imim), barcelona, spain",1
2541,"physical medicine and rehabilitation department, hospital del mar-hospital de l’esperança, parc de salut mar, rehabilitation research group, institut hospital del mar d’investigacions mèdiques (imim), 08003 barcelona, spain",1
2542,"pharmacy department, hospital del mar",1
2543,"pharmacy department, hospital del mar (parc de salut mar), barcelona, spain; infectious pathology and antimicrobials research group (ipar), institut hospital del mar d'investigacions mèdiques (imim), barcelona, spain.",1
2544,"pharmacy department, hospital del mar, barcelona, catalonia, spain",1
2545,"pharmacy department, hospital del mar, barcelona, spain",1
2546,"pharmacy department, hospital del mar, barcelona, spain.",1
2547,"pharmacy service, division of medicines, hospital clinic de barcelona, barcelona, spain",1
2548,"pharmacy department, hospital del mar, parc de salut mar, infectious pathology and antimicrobials research group (ipar), institut hospital del mar d’investigacions mèdiques (imim) (center associated with the universitat pompeu fabra), 08003 barcelona, spain",1
2549,"pharmacy department, hospital del mar, parc de salut mar, 08003 barcelona, spain",1
2550,"pharmacy department, hospital del mar, parc de salut mar, barcelona, spain",1
2551,"pharmacy department, hospital del mar, passeig maritim 25-29, 08003 barcelona, spain",1
2552,"pharmacy department, hospital del mar, universitat autònoma de barcelona, barcelona, spain",1
2553,"pharmacy department, hospital del mar—parc de salut mar, barcelona, spain",1
2554,"pharmacy department, hospital del mar—parc de salut mar, spain",1
2555,"pharmacy department, infectious diseases service, infectious pathology and antimicriobials group (ipar), institut hospital del mar d'investigacions mèdiques (imim), centro de investigación biomédica en red de enfermedades infecciosas (ciberinfec), hospital del mar, barcelona, spain",1
2556,"pharmacy department, hospital del mar, barcelona, spain; infectious pathology and antimicrobials research group, institut hospital del mar d'investigacions mèdiques (imim),",1
2557,"precision oncology group (oncogir-pro), girona biomedicai research institute (idibgi-cerca), parc hospitalari martí i julià, carrer del dr. castany, s/n, salt, girona 17190, spain",1
2558,"predoctoral program, department of psychiatry and forensic medicine, universitat autònoma de barcelona (uab), uab campus, plaça cívica, 08193, bellaterra, barcelona spain",1
2559,"pneumology department, hospital general universitario gregorio marañón (iisgm), madrid, spain",1
2560,"pneumology service, hospital clinic, barcelona, spain",1
2561,"pneumology department, institut hospital del mar d'investigacions mèdiques (imim), hospital del mar, barcelona, spain",1
2562,"pneumology department, institut hospital del mar d'investigacions mediques (imim), barcelona, spain",1
2563,"pneumology department, hospital del mar-imim, 08003 barcelona, spain",1
2564,"pneumology department, hospital del mar, institut hospital del mar d...investigacions m..diques (imim), barcelona, spain",1
2565,"red de investigación en atención primaria en adicciones (riapad), 28029 madrid, spain",1
2566,red de investigación en cronicidad atención primaria y promoción de la salud (ricapps)  madrid spain,1
2567,red de investigación en cronicidad atención primaria y promoción de la salud (ricapps) madrid spain,1
2568,"red de investigación en cronicidad, atención primaria y prevención y promoción de la salud (ricapps), españa",1
2569,"red de investigación en cronicidad, atención primaria y promoción de la salud (ricapps), madrid, spain",1
2570,red de investigación en servicios de salud en enfermedades crónicas (redissec) madrid spain,1
2571,"red de investigación en servicios de salud en enfermedades crónicas (redissec), madrid, españa",1
2572,"redaction service of the barcelona metropolitan area master plan, avinguda josep tarradellas 2-6, 08029 barcelona, spain",1
2573,"regicor research group, imim-hospital del mar medical research institute, 08003 barcelona, spain",1
2574,"registre gironí del cor (regicor) study group, hospital del mar medical research institute (imim), 08003 barcelona, catalonia, spain",1
2575,"registre gironí del cor (regicor) study group, hospital del mar medical research institute (imim), 08003 barcelona, spain",1
2576,"rehabilitation research group, hospital del mar medical research institute (imim), 08003 barcelona, spain",1
2577,"rehabilitation research group, hospital del mar medical research institute (imim), barcelona, catalonia, spain",1
2578,"rehabilitation research group, hospital del mar medical research institute, 08003 barcelona, spain",1
2579,"rehabilitation research group, hospital del mar medical research institute, barcelona, españa; departamento de medicina física y rehabilitación, hospital vall d'hebron, barcelona, españa; programa de doctorado en biomedicina, departamento de ciencias experimentales y de la salud, universitat pompeu fabra - escuela de doctorado, barcelona, españa. electronic address: vanedavalosy@gmail.com.",1
2580,"radiation oncology department, hospital del mar, barcelona, spain",1
2581,"radiation oncology department, hospital del mar, parc de salut mar, barcelona, spain; institut hospital del mar d'investigacions mèdiques barcelona, spain.",1
2582,"radiation oncology department, hospital del mar, parc de salut mar, barcelona, spain; institut hospital del mar d'investigacions mèdiques barcelona, spain. electronic address: imembrive@parcdesalutmar.cat.",1
2583,"radiation oncology department, hospital del mar, parc de salut mar, barcelona, spain; institut hospital del mar d'investigacions mèdiques barcelona, spain; pompeu fabra university, barcelona, spain.",1
2584,"radiation oncology department, hospital del mar, parc de salut mar, barcelona, spain; institut hospital del mar d'investigacions mèdiques barcelona, spain; universitat autónoma de barcelona barcelona, spain.",1
2585,"radiation oncology department, hospital del mar, parc de salut mar, c/. del gas s/n edificio b, sótano-2, 08003, barcelona, spain",1
2586,"radiation oncology department, hospital del mar, parc de salut mar, passeig marítim 25 e-08003 barcelona, spain.",1
2587,"radiation oncology department, hospital del mar, parc de salut mar, passeig marítim 25, 08003, barcelona, spain",1
2588,"radiation oncology department. hospital del mar, parc de salut mar, barcelona, spain",1
2589,"radiation oncology research group, institut municipal d'investigació médica (imim), barcelona, spain",1
2590,"radiation oncology research group, institut municipal d'investigaciómédica (imim), barcelona, spain",1
2591,"radiology department, imatge mèdica intercentres, parc de salut mar, hospital del mar, 08003 barcelona, spain",1
2592,"radiology department, imatge mèdica intercentres-parc de salut mar, hospital del mar, barcelona, spain.",1
2593,"radiology department, neuroradiology unit, hospital del mar, 08003 barcelona, spain",1
2594,"radiotherapy oncology service, hospital clínic de barcelona, 08036 barcelona, spain",1
2595,"rambla primary care center, mútua de terrassa, 08221 terrassa, spain",1
2596,"rehabilitation research group, hospital del mar medical research institute, barcelona, españa; departamento de medicina física y rehabilitación, hospital del mar, barcelona, españa.",1
2597,"rehabilitation research group, hospital del mar medical research institute, doctor aiguader 88, 08003 barcelona, spain",1
2598,"rehabilitation research group, hospital del mar research institute, barcelona, spain",1
2599,"rehabilitation research group, hospital del mar research institute, dr. aiguader, 88, 08003 barcelona, catalonia, spain",1
2600,"rehabilitation research group, institut hospital del mar d’investigacions mèdiques (imim), barcelona, españa",1
2601,"renal transplant unit, nephrology service, fundació puigvert, institut investigació biosanitaria sant pau, autonomous university of barcelona (uab), redinren (rd16/0009/0019), barcelona, spain",1
2602,"reproductive endocrinology unit. department of obstetrics and gynecology. hospital del mar de barcelona. universitat autònoma de barcelona (uab), barcelona, spain",1
2603,"research group dafnis, imim (hospital del mar medical research institute), spain",1
2604,"research group in nursing care, imim (hospital del mar medical research institute), barcelona, spain",1
2605,"research group in health services of aragon, (grissa) iis aragón, university of zaragoza, 50009 zaragoza, spain",1
2606,research group in nursing care (greci) hospital del mar institute of medical research (imim) barcelona spain,1
2607,"research group in nursing care, imim (hospital del mar medical research institute) barcelona spain",1
2608,"psycho-oncology and iconnecta't digital health sevices, institut català d'oncologia, spain",1
2609,"psychobiology unit (school of psychology), institut de neurociències, universitat autònoma de barcelona, cibersam, cerdanyola del vallès, spain",1
2610,"radiation oncology department, hospital del mar barcelona, 08003 barcelona, spain",1
2611,"public health department, university of oviedo, av. julián clavería, 6, 33006 oviedo, spain y epidemiology section, division of public health, department of health, c. san martín de porres, 6, 28035 madrid, spain",1
2612,"public health research group, university of alicante, avda. san vicente del raspeig, 03080, alicante, spain",1
2613,"psychiatry department, institut de neuropsiquiatria i addicions, centre fòrum, imim (hospital del mar medical research institute), barcelona, spain",1
2614,"psychiatry department, institut de neuropsiquiatria i addicions, hospital del mar, imim (hospital del mar medical research institute), barcelona, spain",1
2615,"psychiatry department, instituto de neuropsiquiatría y adicciones (inad), centre emili mira, parc de salut mar, barcelona, spain",1
2616,"psychiatry department, school of medicine, universitat autònoma de barcelona (uab), 08093 cerdanyola del vallès, spain",1
2617,"psycho-oncology and digital health, research in health services in cancer, institut d'investigació biomèdica de bellvitge (idibell), hospitalet del llobregat, spain",1
2618,"psychiatry emergency service, hospital clinic, institute of neuroscience, barcelona, catalonia, spain",1
2619,"psychiatry service, area de gestión sanitaria sur granada, motril, 18600 granada, spain",1
2620,"psychiatry service, complejo hospitalario universitario de santiago, spain",1
2621,"psychiatry service, galdakao-usansolo hospital, osakidetza-basque health service, galdakao-usansolo, spain",1
2622,"psychiatry service, hospital clínico universitario de valencia, 46010 valencia, spain",1
2623,"psychiatry service, hospital clínico universitario de valencia, spain",1
2624,"psychiatry service, hospital clínico universitario de valencia, valencia, spain",1
2625,"psychiatry service, ribera deparment, spain",1
2626,"psychiatry service, university hospital of gran canaria dr. negrín, las palmas de gran canaria, spain",1
2627,"psychiatry service, university of salamanca health care complex, insitute of biomedicine, salamanca, spain",1
2628,"psychiatry department, universitat autònoma de barcelona (uab), cerdanyola del vallès, 08093 barcelona, spain",1
2629,"pulmonology department-muscle wasting and cachexia in chronic respiratory diseases and lung cancer, imim-hospital del mar, cexs, pompeu fabra university, prbb, barcelona, spain",1
2630,"pulmonology department-muscle wasting and cachexia in chronic respiratory diseases and lung cancer, imim-hospital del mar, department of medicine and life sciences (melis), universitat pompeu fabra, barcelona biomedical research park (prbb), 08003 barcelona, spain",1
2631,"pulmonology department—muscle wasting and cachexia in chronic respiratory diseases and lung cancer research group, imim-hospital del mar, barcelona, spain",1
2632,"pulmonology dept, lung cancer and muscle research group, hospital del mar-imim, parc de salut mar, dept of medicine and life sciences (melis), universitat pompeu fabra (upf), medical school, universitat autònoma de barcelona, parc de recerca biomèdica de barcelona (prbb), barcelona, spain",1
2633,"pulmonology service, albacete university hospital complex, health service of castilla - la mancha. albacete, spain",1
2634,"redan la mina, parc de salut mar barcelona, institute of neuropsychiatry and addictions, barcelona, spain",1
2635,"redan la mina. parc de salut mar, barcelona, spain",1
2636,"regicor (registre gironí del cor) study group, imim (hospital del mar medical research institute), 08003 barcelona, spain",1
2637,"regicor (registre gironí del cor) study group, imim (hospital del mar medical research institute), barcelona, spain",1
2638,"regicor research group, hospital del mar medical research (imim), barcelona, spain",1
2639,"regicor study group, imim (hospital del mar medical research institute), 08003 barcelona, spain",1
2640,"remar-ivecat group-\germans trias i pujol\ health science research institute (igtp), badalona, spain",1
2641,"rpas unit, aerial support service, rural agents corp government of catalonia, e08130 santa perpètua de mogoda, catalonia, spain",1
2642,"pulmonary department, hospital universitari arnau de vilanova and santa maria, 25198 lleida, spain",1
2643,"pulmonary service and research institute, doce de octubre university hospital, madrid, spain",1
2644,"pulmonology department – muscle wasting and cachexia in chronic respiratory diseases and lung cancer research group, imim-hospital del mar, parc de salut mar, department of medicine and life sciences (melis), universitat pompeu fabra, barcelona biomedical research park (prbb), barcelona, spain",1
2645,"pulmonology department, hospital del mar, institut hospital del mar d’investigacions mèdiques (imim), universitat pompeu fabra (upf), 08003 barcelona, spain",1
2646,"pulmonology department, hospital del mar, passeig maritim 23-25, 08003, barcelona, spain",1
2647,"pulmonology department, imim-hospital del mar, barcelona, spain",1
2648,"pulmonology department, lung cancer and muscle research group, hospital del mar-imim, parc de salut mar, department of medicine and life sciences (melis), universitat pompeu fabra (upf), barcelona, spain",1
2649,"pulmonology department-muscle wasting and cachexia in chronic respiratory diseases and lung cancer research group, imim-hospital del mar, parc de salut mar, medicine and life sciences department (melis), universitat pompeu fabra (upf), barcelona biomedical research park (prbb), dr. aiguader, 88, e-08003 barcelona, spain",1
2650,"pulmonology department-muscle wasting and cachexia in chronic respiratory diseases and lung cancer research group, imim-hospital del mar, parc de salut mar, health and experimental sciences department (cexs), universitat pompeu fabra (upf), universitat autònoma de barcelona, parc de recerca biomèdica de barcelona (prbb), 08003 barcelona, spain",1
2651,"pulmonology department-muscle wasting and cachexia in chronic respiratory diseases and lung cancer research group, imim-hospital del mar, parc de salut mar, health and experimental sciences department (cexs), universitat pompeu fabra (upf), parc de recerca biomèdica de barcelona (prbb), 08003 barcelona, spain",1
2652,"pulmonology department-muscle wasting and cachexia in chronic respiratory diseases and lung cancer research group, imim-hospital del mar, parc de salut mar, health and experimental sciences department (cexs), universitat pompeu fabra (upf), barcelona biomedical research park (prbb), 08003 barcelona, spain",1
2653,"pulmonology department-muscle wasting and cachexia in chronic respiratory diseases and lung cancer research group, imim-hospital del mar, parc de salut mar, department of medicine and life sciences (melis), universitat pompeu fabra (upf), barcelona biomedical research park (prbb), dr. aiguader, 88, e-08003 barcelona, spain; centro de investigación en red de enfermedades respiratorias (ciberes), instituto de salud carlos iii (isciii), monforte de lemos, 5, e-28029 madrid, spain; pulmonology department, hospital universitari mutua terrassa, barcelona, spain.",1
2654,"pulmonology department-muscle wasting and cachexia in chronic respiratory diseases and lung cancer research group, imim-hospital del mar, parc de salut mar, department of medicine and life sciences (melis), universitat pompeu fabra (upf), barcelona biomedical research park (prbb), dr. aiguader, 88, e-08003 barcelona, spain; centro de investigación en red de enfermedades respiratorias (ciberes), instituto de salud carlos iii (isciii), monforte de lemos, 5, e-28029 madrid, spain. electronic address: ebarreiro@researchmar.net.",1
2655,"pulmonology department-muscle wasting and cachexia in chronic respiratory diseases and lung cancer research group, imim-hospital del mar, parc de salut mar, department of medicine and life sciences (melis), universitat pompeu fabra (upf), barcelona biomedical research park (prbb), dr. aiguader, 88, e-08003 barcelona, spain; centro de investigación en red de enfermedades respiratorias (ciberes), instituto de salud carlos iii (isciii), monforte de lemos, 5, e-28029 madrid, spain.",1
2656,"pulmonology department-muscle wasting and cachexia in chronic respiratory diseases and lung cancer research group, imim-hospital del mar, parc de salut mar, department of medicine and life sciences (melis), universitat pompeu fabra (upf), barcelona biomedical research park (prbb), dr. aiguader, 88, e-08003 barcelona, spain.",1
2657,"pulmonology department, lung cancer and muscle research group, hospital del mar-imim, parc de salut mar, health and experimental sciences department (cexs), universitat pompeu fabra (upf), ciberes, 08002 barcelona, spain",1
2658,"pulmonology department-muscle wasting and cachexia in chronic respiratory diseases and lung cancer research group, hospital del mar-imim (parc de salut mar), health and experimental sciences department (dcexs), universitat pompeu fabra (upf), barcelona biomedical research park (prbb), barcelona, spain; centro de investigación en red de enfermedades respiratorias (ciberes), instituto de salud carlos-iii (isciii), barcelona, spain. electronic address: darodriguez@parcdesalutmar.cat.",1
2659,"pulmonology department-muscle wasting and cachexia in chronic respiratory diseases and lung cancer research group, hospital del mar-imim (parc de salut mar), health and experimental sciences department (dcexs), universitat pompeu fabra (upf), barcelona biomedical research park (prbb), barcelona, spain; centro de investigación en red de enfermedades respiratorias (ciberes), instituto de salud carlos-iii (isciii), barcelona, spain.",1
2660,"pulmonology department-muscle wasting and cachexia in chronic respiratory diseases and lung cancer research group, hospital del mar-imim (parc de salut mar), health and experimental sciences department (dcexs), universitat pompeu fabra (upf), barcelona biomedical research park (prbb), barcelona, spain.",1
2661,"pulmonology department-muscle wasting and cachexia in chronic respiratory diseases and lung cancer research group, del mar hospital medical research unit, parc de salut mar, barcelona biomedical research park, barcelona, spain",1
2662,"pulmonology department, muscle wasting and cachexia in chronic respiratory diseases and lung cancer research group, imim-hospital del mar, parc de salut mar, barcelona, spain",1
2663,"pulmonology department, muscle wasting & cachexia in chronic respiratory diseases & lung cancer research group, hospital del mar-imim, parc de salut mar, health and experimental sciences department (cexs), universitat pompeu fabra (upf), medical school, universitat autònoma de barcelona, parc de recerca biomèdica de barcelona (prbb), barcelona, spain",1
2664,"pulmonology department, muscle wasting & cachexia in chronic respiratory diseases & lung cancer research group, hospital del mar-imim, parc de salut mar,",1
2665,"pulmonology department, muscle wasting & cachexia in chronic respiratory diseases & lung cancer research group, hospital del mar-imim, parc de salut mar, health and experimental sciences department (cexs), universitat pompeu fabra (upf), parc de recerca biomèdica de barcelona (prbb), barcelona, spain",1
2666,"pulmonology department-muscle wasting and cachexia in chronic respiratory diseases and lung cancer research group, imim-hospital del mar, parc de salut mar, department of medicine and life sciences (melis), universitat pompeu fabra (upf), barcelona biomedical research park (prbb), 08003 barcelona, spain",1
2667,"colorectal unit, general and digestive surgery department, del mar university hospital, barcelona",1
2668,"comité de grados de separ, ex-miembrodel management council del european board for accreditation inpneumology(ebap,2015-19), servicio de neumología, hospital del mar-imim, dcexs, universidad pompeu fabra, ciberes, isciii, barcelona, spain",1
2669,"colorectal surgery department, hospital general universitario gregorio marañón, 28007 madrid, spain",1
2670,"colorectal surgery department, hospital del mar de barcelona, 08003 barcelona, spain",1
2671,"colorectal surgery unit, hospital universitario marques de valdecilla, santander, spain",1
2672,"comunidad terapéutica jaén servicio andaluz de salud, 23001 jaen, spain",1
2673,"comunidad terapéutica jaén servicio andaluz de salud, jaén, spain.",1
2674,"comunidad terapéutica jaén, servicio andaluz de salud, jaen, spain",1
2675,"conselleria de agricultura, desarrollo rural, emergencia climática y transición ecológica dirección general del medio natural, servicio de vida silvestre  valencia spain",1
2676,"consorci hospitalari de vic, vic, barcelona, españa",1
2677,"consorci hospitalari de vic, vic, spain",1
2678,"consorci mar parc de salut de barcelona, 08003 barcelona, spain",1
2679,"consorci parc de salut mar de barcelona, human resources department, barcelona, spain",1
2680,"consorci parc de salut mar de barcelona, methodology and quality in nursing care, barcelona, spain",1
2681,"consorci parc de salut mar de barcelona, methodology, quality and nursing research department, barcelona, spain.",1
2682,"composting research group (gicom) dept. of chemical, biological and environmental engineering, universitat autònoma de barcelona, 08193, bellaterra, barcelona, spain",1
2683,"composting research group (gicom), dept. of chemical, biological and environmental engineering, universitat autònoma de barcelona, 08193 bellaterra, barcelona, spain",1
2684,"clinical pharmacology department, consorcio parc salut marinstituto hospital del mar de investigaciones médicas (imim)universidad autónoma de barcelona (uab), barcelona, spain",1
2685,"clinical pharmacology department, hospital universitario virgen de la victoria, ibima_plataforma bionand, universidad de málaga, 29071 malaga, spain",1
2686,"cognitive impairment and movement disorders unit, department of neurology, hospital del mar medical research institute (imim), barcelona, spain",1
2687,"clinical pharmacology department, hospital del mar barcelona, clinical research unit research hospital del mar research institute, universitat pompeu fabra (upf), 08002 barcelona, spain",1
2688,"clinical pharmacology service, hospital de la santa creu i sant pau, iib sant pau, barcelona, spain",1
2689,"clinical hematology department, hospital del mar, barcelona, spain",1
2690,"clinical hematology department, institut català d’oncologia, hospital germans trias i pujol, badalona, josep carreras leukemia research institute, universitat autònoma de barcelona, bellaterra, spain",1
2691,"clinical microbiology department, hospital general universitario gregorio marañón, madrid, spain",1
2692,"clinical microbiology department, hospital general universitario gregorio marañón, spain",1
2693,"clinical microbiology and infectious diseases department, hospital general universitario gregorio marañón, instituto de investigación sanitaria gregorio marañón, madrid, spain",1
2694,"clinical microbiology and infectious diseases department. hospital general universitario gregorio marañón, instituto de investigación sanitaria gregorio marañón, madrid, spain",1
2695,"clinical neuroscience research, unitat trastorns cognitius, irblleida, santa maria university hospital, lleida, spain.",1
2696,"clínica de la mujer medicina reproductiva, alejandro navarrete 2606, viña del mar, chile",1
2697,"cognitive decline unit, department of neurology hospital del mar  barcelona spain",1
2698,"cognitive decline unit, department of neurology, hospital del mar, barcelona, spain",1
2699,"cognitive decline and movement disorders unit, neurology department, hospital del mar, barcelona, spain.",1
2700,"cognitive disorders and psychogeriatry, institut de neuropsiquiatria i addiccions, centre emili mira, parc de salut mar, barcelona, spain",1
2701,"cognitive impairment and dementia unit, hospital sagrat cor, hermanas hospitalarias, martorell, barcelona, spain",1
2702,"clinical research unit, imim- hospital del mar medical research institute, barcelona, spain",1
2703,"critical care department, research group in critical disorders (grepac), imim, hospital del mar, barcelona, spain",1
2704,"consorci parc de salut mar de barcelona, methodology, quality and nursing research department, barcelona, spain; hospital del mar institute of medical research (imim), research group in nursing care (greci), barcelona, spain. electronic address: 88119@parcdesalutmar.cat.",1
2705,"critical care department—hospital del mar, 08003 barcelona, spain",1
2706,"critical care dept, hospital del mar-imim, barcelona, spain",1
2707,"critical illness research group (grepac), hospital del mar research institute (imim), barcelona, spain.",1
2708,"critical illness research group (grepac), institut hospital del mar d'investigacions mèdiques (imim), barcelona, spain",1
2709,"critical illness research group (grepac), institut hospital del mar d'investigacions mèdiques (imim), spain",1
2710,"critical illness research group (grepac), institut hospital del mar d’investigacions mèdiques (imim), 08003 barcelona, spain",1
2711,"critical illness research group (grepac), institut hospital del mar d’investigacions mèdiques (imim), barcelona, spain",1
2712,"critical care department, grepac, institut hospital del mar d’investigacions mèdiques (imim), hospital del mar, 08003 barcelona, spain",1
2713,"critical care department, hospital universitari de vic, vic, barcelona, spain",1
2714,"critical care department, hospital del mar-imim, 08003 barcelona, spain",1
2715,"critical care department, hospital del mar de barcelona, barcelona, spain.",1
2716,"critical care department, hospital del mar, 08003 barcelona, spain",1
2717,"critical care department, hospital del mar, barcelona, spain, and the critical illness research group (grepac), institut hospital del mar d'investigacions mèdiques (imim), barcelona, spain",1
2718,"critical care department, hospital del mar, barcelona, spain.",1
2719,"critical care department, hospital del mar, barcelona, spain; critical ill patient research group (grepac),",1
2720,"critical care department, hospital del mar, critical illness research group (grepac), institut hospital del mar d'investigacions mèdiques (imim), barcelona, spain",1
2721,"depart. of food and animal sciences, universitat autònoma de barcelona, bellaterra 08193, spain",1
2722,"departament d'enginyeria electrònica, escola d'enginyeria, universitat autònoma de barcelona, bellaterra 08193, spain",1
2723,"departament d'estratigrafia, paleontologia i geociències marines, facultat de ciències de la terra universitat de barcelona  barcelona spain",1
2724,"departament de biologia animal, biologia vegetal i ecologia (babve), universitat autònoma de barcelona, es-08193 bellaterra, catalonia, spain",1
2725,"departament de biologia animal, biologia vegetal i ecologia, edifici c. universitat autònoma de barcelona, 08193 bellaterra, catalonia, spain",1
2726,"departament de biologia animal, biologia vegetal i ecologia, facultat de biociències, universitat autònoma de barcelona (uab) , 08193 bellaterra, catalonia, spain",1
2727,"departament de biologia animal, biologia vegetal i ecologia, universitat autònoma de barcelona, e-08193 bellaterra, spain",1
2728,"departament de biologia animal, de biologia vegetal i d'ecologia (bavbe),\r                    universitat autònoma de barcelona\r                    , bellaterra 08193 barcelona,\r                    spain",1
2729,"departament de biologia cellular, fisiologia i immunologia, facultat de biociencies, universitat autonoma de barcelona (uab), 08193 bellaterra, barcelona, spain",1
2730,"departament de biologia cellular, fisiologia i immunologia, universitat autònoma de barcelona, bellaterra, cerdanyola del vallès e-08193, spain",1
2731,"cytogenetics and hematological genetics services, department of genetics, university of navarra, 31008 pamplona, spain",1
2732,"cátedra de psiquiatría, departamento de psiquiatría y medicina legal, universidad autónoma de barcelona, institut neuropsiquiatria i addiccions, parc de salut mar, barcelona, spain.",1
2733,"depart. of biology, institute of marine science (inmar), university of cadiz, spain",1
2734,"dentaid research center, cerdanyola del vallès, spain",1
2735,"deparment of endocrinology & nutrition, hospital del mar, imim institut mar d'investigacions mediques. parc de salut mar, barcelona, spain",1
2736,"consorcio ciber, m.p. fisiopatología de la obesidad y la nutrición (ciberobn), instituto de salud carlos iii (isciii), madrid, spain; department of preventive medicine and public health, idisna, university of navarra, pamplona, spain; primary health care, servicio navarro de salud, navarra, spain",1
2737,"consorcio ciber, m.p. fisiopatología de la obesidad y la nutrición (ciberobn), instituto de salud carlos iii (isciii), madrid, spain; unit of cardiovascular risk and nutrition, institut hospital del mar d’investigacions mèdiques (imim), barcelona, spain",1
2738,"consorcio centro de investigación biomédica en red, m.p. fisiopatología de la obesidad y nutrición, instituto de salud carlos iii, madrid, spain; cardiovascular risk and nutrition, hospital del mar medical research institute, barcelona, spain.",1
2739,"consorcio centro de investigación biomédica en red, m.p. fisiopatología de la obesidad y nutrición, instituto de salud carlos iii, madrid, spain; cardiovascular risk and nutrition, hospital del mar medical research institute, barcelona, spain; school of health sciences, blanquerna-ramon llull university, barcelona, spain.",1
2740,"consorcio centro de investigación biomédica en red, m.p. fisiopatología de la obesidad y nutrición, instituto de salud carlos iii, madrid, spain; imim, endocrinology and diabetes unit, hospital del mar, barcelona, spain; departament de medicina, universitat autónoma de barcelona, spain.",1
2741,"consorcio centro de investigación biomédica en red, m.p. fisiopatología de la obesidad y nutrición, instituto de salud carlos iii, madrid, spain; research institute of biomedical and health sciences (iuibs), university of las palmas de gran canaria & centro hospitalario universitario insular materno infantil (chuimi), canarian health service, las palmas de gran canaria, spain.",1
2742,"consorcio centro de investigación biomédica en red, m.p. fisiopatología de la obesidad y nutrición, instituto de salud carlos iii, madrid, spain; virgen de la victoria hospital, department of endocrinology, instituto de investigación biomédica de málaga (ibima), university of málaga, 29010 málaga, spain.",1
2743,"consorci parc de salut mar, barcelona, spain",1
2744,"consorci sanitari del maresme, mataro, spain",1
2745,"consorci d'atenció primària de salut barcelona esquerra, isglobal, barcelona, idibaps, barcelona, españa",1
2746,"consorci del laboratori intercomarcal de l'alt penedès, l'anoia i el garraf, barcelona.",1
2747,"consulta de riesgo cardiovascular, servicio de medicina interna, complejo asistencial universitario de palencia, palencia, españa",1
2748,"consulta de riesgo vascular, servicio de medicina interna, complejo asistencial universitario de palencia, palencia",1
2749,"consultant, national cancer institute, rockville, maryland, usa",1
2750,"consultation-liaison service, department of psychiatry, institut de neurociències, universitat de barcelona, hospital clínic i provincial de barcelona, barcelona, spain",1
2751,"consultation-liaison service, department of psychiatry, institut de neurociències. universitat de barcelona, hospital clínic i provincial de barcelona, barcelona, spain",1
2752,"coordinator department of nursing methodology, quality and research, parc de salut mar, barcelona, spain",1
2753,"cornell population center, cornell university, martha van rensselaer hall, ithaca, 14850, new york, united states of america. ap963@cornell.edu.",1
2754,"consorcio de investigación biomédica en red de epidemiología y salud pública (ciberesp), madrid, spain; isglobal, hospital clínic - universitat de barcelona, barcelona, spain",1
2755,"centro de investigación biomédica en red de bioingeniería, biomateriales y nanomedicina, instituto de salud carlos iii, e-08913 bellaterra, spain",1
2756,"centro de investigación biomédica en red de salud mental (cibersam), spain; servicio de psiquiatría y salud mental. hospital el bierzo, gerencia de asistencia sanitaria del bierzo (gasbi), gerencia regional de salud de castilla y león (sacyl). ponferrada (león), spain; área de medicina y salud pública, departamento de ciencias de la salud, universidad de león, león, spain",1
2757,"centro de investigación biomédica en red de enfermedades respiratorias (ciberes), (biomedical research networking center on respiratory diseases (ciberes), instituto de salud carlos iii, madrid, spain; servicio de neumología, departamento de medicina, hospital universitario vall d'hebron, universidad autónoma de barcelona, cataluña, spain.",1
2758,"centro de investigación biomédica en red de enfermedades respiratorias (ciberes), (biomedical research networking center on respiratory diseases (ciberes), instituto de salud carlos iii, madrid, spain; servicio de neumología, departamento de medicina, hospital universitario vall d'hebron, universidad autónoma de barcelona, cataluña, spain; servicio neumologia hospital vall d'hebron, barcelona, spain; ciber de enfermedades respiratorias ciberes, barcelona, spain; departamento de biología celular, fisiología e inmunología univertsidad autónoma de barcelona, cataluña, spain.",1
2759,"centro de investigación biomédica en red de enfermedades respiratorias (ciberes), (biomedical research networking center on respiratory diseases (ciberes), instituto de salud carlos iii, madrid, spain; servicio de neumología, hospital universitario la paz-idipaz-departamento de medicina, universidad autónoma de madrid, madrid, spain.",1
2760,"centro de investigación biomédica en red de enfermedades respiratorias (ciberes), (biomedical research networking center on respiratory diseases (ciberes), instituto de salud carlos iii, madrid, spain; servicio de neumología, hospital del mar-universitat pompeu fabra (upf), barcelona, spain; institut hospital del mar d'investigacions mediques (imim), ciberes (isciii), barcelona, spain.",1
2761,"centro de investigaciones biomédicas en red epidemiología y salud pública (ciberesp), instituto hospital del mar de investigaciones médicas (imim), barcelona, españa",1
2762,"centro de investigaciones biomédicas en red epidemiología y salud pública (ciberesp), instituto hospital del mar de investigaciones médicas (imim), barcelona, spain",1
2763,"centro de investigación biomédica en red (ciber), bioingeniería, biomateriales y nanomedicina, 08193 cerdanyola del vallès, spain",1
2764,"centro salud mental adultos (csma), institute of neuropsychiatry and addictions (inad), parc de salut mar, spain",1
2765,"centro salud mental infanto-juvenil, hospital del mar barcelona, barcelona, spain",1
2766,"centro salud mental infanto-juvenil, parc de salut mar, barcelona, spain",1
2767,"centro salud san vicente del raspeig, alicante, spain",1
2768,"centro de atención primaria la marina, instituto catalán de la salud, barcelona, españa",1
2769,"centro de atención primaria manuel encinas, cáceres, spain",1
2770,"centro de atención primaria terrassa sud, barcelona, spain",1
2771,"centro de atención primaria de sarrià, barcelona, spain",1
2772,"centro de investigacion biomédica en red en bioingeniería, biomateriales y nanomedicina (ciber-bbn), 08193 cerdanyola del vallés, spain",1
2773,"centro de investigación biomédica en red fisiopatología de la obesidad y la nutrición (ciberobn), institute of health carlos iii, madrid, spain; research institute of biomedical and health sciences (iuibs), university of las palmas de gran canaria & centro hospitalario universitario insular materno infantil (chuimi), canarian health service, las palmas de, gran canaria, spain.",1
2774,"centro de investigación biomédica en red fisiopatología de la obesidad y la nutrición (ciberobn), institute of health carlos iii, madrid, spain; unit of cardiovascular risk and nutrition, hospital del mar medical research institute (imim), barcelona, spain.",1
2775,"centro de investigación biomédica en red fisiopatología de la obesidad y la nutrición (ciberobn), institute of health carlos iii, madrid, spain; virgen de la victoria hospital, department of endocrinology, instituto de investigación biomédica de málaga (ibima), university of málaga, málaga, spain.",1
2776,"centro de investigación biomédica en red sobre enfermedades neurodegenerativas (ciberned), campus uab, 08193 cerdanyola del vallès, spain",1
2777,"centro de investigación biomédica en red fisiopatología de la obesidad y la nutrición (ciberobn), institute of health carlos iii, madrid, spain; bioaraba health research institute, cardiovascular, respiratory and metabolic area, osakidetza basque health service, araba university hospital, university of the basque country upv/ehu, vitoria-gasteiz, spain.",1
2778,"centro de investigación biomédica en red fisiopatología de la obesidad y la nutrición (ciberobn), institute of health carlos iii, madrid, spain; department of family medicine, research unit, distrito sanitario atención primaria sevilla, sevilla, spain.",1
2779,"centro de salud san pablo, servicios de atención primaria, servicio andaluz de salud, sevilla, spain",1
2780,"centro de salud torrekúa, osakidetza-servicio vasco de salud, eibar, spain",1
2781,"centro de salud de jerez sur, servicio andaluz de salud, jerez de la frontera, spain",1
2782,"centro de salud de zarracina, servicio de atención primaria, servicio de salud del principado de asturias (sespa)  oviedo spain",1
2783,"centro de salud la candelaria, servicio andaluz de salud, seville, spain",1
2784,centro de salud de tafalla gerencia de atención primaria servicio navarro de salud osasunbidea instituto de investigación sanitaria de navarra (idisna)  pamplona spain,1
2785,"chemical analysis service, faculty of science, autonomous university of barcelona (uab), 08193 bellaterra (cerdanyola del vallès), barcelona, spain",1
2786,"chief nursing officer, hospital del mar, barcelona, spain",1
2787,"centro de salud de los corrales de buelna, servicio cántabro de salud, los corrales de buelna, spain",1
2788,"centro de salud basurto, osakidetza-servicio vasco de salud, bilbao, spain",1
2789,"centro de salud cicero, servicio cántabro de salud, gama, spain",1
2790,"centro de salud cotolino, servicio cántabro de salud, castro urdiales, spain",1
2791,"centro de salud dobra, servicio cántabro de salud, torrelavega, spain",1
2792,"centro de salud jerez sur, servicio andaluz de salud, cadiz, spain",1
2793,"centro de salud josé marvá, madrid, spain",1
2794,centro de salud la candelaria. servicio andaluz de salud,1
2795,"centro de salud la corredoria, servicio de salud del principado de asturias, oviedo, spain",1
2796,"centro de salud la habana-cuba, osakidetza-servicio vasco de salud, vitoria, spain",1
2797,"centro de salud liebana, servicio cántabro de salud, potes, spain",1
2798,"centro de salud los castros, servicio cántabro de salud, cantabria, spain",1
2799,"centro de salud los castros, servicio cántabro de salud, santander, cantabria, spain",1
2800,"centro de salud mental infantil y juvenil (csmij), institute of neuropsychiatry and addictions (inad), parc de salut mar, spain",1
2801,"climate and health program, barcelona institute for global health, barcelona, spain",1
2802,"chief nursing officers. hospital del mar, parc de salut mar, barcelona, spain",1
2803,"clinical biochemistry department, osakidetza basque health service, donostialdea integrated health organisation , san sebastian , spain",1
2804,"clinical epidemiology and healthcare services, institut d'investigació biomèdica sant pau iib sant pau, barcelona, catalunya, spain",1
2805,"child and adolescent psychiatry department, hospital general universitario gregorio marañón. school of medicine, universidad complutense, iisgm, madrid, spain",1
2806,"child and adolescent psychiatry department, institute of psychiatry and mental health, hospital general universitario gregorio marañón iisgm, school of medicine  madrid spain",1
2807,"child and adolescent psychiatry service, hospital clinic of barcelona, cibersam, barcelona, spain",1
2808,"childhood and environment, isglobal, barcelona, spain",1
2809,"children's mental health centre, department of mental health consorci sanitari del maresme  mataró spain",1
2810,"cisal-centro de investigación en salud laboral, hospital del mar research institute/upf, barcelona, spain",1
2811,"cisal-centro de investigación en salud laboral, imim/upf, barcelona, spain",1
2812,"cisal-centro de investigación en salud laboral, universidad pompeu fabra/imim",1
2813,cisal‐centro de investigación en salud laboral imim/upf barcelona spain,1
2814,"centro de investigación biomédica en red, bioingeniería, biomateriales y nanomedicina (ciber-bbn), 08193 cerdanyola del vallès, spain",1
2815,"centro de investigación biomédica en red: bioingeniería, biomateriales y nanomedicina (ciber-bbn), 08193 cerdanyola del vallès, spain",1
2816,"centro de investigación biomédica en red de salud mental, instituto de salud carlos iii, madrid, spain; department of psychiatry, hospital de la santa creu i sant pau, institut d’investigació biomèdica-sant pau (iib-sant pau), barcelona, spain; neuropsiquiatria i addicions, hospital del mar. imim (hospital del mar medical research institute), barcelona, spain; salut mental parc taulí. sabadell (barcelona), hospital universitari–uab universitat autònoma de barcelona, barcelona, spain",1
2817,"centro de investigación biomédica en red de salud mental, instituto de salud carlos iii, madrid, spain; psychiatry service, hospital clínico universitario de valencia, valencia, spain",1
2818,"centro de investigación biomédica en red en enfermedades infecciosas (ciberinfec), instituto de salud carlos iii, madrid, spain; servicio de microbiología clínica, facultad de medicina, departamento de biomedicina y biotecnología, hospital universitario príncipe de asturias - universidad de alcalá, alcalá de henares, spain",1
2819,"centro de investigación en salud laboral (cisal), universidad pompeu fabra, imim- psmar, barcelona",1
2820,"centro de investigación en salud laboral (cisal), universidad pompeu fabra. imim- psmar, barcelona, españa. ciber de epidemiología y salud pública. barcelona, españa",1
2821,"centro de investigación en salud laboral, universidad pompeu fabra/hospital del mar, barcelona, españa. ciber de epidemiología y salud pública (ciberesp), españa",1
2822,"centro de investigación en salud laboral, universitat pompeu fabra / hmri - hospital del mar research institute, barcelona, catalunya, españa mireia.utzet@upf.edu.",1
2823,"centro de investigación biomédica en red: bioingeniería, biomateriales y nanomedicina , 08193 , cerdanyola del vallès , spain",1
2824,"centro de investigação em saúde de manhiça (cism), maputo, mozambique; isglobal, hospital clínic - universitat de barcelona, barcelona, spain",1
2825,"centro de investigación en salud laboral, universitat pompeu fabra, imim psmar, barcelona",1
2826,"centro de investigación biomédica en red: bioingeniería, biomateriales y nanomedicina, cerdanyola del vallès 08193, spain",1
2827,"centro de investigación traslacional san alberto magno, facultad de medicina y ciencias de la salud, universidad católica de valencia san vicente mártir, valencia, spain",1
2828,"centro de investigación traslacional san alberto magno, universidad católica de valencia san vicente mártir, valencia, spain",1
2829,"centro de investigación en biodiversidad y cambio global (cibc-uam), universidad autónoma de madrid, 28049 madrid, spain",1
2830,"centro de investigación en biodiversidad y cambio global, universidad autónoma de madrid, 28049 madrid, spain",1
2831,"centro de investigación en biodiversidad y cambio global. universidad autónoma de madrid, madrid, spain",1
2832,"department of cardiology, heart failure program, hospital del mar, barcelona, spain",1
2833,"department of cardiology, hospital del mar , passeig marítim de la barceloneta, 25-29, 08003 barcelona , spain",1
2834,"department of cardiology, hospital del mar – parc de salut mar, barcelona, spain",1
2835,"department of cardiology, hospital del mar, 08003 barcelona, spain",1
2836,"department of cardiology, hospital del mar, barcelona, 08003, spain",1
2837,"department of cardiology, hospital del mar-imim, 08003 barcelona, spain",1
2838,"department of bioscience, aarhus university , aarhus c dk-8000 , denmark",1
2839,"department of biosciences, u science tech, universitat de vic-universitat central de catalunya , vic 08500, catalonia, spain",1
2840,"department of biosciences, u science tech, universitat de vic-universitat central de catalunya, catalonia, spain",1
2841,"department of biosciences, u science tech, universitat de vic-universitat central de catalunya, vic 08500 catalonia, spain",1
2842,"department of biosciences, u science tech, universitat de vic-universitat central de catalunya, vic, spain",1
2843,"department of biosciences, university of vic-central university of catalonia, vic, barcelona, spain",1
2844,"department of cardiology, bispebjerg hospital, copenhagen, denmark",1
2845,"department of chemistry, university of girona, maria aurèlia capmany 69, 17003 girona, spain",1
2846,department of child and adolescent psychiatry institute of psychiatry and mental health hospital general universitario gregorio marañon cibersam iisgm school of medicine universidad complutense madrid spain,1
2847,"department of child and adolescent psychiatry institute of psychiatry and mental health, hospital general universitario gregorio marañón, iisgm, cibersam  madrid spain",1
2848,"department of child and adolescent psychiatry institute of psychiatry and mental health, hospital general universitario gregorio marañón, iisgm, cibersam madrid spain",1
2849,"department of child and adolescent psychiatry, hospital genera l universitari o gregorio marañón, instituto de investigación sanitaria gregorio marañón and school of medicine, universidad complutense de madrid, madrid, spain",1
2850,"department of child and adolescent psychiatry, hospital general universitario gregorio marañón, instituto de investigación sanitaria gregorio marañón (iisgm), madrid, spain",1
2851,"department of child and adolescent psychiatry, hospital general universitario gregorio marañón, instituto de investigación sanitaria gregorio marañón and school of medicine, universidad complutense de madrid, madrid, spain",1
2852,"department of child and adolescent psychiatry, hospital general universitario gregorio marañón, instituto de investigación sanitaria gregorio marañón, madrid, spain",1
2853,"department of child and adolescent psychiatry, hospital general universitario gregorio marañón, instituto de investigación sanitaria gregorio marañón, school of medicine, universidad complutense de madrid, spain",1
2854,"department of cell biology, physiology and immunology universitat autonòma de barcelona  bellaterra catalonia spain",1
2855,"department of cell biology, physiology and immunology universitat autonòma de barcelona  bellaterra spain",1
2856,"department of cell biology, physiology and immunology universitat autònoma de barcelona  bellaterra spain",1
2857,"department of cell biology, physiology and immunology, institute of neurosciences and ciberned, universitat autònoma de barcelona, bellaterra, spain",1
2858,"department of chemistry, autonomous university of barcelona (uab), campus uab, bellaterra, 08193 barcelona, spain",1
2859,"department of cell death and proliferation, iibb-csic, unidad asociada imim/iibb-csic",1
2860,"department of cell death and proliferation, iibb-csic, unidad asociada imim/iibb-csic, centro de investigación biomédica en red de enfermedades cardiovasculares (cibercv), and idibaps, barcelona, spain. electronic address: pablo.garcia@iibb.csic.es.",1
2861,"department of cell death and proliferation, institute of biomedical research of barcelona (iibb)-csic and institut d'investigacions biomèdiques august pi sunyer (idibaps), barcelona, spain; cancer research program, hospital del mar research institute (hmri), unidad asociada iibb-csic, barcelona, spain. electronic address: pilar.navarro@iibb.csic.es.",1
2862,"department of chemical, biological and environmental engineering, xrb, universitat autònoma de barcelona (uab), bellaterra, spain",1
2863,"department of chemistry, autonomous university of barcelona (uab), 08193 cerdanyola del vallès, spain",1
2864,"department of anaesthesiology, hospital del mar medical research institute (imim), barcelona, spain.",1
2865,"department of anesthesia, hospital del mar, barcelona, spain",1
2866,"department of anesthesia, hospital del mar, e-08003 barcelona, spain",1
2867,"department of anesthesiology and surgical intensive care, hospital del mar, parc de salut mar. hospital del mar research institute, barcelona, spain",1
2868,"department of anesthesiology, hospital del mar-imim, barcelona, spain",1
2869,"department of anesthesiology, hospital del mar. imim (hospital del mar medical research institute) universitat autònoma de barcelona  barcelona spain",1
2870,"department of anesthesiology, hospital del mar. institut hospital del mar d'investigacions mèdiques (imim), universitat autònoma de barcelona, barcelona, spain",1
2871,"department of anesthesiology, parc de salut mar, institut municipal d'investigació médica, universitat autónoma de barcelona, spain. electronic address: amontes@psmar.cat.",1
2872,"department of animal biology, plants and ecology (babve), sciences building, universitat autònoma de barcelona, 08193, bellaterra, catalonia, spain",1
2873,"department of animal and food science, school of veterinary science, universitat autònoma de barcelona, cerdanyola del vallès, 08193 barcelona, spain",1
2874,"department of anesthesiology and surgical intensive care, hospital del mar, parc de salut mar. institut hospital del mar d’investigacions mèdiques (imim), barcelona, spain",1
2875,"department of anaesthesia, hospital general universitario gregorio marañón, madrid, spain",1
2876,"department of anaesthesia, parc de salut mar, barcelona, spain",1
2877,department of anaesthesiology hospital universitario marqués de valdecilla  santander spain,1
2878,"department of anaesthesiology and surgical intensive care, hospital del mar, imim (hospital del mar research institute), 08003 barcelona, spain",1
2879,"department of biochemistry and molecular biology, faculty of biosciences, universitat autònoma de barcelona, e-08193 bellaterra, spain",1
2880,"department of biochemistry and molecular biology, universitat autònoma de barcelona, bellaterra, 08193, spain",1
2881,"department of biochemistry, molecular biology and biomedicine, autonomous university of barcelona, campus de bellaterra, 08193 barcelona, spain",1
2882,"department of biogeography and global change (bgc–mncn), museo nacional de ciencias naturales, csic, c/ serrano 115 bis, e-28006 madrid, spain.",1
2883,"department of biomedical research in heart diseases, hospital del mar institute for medical research (imim), barcelona, spain",1
2884,"department of biomedical research in heart diseases, hospital del mar institute for medical research, barcelona, spain",1
2885,"department of biochemistry and molecular biology and institute of neurosciences, edifici h, universitat autònoma de barcelona, 08193 bellaterra, spain",1
2886,"department of basic, developmental and educational psychology, faculty of psychology, universitat autònoma de barcelona, 08193 cerdanyola del vallès, spain",1
2887,"department of basic, developmental and educational psychology, autonomous university of barcelona, 08193 cerdanyola del vallès, spain",1
2888,"department of dermatology hospital del mar – institut hospital del mar d’investigacions mèdiques (imim), universitat autònoma de barcelona (uab) barcelona spain",1
2889,"department of dermatology hospital del mar, universitat autònoma  barcelona spain",1
2890,"department of dermatology hospital del mar, universitat autònoma de barcelona barcelona spain",1
2891,"department of dermatology hospital del mar. parc de salut mar, universitat autònoma de barcelona  barcelona spain",1
2892,"department of dermatology hospital del mar‐ institut mar d'investigacions mèdiques, universitat autònoma de barcelona (uab)  barcelona spain",1
2893,"department of dermatology hospital del mar‐ institut mar d'investigacions mèdiques, universitat autònoma de barcelona (uab) and universitat pompeu fabra (upf)  barcelona spain",1
2894,department of dermatology hospital del mar‐ institut mar d’investigacions mèdiques universitat autònoma de barcelona (uab) barcelona spain,1
2895,department of dermatology hospital del mar‐institut d’investigacions mèdiques (imim) universitat pompeu fabra de barcelona  barcelona spain,1
2896,"department of dermatology hospital del mar‐ institut mar d'investigacions mèdiques, universitat autònoma de barcelona (uab)  barcelona spain",1
2897,"department of dermatology, ceimi hospital general universitario gregorio marañón, madrid, spain",1
2898,"department of dermatology, ceimi, hospital general universitario gregorio marañón , madrid , spain",1
2899,"department of dermatology, ceimi, hospital general universitario gregorio marañón, madrid, spain",1
2900,"department of child and adolescent psychiatry, hospital general universitario gregorio marañón, school of medicine, institute of psychiatry and mental health, universidad complutense, iisgm, madrid, spain",1
2901,department of dermatology hospital del mar universitat autònoma de barcelona barcelona spain,1
2902,department of dermatology hospital universitario marqués de valdecilla  santander spain,1
2903,"department of dermatology, hospital universitario gregorio marañón, madrid, spain",1
2904,"department of dermatology, hospital universitario virgen de la victoria , málaga , spain",1
2905,"department of clinical microbiology and infectious diseases, gregorio marañon university hospital, madrid, spain. gregorio marañón biomedical research institute, madrid, spain. department of medicine, complutense university of madrid, madrid, spain. ciberes (cb06/06/0058), madrid, spain",1
2906,"department of clinical microbiology and infectious diseases, hospital general universitario gregorio maran ˜o ´n, madrid, spain",1
2907,"department of clinical microbiology and infectious diseases, hospital general universitario gregorio marañón, madrid, spain",1
2908,"department of clinical microbiology, hospital clínic, barcelona, spain; isglobal, hospital clínic - universitat de barcelona, barcelona, spain",1
2909,"department of clinical microbiology and infectious diseases, hospital gregorio marañón, madrid, spain",1
2910,"department of child and adolescent psychiatry, hospital general universitario gregorio marañón, spain",1
2911,"department of child and adolescent psychiatry, institute of psychiatry and mental health hospital general universitario gregorio marañón  madrid spain",1
2912,"department of child and adolescent psychiatry, institute of psychiatry and mental health, hospital general universitario gregorio marañon, cibersam, iisgm, school of medicine, universidad complutense, madrid, spain",1
2913,"department of child and adolescent psychiatry, institute of psychiatry and mental health, hospital general universitario gregorio marañón (iisgm), madrid, spain",1
2914,"department of child and adolescent psychiatry, institute of psychiatry and mental health, hospital general universitario gregorio marañón, iisgm, cibersam,",1
2915,"department of child and adolescent psychiatry, institute of psychiatry and mental health, hospital general universitario gregorio marañón, iisgm, cibersam, isciii, school of medicine, universidad complutense, madrid, spain.",1
2916,"department of child and adolescent psychiatry, institute of psychiatry and mental health, hospital general universitario gregorio marañón, iisgm, cibersam, school of medicine, complutense university of madrid, madrid, spain",1
2917,"department of child and adolescent psychiatry, institute of psychiatry and mental health, hospital general universitario gregorio marañón, iisgm, cibersam, school of medicine, universidad complutense, madrid, spain",1
2918,"department of child and adolescent psychiatry, institute of psychiatry and mental health, hospital general universitario gregorio marañón, iisgm, madrid, spain",1
2919,"department of child and adolescent psychiatry, institute of psychiatry and mental health, hospital general universitario gregorio marañón, iisgm, school of medicine, universidad complutense, cibersam, madrid, spain",1
2920,"department of child and adolescent psychiatry, institute of psychiatry and mental health, hospital general universitario gregorio marañón, instituto de investigación sanitaria gregorio marañón (iisgm) , madrid , spain",1
2921,"department of child and adolescent psychiatry, institute of psychiatry and mental health, hospital general universitario gregorio marañón, instituto de investigación sanitaria gregorio marañón (iisgm), 28007 madrid, spain",1
2922,"department of child and adolescent psychiatry, institute of psychiatry and mental health, hospital general universitario gregorio marañón, instituto de investigación sanitaria gregorio marañón (iisgm), cibersam, isciii, school of medicine, universidad complutense, madrid, spain;",1
2923,"department of climatology,  meteorological service of catalonia",1
2924,"department of climatology, smc, meteorological service of catalonia, barcelona, spain",1
2925,"department of clinical & health psychology, autonomous university of barcelona (uab), 08193 bellaterra, spain",1
2926,"department of clinical & health psychology, autonomous university of barcelona, 08193 cerdanyola del vallès, spain",1
2927,"department of child and adolescent psychiatry, institute of psychiatry and mental health, hospital general universitario gregorio marañón, instituto de investigación sanitaria gregorio marañón (iisgm), cibersam, school of medicine, universidad complutense, madrid, spain",1
2928,"department of clinical and health psychology, faculty of psychology, universitat autònoma de barcelona, 08193 cerdanyola del vallès, spain",1
2929,"department of clinical and health psychology, faculty of psychology, universitat autònoma of barcelona, cerdanyola del vallès, spain",1
2930,"department of clinical and health psychology, universitat autònoma de barcelona cerdanyola del vallès, 08193 barcelona, spain",1
2931,"department of clinical and health psychology, universitat autònoma de barcelona, 08193 cerdanyola del vallès, spain",1
2932,"department of clinical and health psychology, universitat autònoma de barcelona, 08193 cerdanyola, spain",1
2933,"department of clinical and health psychology, universitat autònoma de barcelona, bellaterra, 08193 barcelona, spain",1
2934,"department of clinical and health psychology, universitat autònoma de barcelona, bellaterra, spain",1
2935,"department of clinical and health psychology, faculty of psychology, universitat autònoma de barcelona, cerdanyola del vallès, spain",1
2936,"departament de medicina, universitat autònoma de barcelona, barcelona, spain; institut hospital del mar d'investigacions mèdiques (imim), parc de salut mar, barcelona, spain; servicio de cardiología, hospital del mar, parc de salut mar, barcelona, spain.",1
2937,"departament de pediatria, d'obstetrícia i ginecologia i de medicina preventiva, universitat autònoma de barcelona (uab), bellaterra, barcelona, spain",1
2938,"department for radiology, hospital del mar, institut hospital del mar d’investigacions mèdiques, barcelona, spain.",1
2939,"departament de psicobiologia i metodologia de les ciències de la salut, universitat autònoma de barcelona (uab), cerdanyola del vallès, barcelona, spain",1
2940,"departament de psicobiologia i metodologia de les ciències de la salut, universitat autònoma de barcelona, cerdanyola del vallès, barcelona, spain",1
2941,"departament de psicobiologia i de metodologia de les ciències de la salut, universitat autònoma de barcelona, cerdanyola del vallès, barcelona, spain.",1
2942,"departament de psicologia clínica i de la salut, facultat de psicologia, universitat autònoma de barcelona,  bellaterra, cerdanyola del vallès, spain; departament de psicologia, facultat de psicologia clínica i de la salut. serra hunter fellow, universitat autònoma de barcelona, bellaterra, barcelona, spain; parc sanitari sant joan de déu, sant boi de llobregats, barcelona, spain",1
2943,"departament de psicologia clínica i de la salut, facultat de psicologia, universitat autònoma de barcelona, bellaterra, cerdanyola del vallès, barcelona, spain",1
2944,"departament de psicologia clínica i de la salut, facultat de psicologia, universitat autònoma de barcelona, cerdanyola del vallès, barcelona, spain",1
2945,"departament de psicologia, facultat de psicologia clínica i de la salut. serra hunter fellow, universitat autònoma de barcelona, bellaterra, barcelona, spain; department of research, centre d’higiene mental les corts, barcelona, spain",1
2946,"departament de psicologia, facultat de psicologia clínica i de la salut. serra húnter programme, universitat autònoma de barcelona, 08193 cerdanyola del vallès, spain",1
2947,"departament de pediatria, d’obstetrícia i ginecologia i de medicina preventiva i de salut publica, universitat autònoma de barcelona , bellaterra , spain",1
2948,"departament de geografia, edifici b, universitat autònoma de barcelona, e08193 bellaterra, spain",1
2949,"departament de geografia, universitat autònoma de barcelona (uab), 08193 bellaterra, catalonia, spain",1
2950,"departament de geografía, edifici b, universitat autònoma de barcelona, e08193 bellaterra (cerdanyola del vallès), catalonia, spain",1
2951,departament de medicina universitat autónoma de barcelona  bellaterra spain,1
2952,"departament of animal biology, plant biology and ecology, universitat autònoma de barcelona, bellaterra (cerdanyola del vallès), catalonia, spain",1
2953,"departament of medicine, universitat de vic - universitat central de catalunya, barcelona, spain",1
2954,"departament of microelectronics and electronic systems, autonomous university of barcelona, bellaterra, spain",1
2955,"departament de psiquiatria i medicina legal, universitat autònoma de barcelona, 08193 cerdanyola del vallés, spain",1
2956,departament de química facultat de ciències universitat autònoma de barcelona campus uab  bellaterra barcelona 08193 spain,1
2957,"departament de química inorgànica i orgànica, universitat de barcelona, martí i franques 1, e-08028 barcelona, spain",1
2958,departament de química universitat autònoma de barcelona  cerdanyola del vallès 08193 spain,1
2959,departament de química universitat autònoma de barcelona (uab)  cerdanyola del vallès 08193 barcelona spain,1
2960,"departament de química, facultat de ciencies universitat autonoma de barcelona  08193 bellaterra spain",1
2961,"departament de química, facultat de ciències universitat autònoma de barcelona  08193 bellaterra spain",1
2962,"departament de química, facultat de ciències universitat autònoma de barcelona, bellaterra 08193, spain",1
2963,"departament de química, facultat de ciències universitat autònoma de barcelona, bellaterra, 08193 barcelona, spain",1
2964,"departament de química, facultat de ciències, universitat autònoma de barcelona, 08193, bellaterra, spain",1
2965,"departament de química, facultat de ciències, universitat autònoma de barcelona, bellaterra 08193, spain",1
2966,"departament de química, universitat autònoma de barcelona (uab), campus uab, 08193 cerdanyola del vallès, barcelona, spain",1
2967,"departament de química, universitat autònoma de barcelona (uab), campus uab, cerdanyola del vallès 08193, barcelona, spain",1
2968,"departament de química, universitat autònoma de barcelona, 08193 cerdanyola del vallès, spain",1
2969,"departament de química, universitat autònoma de barcelona, bellaterra (cerdanyola del vallès), 08193, barcelona, spain.",1
2970,"departament de química, universitat autònoma de barcelona, bellaterra (cerdanyola del vallès), 08193, barcelona, spain. carlos.jaime@uab.cat.",1
2971,"departament de química, universitat autònoma de barcelona, cerdanyola del vallès, 08193 barcelona, spain",1
2972,"departament de química, universitat autònoma de barcelona, edifici c/n, campus uab, cerdanyola del vallès 08193, spain",1
2973,"departament de sanitat i anatomia animals, facultat de veterinària, uab, 08193 bellaterra (cerdanyola del vallès), spain",1
2974,"departament de química, universitat autònoma de barcelona (uab), campus uab, cerdanyola del vallès , 08193 , barcelona , spain",1
2975,"departament de bioquímica i biotecnologia unitat de nutrició. universitat rovira i virgili  campus sescelades. c/ marcel·lí domingo, 1. reus tarragona 43007 spain",1
2976,"departament de bioquímica i biotecnologia unitat de nutrició. universitat rovira i virgili campus sescelades. c/ marcel·lí domingo, 1. reus tarragona 43007 spain",1
2977,"departament de ciència política i de l’administració, universitat autònoma de barcelona (uab), 08193 bellaterra, catalonia, spain",1
2978,"departament de ciència de materials i química física & institut de química teòrica i computacional (iqtc), universitat de barcelona, c/ martí i franquès 1-11, 08028 barcelona, spain",1
2979,"departament de ciència de materials i química física & institut de química teòrica i computacional (iqtcub), universitat de barcelona, c/martí i franquès 1-11, 08028 barcelona, spain",1
2980,"departament de ciència de materials i química física, universitat de barcelona, martí i franquès, 1, barcelona 08028, spain",1
2981,"departament de ciències ambientals, universitat de girona, c. maria aurèlia capmany 69, 17003 girona, catalonia, spain",1
2982,"departament de ciències ambientals, university of girona, c. maria aurèlia capmany 69, 17003 girona, catalonia, spain",1
2983,"departament de biologia vegetal, biologia animal i ecologia, universitat autònoma barcelona, bellaterra (cerdanyola del vallès), 08193 catalonia, spain",1
2984,"departament de biologia vegetal, biologia animal i ecologia, universitat autònoma de barcelona (uab), 80193 bellaterra, catalonia, spain",1
2985,"departament de bioquímica i biologia molecular, universitat autònoma de barcelona, cerdanyola del vallès 08193, spain",1
2986,departament de bioquímica i biologia molecular universitat autònoma de barcelona  bellaterra spain,1
2987,"departament de bioquímica i biologia molecular, ceb, facultat de medicina universitat autònoma de barcelona  bellaterra spain",1
2988,"departament de bioquímica i biologia molecular, unitat de bioquímica de biociències, edifici c, universitat autònoma de barcelona, 08193 cerdanyola del vallès, spain",1
2989,"departament de bioquímica i biologia molecular, universitat autònoma de barcelona (uab), cerdanyola del vallès, 08193 barcelona, spain",1
2990,"departament de bioquímica i biologia molecular, universitat autònoma de barcelona, cerdanyola del vallès, 08193 barcelona, spain",1
2991,"departament de fonaments clínics, facultat de medicina i ciències de la salut, universitat de barcelona, servei de microbiologia, cdb, hospital clínic de barcelona-isglobal, c/ villarroel 170, 08036 barcelona, spain",1
2992,"departament de fonaments clínics, facultat de medicina i ciències de la salut, universitat de barcelona, servei de microbiologia, cdb, hospital clínic de barcelona-isglobal, c/ villarroel 170, 08036, barcelona, spain",1
2993,departament de física facultat de ciències universitat autònoma de barcelona  bellaterra barcelona 08193 spain,1
2994,departament de física universitat autònoma de barcelona  bellaterra 08193 spain,1
2995,departament de física de la matèria condensada universitat de barcelona carrer de martí i franqués 1 barcelona 08028 spain,1
2996,"departament de física de la matèria condensada and institute of complex systems (ubics), universitat de barcelona, c/martí i franquès 1, 08028, barcelona, spain",1
2997,"departament de física de la matèria condensada, universitat de barcelona, c/martí i franquès 1, 08028, barcelona, spain",1
2998,"departament de física de la matèria condensada, universitat de barcelona, martí i franquès, 1, 08028 barcelona, catalonia, spain",1
2999,"departament de física de la matèria condensada, universitat de barcelona, martí i franquès, 1, barcelona, 08028, catalonia, spain",1
3000,"departament de física de la matèria condensada, universitat de barcelona, martí i franqués, 1, 08003 barcelona, catalonia, spain",1
3001,"departament de física, facultat de ciències, universitat autònoma de barcelona, bellaterra, spain",1
3002,"departament de física, universitat autònoma de barcelona 1 , cerdanyola del vallès e-08193, spain",1
3003,"departament de física, universitat autònoma de barcelona, 08193 cerdanyola del vallès, spain",1
3004,"departament de física, universitat autònoma de barcelona, bellaterra (cerdanyola de vallès), catalonia, spain",1
3005,"departament de física, universitat autònoma de barcelona, bellaterra, cerdanyola del vallès e-08193, spain",1
3006,"departament de física, universitat autònoma de barcelona, cerdanyola del vallès e-08193, spain",1
3007,"departament de física, universitat autònoma de barcelona, e-08193 bellaterra (barcelona), spain",1
3008,"departament de física. facultat de ciències, universitat autònoma de barcelona, 08193, bellaterra, spain",1
3009,departament de genètica i microbiologia universitat autònoma de barcelona  bellaterra spain,1
3010,departament de genètica i microbiologia universitat autònoma de barcelona  campus de bellaterra cerdanyola del vallès 08193 spain,1
3011,departament de genètica i microbiologia universitat autònoma de barcelona bellaterra spain,1
3012,"departament de genètica i microbiologia, universitat autònoma de barcelona, bellaterra, spain",1
3013,"departament de genètica i microbiologia, universitat autònoma de barcelona, cerdanyola del vallès, spain",1
3014,"departament de física, facultat de ciències, universitat autònoma de barcelona, bellaterra 08193, barcelona, spain",1
3015,"departament de ciències experimentals i de la salut, universitat pompeu fabra, barcelona, spain.; programa de recerca en càncer, institut hospital del mar d'investigacions mèdiques (imim), unidad asociada al csic, barcelona, spain.",1
3016,"departament de ciències morfològiques, edifici m facultat de medicina avinguda can domènech s/n campus de la universitat autònoma de barcelona (uab) bellaterra (cerdanyola del vallès), 08193 barcelona, spain",1
3017,departament de dermatologia hospital del mar barcelona spain,1
3018,"departament de fisica, facultat de ciencies, universitat autonoma de barcelona, bellaterra, barcelona, spain",1
3019,"departament de dermatologia, hospital del mar institut hospital del mar d’investigacions mèditques (imim), universitat autònoma de barcelona (uab)  barcelona spain",1
3020,"departament de dermatologia, hospital del mar, institut hospital del mar d'investigacions mèdiques (imim) universitat autònoma de barcelona (uab)  barcelona spain",1
3021,"departament de dermatologia, hospital del mar, institut hospital del mar d’investigacions mèdiques (imim), universitat autònoma de barcelona (uab), 08003 barcelona, spain",1
3022,"departament de dermatologia, hospital del mar, institut hospital del mar d’investigacions mèdiques (imim), universitat autònoma de barcelona (uab), spain",1
3023,"departament de didactica de les ciencies, facultat d’educacio, edifici g5, campus de la uab, universitat autònoma de barcelona, 08193 bellaterra, spain",1
3024,"departament de farmacologia, terapèutica i, toxicologia, facultat de veterinaria, universitat autònoma de barcelona, bellaterra, spain",1
3025,"departament de farmacologia, de terapèutica i de toxicologia, universitat autònoma de barcelona, cerdanyola del vallès, barcelona, spain.",1
3026,"departamento de medicina, universidad autonoma de barcelona, 08193 bellaterra, spain",1
3027,"departamento de nefrología, hospital general universitario gregorio marañon, madrid, spain",1
3028,"departamento de nefrología, hospital del mar, barcelona, spain",1
3029,"departamento de neurooftalmología, hospital de la esperanza, consorci hospitalari parc de salut mar, barcelona, spain",1
3030,"departamento de oftalmología, hospital de la esperanza, consorci hospitalari parc de salut mar, barcelona, spain",1
3031,"departamento de medicina física y rehabilitación, parc de salut mar, barcelona, españa",1
3032,"departamento de medicina de familia, unidad de investigación, distrito sanitario atención primaria sevilla, seville, spain",1
3033,"departamento de medicina, facultad de medicina, universidad de vic-central de cataluña, vic, barcelona, spain",1
3034,"department gynaecology and obstetrics, parc de salut mar university hospital, 08003 barcelona, spain",1
3035,"department psychiatry, parc de salut mar, barcelona, spain",1
3036,"department servicio de of infectious diseases, health research institute valdecilla (idival), university hospital universitario marqués de valdecilla/",1
3037,"department servicio de of infectious diseases, health research institute valdecilla (idival), university hospital universitario marqués de valdecilla/ university of cantabria, santander",1
3038,"department de biologia animal, biologia vegetal i ecologia, universitat autònoma de barcelona, 08193, bellaterra, spain",1
3039,"department for orthopedics and traumatology, hospital del mar, universitat autònoma de barcelona, barcelona, spain.",1
3040,"department for paediatrics, obstetrics and gynaecology, preventive medicine, universitat autònoma de barcelona, 08193 bellaterra, spain",1
3041,"departamento de psicología clínica y de la salud, universitat autònoma de barcelona, bellaterra, barcelona, spain.",1
3042,"departamento de psicología clínica y de la salud, universitat autònoma de barcelona, bellaterra, barcelona, spain; instituto de neuropsiquiatría y adicciones (inad), centros asistenciales dr. emili mira i lópez (caemil-recinto torribera), parc de salut mar, santa coloma de gramenet, barcelona, spain. electronic address: josep.devi@uab.cat.",1
3043,"departamento de psicología clínica y de la salud, universitat autònoma de barcelona, international excellence campus bellaterra, barcerlona, spain",1
3044,"departamento de psiquiatría y medicina forense, universitat autònoma de barcelona, international excellence campus bellaterra, barcelona, spain",1
3045,"departamento de genética y microbiología, universidad de murcia, carretera madrid-cartagena sn, el palmar, murcia, spain",1
3046,"departamento de ciencias morfológicas. universitat autònoma de barcelona. bellaterra, barcelona, españa",1
3047,"departamento salud mental, hospital del mar, institut de neuropsiquiatria i addiccions, universitat autònoma de barcelona, barcerlona, spain",1
3048,"departamento de anatomía patológica, hospital del mar, barcelona, spain",1
3049,"departamento de anestesiología y reanimación, hospital clínico universitario virgen de la arrixaca, el palmar, murcia, spain.",1
3050,"departamento de anestesiología y reanimación, hospital del mar - instituto de investigación (imim), barcelona, spain.",1
3051,"departamento de biología (botánica), facultad de ciencias, centro de investigación en biodiversidad y cambio global (cibc-uam), universidad autónoma de madrid, 28049 madrid, spain",1
3052,"departamento de dermatología, hospital del mar, parc de salut mar, barcelona, españa",1
3053,"departamento de dermatología, hospital del mar, parc de salut mar, barcelona, spain",1
3054,"departamento de dermatología, hospital del mar, universitat autònoma de barcelona (uab), barcelona, españa",1
3055,"departamento de dermatología, hospital del mar, universitat autònoma de barcelona (uab), barcelona, spain",1
3056,"departamento de endocrinología, hospital virgen de la victoria, instituto de investigación biomédica de málaga (ibima), universidad de málaga, malaga, spain",1
3057,"departamento de epidemiología y evaluación, instituto hospital del mar de investigaciones médicas, barcelona, españa.",1
3058,"departamento de farmacia, hospital del mar, parc de salut mar, barcelona, spain",1
3059,"departamento de farmacia, hospital del mar, universidad pompeu fabra, centro de investigación biomédica en red de enfermedades infecciosas (ciberinfec), barcelona, spain",1
3060,"departamento de física, facultad de ciencias, universitat autònoma de barcelona, bellaterra, 08193, barcelona, spain",1
3061,"departamento de física, universidad autónoma de barcelona 2 , bellaterra, 08193 barcelona, spain",1
3062,"departamento de física, universidad autónoma de barcelona, bellaterra e-08193 barcelona, spain",1
3063,"departamento de física, universidad autónoma de barcelona, bellaterra, 08193 barcelona, spain",1
3064,"departamento de cirugía general y digestiva, hospital universitario del mar, parc de salut mar, barcelona, españa",1
3065,"departamento de dermatología, ceimi, hospital general universitario gregorio marañón, madrid, españa",1
3066,"departamento de dermatología, ceimi, hospital general universitario gregorio marañón, madrid, spain",1
3067,"departamento de dermatología, hospital universitario virgen de la victoria, málaga, españa",1
3068,"departamento de dermatología, hospital universitario virgen de la victoria, málaga, spain",1
3069,barcelonaβeta brain research center pasqual maragall foundation  barcelona 08005 spain,1
3070,barcelonaβeta brain research center pasqual maragall foundation and hospital del mar medical research institute  barcelona spain,1
3071,"barcelonaβeta brain research center, pasqual maragall foundation, barcelona, spain",1
3072,"bariatric and upper gi surgery unit, general and digestive surgery department, hospital del mar, universitat pompeu fabra, barcelona, spain",1
3073,"basic health area (abs) maria bernades, direcció d'atenció primària metropolitana sud, institut català de la salut, viladecans, spain",1
3074,"basque country colorectal cancer screening programme, osakidetza, basque health service, bilbao, spain",1
3075,bellaterra,1
3076,"barcelona laboratory for urban environmental justice and sustainability (bcnuej), hospital del mar medical research institute (imim), 08003, barcelona, spain",1
3077,"barcelonaβeta brain research center - pasqual maragall foundation. barcelona, spain",1
3078,"barcelonabeta brain research center (bbrc), pasqual maragall foundation, c. wellington 30, barcelona, 08005, spain",1
3079,"barcelonaßeta brain research center, pasqual maragall foundation, barcelona, spain",1
3080,barcelonaβeta brain research center (bbrc) pasqual maragall foundation wellington barcelona spain,1
3081,"barcelonaβeta brain research center (bbrc), pasqual maragall foundation",1
3082,"barcelonaβeta brain research center (bbrc), pasqual maragall foundation , barcelona 08005 , spain",1
3083,"barcelonaβeta brain research center (bbrc), pasqual maragall foundation and imim (hospital del mar medical research institute)  barcelona spain",1
3084,"barcelonaβeta brain research center (bbrc), pasqual maragall foundation, c/ wellington, 30, 08005, barcelona, spain",1
3085,"barcelonaβeta brain research center (bbrc), pasqual maragall foundation, c/ de wellington, 30, 08005 barcelona, spain",1
3086,"bioaraba health research institute, osakidetza basque health service, araba university hospital; university of the basque country upv/ehu; vitoria-gasteiz, spain",1
3087,"bioaraba health research institute, osakidezta basque health service, araba university hospital, university of the basque country upv/ehu, vitoria-gasteiz, spain",1
3088,"bioaraba health research institute; osakidetza basque health service, araba university hospital; university of the basque country upv/ehu, vitoria-gasteiz, spain",1
3089,"bioaraba health research institute; osakidetza basque health service, araba university hospital; university of the basque country upv/ehu; 01009 vitoria-gasteiz, spain",1
3090,"biochemical department, hospital general universitario gregorio marañón, madrid, spain",1
3091,"biochemical department, hospital universitario gregorio marañón, madrid, spain",1
3092,biochemistry service hospital universitari germans trias i pujol badalona spain,1
3093,"bioaraba health research institute cardiovascular, respiratory and metabolic area osakidetza basque health service araba university hospital university of the basque country upv/ehu  vitoria‐gasteiz spain",1
3094,bioaraba health research institute osakidetza basque health service araba university hospital university of the basque country upv/ehu  vitoria‐gasteiz spain,1
3095,bioaraba health research institute osakidetza basque health service araba university hospital university of the basque country upv/ehu vitoria-gasteiz spain,1
3096,"bioaraba health research institute, osakidetza basque health service, araba university hospital, university of the basque country/euskal herriko unibertsitatea upv/ehu, vitoria-gasteiz, spain",1
3097,"bioaraba health research institute, cardiovascular, respiratory and metabolic area, osakidetza basque health service, araba university hospital, university of the basque country upv/ehu, 01004 vitoria-gasteiz, spain",1
3098,"bioaraba health research institute, cardiovascular, respiratory and metabolic area, osakidetza basque health service, araba university hospital, university of the basque country upv/ehu, 48013 vitoria-gasteiz, spain",1
3099,"bioaraba health research institute, cardiovascular, respiratory and metabolic area; osakidetza basque health service, araba university hospital; university of the basque country upv/ehu, vitoria-gasteiz, spain",1
3100,"bioaraba health research institute, cardiovascular, respiratory and metabolic area; osakidetza basque health service, araba university hospital; university of the basque country upv/ehu, vitoria-gasteiz, spain;",1
3101,"bioaraba health research institute, department of internal medicine, osakidetza basque health service, araba university hospital, university of the basque country upv/ehu, vitoria-gasteiz, spain",1
3102,"bioaraba health research institute, osakidetza basque health service, araba university hospital",1
3103,"bioaraba health research institute, osakidetza basque health service, araba university hospital, university of the basque country (upv/ehu) , vitoria-gasteiz, spain",1
3104,"bioaraba health research institute, osakidetza basque health service, araba university hospital, university of the basque country upv/ehu, 48013 vitoria, gasteiz, spain",1
3105,"bioaraba health research institute, osakidetza basque health service, araba university hospital, university of the basque country upv/ehu, 48013 vitoria-gasteiz, spain",1
3106,"bioaraba health research institute, osakidetza basque health service, araba university hospital, university of the basque country universidad del país vasco / euskal herriko unibertsitatea (upv/ehu), vitoria-gasteiz, spain",1
3107,"bioaraba health research institute, osakidetza basque health service, araba university hospital, university of the basque country universidad del país vasco/euskal herriko unibertsitatea (upv/ehu), vitoria-gasteiz, spain",1
3108,"bioaraba health research institute, osakidetza basque health service, araba university hospital, university of the basque country, vitoria-gasteiz, spain",1
3109,"barcelona lab for urban environmental justice and sustainability (bcnuej), institute of environmental science and technology (icta), autonomous university of barcelona (uab) and the medical research institute of the hospital del mar (imim), c/ doctor aiguader, 88, 08003, barcelona, spain",1
3110,"bst-hospital del mar, barcelona, spain.",1
3111,"barcelona biomedical research park, institut hospital del mar d'investigacions mèdiques (imim), spain",1
3112,"banc de sang i teixits, cell therapy service, barcelona, spain",1
3113,"banco de sangre y tejidos de navarra, servicio navarro de salud, osasunbidea, pamplona, spain",1
3114,"barcelona institute for global health (isglobal), hospital clinic de barcelona, universitat de barcelona, barcelona, spain",1
3115,"barcelona institute for global health (isglobal), hospital clinic, university of barcelona, barcelona, spain",1
3116,"barcelona institute for global health (isglobal), hospital clinic-university of barcelona, 08036, barcelona, spain",1
3117,"barcelona institute for global health (isglobal), hospital clinic—university of barcelona, barcelona, spain",1
3118,"barcelona institute for global health (isglobal), hospital clínic - university of barcelona, rosselló 132 4rt 1a, 08036, barcelona, spain",1
3119,"barcelona institute for global health (isglobal), hospital clínic – universitat de barcelona, barcelona, spain",1
3120,"barcelona institute for global health (isglobal), hospital clínic, university of barcelona, 08036 barcelona, spain",1
3121,"barcelona institute for global health (isglobal), hospital clínic-universitat de barcelona, barcelona, spain",1
3122,"barcelona institute for global health (isglobal), hospital clínic—universitat de barcelona, spain",1
3123,"barcelona institute for global health (isglobal), hospital del mar medical research institute (imim), pompeu fabra university, 08002 barcelona, spain",1
3124,"barcelona institute for global health (isglobal), universitat pompeu fabra, ciber epidemiología y salud pública, barcelona, parc de salut mar, spain",1
3125,"barcelona institute for global health (isglobal), university of barcelona, 08007 barcelona, spain",1
3126,"barcelona institute for global health (isglobal), university of barcelona; 08007 barcelona, spain",1
3127,"barcelona institute for global health (isglobal)-campus mar, barcelona, spain",1
3128,"barcelona institute for global health (isglobal, hospital clínic-universitat de barcelona), rosselló 149-153, 08036 barcelona, spain",1
3129,"barcelona institute for global health (isglobal, hospital clínic-university of barcelona), carrer rosselló, 132, 08036, barcelona, spain",1
3130,"barcelona institute for global health (isglobal, university of barcelona), 08003barcelona, spain",1
3131,"barcelona institute for global health, barcelona, spain",1
3132,"barcelona institute for global health, hospital clínic, university of barcelona, 08036 barcelona, spain",1
3133,"barcelona institute for global health, hospital clínic-universitat de barcelona, barcelona, spain",1
3134,"barcelona institute for global health, isglobal, barcelona, spain",1
3135,"barcelona institute for global health, isglobal, hospital clínic - universitat de barcelona, barcelona, spain",1
3136,"barcelona institute of global health (isglobal), carrer del dr. aiguader, 88, 08003, barcelona, spain",1
3137,"barcelona institute of global health (isglobal), carrer del dr. aiguader, 88, 08003 barcelona, spain",1
3138,"barcelona institute of global health (isglobal), health and environment over the lifecourse programme, barcelona, spain",1
3139,"barcelona institute of regional and metropolitan studies, autonomous university of barcelona, 08193 bellaterra, spain",1
3140,"barcelona institute of regional and metropolitan studies, autonomous university of barcelona, e-08193 bellaterra, spain",1
3141,"barcelona institute of regional and metropolitan studies, universitat autonoma de barcelona (uab), 08193 cerdanyola del vallès, barcelona, spain",1
3142,"barcelona institute for global health (isglobal, hospital clínic-universitat de barcelona). carrer rosello 132, 40, 08036 barcelona, spain",1
3143,"barcelona institute for global health (isglobal), hospital clinic de barcelona, universitat de barcelona, 08036 barcelona, spain",1
3144,barcelona institut for global health,1
3145,"barcelona institute for global health (isglobal), barcelona, spain",1
3146,"barcelona institute for global health (isglobal) - hospital clínic - universitat de barcelona, 08036 barcelona, spain",1
3147,"barcelona institute for global health (isglobal) hospital clínic, university of barcelona barcelona spain",1
3148,"barcelona institute for global health (isglobal), barcelona biomedical research park (prbb), 08003 barcelona, spain",1
3149,"barcelona institute for global health (isglobal), barcelona biomedical research park (prbb), doctor aiguader 88, barcelona 08003, spain.",1
3150,"barcelona institute for global health (isglobal), barcelona, spain.",1
3151,"barcelona institute for global health (isglobal), barcelona, spain; boston college, chestnut hill, ma, united states.",1
3152,"barcelona institute for global health (isglobal), barcelona, spain; department of epidemiology, center for public health, medical university of vienna, vienna, austria.",1
3153,"barcelona institute for global health (isglobal), barcelona, spain; universitat pompeu fabra, barcelona, spain; ciberesp, madrid, spain. electronic address: barbara.harding@isglobal.org.",1
3154,"barcelona institute for global health (isglobal), barcelona, spain; universitat pompeu fabra, barcelona, spain; ciberesp, madrid, spain; fundació institut universitari per a la recerca a l'atenció primària de salut jordi gol i gurina (idiapjgol), barcelona, spain.",1
3155,"barcelona institute for global health (isglobal), barcelona, spain; universitat pompeu fabra, barcelona, spain; ciberesp, madrid, spain; hospital del mar research institute, barcelona, spain.",1
3156,"barcelona institute for global health (isglobal), c. dr. aiguader 88, 08003 barcelona, spain",1
3157,"blanquerna school of health sciences, global research on wellbeing (grow), universitat ramon llull, barcelona, spain",1
3158,"biosanitary research and innovation foundation of primary care (fiibap), spain",1
3159,"biosciences department, faculty of sciences, technology, and engineering. university of vic-central university of catalonia, 08500 vic, spain.",1
3160,"biostatistics unit, department of paediatrics, obstetrics and gynaecology and preventive medicine and public health, faculty of medicine, universitat autònoma de barcelona, cerdanyola del vallès, spain",1
3161,"biostatistics unit, faculty of medicine, universitat autònoma de barcelona, bellaterra, spain",1
3162,"biostatistics unit, hospital del mar research institute, 08003 barcelona, spain",1
3163,"biostatistics and data management unit, barcelona institute for global health, barcelona, spain",1
3164,"cerm, center for the study of mediterranean rivers, university of vic-central university of catalonia (uvic-ucc), manlleu, spain",1
3165,"bone marrow transplantation unit, department of haematology, hospital clinic of barcelona, spain",1
3166,ciber cardiovascular imim—parc de salut mar  barcelona spain,1
3167,"ciber cardiovascular, imim – parc de salut mar barcelona spain",1
3168,"ciber cardiovascular, imim—parc de salut mar, barcelona, spain",1
3169,"breast cancer unit, department of gynecology and obstetrics, hospital del mar-parc salut mar, barcelona, spain",1
3170,"breast diseases unit, hospital del mar, barcelona, spain",1
3171,"breast unit, hospital del mar, barcelona, spain",1
3172,"british heart foundation cardiovascular epidemiology unit, department of public health and primary care, university of cambridge, cambridge, united kingdom",1
3173,"cerm, center for the study of mediterranean rivers, university of vic-central university of catalonia (uvic-ucc), 08560 manlleu, spain",1
3174,"capi marià fortuny, abs reus v, fundació sagessa salut, spain",1
3175,"ceam foundation, joint research unit university of alicante-ceam, dept ecology, university of alicante, carr. de san vicente del raspeig, po box 99, alicante, 03080 spain",1
3176,"cem marítim, fundació claror, barcelona, spain",1
3177,"biomedical informatics research group, hospital de mar research institute, barcelona, spain",1
3178,"biophysics unit, department of biochemistry and molecular biology, school of medicine, universitat autònoma de barcelona, 08193 cerdanyola del vallès, catalonia, spain",1
3179,"biodonostia health research institute , osi donostialdea, altza primary care, , san sebastián , spain",1
3180,"bioinformatics and bioimaging (bi-squared) research group, biosciences department, faculty of sciences, technology and engineerings universitat de vic—universitat central de catalunya, 08500 vic, spain",1
3181,"bioinformatics and medical statistics group, facultat de ciències i tecnologia, uvic-ucc, 08500 vic, barcelona, spain",1
3182,"biomarkers and nutrimetabolomics laboratory, department of nutrition, food science and gastronomy, faculty of pharmacy and food sciences, campus torribera, university of barcelona, sant coloma de gramanet, spain",1
3183,"biomarkers and personalized approach to cancer group (biopac), ramón y cajal health research institute (irycis) , ctra. colmenar viejo, km. 9,100, madrid 28034, spain",1
3184,"biomarkers in genito-urinary cancers group, i+12 biomedical research institute, madrid, spain",1
3185,"biodonostia, liver diseases research group, osakidetza basque health service, donostia university hospital, san sebastián, spain",1
3186,"biomedical research networking center in bioengineering, biomaterials and nanomedicine (ciber‐bbn) instituto de salud carlos iii  cerdanyola del vallès spain",1
3187,"biomedical research in heart diseases, imim (hospital del mar medical research institute), 08003 barcelona, spain",1
3188,"biomedical research in heart diseases. imim (hospital del mar medical research institute), barcelona, spain",1
3189,"biomedical research, hospital del mar medical research institute,\n barcelona, spain",1
3190,"biomedical research networking center for mental health network (cibersam), barcelona, spain; department of child and adolescent psychiatry, institute of psychiatry and mental health, hospital general universitario gregorio marañón, school of medicine, universidad complutense, iisgm, madrid, spain.",1
3191,"biomedical research networking center for mental health network (cibersam), barcelona, spain; hospital del mar medical research institute (imim), universitat autònoma de barcelona (uab), barcelona, spain.",1
3192,"9gerència d’àmbit d'atenció primària barcelona ciutat, institut català de la salut, primary health care center la mina, sant adrià de besòs, spain",1
3193,<!--<label>1</label>--> department of traumatology and orthopaedic surgery hospital del mar barcelona spain,1
3194,"abs barceloneta, pg. marítim de la barceloneta, 25, 08003 barcelona, spain; pompeu fabra university, dr. aiguader, 88, 08003 barcelona, spain; hospital del mar institute for medical research (imim), dr. aiguader, 88, 08003 barcelona, spain.",1
3195,"abs reus v. centre d'assistència primària marià fortuny, salut sant joan de reus-baix camp, reus, spain",1
3196,"abs reus v. centre d’assistència primària marià fortuny, sagessa, 43205 reus, spain",1
3197,"abs reus v. centre d’assistència primària marià fortuny, sagessa, reus, spain; institut d’investigació sanitària pere virgili (iispv), hospital universitari san joan de reus, reus, spain; universitat rovira i virgili, departament de bioquímica i biotecnologia, unitat de nutrició humana, reus, spain",1
3198,"alba synchrotron light source, cerdanyola del valles, barcelona, 08290 spain",1
3199,"alba synchrotron, 08290 cerdanyola del valles, spain",1
3200,"alba synchrotron, 08290 cerdanyola del vallès, barcelona, catalonia, spain",1
3201,"alba synchrotron, 08290 cerdanyola del vallès, barcelona, spain",1
3202,"alba synchrotron, carrer de la llum, 2, 26, cerdanyola del vallès, barcelona 08290, spain",1
3203,"amib (methodological and biostatistical consultancy), imim (hospital del mar institute for medical research), doctor aiguader 88, 08003, barcelona, spain",1
3204,"abdominal wall surgery unit, general surgery service, hospital universitari vall d'hebron, autonomous university of barcelona, barcelona, spain",1
3205,"abdominal wall surgery unit, section of general surgery, department of general surgery, parc de salut mar, hospital del mar medical research institute (imim), passeig maritim 25-29, 08003, barcelona, spain",1
3206,alba synchrotron light source  bellaterra 08290 spain,1
3207,"3pathology department, hospital del mar, ciberonc, barcelona, spain;",1
3208,"5department of infectious diseases, hospital del mar, barcelona, spain",1
3209,"5laboratori de genètica molecular, servei de patologia, gretnhe, imim, barcelona, spain; and",1
3210,"5primary health care center raval sud, gerència d’àmbit d'atenció primària barcelona ciutat, institut català de la salut, barcelona, spain",1
3211,"6nephrology department, hospital del mar, barcelona, spain;",1
3212,"6secció d’hematopatologia, servei de patologia, gretnhe, imim, barcelona, spain",1
3213,"7department of medicine, faculty of medicine, university of vic - central university of barcelona, vic, spain",1
3214,"7gerència del medicament, institut català de la salut, gerència d’atenció primaria, barcelona, spain",1
3215,"8endocrinology and nutrition service, joan xxiii university hospital, pere virgili health research institute (iispv), rovira i virgili university, tarragona, spain",1
3216,"advanced nursing practice, hospital del mar, 08003 barcelona, spain",1
3217,"advanced and cell therapy services. banc de sang i teixits, barcelona",1
3218,"abdominal wall unit, department of general surgery, hospital del mar. parc de salut mar, barcelona, spain",1
3219,"agency for social services and dependency, regional government for equality, social policies and conciliation of andalucia, seville, spain",1
3220,"acute and intensive cardiovascular care unit, cardiology department, hospital del mar, 08003 barcelona, spain",1
3221,"acute and intensive cardiovascular care unit, cardiology department, hospital del mar, barcelona, spain",1
3222,"addiction program, institute of neuropsychiatry and addictions, hospital del mar, 08003 barcelona, spain",1
3223,"addiction research group, imim- hospital del mar medical research institute, barcelona, spain",1
3224,"addiction research group, imim-hospital del mar medical research institute, barcelona, spain",1
3225,"addiction research group, imim—hospital del mar medical research institute, 08003 barcelona, spain",1
3226,"addiction unit, hospital del mar medical research institute (imim), institut de neuropsiquiatria i addiccions, parc de salut mar, 08003 barcelona, spain",1
3227,"advanced electron nanoscopy, catalan institute of nanoscience and nanotechnology (icn2), csic and bist, campus uab bellaterra, 08193 barcelona, catalonia, spain",1
3228,"advanced electronic materials and devices group (aemd) , catalan institute of nanoscience and nanotechnology (icn2), csic and bist, uab campus, bellaterra barcelona 08193 , spain",1
3229,"addiction research group, imim-institut hospital del mar d’investigacions mèdiques, 08003 barcelona, spain",1
3230,". clínica de rehabilitación de salud mental, departamento de salud mental, servicio navarro de salud, pamplona, spain.",1
3231,". department of child and adolescent psychiatry, institute of psychiatry and mental health, hospital general universitario gregorio marañón, cibersam, iisgm, school of medicine,",1
3232,". department of psychiatry, chinese university of hong kong, tai po, hong kong, g/f multicentre, tai po hospital, tai po, hong kong 25. queensland brain institute, the university of queensland, qbi building 79, st lucia qld 4072, australia 26. national centre for register-based research, aarhus university, fuglesangs allé 26, bygning r2640-r2641, dk-8210 aarhus v, denmark 27. national institute of psychiatry ramón de la fuente muñiz, calzada méxico-xochimilco, 101, colonia san lorenzo huipulco, méxico city df 14370, mexico 28. institute of psychiatry and neurology, jana iii sobieskiego 9, 02-957 warsaw, poland 29. unidad de docencia, investigacion y formación en salud mental, servicio murciano de 30. salud, murcia health service, c/ lorca, nº 58. -el palmar, murcia 30120, spain 31. instituto murciano de investigación biosanitaria virgen de la arrixaca, 30120 el palmar, murcia, spain 32. centro de investigación biomédica en ered en epidemíologia y salud pública, 30120 el palmar, murcia, spain 33. colegio mayor de cundinamarca university, faculty of social sciences, calle 28 # 5b 02, bogotá, 11001000, colombia 34. department of psychological medicine, university of otago, po box 56, dunedin 9054, new zealand 35. departamento de psiquiatría y salud mental, facultad de medicina, universidad de buenos aires, paraguay 2155, c1121abg caba, argentina 36. national institute of mental health, national center for neurology and psychiatry, 4 chome-1-1 ogawahigashicho, kodaira, tokyo 187-8551, japan 37. trimbos-instituut, netherlands institute of mental health and addiction, da costakade 45, 3521 vs utrecht, postbus 725, 3500 as utrecht, the netherlands 38. center for excellence on research in mental health, ces university, calle 10a no. 22-04, medellin, colombia 050021 39. department of social and behavioral sciences, harvard t.h. chan school of public health, 677 huntington ave, boston, ma 02115 40. department of mental health, national centre of public health and analyses, boulevard \acad. ivan geshov\ no15, sofia 1314, bulgaria. 41.",1
3233,. hospital del mar medical research institute (imim),1
3234,". infectious diseases service, hospital del mar, infectious pathology and antimicrobials research group (ipar), institut hospital del mar d'investigacions mèdiques (imim),",1
3235,". liver section, gastroenterology department, hospital del mar, universitat autònoma de barcelona, imim (hospital del mar medical research institute), barcelona, spain",1
3236,"qq servicio de medicina intensiva, hospital universitario marqués de valdecilla, santander, cantabria, spain",1
3237,"área social, fundació pasqual maragall, barcelona, españa",1
3238,"k service of pneumology, hospital universitari dr. josep trueta, girona, spain",1
3239,(hospital universitario virgen de la victoria); jos e luis,1
3240,"(infectious diseases services, hospital del mar research hospital, barcelona, spain.",1
3241,"área social, fundació pasqual maragall, barcelona, spain",1
3242,"1department of endocrinology and nutrition, hospital del mar, barcelona, spain",1
3243,"1department of endocrinology and nutrition, hospital del mar, institut hospital del mar d’investigacions mèdiques (imim), barcelona, spain",1
3244,"1department of hematology, hospital del mar medical research institute (imim), barcelona, spain",1
3245,"1dermatology department, hospital del mar, universitat autònoma de barcelona, barcelona, spain;",1
3246,"1evolutionary genomics group, research program on biomedical informatics, hospital del mar medical research institute (imim) and universitat pompeu fabra (upf), 08003 barcelona, spain",1
3247,"1isglobal, hospital clínic - universitat de barcelona, barcelona, spain;",1
3248,"1laboratori de citologia hematològica, servei de patologia, grup de recerca translacional en neoplàsies hematològiques (gretnhe), hospital del mar research institute (imim), barcelona, spain;",1
3249,2-->https://ror.org/03a8gac78--> imim (hospital del mar medical research institute) c/dr. aiguader 88 08003 barcelona spain,1
3250,"23-->https://ror.org/052g8jq94--> department of orthopaedics and traumatology, parc de salut mar icatme‐hospital universitari dexeus universitat autònoma de barcelona (uab) barcelona spain",1
3251,"2cancer and stem cells research group, institut hospital del mar d’investigacions mèdiques (imim), and",1
3252,"2group of applied clinical research in hematology (gretnhe), cancer research program-imim, barcelona, spain",1
3253,"2institut hospital del mar d’investigacions mèdiques, barcelona, spain",1
3254,"2servei d’hematologia clínica, grup de recerca clínica aplicada en neoplàsies hematològiques, imim, barcelona, spain;",1
3255,"3departament de medicina, universitat autònoma de barcelona, cerdanyola del vallés, spain",1
3256,"3department of medicine, universitat autònoma de barcelona, bellaterra, spain",1
3257,"3department of pathology, imim, barcelona, spain",1
3258,". service d'hépatogastro-entérologie, centre hospitalier universitaire purpan, université",1
3259,". servicio de medicina de aparato digestivo gregorio marañón, hospital general universitario gregorio marañón, lisgm, barcelona, spain;",1
3260,". unidad de docencia, investigacion y formación en salud mental, servicio murciano de salud, murcia, spain",1
3261,1 hospital d'olot i comarcal de la garrotxa,1
3262,"1--> department of orthopaedic surgery, parc de salut mar, hospital de la esperanza universitat autònoma de barcelona sant josep de la muntanya 12 08024 barcelona spain",1
3263,"1--> orthopaedic department, hospital del mar universitat autònoma barcelona passeig marítim de la barceloneta 25‐29 08003 barcelona spain",1
3264,"10programa de recerca en càncer, institut hospital del mar d'investigacions mèdiques, unitat associada al consejo superior de investigaciones científicas, departament de medicina i ciències de la vida, universitat pompeu fabra, barcelona, spain",1
3265,"14department of medicine, university of vic - central university of catalonia, vic, spain",1
3266,".department of gastroenterology and hepatology, odense university hospital, odense, denmark",1
3267,"b cell biology group, hospital del mar biomedical research park (imim), barcelona biomedical research park (prbb), 08003 barcelona, spain",1
3268,"babve, edifici c, universitat autònoma de barcelona, bellaterra 08193, spain",1
3269,"babve, edifici ciències, universitat autònoma de barcelona , bellaterra, catalonia 08193 , spain",1
3270,"atención primaria. servicio navarro de salud, navarra, spain",1
3271,"autonomous university of barcelona (uab) – institut hospital del mar d'investigacions mèdiques (imim), barcelona, spain",1
3272,"autonomous university of barcelona (uab), bellaterra (cerdanyola del vallès), 08193, barcelona, spain",1
3273,"autonomous university of barcelona (uab), cerdanyola del vallès, spain",1
3274,"autonomous university of barcelona, 08193 cerdanyola del vallès, spain",1
3275,"autonomous university of barcelona, bellaterra, barcelona, spain.",1
3276,"autonomous university of barcelona, bellaterra, spain",1
3277,"autonomous university of barcelona, carrer de sant antoni maria claret 167, 08025 barcelona, spain",1
3278,"autonomous university of barcelona, e-08193 bellaterra, spain",1
3279,"beta technological center, tecnio network university of vic–central‐university of catalonia (uvic–ucc)  barcelona spain",1
3280,"beta technological center, tecnio network, university of vic-central university of catalonia, carrer de la laura 13, 08500 vic, spain",1
3281,"beta technological center, tecnio network, university of vic-central university of catalonia, carrer de la laura 13, 08500, vic, spain",1
3282,"beta technological center, tecnio network, university of vic—central university of catalonia, vic, spain",1
3283,"beta technological center, universitat de vic-universitat central de catalunya, futurlab-can baumann, vic, spain",1
3284,"beta technological center, university of vic - central university of catalonia (uvic-ucc), vic, spain",1
3285,"beta technological center, university of vic - central university of catalonia, carretera roda 70, 08500, vic, spain",1
3286,"beta technological center, university of vic – central university of catalonia (uvic – ucc), vic, spain",1
3287,"beta technological center, university of vic – central university of catalonia (uvic-ucc), vic, spain",1
3288,"beta technological center, university of vic – central university of catalonia, ctra. de roda 70, 08500, vic, spain",1
3289,"beta technological center, university of vic- central university of catalonia (uvic-ucc), vic, spain",1
3290,"beta technological center, university of vic-central university of catalonia (uvic-ucc), 08500 vic, spain",1
3291,"beta technological center, university of vic-university of central catalonia, edifici can baumann, crta. de roda 70, 08500 vic, spain",1
3292,"beta technological center, university of vic–central university of catalonia (uvic–ucc), vic, barcelona, spain",1
3293,"beta technological center, university of vic—central university of catalonia, ctra. de roda, 70, 08500 vic, spain",1
3294,beta technological centre (uvic-ucc),1
3295,"beta technological centre (uvic-ucc) futurlab - can baumann ctra de roda 70, 08500, vic, barcelona, spain",1
3296,"beta technological centre, university of vic-ucc, vic, barcelona 08500, spain",1
3297,"beta technological centre- university of vic- central university of catalunya (beta- uvic- ucc), carretera de roda 70, 08500, vic, barcelona, spain",1
3298,"beta technological centre- university of vic-central university of catalunya (beta-uvic-ucc) , carretera de roda 70, 08500 vic, barcelona , spain",1
3299,"beta technology centre: “u science tech”, university of vic-central university of catalonia, 08500, vic, barcelona, spain",1
3300,"beta technological centre (tecnio network), university of vic—central university of catalonia (uvic-ucc), carretera de roda 70, 08500 vic, spain",1
3301,"beta tech center (tecnio network), university of vic – central university of catalonia, carrer de la laura 13, 08500, vic, spain",1
3302,"beta tech center (tecnio network), university of vic—central university of catalonia, catalonia, spain",1
3303,"beta tech center, tecnio network, universitat de vic-universitat central de catalunya, c. de roda 70, 08500, vic, spain",1
3304,"beta tech center, tecnio network, university of vic-central university of catalonia, c. de la laura 13, 08500, vic, spain",1
3305,"beta tech center, tecnio network, university of vic-central university of catalonia, c.de la laura 13, 08500, vic, spain",1
3306,"beta tech center, tecnio network, university of vic—central university of catalonia, c/de roda 70, 08500 vic, spain",1
3307,"beta tech center, university of vic-central university of catalonia, ctra. de roda, 70, 08500 vic, spain",1
3308,"beta technological center, science and technology faculty, university of vic-central university of catalonia, 08500 vic, barcelona, spain",1
3309,"beta tech center. (tecnio network), university of vic-central university of catalonia, carrer de la laura 13, 08500 vic, spain",1
3310,"beta tech center. (tecnio network), university of vic-central university of catalonia, ctra. de roda 70, 08500, vic, spain",1
3311,"beta tech center. tecnio network, university of vic-central university of catalonia, c/ de la laura, 13, 08500, vic, spain",1
3312,"beta tech centre (tecnio network), university of vic-central university of catalonia, ctra. de roda 70, 08500, vic, spain",1
3313,"beta tech centre, tecnio network, university of vic-central university of catalonia, carretera de roda, 70, 08500, vic, spain",1
3314,"beta tech. center (tecnio network), university of vic-central university of catalonia (uvic-ucc), carretera de roda 70, 08500 vic, spain",1
3315,"beta tech. center (tecnio network), university of vic-central university of catalonia (uvic-ucc), carretera de roda 70, 08500, vic, spain",1
3316,"beta tech. center (tecnio network). university of vic - central university of catalonia (uvic-ucc), carretera de roda 70, 08500, vic, spain",1
3317,"beta technological center (tecnio network), university of vic - central university of catalonia (uvic-ucc), carretera de roda 70, 08500, vic, spain.",1
3318,"beta technological center (tecnio network), university of vic - central university of catalonia (uvic-ucc), carretera de roda 70, 08500, vic, spain. electronic address: miguel.martinez@uvic.cat.",1
3319,"beta technological center (tecnio network), university of vic – central university of catalonia, carrer de la laura 13, 08500, vic, spain",1
3320,"beta technological center (tecnio network), university of vic-central university of catalonia (uvic-ucc), carretera de roda 70, 08500 vic, spain",1
3321,"beta technological center tecnio network, university of vic–central‐university of catalonia (uvic–ucc)  barcelona spain",1
3322,beta technological center university of vic–university of central catalonia  vic catalonia spain,1
3323,beta technological center university of vic—central university of catalonia vic spain,1
3324,"beta tech center. (tecnio network), universitat de vic-universitat central de catalunya, c. de roda 70, 08500 vic, spain",1
3325,"anestesiología y reanimación, parc de salut mar, barcelona, españa",1
3326,"anestesiología, reanimación y t. dolor, hospital universitario gregorio marañón, españa",1
3327,"atención primaria, servicio navarro de salud, pamplona, spain",1
3328,"anestesiología, reanimación y t. dolor, hospital del mar de barcelona, universitat autònoma de barcelona, barcelona, españa",1
3329,"anesthesiologist, servicio anestesiología, reanimación y tratamiento del dolor, parc de salut mar, barcelona, spain",1
3330,"anesthesiology department, hospital del mar. institut hospital del mar d’investigacions mèdiques (imim). universitat autònoma de barcelona, barcelona, spain",1
3331,"anesthesiology, resuscitation, and pain management service, hospital clinic, barcelona, spain.",1
3332,"angiology and vascular surgery department, hospital del mar, passeig maritim 25-29, barcelona 08003, spain",1
3333,"animal physiology unit (school of biosciences), institut de neurociències, universitat autònoma de barcelona, cibersam, cerdanyola del vallès, spain",1
3334,"animal physiology unit, department of cell biology, physiology and immunology, faculty of biosciences, universitat autònoma de barcelona, 08193, bellaterra, spain",1
3335,"aigües de vic s.a., carrer de la riera, 08500 vic, spain",1
3336,alba synchrotron light facility  cerdanyola del vallès 08290 barcelona spain,1
3337,"alba synchrotron light facility, cerdanyola del vallès, 08290 barcelona, spain",1
3338,"alba synchrotron light facility, cerdanyola del vallès, barcelona 08290, spain",1
3339,"alba synchrotron light source, 08290 cerdanyola del vallès, spain",1
3340,"ambit barcelona, primary care department, institut catala de la salut",1
3341,"allergology service, hospital universitario cruces, baracaldo, vizcaya, spain.",1
3342,"allergology service, hospital universitario fundación jiménez díaz and instituto de investigación sanitaria (iis), madrid, spain.",1
3343,"arrhythmia section, cardiology department, hospital del mar-imim. universitat autònoma de barcelona, barcelona, spain",1
3344,"arrhythmia unit, cardiology department, parc de salut mar, universitat autonòma de barcelona, barcelona, spain",1
3345,"artificial intelligence research institute, spanish national research council, 08193, bellaterra, barcelona, spain",1
3346,"artificial intelligence research institute, spanish national research council, bellaterra, 08193, barcelona, spain",1
3347,"artificial intelligence research institute, spanish national research council, bellaterra, barcelona, spain",1
3348,"atención primaria mallorca, centro de salud arquitecte bennàssar, palma de mallorca, spain",1
3349,"atención primaria sant martí, institut català de la salut, 08020 barcelona, spain",1
3350,"atención primaria, osasunbidea, servicio navarro de salud, 31003 pamplona, spain",1
3351,"applied clinical research in hematological malignances, cancer research program, imim-hospital del mar, barcelona, spain",1
3352,"applied clinical research in hematological malignances, cancer research program, institut hospital del mar d’investigacions mèdiques (imim), 08003 barcelona, spain",1
3353,"applied metabolomics research group, hospital del mar research institute, barcelona, spain.",1
3354,"applied metabolomics research group, hospital del mar research institute, barcelona, spain. electronic address: opozo@researchmar.net.",1
3355,"applied metabolomics research group, hospital del mar research institute, barcelona, spain; environmental and public health analytical chemistry, research institute for pesticides and water (iupa), univ. jaume i, castelló, spain.",1
3356,"applied metabolomics research group, imim (hospital del mar medical research institute)",1
3357,"applied metabolomics research group, imim (hospital del mar medical research institute), dr. aiguader 88, 08003 barcelona, spain",1
3358,"applied metabolomics research group, imim, hospital del mar, doctor aiguader 88, 08003 barcelona, spain",1
3359,"applied metabolomics research group, imim-institut hospital del mar d'investigacions mèdiques, barcelona, spain.",1
3360,"applied metabolomics research group, imim-institut hospital del mar d′investigacions mèdiques, 08003 barcelona, spain",1
3361,"applied metabolomics research group, imim-institut hospital del mar d′investigacions mèdiques, barcelona, spain",1
3362,"applied metabolomics research group, imim—institut hospital del mar d'investigacions mèdiques, barcelona, spain",1
3363,"applied metabolomics research group, institut hospital del mar d′investigacions mèdiques, barcelona, spain",1
3364,"aquatic ecology group, universitat de vic- universitat central de catalunya, barcelona, spain",1
3365,"aquatic ecology group, university of vic—central university of catalonia (uvic-ucc), vic, spain",1
3366,"araba university hospital, osakidetza basque health service",1
3367,applied metabolomics research laboratory institut hospital del mar d'investigacions mèdiques (imim)  barcelona spain,1
3368,"catalan institute of nanoscience and nanotechnology (icn2), edifici icn2, campus uab, 08193, bellaterra, barcelona, spain",1
3369,"catalan institute of nanoscience and nanotechnology (icn2), the barcelona institute of science and technology (bist), campus uab, bellaterra, 08193 barcelona, spain",1
3370,"catalan institute of nanoscience and nanotechnology autonomous university of barcelona  csic and bist, campus uab, bellaterra barcelona 08193 spain",1
3371,"catalan institute of nanoscience and nanotechnology(icn2) csic and bist, campus uab, bellaterra, 08193 barcelona, spain",1
3372,"catalan institute of nanoscience and nanotechnology, autonomous university of barcelona, csic and bist, campus uab, bellaterra, barcelona, 08193 spain",1
3373,"catalan institute of nanoscience and nanotechnology, csic and the barcelona institute of science and technology (bist), campus uab, bellaterra, 08193 barcelona, spain",1
3374,"catalan institute of nanoscience and nanotechnology, csic and the barcelona institute of science and technology, campus uab, bellaterra, spain",1
3375,"catalan institute of nanoscience and nanotechnology, csic, and the barcelona institute of science and technology, bellaterra (barcelona), spain",1
3376,"catalan institute of nanoscience and nanotechnology, icn2, csic and the barcelona institute of science and technology (bist), campus uab, bellaterra, barcelona, spain",1
3377,"catalan institution for research and advanced studies (icrea), universitat autònoma de barcelona (uab), institute for environmental science and technology (icta), hospital del mar medical research institute (imim), barcelona laboratory for urban environmental justice and sustainability (bcnuej), spain; universitat autònoma de barcelona (uab), institute for environmental science and technology (icta), hospital del mar medical research institute (imim), barcelona laboratory for urban environmental justice and sustainability (bcnuej), spain. electronic address: isabelle.anguelovski@uab.cat.",1
3378,"catalan institute of nanoscience and nanotechnology (icn2), csic and bist, campus uab, bellaterra, catalonia, 08193 barcelona, spain",1
3379,"catalan institute of nanoscience and nanotechnology (icn2), csic and bist, campus uab, bellaterra, catalonia, barcelona, 08193 spain",1
3380,"catalan institute of nanoscience and nanotechnology (icn2), csic and bist, campus uab, bellaterra, e-08193 barcelona, spain",1
3381,"catalan institute of nanoscience and nanotechnology (icn2), csic and bist, campus uab, bellaterra,\rcatalonia, 08193 barcelona, spain",1
3382,"catalan institute of nanoscience and nanotechnology (icn2), csic and bist, campus uab, e-08193 bellaterra, barcelona, spain",1
3383,"catalan institute of nanoscience and nanotechnology (icn2), csic and bist, campus uab, e-08193 bellaterra, spain",1
3384,"catalan institute of nanoscience and nanotechnology (icn2), csic and bist, campus uab, bellaterra, barcelona 08193, spain",1
3385,"catalan institute of nanoscience and nanotechnology (icn2), csic and bist, campus universitat autonoma de barcelona (uab), bellaterra, 08193 barcelona, spain",1
3386,"catalan institute of nanoscience and nanotechnology (icn2), csic and bist, campus universitat autonoma de barcelona (uab), bellaterra, barcelona, 08193 spain",1
3387,"catalan institute of nanoscience and nanotechnology (icn2), csic and bist, campus, uab, bellaterra, 08193 barcelona, spain",1
3388,"catalan institute of nanoscience and nanotechnology (icn2), csic and the barcelona institute of science and technology (bist), campus uab, bellaterra, barcelona, 08193 spain",1
3389,"catalan institute of nanoscience and nanotechnology (icn2), csic and the barcelona institute of science and technology (bist), campus uab, bellaterra, barcelona, spain",1
3390,"catalan institute of nanoscience and nanotechnology (icn2), csic and the barcelona institute of science and technology (icn2), uab-campus, 08193 bellaterra, spain",1
3391,"catalan institute of nanoscience and nanotechnology (icn2), csic and the barcelona institute of science and technology , campus uab, bellaterra , 08193 barcelona , spain",1
3392,"catalan institute of nanoscience and nanotechnology (icn2), csic and the barcelona institute of science and technology, campus uab, 08193 bellaterra, barcelona, spain",1
3393,"catalan institute of nanoscience and nanotechnology (icn2), campus universitat autonoma de barcelona, bellaterra 08193, spain",1
3394,"catalan institute of nanoscience and nanotechnology (icn2), csic, bist, campus uab, bellaterra 08193, catalonia, spain",1
3395,"catalan institute of nanoscience and nanotechnology (icn2), csic, bist, campus uab, bellaterra, 08193 catalonia, spain",1
3396,"catalan institute of nanoscience and nanotechnology (icn2), csic, barcelona institute of science and technology, campus uab, bellaterra, barcelona, spain",1
3397,"catalan institute of nanoscience and nanotechnology (icn2), csic, barcelona institute of science and technology, campus universitat autònoma de barcelona, bellaterra, barcelona 08193 spain",1
3398,"catalan institute of nanoscience and nanotechnology (icn2), csic, uab-campus, 08193, bellaterra, spain",1
3399,"catalan institute of nanoscience and nanotechnology (icn2), csic, and barcelona institute of science and technology campus uab, 08193 bellaterra, barcelona, spain",1
3400,"catalan institute of nanoscience and nanotechnology (icn2), csic, and barcelona institute of science and technology, icn2 building, campus uab, bellaterra, barcelona, 08193 spain",1
3401,"catalan institute of nanoscience and nanotechnology (icn2), csic, and the barcelona institute of science and technology (bist), campus uab, bellaterra, 08193 barcelona, spain",1
3402,"catalan institute of nanoscience and nanotechnology (icn2), csic, and the barcelona institute of science and technology, campus uab, 08193 bellaterra, spain",1
3403,"catalan institute of nanoscience and nanotechnology (icn2), csic, and the barcelona institute of science and technology, campus uab, bellaterra, barcelona 08193, spain",1
3404,"catalan institute of nanoscience and nanotechnology (icn2), campus uab, bellaterra, 08193 barcelona, catalonia, spain",1
3405,"catalan institute of nanoscience and nanotechnology (icn2), campus uab, bellaterra, barcelona e-08193, spain",1
3406,"catalan institute of nanoscience and nanotechnology (icn2), campus uab, bellaterra, barcelona, catalonia, 08193 spain",1
3407,"catalan institute of nanoscience and nanotechnology (icn2), campus universitat autonoma de barcelona, 08193 bellaterra, spain",1
3408,"catalan institute of nanoscience and nanotechnology (icn2), campus universitat autonoma de barcelona, av. serragalliners s/n, bellaterra, 08193 spain",1
3409,"catalan institute of nanoscience and nanotechnology (icn2), csic and the barcelona institute of science and technology, campus uab, bellaterra, barcelona, 08193 spain",1
3410,"catalonian antidoping laboratory, doping control research group, fundació imim (hospital del mar medical research institute), barcelona, spain",1
3411,"catalonian antidoping laboratory, doping control research group, imim (hospital del mar medical research institute), doctor aiguader 88, 08003 barcelona, spain",1
3412,"cell-type mechanisms in normal and pathological behavior research group, neuroscience programme, hospital del mar research institute, barcelona, spain. electronic address: abusquets@researchmar.net.",1
3413,"cell-type mechanisms in normal and pathological behavior research group, imim-institut hospital del mar d′investigacions mèdiques, 08003 barcelona, spain",1
3414,"cell-type mechanisms in normal and pathological behaviour research group, imim-hospital del mar medical research institute, barcelona, spain",1
3415,"cell-type mechanisms in normal and pathological behavior research group, neuroscience programme, hospital del mar research institute, barcelona, spain.",1
3416,"catalonia institute for energy research-irec, sant adrià de besòs, barcelona 08930, spain; catalan institute of nanoscience and nanotechnology (icn2), csic and bist, campus uab, bellaterra, 08193 barcelona, catalonia, spain.",1
3417,"cardiovascular epidemiology and genetics research group, imim, barcelona, spain",1
3418,"cardiovascular epidemiology and genetics research group, imim-hospital del mar research institute, 08003 barcelona, spain",1
3419,"cardiovascular epidemiology and genetics research group, regicor study group, imim (hospital del mar medical research institute), barcelona, spain",1
3420,"cardiovascular epidemiology and genetics, imim (hospital del mar research institute), barcelona, spain",1
3421,"cardiovascular epidemiology and genetics, imim – hospital del mar medical research institute, barcelona, spain",1
3422,"cardiovascular epidemiology and nutrition research group, institut hospital del mar d’investigacions biomèdiques (imim), 08003 barcelona, spain",1
3423,"catalan institute of nanoscience and nanotechnology (icn2), csic and bist, campus uab, bellaterra, barcelona, spain",1
3424,"cardiovascular risk and nutrition (regicor study group), hospital del mar medical research institute (imim), barcelona, spain",1
3425,"cardiovascular risk and nutrition (regicor study group), hospital del mar research institute (imim), 08003 barcelona, spain",1
3426,"cardiovascular risk and nutrition research group (carin), hospital del mar institute for medical research, 08003 barcelona, spain",1
3427,"cardiovascular risk and nutrition research group (carin), hospital del mar research institute (imim), 08003, barcelona, spain",1
3428,"cardiovascular risk and nutrition research group (carin), hospital del mar research institute (imim), departament de medicina, universitat autònoma de barcelona, 08003, barcelona, spain",1
3429,"cardiovascular risk and nutrition research group (carin), hospital del mar research institute (imim), departament de medicina, universitat autònoma de barcelona, barcelona, spain",1
3430,"cardiovascular risk and nutrition research group (carin), imim (hospital del mar medical research institute), 08003 barcelona, spain",1
3431,"cardiovascular risk and nutrition research group (carin-ulec), hospital del mar medical research institute (imim), barcelona, spain",1
3432,"cardiovascular risk and nutrition research group (carin-ulec), imim-hospital del mar, barcelona. biomedical research park (parc de recerca biomèdica de barcelona– prbb), 08003, barcelona, spain",1
3433,"cardiovascular risk and nutrition research group (carin-ulec), institut hospital del mar d'investigacions mèdiques, barcelona biomedical research park, barcelona, spain",1
3434,"cardiovascular risk and nutrition research group, hospital del mar medical research institute (imim), department of medicine, university of barcelona, barcelona, spain",1
3435,"cardiovascular risk and nutrition research group, hospital del mar medical research institute (imim)",1
3436,cardiovascular respiratory and metabolic area osakidetza basque health service bioaraba health research institute araba university hospital university of the basque country upv/ehu  vitoria‐gasteiz spain,1
3437,"cardiology department, hospital del mar, parc de salut mar, 08003 barcelona, spain",1
3438,"cardiology department, hospital del mar, passeig marítim de la barceloneta 25-29, 08003 barcelona, spain",1
3439,"cardiology department, hospital del mar, passeig marítim de la barceloneta 25-29, barcelona, 08003, spain",1
3440,"cardiology department, hospital del mar, passeig marítim de la barceloneta, 25-29, 08003 barcelona, spain",1
3441,"cardiology department, hospital del mar. passeig de la barceloneta 25, 08003 barcelona, spain.",1
3442,"cardiology department, imim-hospital del mar, parc de salut mar, department of medicine and life sciences (melis), universitat pompeu fabra (upf), barcelona biomedical research park (prbb), 08003 barcelona, spain",1
3443,"cardiology service, hospital clinic-idibaps, university of barcelona, barcelona, spain",1
3444,"cardiology service, hospital josep trueta, university of girona, girona, spain",1
3445,"cardiovascular epidemiology and genetics research group, imim, 08003 barcelona, spain",1
3446,"cardiovasclar risk and nutrition research group, institut hospital del mar d’investigacions mèdiques, 08003 barcelona, spain",1
3447,"cardiovascular epidemiology group, imim (hospital del mar medical research institute), c/doctor aiguader 88, 08003 barcelona, spain",1
3448,"cardiovascular epidemiology unit, municipal institute for medical research (imim), 08007 barcelona, spain",1
3449,"cardiovascular epidemiology and genetics research group, hospital del mar medical research institute (imim), campus del mar, universitat pompeu fabra, barcelona, spain",1
3450,"cardiovascular epidemiology and genetics research group, hospital del mar medical research institute (imim), barcelona, spain",1
3451,"cardiovascular epidemiology and genetics research group, imim hospital del mar medical research institut, 08003 barcelona, spain",1
3452,catalan institute of nanoscience and nanotechnology (icn2)  csic and bist campus uab bellaterra barcelona 08193 spain,1
3453,catalan institute of nanoscience and nanotechnology (icn2) csic bist campus uab  bellaterra 08193 catalonia spain,1
3454,"catalan institute of nanoscience and nanotechnology (icn2) csic barcelona institute of science and technology  uab campus 08193 bellaterra, barcelona spain",1
3455,catalan institute of nanoscience and nanotechnology (icn2) csic and bist  campus uab bellaterra barcelona 08193 spain,1
3456,"catalan institute of nanoscience and nanotechnology (icn2) csic and bist  campus uab, bellaterra 08193 barcelona catalonia spain",1
3457,"catalan institute of nanoscience and nanotechnology (icn2) csic and bist  campus uab, bellaterra barcelona catalonia 08193 spain",1
3458,catalan institute of nanoscience and nanotechnology (icn2) csic and bist campus uab  bellaterra 08193 spain,1
3459,catalan institute of nanoscience and nanotechnology (icn2) csic and bist campus uab  bellaterra barcelona 08193 spain,1
3460,catalan institute of nanoscience and nanotechnology (icn2) csic and bist campus uab bellaterra  barcelona catalonia 08193 spain,1
3461,"cardiovascular risk and nutrition research group, hospital del mar medical research institute, barcelona, spain",1
3462,"catalan institute of nanoscience and nanotechnology (icn2) csic and the barcelona institute of science and technology (bist) campus uab, bellaterra barcelona 08193 spain",1
3463,"catalan institute of nanoscience and nanotechnology (icn2), av. de serragalliners, s/n, 08193 bellaterra (barcelona), spain",1
3464,"catalan institute of nanoscience and nanotechnology (icn2), csic and bist 4 , campus uab, cerdanyola del vallès e-08193, spain",1
3465,"catalan institute of nanoscience and nanotechnology (icn2), csic and bist campus uab, bellaterra, 08193 barcelona, catalonia (spain",1
3466,"catalan institute of nanoscience and nanotechnology (icn2), csic and bist campus uab, bellaterra, 08193 barcelona, catalonia, spain",1
3467,"catalan institute of nanoscience and nanotechnology (icn2), csic and bist, bellaterra, spain",1
3468,"catalan institute of nanoscience and nanotechnology (icn2), csic and bist, campus uab , bellaterra, 08193 , barcelona , spain",1
3469,"catalan institute of nanoscience and nanotechnology (icn2), csic and bist, campus uab, 08193 bellaterra, barcelona, catalonia, spain",1
3470,"catalan institute of nanoscience and nanotechnology (icn2), csic and bist, campus uab, barcelona, spain",1
3471,"catalan institute of nanoscience and nanotechnology (icn2), csic and bist, campus uab, bellaterra, 08193 barcelona, catalonia, spain; icrea pg. lluis companys, 08010 barcelona, catalonia, spain.",1
3472,"catalan institute of nanoscience and nanotechnology (icn2), csic and bist, campus uab, bellaterra, 08193, barcelona, catalonia, spain",1
3473,"catalan institute of nanoscience and nanotechnology (icn2), csic and bist, campus uab, bellaterra, barcelona e-08193, spain",1
3474,"catalan institute of nanoscience and nanotechnology (icn2), csic and bist, campus uab, bellaterra, barcelona, 08193, catalonia, spain",1
3475,"catalan institute of nanoscience and nanotechnology (icn2), csic and bist, campus uab, bellaterra, barcelona, catalonia, 08193, spain",1
3476,"catalan institute of nanoscience and nanotechnology (icn2), csic and bist, campus uab, bellaterra, barcelona, e-08193 spain",1
3477,"catalan institute of nanoscience and nanotechnology (icn2) csic and bist campus uab, bellaterra barcelona 08193 spain",1
3478,"cardiovascular risk and nutrition research group, imim hospital del mar medical research institut, 08003 barcelona, spain",1
3479,"cardiovascular risk and nutrition research group, regicor study group, imim (hospital del mar medical research institute), doctor aiguader 88, 08003 barcelona, spain",1
3480,"cardiovascular risk and nutrition research group. hospital del mar medical research institute (imim), barcelona, spain",1
3481,"cardiovascular risk and nutrition, hospital del mar medical research institute (imim), 08003 barcelona, spain",1
3482,"cardiovascular risk and nutrition, hospital del mar medical research institute (imim), barcelona, spain",1
3483,"cardiovascular risk and nutrition, imim – hospital del mar medical research institute, barcelona, spain",1
3484,"cardiovascular risk and nutrition, imim-hospital del mar medical research institute, 08003 barcelona, spain",1
3485,"cardiovascular risk and nutrition, imim-hospital del mar medical research institute, barcelona, catalonia, spain",1
3486,"cardiovascular risk and nutrition–imim (hospital del mar medical research institute), dr. aiguader 88, 08003, barcelona, spain",1
3487,cardiovascular and nutrition research group institut de recerca hospital del mar  barcelona 08003 spain,1
3488,"cardiovascular and nutrition research group, hospital del mar medical research institute, barcelona, spain",1
3489,"cardiovascular and nutrition research group, hospital del mar research institute (imim), barcelona, spain",1
3490,"cardiovascular and nutrition research group, hospital del mar research institute, barcelona, spain",1
3491,"cardiovascular and nutrition research group, institut de recerca hospital del mar, 08036 barcelona, spain",1
3492,cardiovascular risk and nutrition group hospital del mar medical research institute (imim)  barcelona spain,1
3493,"cardiovascular, respiratory and metabolic area, bioaraba health research institute; araba university hospital, osakidetza basque health service; university of the basque country upv/ehu, vitoria-gasteiz, spain;",1
3494,"cardiovascular, respiratory and metabolic area, osakidetza basque health service, bioaraba health research institute, araba university hospital, university of the basque country upv/ehu, vitoria-gasteiz, spain",1
3495,"catalan health service, generalitat de catalunya, ami code registry, barcelona, catalonia, spain",1
3496,"centre for ecological research and forestry applications (creaf), 08193 cerdanyola del vallès, spain",1
3497,"centre for ecological research and forestry applications (creaf), 08193, bellaterra, spain.",1
3498,"centre for ecological research and forestry applications (creaf), 08193, bellaterra, spain; universidad politécnica de madrid, 28040, madrid, spain.",1
3499,"centre for ecological research and forestry applications (creaf), barcelona, spain.",1
3500,"centre for ecological research and forestry applications (creaf), bellaterra, barcelona, spain",1
3501,"centre for ecological research and forestry applications (creaf), e08193 bellaterra (cerdanyola del vallès), spain",1
3502,"centre for ecological research and forestry applications, creaf, barcelona, spain",1
3503,"centre d’atencio primaria 1 maig, institut català de la salut (ics), carrer de la mercè, 5, 25003, lleida, spain",1
3504,"centre d’atencio primaria plaça catalunya, institut català de la salut (ics), carrer soler i march, 6, 08242 manresa, spain",1
3505,"centre d’atencio primaria rambla ferran, institut català de la salut (ics), carrer rambla ferran 44, 25007, lleida, spain",1
3506,"centre d’atencio primaria sagrada família, consorci sanitari integral (csi), carrer còrsega 643, 08025 barcelona, spain",1
3507,"centre d’atencio primaria sagrada família, institut català de la salut, carrer st. cristòfol, 34, 08243 manresa, barcelona, spain",1
3508,"centre d’atenció primària martorell rural, institut català de la salut, 08001 barcelona, spain",1
3509,"centre d’estudis sociològics sobre la vida quotidiana i el treball, institut d’estudis del treball, universitat autònoma de barcelona, 08193 cerdanyola del vallès, spain",1
3510,"centre d’innovació, recerca i transferència en tecnologia dels aliments (cirtta), tecnio-uab, xia, departament de ciència animal i dels aliments, uab-campus, universitat autònoma de barcelona, 08193 bellaterra, spain",1
3511,centro atención primaria de mutxamel de fisabio  alicante spain,1
3512,"centro hospitalario universitario insular materno infantil, canarian health service, las palmas de gran canaria, spain",1
3513,"centro hospitalario universitario insular materno infantil, servicio canario de salud, 35016 las palmas, spain",1
3514,"centre for health and social care research (cess), universitat de vic, universitat central de catalunya, vic, spain",1
3515,"centre for research in environmental epidemiology (creal), isglobal, barcelona, spain",1
3516,"centre for research in environmental epidemiology (creal), isglobal, carrer del dr. aiguader, 88, 08003 barcelona, spain",1
3517,"centre for research in international health (cresib), hospital clinic, university of barcelona, isglobal, barcelona, spain",1
3518,"centre for research on ecology and forestry applications (creaf), 08193 cerdanyola del vallès, spain",1
3519,"centre for research on ecology and forestry applications (creaf), campus de bellaterra (uab), barcelona, spain",1
3520,"center for global health and diseases, department of pathology, case western reserve university school of medicine, cleveland, oh, usa",1
3521,"center for research in occupational health (cisal), institut hospital del mar d'investigacions mèdiques (imim), barcelona, spain",1
3522,"center for research in occupational health, universitat pompeu fabra, imim (hospital del mar medical research institute), universitat pompeu fabra, barcelona, spain",1
3523,"center for research in occupational health (cisal), universitat pompeu fabra (upf)-imim psmar, ciber de epidemilogía y salud pública, barcelona, spain",1
3524,"center for the study of mediterranean rivers, university of vic–central university of catalonia, 08500 manlleu, spain",1
3525,"center for biomedical research in infectious diseases network (ciberinfec), instituto de salud carlos iii, madrid, spain; infectious diseases service, clínica universidad de navarra, pamplona, spain.",1
3526,"center for biomedical research in infectious diseases network (ciberinfec), instituto de salud carlos iii, madrid, spain; infectious diseases service, hospital clinic, barcelona, spain.",1
3527,"center for biomedical research in infectious diseases network (ciberinfec), instituto de salud carlos iii, madrid, spain; infectious diseases service, hospital universitari de bellvitge, barcelona, spain.",1
3528,"center for biomedical research in infectious diseases network (ciberinfec), instituto de salud carlos iii, madrid, spain; infectious diseases service, hospital universitario gregorio marañón, madrid, spain.",1
3529,"center for biomedical research in infectious diseases network (ciberinfec), instituto de salud carlos iii, madrid, spain; infectious diseases service, hospital universitario marqués de valdecilla, santander.",1
3530,"center for biomedical research in infectious diseases network (ciberinfec), instituto de salud carlos iii, madrid, spain; infectious diseases service, hospital universitario ramón y cajal, madrid, spain.",1
3531,"center for biomedical research in infectious diseases network (ciberinfec), instituto de salud carlos iii, madrid, spain; microbiology service, hospital universitari son espases, instituto de investigación sanitaria illes balears (idisba), palma de mallorca, spain.",1
3532,"center for biomedical research in infectious diseases network (ciberinfec), instituto de salud carlos iii, madrid, spain; servicio de microbiología, hospital universitario ramón y cajal and instituto ramón y cajal de investigación sanitaria (irycis) madrid, spain.",1
3533,"center for ecological research and forestry applications\r , cerdanyola del valles 08193,\r spain",1
3534,"center for brain and cognition, department of information and communication technologies, universitat pompeu fabra, 08005, barcelona, spain; hospital del mar medical research institute, 08003, barcelona, spain; donders centre for neuroscience, radboud university, nijmegen, netherlands.",1
3535,"center for demographic studies, 08193 bellaterra, spain",1
3536,"center for ecological research and forestry applications (creaf), 08193 cerdanyola del vallès, spain",1
3537,"center for ecological research and forestry applications (creaf), campus de bellaterra, 08193 cerdayola del valles, spain;",1
3538,"center for ecological research and forestry applications (creaf), grumets research group, cerdanyola del vallès, 08193 catalonia, spain",1
3539,"center for ecological research and forestry applications, autonomous university of barcelona, 08193 bellaterra, spain",1
3540,"center for ecological research and forestry applications, universitat autonoma de barcelona (uab), bellaterra, spain",1
3541,"centre d'investigació en salut laboral, universitat pompeu fabra - hospital del mar, barcelona, españa",1
3542,centre de recerca ecològica i aplicacions forestals (creaf)  cerdanyola del vallès spain,1
3543,"centre de recerca ecològica i aplicacions forestals (creaf), 08193 cerdanyola del vallès, barcelona, spain",1
3544,"centre de recerca ecològica i aplicacions forestals (creaf), 08193 cerdanyola del vallès, spain",1
3545,"centre de recerca ecològica i aplicacions forestals (creaf), barcelona, spain",1
3546,"central analysis service (sgiker), faculty of science and technology, university of the basque country (upv/ehu), p.o. box 644, 48080 bilbao, spain",1
3547,"centre de recerca ecològica i aplicacions forestals (creaf), cerdanyola del vallès 08193",1
3548,"centre de recerca ecològica i aplicacions forestals (creaf), cerdanyola del vallès, 08193, spain",1
3549,"centre de recerca ecològica i aplicacions forestals (creaf), e08193 bellaterra (cerdanyola del vallès), catalonia, spain",1
3550,"centre de recerca ecològica i aplicacions forestals (creaf), edifici c campus de, 08193 bellaterra, barcelona, spain.",1
3551,"centre de recerca ecològica i aplicacions forestals (creaf), edifici c facultad de ciencias y biociencias, bellaterra, 08193, barcelona, spain.",1
3552,"centre de recerca ecològica i aplicacions forestals (creaf-csic-uab), universitat autònoma de barcelona, 08193 (cerdanyola de vallès, barcelona), catalonia, spain",1
3553,"centre de recerca ecològica i aplicacions forestals, campus uab. edifici c 08193 bellaterra, cerdanyola del vallès, bellaterra, barcelona, 08193, spain",1
3554,"centre de recerca ecològica i aplicacions forestals, cerdanyola del vallès, catalonia, spain",1
3555,"centre de recerca matemàtica (crm), bellaterra, barcelona, spain",1
3556,"centre de recerca en agrigenòmica, csic/irta/uab/ub , 08193 bellaterra, catalonia, spain",1
3557,"centre de recerca en agrigenòmica, csic/irta/uab/ub, 08193 bellaterra, catalonia, spain",1
3558,"centre de reserca ecologica i aplicacions forestals (creaf), spain",1
3559,"centre de recerca ecològica i aplicacions forestals (creaf), bellaterra (cerdanyola del vallès), 08193 catalonia, spain",1
3560,"centre assistencial dr. emili mira, parc de salut mar, santa coloma de gramenet, barcelona, spain",1
3561,"centre d'estudis sociològics sobre la vida quotidiana i el treball (quit), sociology department, universitat autònoma de barcelona, 08193, cerdanyola del, vallès, spain",1
3562,"centre d'innovació, recerca i transferència en tecnologia dels aliments (cirtta), tecnio-uab, xia, departament de ciència animal i dels aliments, universitat autònoma de barcelona, uab-campus, 08193, bellaterra, spain",1
3563,"centre emili mira, institute of mental health, hospital del mar barcelona, barcelona, spain",1
3564,"centre emili mira, institute of neuropsychiatry and addictions (inad), parc de salut mar, spain",1
3565,"centre forum research unit, institute of neuropsychiatry and addictions (inad), hospital del mar, barcelona, spain",1
3566,"centre fòrum research unit, hospital del mar research institute, barcelona, spain",1
3567,"centre fòrum research unit, institute of neuropsychiatry and addiction (inad), parc de salut mar, spain",1
3568,"centre fórum research unit, institute of neuropsychiatry and addictions (inad), parc de salut mar, c/llull 410, 08019, barcelona, spain",1
3569,"centre fórum research unit, parc de salut mar, 410, llull st., 08019, barcelona, catalonia, spain",1
3570,"centre fórum research unit, parc de salut mar, barcelona, spain",1
3571,"centre d'assistència primària marià fortuny, abs reus v. salut sant joan de reus, reus, spain",1
3572,"centre d'atenció primària serraparera, institut català de la salut, cerdanyola del vallès, barcelona, spain",1
3573,"centre nacional de microelectrònica, institut de microelectrònica de barcelona-csic, campus uab, 08193 bellaterra, barcelona, spain",1
3574,"ciber de epidemiología y salud pública (ciberesp), instituto de salud carlos iii, madrid, spain; unit of cardiovascular risk and nutrition, hospital del mar medical research institute (imim), barcelona, spain.",1
3575,"cardiology department, hospital del mar, barcelona, spain.",1
3576,"ciber de epidemiología y salud pública, ciberesp, madrid, spain; isglobal, barcelona, spain; universitat pompeu fabra (upf), barcelona, spain.",1
3577,"ciber de enfermedades respiratorias (ciberes), instituto de salud carlos iii, madrid, spain; servicio de medicina intensiva, hospital universitario la paz, idipaz, madrid, spain",1
3578,"ciber de enfermedades respiratorias (ciberes), instituto de salud carlos iii, madrid, spain; translational research in respiratory medicine, respiratory department, hospital universitari aranu de vilanova and santa maria, irblleida, lleida, spain",1
3579,"ciber de enfermedades respiratorias, ciberes, madrid, spain; pulmonology department-muscle wasting and cachexia in chronic respiratory diseases and lung cancer research group, imim-hospital del mar, parc de salut mar, department of medicine, universitat autònoma de barcelona, parc de recerca biomèdica de barcelona (prbb), barcelona, spain; universitat pompeu fabra (upf), barcelona, spain.",1
3580,"ciber de enfermedades respiratorias, ciberes, madrid, spain; servicio de neumología, hospital vall d'hebron, barcelona, spain.",1
3581,"ciber of respiratory diseases (ciberes), madrid, spain; hospital santa maria, irblleida, lleida, spain.",1
3582,"ciber of respiratory diseases (ciberes), madrid, spain; pulmonary department, translational research in respiratory medicine, university hospital arnau de vilanova and santa maria, irblleida, spain.",1
3583,"ciber of respiratory diseases (ciberes), madrid, spain; pulmonology service, university and polytechnic hospital la fe, valencia, spain.",1
3584,"ciber en epidemiología y salud pública (ciberesp), madrid, spain; health services research unit, imim-hospital del mar medical research institute, barcelona, spain; pompeu fabra university (upf), barcelona, spain",1
3585,"ciber group in epidemiology and public heath (cibercv), hospital del mar medical research institute (imim), 08003 barcelona, spain",1
3586,"ciber group in epidemiology and public heath (cibercv), hospital del mar medical research institute (imim), barcelona, spain",1
3587,"ciber fisiopatología obesidad y nutrición (ciberobn), instituto de salud carlos iii, 28029, madrid, spain; cardiovascular risk and nutrition research group, hospital del mar medical research institute (imim), 08003, barcelona, spain; endocrinology service. institut hospital del mar d'investigacions mèdiques (imim), 08003, barcelona, spain. electronic address: ocastaner@imim.es.",1
3588,"ciber fisiopatología obesidad y nutrición (ciberobn), instituto de salud carlos iii, 28029, madrid, spain; navarra's health research institute (idisna), pamplona, spain; university of navarra, department of nutrition, food sciences and physiology, pamplona, spain. electronic address: amarti@unav.es.",1
3589,"ciber fisiopatología obesidad y nutrición (ciberobn), instituto de salud carlos iii, 28029, madrid, spain; university of navarra, department of preventive medicine and public health, pamplona, spain; navarra's health research institute (idisna), pamplona, spain; department of nutrition, harvard t.h. chan school of public health, boston, ma, usa. electronic address: mamartinez@unav.es.",1
3590,"ciber fisiopatología obesidad y nutrición (ciberobn), instituto de salud carlos iii, madrid, spain; cardiovascular risk and nutrition research group, hospital del mar research institute, barcelona, spain. electronic address: hschroder@researchmar.net.",1
3591,"ciber fisiopatología obesidad y nutrición (ciberobn), instituto de salud carlos iii, madrid, spain; cardiovascular risk and nutrition research group, hospital del mar research institute, barcelona, spain.",1
3592,"cancer prevention and control program, unit of biomarkers and susceptibility, bellvitge biomedical research institute (idibell), catalan institute of oncology, 08907 barcelona, spain",1
3593,"cancer program, hospital del mar medical research institute (imim), 08003 barcelona, spain",1
3594,"cancer research program institut hospital del mar d'investigacions mèdiques, ciberonc, hospital del mar  barcelona spain",1
3595,"cancer research program institut mar d’investigacions mèdiques ciberonc, hospital del mar barcelona spain",1
3596,"cancer research program, ciberonc institut hospital del mar d'investigacions mèdiques (imim), barcelona, spain",1
3597,"cancer research program, centro de investigación biomédica en red cáncer (ciberonc), institut mar d'investigacions mèdiques, hospital del mar, 08003 barcelona, spain",1
3598,"cancer research program, hospital del mar medical research institute (imim), barcelona, spain",1
3599,"cancer research program, hospital del mar medical research institute (imim), oncology department, hospital del mar, barcelona, spain",1
3600,"cancer research program, hospital del mar medical research institute (imim), unidad asociada i+d+i imim-iibb (csic), barcelona 08003, spain.",1
3601,"cancer research program, hospital del mar medical research institute (imim), unidad asociada iibb-csic, 08003 barcelona, spain",1
3602,"cancer research program, hospital del mar medical research institute (imim), unidad asociada iibb-csic, barcelona, spain",1
3603,"cancer research program, hospital del mar medical research institute (imim)—hospital del mar, 08003 barcelona, spain",1
3604,"cancer research program, hospital del mar research institute (hmri), unidad asociada iibb-csic, barcelona, spain.",1
3605,"cancer research program, hospital del mar research institute (imim), unidad asociada iibb-csic, c/ del dr. aiguader, 88, barcelona 08003, spain",1
3606,"cancer research program, hospital del mar research institute, barcelona, 08003, spain",1
3607,"cancer research program, hospital del mar research institute, barcelona, spain",1
3608,"cancer research program, hospital del mar, medical research institute (imim), 08003 barcelona, spain",1
3609,"cancer research program hospital del mar medical research institute (imim), barcelona, spain",1
3610,"csic, global ecology unit, creaf-csic-uab, bellaterra, barcelona, catalonia, spain",1
3611,"csic, global ecology unit, creaf-csic-uab, bellaterra, barcelona, spain",1
3612,"csic, global ecology unit, creaf-csic-uab, e08193 bellaterra (cerdanyola del vallès), catalonia, spain",1
3613,"csic, and barcelona institute of science and technology, catalan institute of nanoscience and nanotechnology (icn2), campus uab, bellaterra, barcelona 08193, spain",1
3614,"csic-creaf (centre for ecological research and applied forestries), cerdanyola del vallès,  catalonia, spain",1
3615,"ct beta, universitat de vic – universitat central de catalunya, carrer de la laura 13, 08500 vic, spain",1
3616,"cadiovascular risk and nutrition research group, hospital del mar medical research institute (imim), barcelona, spain",1
3617,"campus docent sant joan de déu, school of nursing, university of barcelona, carrer sant, c. de sta. benito menni, 18-20, 08830 sant boi de llobregat, barcelona. research group dafnis. imim (hospital del mar medical research institute)",1
3618,"campus de la uab, universitat autònoma de barcelona, bellaterra, barcelona, españa",1
3619,"campus del mar, universitat pompeu fabra (upf), 08002 barcelona, spain",1
3620,"campus del mar, universitat pompeu fabra, e-08003 barcelona, spain",1
3621,"campus del mar, universitat pompeu fabra, e-08003 barcelona, spain; department of obstetrics and gynecology, hospital del mar, e-08003 barcelona, spain",1
3622,"campus do mar, facultad de ciencias del mar, universidad de vigo, 36311 vigo, spain",1
3623,"cancer research program, imim (hospital del mar medical research institute), barcelona, spain",1
3624,"cardiology department, hospital del mar (consorci mar parc de salut de barcelona), barcelona, spain",1
3625,"cancer research program, institut hospital del mar d'investigacions mediques, hospital del mar, barcelona",1
3626,"cancer research program, institut hospital del mar d'investigacions mediques, hospital del mar, barcelona, spain",1
3627,"cancer research program, institut hospital del mar d'investigacions mèdiques (imim), barcelona, spain",1
3628,"cancer research program, institut hospital del mar d’investigacions mèdiques (imim), 08003 barcelona, spain",1
3629,"cancer research program, institut hospital del mar d’investigacions mèdiques (imim), barcelona, spain",1
3630,"cancer research program, institut mar d'investigacions mèdiques, ciberonc hospital del mar  barcelona spain",1
3631,"cancer research program, institut mar d'investigacions mèdiques, ciberonc hospital del mar barcelona spain",1
3632,"cancer research program, institut mar d'investigacions mèdiques, ciberonc, hospital del mar, barcelona, 08003, spain",1
3633,"cancer research program, unidad asociada al csic institut hospital del mar d'investigacions mèdiques (imim)  barcelona spain",1
3634,"cancer research program, unidad asociada al csic institut hospital del mar d'investigacions mèdiques (imim) barcelona spain",1
3635,"cancer research programme, hospital del mar medical research institute (imim), 08003 barcelona, spain.",1
3636,"cancer surveillance and registry unit, division of public health, department of health, c. san martín de porres, 6, 28035, madrid, spain",1
3637,"cardiac rehabilitation unit, department of cardiology, hospital del mar, barcelona, spain",1
3638,"csic, global ecology unit creaf-csic-uab, e-08913 bellaterra, spain",1
3639,"creaf  bellaterra (cerdanyola del vallès), catalonia spain",1
3640,creaf  bellaterra spain,1
3641,"creaf & uab, cerdanyola del vallès, barcelona, spain",1
3642,"ciberesp-murcia,     murcia, spain; imib-arrixaca; udif-sm, servicio murciano de salud",1
3643,"creaf, centre for ecological research and applied forestries, cerdanyola del vallès, catalonia, 08193, spain",1
3644,"creaf, cerdanyla del vallès, barcelona, spain",1
3645,"creaf, cerdanyola del vallès  bellaterra spain",1
3646,"creaf, cerdanyola del vallès 08193, barcelona, catalonia, spain",1
3647,"creaf, cerdanyola del vallès, barcelona, spain",1
3648,"creaf, cerdanyola del vallès, catalonia, spain",1
3649,"creaf, cerdanyola del vallès, e08193, bellaterra, catalonia, spain",1
3650,"creaf, cerdanyola del vallès, edifici c, campus uab, cerdanyola del vallès, catalonia, spain",1
3651,"creaf, cerdanyola del vallès, barcelona, catalonia, 08193, spain",1
3652,"creaf, e-08193 bellaterra, spain",1
3653,"creaf, e08193, bellaterra, (cerdanyola del vallès), catalonia, spain",1
3654,"creaf, edifici c campus de bellaterra, cerdanyola del vallès 08193, spain",1
3655,"creaf, spain",1
3656,"creaf, universitat autònoma de barcelona, cerdanyola del vallés, 08193, spain",1
3657,"creaf, cerdanyola del valles, catalonia 08193, spain",1
3658,creaf (center for ecological research and forestry applications cerdanyola del vallès spain,1
3659,csic  cerdanyola del vallès spain,1
3660,"csic , bellaterra e-08193 , spain",1
3661,"csic global ecology unit creaf‐csic‐uab bellaterra, barcelona catalonia spain",1
3662,"csic global ecology unit creaf‐csic‐uab bellaterra, barcelona spain",1
3663,"csic and bist, campus uab, catalan institute of nanoscience and nanotechnology (icn2), barcelona, spain",1
3664,"csic and bist, catalan institute of nanoscience and nanotechnology (icn2), campus uab, bellaterra, 08193 barcelona, catalonia, spain",1
3665,"csic, cerdanyola del vallès, barcelona, catalonia, spain",1
3666,"csic, global ecology unit creaf-csic-uab, 08913, bellaterra, spain",1
3667,"csic, global ecology unit creaf-csic-uab, bellaterra 08193, barcelona catalonia, spain",1
3668,"csic, global ecology unit creaf-csic-uab, bellaterra, spain",1
3669,"csic, global ecology unit creaf-csic-uab, cerdanyola del vallès, 08193 catalonia, spain;",1
3670,creaf (center for ecological research and forestry applications) cerdanyola del vallès spain,1
3671,"creaf (center for ecological research and forestry applications), 08193 cerdanyola del vallès, spain",1
3672,"creaf (center for ecological research and forestry applications), 08193, cerdanyola del vallès, spain",1
3673,"creaf (centre de recerca i aplicacions forestals), campus de bellaterra (uab) edifici c. , cerdanyola del vallès 08193 , spain",1
3674,"creaf (centre for ecological research and forestry applications), bellaterra, spain",1
3675,"creaf , cerdanyola del vallès, catalonia 08193 , spain",1
3676,"creaf , cerdanyola del vallès, catalonia e-08193 , spain",1
3677,"creaf - centre de recerca ecològica i aplicacions forestals, spain",1
3678,creaf bellaterra (cerdanyola del vallès) catalonia e08193 spain,1
3679,creaf bellaterra (cerdanyola del vallès) catalonia spain,1
3680,creaf campus universitat autònoma de barcelona  catalonia spain,1
3681,creaf catalonia spain,1
3682,"creaf centre for research on ecology and forestry applications, building c, universitat autònoma de barcelona, 08193, bellaterra, catalonia, spain",1
3683,creaf cerdanyola del vallès barcelona catalonia spain,1
3684,"creaf cerdanyola del vallès, catalonia spain",1
3685,"creaf, centre de recerca ecològica i aplicacions forestals, universitat autònoma de barcelona, 08193 bellaterra, spain; universidad politécnica de madrid, 28040 madrid, spain.",1
3686,"creaf grumets research group, creaf. edifici c. universitat autònoma de barcelona, 08193 bellaterra, catalonia, spain",1
3687,"creaf, 08193 bellaterra (cerdanyola del vallès) catalonia spain",1
3688,"creaf, 08193 bellaterra (cerdanyola del vallès), catalonia, spain",1
3689,"creaf, 08193 bellaterra, cerdanyola del vallès, catalonia, spain / universitat autònoma de barcelona, cerdanyola del vallès 08193, spain",1
3690,"creaf, 08193, cerdanyola del vallès, bellaterra, spain",1
3691,"creaf, 08193, cerdanyola del vallès, catalonia, spain",1
3692,"creaf, 08193, cerdanyola del vallés, spain",1
3693,"creaf, 08913, cerdanyola del vallès, spain",1
3694,"creaf, bellaterra (cerdanyola del vall.s), barcelona, spain",1
3695,"creaf, bellaterra, 08193, spain",1
3696,"creaf, bellaterra, catalonia, spain",1
3697,"creaf, campus uab, edifici c, 08193 bellaterra, barcelona, spain",1
3698,"creaf, campus de bellaterra (uab), edifici c, 08193 cerdayola del valles, spain",1
3699,"creaf, centre de recerca ecològica i aplicacions forestals  catalonia spain",1
3700,"creaf, centre de recerca ecològica i aplicacions forestals, universitat autònoma de barcelona, 08193 bellaterra, spain.",1
3701,creaf e08193 bellaterra (cerdanyola del vallès) catalonia spain,1
3702,"emeritus professor, universitat autònoma de barcelona, endocrine surgery hospital del mar barcelona spain",1
3703,"endocrine surgery unit, general surgery department, hospital del mar, parc de salut mar, barcelona, spain",1
3704,"endocrine surgery unit, hospital del mar, 08003 barcelona, spain",1
3705,"endocrinology & nutrition service, institut d'investigacions biomèdiques august pi sunyer (idibaps), hospital clínic, university of barcelona, barcelona, spain",1
3706,"endocrinology department, hospital del mar institute of medical research, barcelona, spain",1
3707,"endocrinology service, hospital del mar medical research institute (imim), barcelona, spain",1
3708,"endocrinology and nutrition clinical management unit, virgen de la victoria hospital, málaga biomedical research institute (ibima), málaga, spain",1
3709,endocrinology and nutrition service hospital universitari de tarragona joan xxiii institut d'investigació sanitària pere virgili  tarragona spain,1
3710,endocrinology and nutrition service hospital universitari de tarragona joan xxiii institut d'investigació sanitària pere virgili tarragona spain,1
3711,"endocrinology and nutrition service, idibaps, hospital clinic, university of barcelona, 08007 barcelona, spain",1
3712,"endocrinology service, hospital del mar, imim, 08003 barcelona, spain",1
3713,"emergency department, hospital universitario virgen arrixaca, el palmar, spain",1
3714,"emergency department, hospital universitario de navarra, servicio navarro de salud-osasunbidea, pamplona, spain",1
3715,emergency medicine osasunbidea navarra regional health service  pamplona 31003 spain,1
3716,"emergency department, hospital de vic, vic, spain",1
3717,"emergency department, hospital del mar , 08003 barcelona , spain",1
3718,"emergency department, hospital del mar-imim, 08003 barcelona, spain",1
3719,"enfermedades renales hereditarias, servicio de nefrología, fundació puigvert, institut d'investigacions biomèdiques sant pau (iib-sant pau), universidad autónoma de barcelona (departamento de medicina), barcelona, spain",1
3720,"enfermedades renales hereditarias, servicio de nefrología, fundació puigvert, instituto de investigaciones biomédicas sant pau (iib-sant pau), universidad autónoma de barcelona (departamento de medicina), redinren, barcelona, spain",1
3721,"engineering department. smart cities institute, public university of navarre, campus arrosadía s/n 31006 pamplona, spain",1
3722,"endocrinology and nutrition service, instituto de investigaciones biomédicas august pi i sunyer (idibaps), hospital clinic, university of barcelona, barcelona, spain",1
3723,"endocrinology and nutrition, hospital del mar, barcelona, spain",1
3724,"endoscopy unit, department of gastroenterology & hepatology, hospital general universitario gregorio marañón, madrid, spain",1
3725,"endoscopy unit, gastroenterology department, hospital del mar, barcelona, spain",1
3726,"endoscopy unit, hospital del mar, barcelona, spain.",1
3727,"esimar (escuela superior de enfermería del mar), parc de salut mar, centro adscrito a la universitat pompeu fabra, barcelona, spain",1
3728,"esimar (mar nursing school), psmar, universitat pompeu fabra-affiliated, c/ doctor aiguader 80, 08003, barcelona, spain",1
3729,"esimar (mar nursing school), parc de salut mar, universitat pompeu fabra -affilliated, barcelona, spain",1
3730,"esimar (mar nursing school), parc de salut mar, universitat pompeu fabra affiliated, 08003 barcelona, spain",1
3731,"esimar (mar nursing school), parc de salut mar, universitat pompeu fabra-affiliated, 08005 barcelona, spain",1
3732,"esimar (mar nursing school), parc de salut mar, universitat pompeu fabra-affiliated, barcelona, spain",1
3733,"esimar (mar nursing school), parc de salut mar, universitat pompeu fabra-affiliated, barcelona, spain.",1
3734,"esimar (mar nursing school), parc de salut mar, university pompeu fabra-affiliated, barcelona, spain",1
3735,"esimar (mar nursing school), universitat pompeu fabra-affiliated, 08003 barcelona, spain",1
3736,esimar (mar nursing school). parc de salut mar universitat pompeu fabra affiliated barcelona spain,1
3737,"early intervention service for psychosis, department of mental health parc taulí hospital universitari, i3pt, universitat autònoma de barcelona (department of psychiatry and forensic medicine), cibersam  sabadell spain",1
3738,"ecological and forestry applications research centre (creaf), campus de bellaterra (uab) edifici c, 08193 cerdanyola del vallès, spain",1
3739,"ecological and forestry applications research centre (creaf), e08193 bellaterra, spain",1
3740,"ecological and forestry applications research centre, autonomous university of barcelona, e-08913 cerdanyola del vallès, spain",1
3741,"ecology unit, department animal biology, plant biology and ecology, autonomous university barcelona, building c, uab campus, 08193 cerdanyola del vallès, spain",1
3742,"ecology unit, department animal biology, plant biology and ecology, autonomous university barcelona, building c, uab campus, 08193, cerdanyola del vallès, spain",1
3743,"doctoral program in methodology of biomedical research, public health in department of pediatrics, obstetrics and gynecology, preventive medicine and public health, universitat autònoma de barcelona (uab), 08193 bellaterra, spain",1
3744,"documentation service, hospital del mar, 08003 barcelona, spain",1
3745,"donation and transplantation coordination unit, hospital del mar, barcelona, spain",1
3746,"doping control research group, imim (institut hospital del mar d'investigacions mèdiques), 08003 barcelona, spain",1
3747,"drug addiction unit, institute of neuropsychiatry and addictions (inad), hospital del mar medical research institute (imim), barcelona, spain",1
3748,"enfocat-in2ub, universitat de barcelona (ub), c/martí i franquès 1, 08028 barcelona, spain",1
3749,"emergency department, hospital general universitario gregorio marañón, madrid, spain",1
3750,"emergency department, hospital marqués de valdecilla , 39008 santander , spain",1
3751,"emergency department, hospital marqués de valdecilla, santander, spain",1
3752,"emergency department, hospital universitari de vic, barcelona, catalonia, spain.",1
3753,"electrophysiology unit, cardiology department, hospital del mar, institut hospital del mar investigacions mèdiques (imim), universitat pompeu fabra, 25-27 passeig marítim de la barceloneta, 08003, barcelona, spain",1
3754,"electrophysiology unit, cardiology department, hospital del mar, universitat autònoma de barcelona, 25-27 passeig marítim de la barceloneta, barcelona 08003, spain",1
3755,"electrophysiology unit, cardiovascular division, department of medicine, hospital del mar, universitat autònoma de barcelona, 25-27 passeig marítim, 08003, barcelona, spain",1
3756,emergency department hospital universitario de navarra servicio navarro de salud‐osaunbidea  spain,1
3757,"emergency department and functional toxicology unit, hospital del mar, barcelona, spain",1
3758,"emergency department, hospital comarcal el escorial, madrid, spain",1
3759,"emergency department, hospital comarcal el escorial, san lorenzo de el escorial, spain",1
3760,"facultad de medicina, universitat autònoma de barcelona, bellaterra, spain",1
3761,"facultat de ciències i tecnologia, universitat central de catalunya–universitat de vic, barcelona, catalonia, spain",1
3762,"facultat de ciències, universitat autònoma de barcelona, e08193 bellaterra (cerdanyola del vallès), spain",1
3763,"facultat de medicina, campus sant pau, universitat autònoma de barcelona , sant antoni maria claret 167, 08025 barcelona , spain",1
3764,"facultat de medicina, campus del mar, universitat pompeu fabra, 08002 barcelona, spain",1
3765,"facultat de medicina, universitat autònoma de barcelona, bellaterra, spain",1
3766,"facultat de medicina., universitat de vic-universitat central de catalunya, vic, spain",1
3767,facultat de química universitat de barcelona carrer de martí i franquès  barcelona 08028 spain,1
3768,"facultat de veterinària, universitat autònoma de barcelona (uab), 08193 bellaterra, catalonia, spain",1
3769,"fisabio, servicio de secuenciación, valència, spain",1
3770,"faculty of medicine, universitat de vic i catalunya central, vic, 08500 barcelona, spain",1
3771,"faculty of medicine, universitat de vic-universitat central de cataluña (uvic-ucc), 08500 vic, spain",1
3772,"faculty of medicine, university of vic – central university of catalunya, vic, spain",1
3773,"faculty of medicine, university of vic-central university of catalonia (uvic-ucc), 08500 vic, spain",1
3774,"faculty of medicine, university of vic-central university of catalonia (uvic-ucc), 08500 barcelona, spain",1
3775,"faculty of medicine, university of vic-central university of catalonia (uvic-ucc), barcelona, spain",1
3776,"faculty of medicine, university of vic-central university of catalonia, 08500 vic , catalonia , spain",1
3777,"faculty of medicine, university of vic-central university of catalonia, 08500 vic, catalonia, spain",1
3778,"faculty of medicine, university of vic-central university of catalonia, ctra. de roda, 70, vic 08500, spain",1
3779,faculty of health sciences at manresa university of vic – central university of catalonia barcelona spain,1
3780,"faculty of health and life sciences, universitat pompeu fabra, dr aiguader building (mar campus), 08003 barcelona, spain",1
3781,"epidemiology, consorci hospitalari de vic, vic, spain",1
3782,"epilepsy monitoring unit, department of neurology, hospital del mar, 08003 barcelona, spain;",1
3783,"epilepsy monitoring unit, department of neurology. hospital del mar, barcelona, spain",1
3784,"epilepsy research group, hospital del mar medical research institute, barcelona, spain",1
3785,"equip d'atenció primària encants, centre d'atenció primària (cap) maragall, institut català de la salut, barcelona, spain",1
3786,"equipo atención primaria raval sud, barcelona, españa",1
3787,"equipo de atención primaria amadeu torner, institut català de salut, l'hospitalet de llobregat, barcelona, españa",1
3788,"equipo de atención primaria anglès, girona, spain",1
3789,"equipo de atención primaria badia del vallès, barcelona, spain",1
3790,"equipo de atención primaria bellvitge, barcelona, spain",1
3791,"equipo de atención primaria centre, institut català de salut, l'hospitalet de llobregat, barcelona, españa",1
3792,"equipo de atención primaria girona 2, girona, spain",1
3793,"equipo de atención primaria girona 3, girona, spain",1
3794,"equipo de atención primaria la torrassa, barcelona, spain",1
3795,"equipo de atención primaria martorell, barcelona, spain",1
3796,"epidemiology program, cardiovascular risk and nutrition research group, imim (hospital del mar medical research institute), dr. aiguader 88, 08003 barcelona, spain",1
3797,"epidemiology service, public health agency of barcelona (aspb), barcelona, spain",1
3798,"epidemiology service, public health agency of barcelona, pl. lesseps, 1, 08023 barcelona, spain.",1
3799,"epidemiology and evaluation department, hospital del mar institute for medical research, barcelona, catalunya, spain",1
3800,"epidemiology and evaluation department, hospital del mar, redissec, ricapps, 08003 barcelona, spain",1
3801,"epidemiology and preventive medicine service, hospital clínic of barcelona, institut of global health (isglobal), barcelona, spain",1
3802,"epidemiology and public health, institut hospital del mar d'investigacions mèdiques, barcelona, spain",1
3803,"eurecat. parc tecnològic del vallès, av. universitat autònoma, 23, 08290 cerdanyola del vallès, spain",1
3804,evaluation and intervention methods service agència de salut pública de barcelona barcelona spain,1
3805,"evolutionary genomics group, research programme on biomedical informatics, hospital del mar medical research institute (imim) and universitat pompeu fabra (upf), barcelona, spain",1
3806,"evolutionary genomics group, research programme on biomedical informatics, hospital del mar medical research institute (imim) and universitat pompeu fabra (upf), barcelona, spain.",1
3807,"equipo de atención primaria poblenou, barcelona, spain",1
3808,"evolutionary genomics group, research programme on biomedical informatics, hospital del mar research institute (imim), c/doctor aiguader 88, 08003 barcelona, spain",1
3809,"experimental fields service, faculty of biology, university of barcelona, barcelona, spain",1
3810,"experimental medicine, h. lundbeck a/s  københavn denmark",1
3811,"farmartem research group, analytical chemistry department, faculty of science and technology, university of the basque country (upv/ehu), p.o. box 644, 48080 bilbao, spain",1
3812,"evolutionary genomics group, research programme on biomedical informatics, hospital del mar research institute (imim) and universitat pompeu fabra (upf), barcelona, spain",1
3813,"equipo de atención primaria pubillas casas, barcelona, spain",1
3814,"equipo de atención primaria raval nord, barcelona, spain",1
3815,"equipo de atención primaria raval sud, barcelona, spain",1
3816,"equipo de atención primaria sant martí de provençals, barcelona, spain",1
3817,"equipo de atención primaria tremp, lleida, spain",1
3818,"equipo de atención primaria universitat, institut català de la salut, barcelona, españa",1
3819,"escola superior d'enfermería del mar, parc de salut mar  barcelona spain",1
3820,"escuela superior de enfermería del mar, parc de salut mar, 08003 barcelona, spain",1
3821,"department of surgery, division of hepato-biliary and pancreatic surgery, hospital del mar, barcelona, spain; hospital del mar medical research institute (imim), barcelona, spain",1
3822,"department of surgery, division of hepato-biliary and pancreatic surgery, hospital del mar, medical research institute (imim), university pompeu fabra, 08003 barcelona, spain",1
3823,"department of surgery, division of hepato-biliary and pancreatic surgery, university hospital del mar-imim (hospital del mar medical research institute), universitat pompeu fabra, 08003, barcelona, spain",1
3824,"department of sociology, faculty of sociology and political sciences, universitat autònoma de barcelona, cerdanyola del vallès, spain",1
3825,"department of statistics, institut hospital del mar d'investigacions mèdiques (imim), barcelona, spain.",1
3826,"department of surgery and morphologic science, orthopaedic surgery service, hospital del mar, universitat autonoma de barcelona, 08003 barcelona, spain",1
3827,"department of surgery and morphologic science, orthopaedic surgery service, universitat autònoma de barcelona, hospital del mar, 08003 barcelona, spain",1
3828,"department of surgery and morphologic science, orthopaedic surgery service, universitat autònoma de barcelona, hospital del mar, barcelona, catalunya, spain",1
3829,"department of surgery and morphologic science, orthopaedic surgery service, universitat pompeu fabra, hospital del mar, barcelona, spain",1
3830,"department of surgery and morphological sciences, parc de salut mar, hospital del mar, universitat autónoma de barcelona, passeig maritim 25-29, 08003, barcelona, spain",1
3831,"department of surgery, autonomous university of barcelona, passeig marítim de la barceloneta, 25-29, 08003, barcelona, spain",1
3832,"department of surgery, hospital de mataró, consorci sanitari del maresme, mataró, barcelona, spain",1
3833,"department of surgery, hospital del mar university hospital, barcelona, spain",1
3834,"department of surgery, hospital del mar, 08003 barcelona, catalonia, spain",1
3835,"department of surgery, mataró hospital, maresme health consortium, mataró, spain",1
3836,"department of surgery, sant joan de deu hospital foundation, martorell, spain",1
3837,"department of surgery, universitat autònoma de barcelona, bellaterra, spain",1
3838,"department of surgery, hospital universitario gregorio marañón, 28007 madrid, spain",1
3839,"department of surgery, hospital universitari de vic, 08500 vic, spain",1
3840,"department of surgery, hospital universitari de vic, vic, barcelona, spain",1
3841,"department of surgery, hospital universitari del mar, c/ passeig maritim 25-29, 08003, barcelona, spain",1
3842,"department of surgery, hospital universitario del mar, universitat autònoma de barcelona, barcelona, spain",1
3843,"department of surgery, hospital universitario gregorio marañon , madrid , spain",1
3844,"department of pulmonary medicine, hospital del mar, barcelona, spain",1
3845,"department of pulmonary medicine, hospital del mar, spain",1
3846,"department of pulmonary medicine. hospital del mar, hospital del mar medical research institute (imim), universitat pompeu fabra (upf), ciberes, (isciii), barcelona, barcelona, spain",1
3847,"department of radiation oncology, hospital del mar & hospital del mar medical research institute (imim) & pompeu fabra university, barcelona 08003, catalonia, spain",1
3848,"department of radiation oncology, hospital del mar, universitat autònoma de barcelona, barcelona, spain",1
3849,"department of public health, mental health and perinatal nursing universitat de barcelona barcelona catalonia spain; hospital del mar institute for medical research (imim) barcelona catalonia spain",1
3850,"department of research & development, isglobal, barcelona institute for global health, barcelona, spain",1
3851,"department of research, centre d'higiene mental les corts, barcelona, spain; department of clinical and health psychology, autonomous university of barcelona, bellaterra, cerdanyola del vallès, spain; serra húnter programme, goverment of catalonia, barcelona, spain. electronic address: ana.barajas@uab.cat.",1
3852,"department of respiratory medicine, hospital del mar (psmar)—imim, barcelona, spain",1
3853,"department of rheumatology, hospital del mar, barcelona, spain.",1
3854,"department of rheumatology, hospital del mar—parc de salut mar, spain",1
3855,"department of science and technology of materials and fluids, fluid dynamics technology group (tfd), aragon institute of engineering research (i3a) university of zaragoza  maría de luna, 3 zaragoza 50018 spain",1
3856,"department of radiology and radiodiagnostic, hospital del mar, barcelona, spain",1
3857,"department of radiology, hospital del mar, 08003 barcelona, spain",1
3858,"department of radiology, hospital del mar de barcelona, passeig maritim 25-29, 08003, barcelona, spain",1
3859,"department of radiology, hospital del mar, barcelona, catalonia, spain",1
3860,"department of radiology, hospital del mar, barcelona, spain.",1
3861,"department of radiology, hospital del mar, hospital sant joan de deu , barcelona , spain",1
3862,"department of radiology, hospital del mar, passeig maritim 23-25, 08003, barcelona, spain",1
3863,"department of radiology, hospital del mar, universitat pompeu fabra, barcelona, spain",1
3864,"department of radiology, hospital del mar-imim, barcelona, spain",1
3865,"diabetis des de l'atenció primària (dap)-cat group, unitat de suport a la recerca barcelona, university institute for primary care research (institut universitari per a la recerca a l'atenció primària (idiap) jordi gol), barcelona, spain",1
3866,"diabetis en atenció primaria-catalunya (dap-cat) group, unitat de suport a la recerca barcelona, fundació institut universitari per a la recerca a l'atenció primària de salut jordi gol i gurina (idiapjgol), barcelona, spain",1
3867,"digestive department, endoscopy unit, hospital del mar, parc de salut mar, barcelona, spain",1
3868,"digestive disease department, university hospital marqués de valdecilla, instituto de investigación sanitaria valdecilla (idival), 39008 santander, spain",1
3869,"department of surgery, universitat autònoma de barcelona, bellaterra, spain.",1
3870,"digestive service, hospital universitari de girona dr. josep trueta, 17007 girona, spain",1
3871,digestive system service universidad de córdoba/instituto maimónides de investigación biomédica de córdoba/hospital universitario reina sofía  córdoba spain,1
3872,"dermatology department, hospital del mar institut hospital del mar d’investigacions mèdiques (imim) universitat autònoma de barcelona barcelona spain",1
3873,"dermatology department, hospital del mar, 08003 barcelona, spain",1
3874,"dermatology department, hospital del mar, imim, universitat autonoma y universitat pompeu fabra, barcelona, spain",1
3875,"dermatology department, hospital del mar, institut mar d'investigacions mèdiques, universitat pompeu fabra, barcelona, spain.",1
3876,"dermatology department, hospital del mar-parc de salut mar, barcelona, spain",1
3877,"dermatology department, institut hospital del mar d’investigacions mèdiques, hospital del mar, barcelona, spain",1
3878,"dermatology service, hospital virgen de la victoria, málaga, spain",1
3879,"dermatology department, hospital del mar, parc de salut mar, barcelona, spain",1
3880,"division of hepato-biliary and pancreatic radiology, department of radiology, hospital del mar, barcelona, spain; hospital del mar medical research institute (imim), barcelona, spain",1
3881,"division of hepato-biliary and pancreatic surgery, department of surgery, hospital del mar, barcelona, spain",1
3882,"division of hepato-biliary and pancreatic surgery, department of surgery, hospital del mar, barcelona, spain; hospital del mar medical research institute (imim), barcelona, spain",1
3883,"division of hepato-biliary and pancreatic surgery, department of surgery, university hospital del mar-imim (hospital del mar medical research institute), barcelona, spain",1
3884,"division of hepatobliary and pancreatic surgery, hospital del mar, universitat pompeu fabra, imim, barcelona, spain",1
3885,"division of hepatobliary and pancreatic surgery, hospital del mar, universitat pompeu fabra, imim, barcelona, spain.",1
3886,"division of immunology, hospital universitario marqués de valdecilla, idival, 39008 santander, cantabria, spain",1
3887,"division of pediatrics, hospital universitario marqués de valdecilla - universidad de cantabria - instituto de investigación valdecilla (idival), santander, cantabria, spain",1
3888,"division of pharmacoepidemiology and pharmacovigilance, spanish agency of medicines and medical devices (aemps)",1
3889,"division of pneumology, hospital universitario marqués de valdecilla, idival, 39008 santander, cantabria, spain",1
3890,"docent unit of preventive medicine and public health mar health park, pompeu-fabra university – barcelona public health agency, spain",1
3891,"director of innovation and digital transformation, hospital del mar, barcelona, spain",1
3892,distrito de atención primaria costa del sol servicio andaluz de salud unidad de gestión clínica arroyo de la miel  benalmádena spain,1
3893,"division of biochemistry, hospital universitario marqués de valdecilla, idival, 39008 santander, cantabria, spain",1
3894,"division of coloproctology, department of general and digestive surgery, marqués de valdecilla university hospital, santander, spain",1
3895,"division of endoscopy, department of digestive diseases, hospital del mar, barcelona, spain; hospital del mar medical research institute (imim), barcelona, spain",1
3896,"division of coloproctology, hospital universitario gregorio marañón, madrid, spain",1
3897,"division of coloproctology, hospital universitario puerta del mar, cádiz, spain",1
3898,"division of coloproctology, hospital del mar, barcelona, spain",1
3899,"department of urology, hospital del mar, barcelona, spain",1
3900,"department of urology, hospital del mar-parc de salut mar-imim, barcelona, spain",1
3901,"department of urology, parc de salut mar, badalona, spain.",1
3902,"department of urology, parc de salut mar, barcelona, spain.",1
3903,"department of urology, parc de salut mar, department of medicine and life sciences, universitat pompeu fabra, barcelona, spain",1
3904,"department of urology, parc de salut mar, universitat pompeu fabra, 08003 barcelona, spain",1
3905,"department of urology, parc de salut mar, and department of surgery, universitat pompeu fabra, barcelona, spain",1
3906,"department of surgery, universitat autònoma de barcelona, bellaterra, spain. juan.morote@vallhebron.cat.",1
3907,"department of surgery, universitat autònoma de barcelona, cerdanyola, spain",1
3908,"department of thoracic surgery, hospital de la santa creu i sant pau & hospital de mar, universitat autònoma de barcelona, barcelona 08041, catalonia, spain",1
3909,"department of traumatology and orthopaedic surgery, hospital del mar – universitat autònoma de barcelona (uab), barcelona, spain",1
3910,"department of traumatology and orthopaedic surgery, hospital del mar, barcelona, spain",1
3911,"department of traumatology and orthopaedic surgery, hospital del mar—universitat autònoma de barcelona (uab), 08003 barcelona, spain",1
3912,"department of tropical pathology and imported diseases, hospital sant joan de déu, esplugues de llobregat, barcelona, spain; isglobal, hospital clínic - universitat de barcelona, barcelona, spain",1
3913,"department of surgical sciences and integrated diagnostics (disc), irccs aou san martino ist, genoa, italy",1
3914,"dept. de física , universitat autonoma de barcelona , 08193 bellaterra , spain",1
3915,depto. física universidad autónoma de barcelona  bellaterra barcelona 08193 spain,1
3916,"department of vascular surgery, hospital del mar, barcelona, spain",1
3917,dermatology department hospital del mar‐institut mar d'investigacions mèdiques  barcelona spain,1
3918,dermatology department institut hospital del mar d’investigacions mèdiques (imim) hospital del mar barcelona spain,1
3919,"department of vascular and endovascular surgery, hospital del mar, barcelona, spain",1
3920,"department of clinical microbiology and infectious diseases, hospital gregorio marañón, madrid, spain. gregorio marañón health research institute. complutense university of madrid",1
3921,"department-muscle wasting and cachexia in chronic respiratory diseases and lung cancer research group, imim-hospital del mar, parc de salut mar, health and experimental sciences department (cexs), universitat pompeu fabra (upf), barcelona biomedical research park (prbb), 08003 barcelona, spain",1
3922,"departmento de cirugía, universitat autònoma de barcelona, bellaterra (barcelona), spain",1
3923,"departmento de pediatría, obstetricia y ginecología, y medicina preventiva, universitat autònoma de barcelona, bellaterra, barcelona, españa",1
3924,"departmento of biogegrafía y cambio global, museo nacional de ciencias naturales, csic, madrid, spain;",1
3925,"departmento of biogegrafía y cambio global, museo nacional de ciencias naturales,\r                    consejo superior de investigaciones científicas\r                    , 28006 madrid,\r                    spain",1
3926,"departments of urology and surgery, parc de salut mar and universitat pompeu fabra, 08003 barcelona, spain",1
3927,"dept. epidemiologia i salut pública, imim, institut hospital del mar d'investigacions médiques, dr. aiguader 88, barcelona, 08003, spain",1
3928,"departmento de psiquiatría y medicina forense, universitat autonoma de barcelona. campus de la uab, bellaterra, barcelona, españa",1
3929,"grup d'electrodeposició de capes primes i nanoestructures (ge-cpn) departament de ciència de materials i química física universitat de barcelona  martí i franquès, 1 08028 barcelona, catalonia spain",1
3930,"grup d'electrodeposició de capes primes i nanoestructures (ge-cpn), departament de ciència de materials i química física, universitat de barcelona, martí i franquès, 1, e-08028 barcelona, spain",1
3931,"grup de física estadística, departament de física, universitat autònoma de barcelona, cerdanyola del vallés, 08193, spain",1
3932,"grup de física estadística, departament de física. facultat de ciències), universitat autònoma de barcelona, 08193, bellaterra, barcelona, spain",1
3933,grup de malalties inflamatòries i neoplàsiques dermatològiques institut hospital del mar d'investigacions mèdiques (imim)  barcelona spain,1
3934,"grup de recerca clínica aplicada en neoplàsies hematològiques, cancer research programme imim‐hospital del mar barcelona spain",1
3935,"grup de recerca clínica, aplicada en neoplàsies hematològiques-hospital del mar-imim, 08003 barcelona, spain",1
3936,"grup de recerca translacional en neoplàsies hematològiques, cancer research programme imim‐hospital del mar barcelona spain",1
3937,"grup de recerca en addiccions, institut hospital del mar d'investigacions mèdiques (imim), barcelona, spain",1
3938,"grup de recerca en atenció primària i comunitària en barcelona (apicba), hospital del mar research institute, instituto hospital del mar de investigaciones médicas (imim), barcelona, españa",1
3939,"grup de recerca en malalties inflamatòries i neoplàsiques dermatològiques, inflammation and cardiovascular disorders research programme imim‐hospital del mar  barcelona spain",1
3940,"grup de recerca en remugants, departament de ciència animal i dels aliments, universitat autònoma de barcelona (uab), travessera dels turons, s/n, 08193 bellaterra, spain",1
3941,"grup de recerca en riscos psicosocials, organització del treball i salut (powah), institut d'estudis del treball (iet), universitat autònoma de barcelona, cerdanyola del vallès, catalunya, espanya.",1
3942,"grup de recerca translacional en neoplàsies hematològiques, cancer research programme imim‐hospital del mar  barcelona spain",1
3943,"group of perinatal epidemiology, environmental health, and clinical research, department of medicine, school of health sciences, universitat jaume i, av. vicent sos baynat, s/n 12071 castelló de la plana, spain",1
3944,"group of translational research on hematological neoplasms, imim-hospital del mar, barcelona, spain",1
3945,"grup d'estudis en mobilitat, transport i territori (gemott), departament de geografia, universitat autònoma de barcelona, edifici b, campus de bellaterra, 08193, cerdanyola del vallès (barcelona), spain",1
3946,"grumets research group babve, universitat autònoma de barcelona, cerdanyola del vallès 08193, spain",1
3947,"grumets research group, creaf, edifici c, universitat autònoma de barcelona, 08193 cerdanyola del vallès, catalunya, spain",1
3948,"grumets research group, creaf, edifici c, universitat autònoma de barcelona, e08193 bellaterra (cerdanyola del vallès), catalonia, spain",1
3949,"grumets research group, dep de geografia, edifici b, universitat autònoma de barcelona, 08193 bellaterra, catalonia, spain",1
3950,"grumets research group, departament animal and plant biology and ecology, universitat autònoma de barcelona, bellaterra (cerdanyola del vallès), 08193 catalonia, spain",1
3951,"grumets research group, departament geografia, universitat autònoma de barcelona, bellaterra (cerdanyola del vallès), 08193 catalonia, spain",1
3952,"grumets research group, departament de biologia animal, biologia vegetal i ecologia, edifici c. universitat autònoma de barcelona, 08193 bellaterra, catalonia, spain",1
3953,"grumets research group, departament de biologia animal, biologia vegetal i ecologia. edifici c. universitat autònoma de barcelona, 08193 (bellaterra, barcelona), catalonia, spain",1
3954,"grumets research group, departament de geografia, edifici b, universitat autònoma de barcelona, e08193 bellaterra (cerdanyola del vallès), catalonia, spain",1
3955,"grumets research group, departament de geografia, edifici b, universitat autònoma de barcelona, e08193 bellaterra (cerdanyola del vallès), spain",1
3956,"grumets research group, departament de geografia, edifici b. universitat autònoma de barcelona, 08193 bellaterra, catalonia, spain",1
3957,"grumets research group, departament de geografia. edifici b, universitat autònoma de barcelona, 08193 (bellaterra, barcelona), catalonia, spain",1
3958,"grumets research group, department geografia, edifici b, universitat autònoma de barcelona, 08193 bellaterra, catalonia, spain",1
3959,"grumets research group, geography department, universitat autònoma de barcelona, cerdanyola del vallès, catalunya, 08193, spain",1
3960,"grupo de investigación en nefropatías, instituto hospital del mar de investigaciones médicas (imim), rd21/0005/0022 (isciii mrr ricors), barcelona, spain",1
3961,"grupo de investigación en patología crítica (grepac), instituto de investigación hospital del mar, barcelona, spain",1
3962,"grupo de investigación en rehabilitación (rerg), instituto hospital del mar de investigaciones médicas (imim), barcelona, españa",1
3963,"grupo de investigación en salud mental del hospital del mar research institute, barcelona, spain.",1
3964,"grupo de investigación en servicios sanitarios de aragón (grissa), iis aragón, preventive medicine and public health department, university of zaragoza, 50001 zaragoza, spain",1
3965,"grupo de investigación en vulnerabilidad, psicopatología y género, servicio de psiquiatría y psicología, programa de atención al personal sanitario, hospital clínic, idibaps, cibersam, barcelona, spain",1
3966,"grupo de investigación en vulnerabilidad, psicopatología y género, servicio de psiquiatría y psicología, programa de atención al personal sanitario, hospital clínic, idibaps, cibersam, barcelona, españa",1
3967,grupo aragonés de investigación en atención primaria (gaiap‐giis011)  zaragoza spain,1
3968,"grupo de neurofuncionalidad y lenguaje, programa de neurociencias, institut hospital del mar d'investigacions mèdiques",1
3969,"grupo de neurofuncionalidad y lenguaje, programa de neurociencias, institut hospital del mar d'investigacions mèdiques, departamento de psiquiatría y medicina legal, universitat autònoma de barcelona, barcelona, spain",1
3970,grupo de vías respiratorias de la asociación española de pediatras de atención primaria (aepap),1
3971,"grupo de vías respiratorias de la asociación española de pediatras de atención primaria (aepap), madrid, spain",1
3972,"grupo de investigación sobre enfermedades cardiovasculares (grec), hospital del mar, barcelona, españa",1
3973,"grupo de investigación sobre enfermedades cardiovasculares (grec), hospital del mar, barcelona, spain",1
3974,grupo enfermería de investigación en atención primaria aragón (geniapa‐giis094)  zaragoza spain,1
3975,"grupo de enfermedades dermatológicas inflamatorias y neoplásicas, imim (hospital del mar medical research institute), barcelona, españa",1
3976,"grupo de enfermedades dermatológicas inflamatorias y neoplásicas, imim (hospital del mar medical research institute), barcelona, spain",1
3977,"grupo de investigación clínica y traslacional en enfermedades digestivas, instituto de investigación valdecilla (idival) hospital universitario marqués de valdecilla  santander spain",1
3978,"grupo de investigación en adicciones, instituto de investigación médica hospital del mar (imim), universidad autònoma de barcelona, instituto de neuropsiquiatría y adicciones (inad), red de trastornos adictivos (redita), barcelona, españa",1
3979,"grupo de investigación en adicciones, instituto de investigación médica hospital del mar (imim), universidad autònoma de barcelona, instituto de neuropsiquiatría y adicciones (inad), red de trastornos adictivos (redita), barcelona, spain",1
3980,"grupo de epidemiología cardiovascular y genética, instituto de investigación médica imim-hospital del mar, barcelona, españa",1
3981,"gerencia atención primaria de burgos, burgos, spain",1
3982,"gerencia de atencion primaria, área de salud de valladolid, valladolid, spain",1
3983,"gerencia de atención primaria servicio navarro de salud-osasunbidea, navarra, spain",1
3984,"geriatric service, consorci sanitari de terrassa, terrassa, barcelona, spain",1
3985,"group of mutagenesis, department of genetics and microbiology, faculty of biosciences, universitat autònoma de barcelona, cerdanyola del vallès, barcelona, spain",1
3986,"geriatrics department, consorci hospitalari de vic, 08500 vic, catalonia, spain",1
3987,"geriatrics department, consorci parc de salut mar, 08003 barcelona, catalonia, spain",1
3988,"geriatrics department, consorci parc de salut mar, 08003 barcelona, spain",1
3989,"geriatrics department, consorci parc de salut mar, 08003, barcelona, spain.",1
3990,"geriatrics department, hospital del mar, hospital de l’esperança, centre fòrum, parc de salut mar, 08029 barcelona, spain",1
3991,"geriatrics department, hospital del mar institute of medical research, barcelona, spain",1
3992,"geriatrics department, hospital del mar – centre fòrum, carrer de llull 410, 08019 barcelona, spain",1
3993,"geriatrics department, hospital del mar, barcelona, spain.",1
3994,"geriatrics department, hospital del mar, llull 410, 08019, barcelona, spain",1
3995,"geriatrics department, university hospital parc de salut mar, barcelona, spain",1
3996,"geriatrics department-c3rg research ggoup, consorci hospitalari de vic, 08500 vic, spain",1
3997,"geriatrics, consorci parc de salut mar de barcelona, barcelona, spain",1
3998,"genetics service, hospital del mar, barcelona, spain",1
3999,"genetics service, hospital del mar-institut mar d’investigacions mèdiques (imim), universitat pompeu fabra (upf) , barcelona , spain",1
4000,"genetics service, hospital del mar-institut mar d’investigacions mèdiques (imim), universitat pompeu fabra (upf) , centro de investigación biomédica en red de enfermedades raras (ciberer), barcelona , spain",1
4001,"genetics unit, universitat pompeu fabra, hospital del mar research institute (imim) and ciberer, barcelona, spain",1
4002,genetics and microbiology department universitat autònoma de barcelona (uab) bellaterra spain,1
4003,"geohazards and civil engineering research group, department of civil engineering, saint thomas villavicencio university, c/22 no 1a, 500003 villavicencio, colombia",1
4004,"geography department, autonomous university of barcelona (uab), b building, uab campus 08193, bellaterra (cerdanyola del vallès), barcelona, spain",1
4005,"geography department, autonomous university of barcelona (uab), b building, uab campus, 08193, bellaterra (cerdanyola del vallès), barcelona, spain",1
4006,"geography department, b building, uab campus, autonomous university of barcelona (uab), bellaterra (cerdanyola del vallès), 08193 barcelona, spain",1
4007,"geography department, universitat autònoma de barcelona, b building, uab campus, bellaterra (cerdanyola del vallès), 08193 barcelona, spain",1
4008,"geography department, universitat autònoma de barcelona, b building, uab campus, bellaterra (cerdanyola del vallès), barcelona, spain",1
4009,"global health research group, faculty of nursing, universidad de cantabria-valdecilla research institute (idival), avenida valdecilla, s/n, 39008 santander, cantabria, spain",1
4010,"global health research group, health research institute of the balearic islands, university of the balearic islands, palma de mallorca, spain",1
4011,"global health, gender and society research group, facultat de ciències de la salut blanquerna, universitat ramon llull, barcelona, spain",1
4012,"global public health and the common good program, boston college , ma , usa",1
4013,"global research on wellbeing (grow) research group, blanquerna school of health sciences, university ramon llull, 08025 barcelona, spain",1
4014,"global research on wellbeing research group (grow), facultat de ciències de la salut blanquerna, universitat ramon llull, 08025 barcelona, spain",1
4015,"graduate school, university of maryland, baltimore, md, united states",1
4016,"gregorio marañón health research institute, gregorio marañón general university hospital, madrid, spain",1
4017,"group dafnis, imim (hospital del mar medical research institute), barcelona, spain.",1
4018,"group of applied clinical research in haematology, cancer research program-imim (hospital del mar medical research institute), 08003, barcelona, spain",1
4019,"group of applied clinical research in haematology, cancer research program-imim (hospital del mar medical research institute, barcelona, spain",1
4020,"group of applied clinical research in hematology, cancer research program-imim, barcelona, spain;",1
4021,"group of applied clinical research in hematology, hospital del mar medical research institute (imim), barcelona, spain;",1
4022,"group of applied clinical research in hematology, imim-hospital del mar, barcelona, spain",1
4023,"group of biological treatment of liquid and gaseous effluents (genocov) dept. of chemical, biological and environmental engineering, universitat autònoma de barcelona, 08193, bellaterra, barcelona, spain",1
4024,"group of biological treatment of liquid and gaseous effluents (genocov), dept. of chemical, biological and environmental engineering, universitat autònoma de barcelona, 08193 bellaterra, barcelona, spain",1
4025,"group of biomedical research in heart diseases, hospital del mar medical research institute (imim), doctor aiguader 88, 08003 barcelona, spain.",1
4026,group of inflammatory and neoplastic dermatological diseases institut mar d'investigacions mèdiques  barcelona spain,1
4027,"group of inflammatory and neoplastic dermatological diseases, imim (hospital del mar medical research institute), barcelona, spain",1
4028,"group of integrative pharmacology and systems neuroscience, neurosciences programme, imim (hospital del mar medical research institute), barcelona, spain",1
4029,"group of integrative pharmacology and systems neuroscience, neurosciences programme, imim (hospital del mar medical research institute), parc de recerca biomèdica de barcelona, 08003 barcelona, spain",1
4030,"group of mutagenesis, department of genetics and microbiology, faculty of biosciences, universitat autònoma de barcelona, cerdanyola del vallès 08193, spain",1
4031,"group of applied clinical research in hematology, hospital del mar medical research institute (imim), barcelona, spain;; pompeu fabra university, barcelona, spain;",1
4032,"global health research group, dpto enfermería, universidad de cantabria-instituto de investigación marqués de valdecilla (idival), avda. valdecilla, s/n., 39008, santander, cantabria, spain",1
4033,"glaucoma unit, ophthalmology deparment, consorci mar parc de salut de barcelona, passeig marítim, 25–29, 08003 barcelona, spain",1
4034,global brain health institute  san francisco california usa,1
4035,"global change research group, institut mediterrani d'estudis avançats (imedea-csic-uib), miquel marqués 21, 07190 esporles, mallorca, balearic islands, spain",1
4036,"global ecology unit centre de recerca ecològica i aplicacions forestals–consejo superior de investigaciones científicas–universitat autònoma de barcelona\r                    , 08193 catalonia,\r                    spain",1
4037,"global ecology unit, creaf‐csic‐uab universitat autònoma de barcelona  bellaterra spain",1
4038,"global ecology unit, csic, creaf-csic-uab, bellaterra, 08193, catalonia, spain",1
4039,"hematological citology laboratory, pathology department, hospital del mar, gretnhe, imim hospital del mar research institute, barcelona, spain",1
4040,"hematological cytology laboratory, pathology department, hospital del mar, gretnhe, imim (hospital del mar research institute), barcelona, spain",1
4041,"hematological laboratory service germans trias i pujol university hospital, catalan institute of oncology, josep carreras leukaemia research institute, universitat autonòma de barcelona  barcelona spain",1
4042,hematology department hospital marqués de valdecilla  santander spain,1
4043,hematology department hospital universitario virgen de la victoria  málaga spain,1
4044,"health services research unit, hospital del mar medical research institute (imim), barcelona, spain",1
4045,"health services research unit, imim - institut hospital del mar d'investigacions mèdiques, barcelona, spain",1
4046,"health services research unit, imim-hospital del mar medical research institute, ciber en epidemiología y salud pública (ciberesp), pompeu fabra university (upf), barcelona, spain",1
4047,"health services research unit, imim-institut hospital del mar d’investigacions mèdiques, 08003 barcelona, spain",1
4048,"health services research unit, institut hospital del mar d'investigacions mèdiques (imim), barcelona, spain",1
4049,"health services research unit, institut mar d’investigacion mèdiques (imim-hospital del mar), barcelona, spain",1
4050,"health services research on chronic patients network (redissec), galdakao, bizkaia, spain",1
4051,"health services research on chronic patients network (redissec), instituto de salud carlos iii, 28029 madrid, spain",1
4052,"health services research on chronic patients network, redissec, madrid, spain",1
4053,"heart disease biomedical research group, imim (hospital del mar medical research institute), 08003 barcelona, spain",1
4054,"heart diseases biomedical research group (grec), hospital del mar medical investigation institute-imim, 08003 barcelona, spain",1
4055,"heart diseases biomedical research group (grec), imim (hospital del mar medical research institute), 08003 barcelona, spain",1
4056,"heart diseases biomedical research group, hospital del mar medical research institute , barcelona , spain",1
4057,"heart diseases biomedical research group, institut hospital del mar d'investigacions mediques (imim), barcelona, spain",1
4058,"heart diseases biomedical research group, instituto de investigaciones hospital del mar (imim), barcelona, spain",1
4059,"heart failure unit, cardiology department, parc de salut mar, universitat autònoma de barcelona and heart diseases biomedical research group, imim (hospital del mar medical research institute), barcelona, spain",1
4060,"heart failure unit, department of cardiology, hospital del mar (parc de salut mar), 08003 barcelona, spain",1
4061,"heart failure and heart transplant unit, hospital clinic – idibaps, isglobal (institute for global health), university of barcelona, barcelona, spain",1
4062,"hematology department, hospital universitario marqués de valdecilla-instituto de investigación valdecilla (idival), santander",1
4063,"hematology department, hospital universitario virgen de la victoria, 29010 málaga, spain",1
4064,"hematology department, hospital universitario de marques de valdecillas, santander, spain",1
4065,"hematology department, hospital del mar (psmar) - imim. barcelona, spain",1
4066,hematology department hospital del mar barcelona spain,1
4067,"hematology department, hospital costa del sol, marbella, spain",1
4068,"hematology department, hospital general universitario gregorio marañón (hgugm) madrid, instituto de investigación gregorio marañón, 28007 madrid, spain",1
4069,"hiv unit, infectious diseases service, hospital clinic- fundacio de recerca clinic barcelona–institut de investigacions biomediques august pi i sunyer, university of barcelona, barcelona, spain",1
4070,"hmri (hospital del mar research institute), integrative pharmacology and systems neuroscience research group, neurosciences research program, barcelona, españa.",1
4071,"hpb surgery unit, hospital del mar, barcelona, spain. electronic address: ielpo.b@gmail.com.",1
4072,"hpb unit, hospital del mar, pompeu fabra university, barcelona, spain.",1
4073,"hpb unit, hospital del mar, pompeu fabra university, barcelona, spain. ielpo.b@gmail.com.",1
4074,"hpb unit, pompeu fabra university, parc salut mar university hospital, passeig maritim, 25, 08003, barcelona, spain",1
4075,"health services research unit, hospital del mar medical research institute (imim), 08003 barcelona, spain",1
4076,"haematology department, hospital del mar, 08003 barcelona, spain",1
4077,"head patient advocacy, hospital del mar, barcelona, spain",1
4078,"gynecological cancer multidisciplinary unit, hospital del mar, barcelona, spain",1
4079,"h. marqués valdecilla (gastroenterology department, santander, spain) and idival (santander, spain)",1
4080,"health services evaluation and clinical epidemiology department, hospital del mar, universitat autònoma de barcelona, barcelona, spain",1
4081,"health services evaluation and clinical epidemiology department, institut hospital del mar d’investigacions mèdiques (imim), hospital del mar, 08003 barcelona, spain",1
4082,"health services research group imim, hospital del mar medical research institute, 08003 barcelona, spain",1
4083,"health services research group, hospital del mar medical research institute, barcelona, spain",1
4084,"health services research group, hospital del mar research institut – imim, barcelona, spain",1
4085,"health services research group, imim (hospital del mar medical research institute) doctor aiguader 88, 08003 barcelona, spain.",1
4086,"health services research group, imim (hospital del mar medical research institute), barcelona biomedical research park, doctor aiguader, 88, 08003, barcelona, spain",1
4087,"health services research group, imim (hospital del mar medical research institute), barcelona, spain",1
4088,"health services research group, imim (hospital del mar medical research institute), barcelona, spain.",1
4089,"health services research group, imim (hospital del mar medical research institute), doctor aiguader 88, 08003, barcelona, spain",1
4090,"health services research group, imim-hospital del mar medical research institute, barcelona, spain",1
4091,"health services research group, imim-institut hospital del mar d'investigacions mèdiques, barcelona, spain",1
4092,health services research unit imim‐institut hospital del mar d'investigacions mèdiques barcelona spain,1
4093,"headache unit, hospital general universitario gregorio marañón, madrid, spain",1
4094,"health information management department, hospital del mar, 08003 barcelona, spain",1
4095,"health policy and health services research group, health policy research unit, consortium for health care and social services of catalonia, 08022 barcelona, spain",1
4096,"gri-bcn, barcelona infertility research group, imim, institut hospital del mar d'investigacions mèdiques, barcelona, dr. aiguader street, 88 (08003), spain",1
4097,"gri-bcn, barcelona infertility research group, imim, institut hospital del mar d'investigacions mèdiques, carrer del dr. aiguader, 88, barcelona 08003, spain",1
4098,"grib, hospital del mar institute of medical research (imim), dcexs, pompeu fabra university (upf), 08003 barcelona, spain",1
4099,"genetics service, hospital del mar research institute, imim, 08003 barcelona, spain",1
4100,"gss–hospital santa maria, lleida, spain",1
4101,"gts research group, department of chemistry, faculty of science, universitat autònoma de barcelona, cerdanyola del vallès 08193, barcelona, spain",1
4102,"gts-uab research group, department of chemistry, faculty of science, universitat autònoma de barcelona, 08193 bellaterra, cerdanyola del vallès, spain",1
4103,"gasol foundation europe, sant boi de llobregat, barcelona, spain; ciber fisiopatología obesidad y nutrición (ciberobn), instituto de salud carlos iii, madrid, spain; cardiovascular risk and nutrition research group, hospital del mar research institute, barcelona, spain; nursing and physiotherapy department, university of lleida, lleida, spain. electronic address: sgomez@gasolfoundation.org.",1
4104,"fundación investigación biomédica, hospital general universitario gregorio marañón, instituto de investigación sanitaria gregorio marañón (iisgm), madrid, spain",1
4105,"grc geociències marines, departament de dinàmica de la terra i de l’oceà, facultat de ciències de la terra, universitat de barcelona, 08028 barcelona, spain",1
4106,"gconsorci parc de salut mar, barcelona, spain",1
4107,"gicom research group, department of chemical, biological and environmental engineering, universitat autònoma de barcelona, edifici q, carrer de les sitges, 08193 bellaterra (cerdanyola del vallès), barcelona, spain",1
4108,"giis011-aragonese research group in primary care institute of research of aragón, spain",1
4109,"giis094-research group nursing research in primary care in aragón (geniapa), spain",1
4110,"gpcr drug discovery lab, research programme on biomedical informatics (grib), hospital del mar medical research institute (imim) – department of medicine and life sciences, pompeu fabra university (upf), carrer del dr. aiguader, 88, 08003 barcelona, spain",1
4111,"gastroenterology department, endoscopy unit, hospital del mar, parc de salut mar, imim (hospital del mar medical research institute), barcelona, spain",1
4112,gastroenterology department hospital del mar  barcelona spain,1
4113,"faculty of science and technology, bioinformatics and medical statistics group university of vic - central university of catalonia barcelona spain",1
4114,"farmacología integrada y neurociencia de sistemas, institut hospital del mar d'investigacions mèdiques (imim), barcelona, spain",1
4115,"fertty international, carrer d'ausiàs marc, 25, barcelona 08010, spain",1
4116,"fertty, barcelona, spain, universidad autónoma de barcelona, bellaterra barcelona, spain",1
4117,faculty of science and technology university of vic – central university of catalonia  vic spain,1
4118,"fundación fertty, ausiàs march 25, barcelona 08010, spain",1
4119,"fundación fertty. ausiàs march 25. barcelona, 08010, spain",1
4120,fundació hospital del mar medical research institute (imim)  barcelona spain,1
4121,"fundació imim, barcelona, spain",1
4122,"fundació institut mar d'investigacions mèdiques (imim), barcelona, spain",1
4123,fundació institut universitari per a la recerca a l’atencio primaria de salut jordi gol i gurina (idiapjgol) universitat autonoma de barcelona  barcelona spain,1
4124,"fundació hospital clínic veterinari, universitat autònoma de barcelona, 08193 bellaterra, spain",1
4125,"gastroenterology unit, hospital del mar, barcelona and imim (hospital del mar medical research institute), 08003 barcelona, spain",1
4126,"gastroenterology and hepatology department, hospital universitario marqués de valdecilla, idival, santander, spain.",1
4127,"gastroenterology and hepatology department, valdecilla research institute (idival), marqués de valdecilla university hospital, santander, spain",1
4128,"gastroenterology and hepatology unit, hospital universitario marqués de valdecilla, idival, university of cantabria, santander, spain",1
4129,"gastroenterology and hepatology unit, university hospital marqués de valdecilla, university of cantabria, santander, spain",1
4130,"gastroenterology and hepatology, h.g.u. gregorio marañon, ciberehd, madrid, spain",1
4131,"gastroenterology, consorci parc de salut mar de barcelona, barcelona, spain",1
4132,"gastroenterology department, instituto de investigación biomédica gregorio marañón iisgm, madrid, spain",1
4133,"gastroenterology unit, hospital gregorio marañón, instituto de investigación sanitaria gregorio marañón (iisgm), universidad complutense de madrid, 28007 madrid, spain",1
4134,"general surgery. hospital general universitario gregorio marañón, fellow european board of surgery -endocrine surgery, madrid, spain",1
4135,"general and digestive surgery service, mar hospital, barcelona, spain",1
4136,"general and digestive surgery service, viladecans hospital, viladecans, spain",1
4137,"genetic, microbiology and statistics department, hospital clinic – idibaps, isglobal (institute for global health), university of barcelona, barcelona, spain",1
4138,"genetics service, hospital del mar and hospital del mar research institute (imim), barcelona, spain",1
4139,"genetics service, hospital del mar & hospital del mar research institute (imim) , barcelona , spain",1
4140,"genetics service, hospital del mar & hospital del mar research institute (imim), 08003 barcelona, spain",1
4141,"genetics service, hospital del mar research institute (imim), barcelona, spain",1
4142,"gastroenterology, hospital del mar, 08003, barcelona, spain",1
4143,"gastroesophageal carcinogenesis group, imim (hospital del mar medical research institute), carrer doctor aiguader 88, 08003, barcelona, spain",1
4144,"gastroesophageal carcinogenesis research group, hospital del mar medical research institute (imim), barcelona, spain",1
4145,"gastrointestinal and hepatobiliary pathology section, department of pathology, hospital del mar, barcelona, spain",1
4146,"general surgery, hospital general universitario gregorio marañón, madrid, spain",1
4147,"general surgery department, hospital del mar medical research institute (imim), universitat pompeu fabra, 08005 barcelona, spain",1
4148,"general surgery department, hospital del mar medical research institute (imim), universitat pompeu fabra, barcelona, spain",1
4149,"general surgery department, hospital del mar, barcelona, spain",1
4150,"general surgery department, hospital del mar, institut hospital del mar d'investigacions mèdiques (imim), barcelona, spain",1
4151,"general surgery department, section of colon and rectal surgery unit, hospital del mar, barcelona, catalonia, spain",1
4152,"general surgery service, department of experimental and health sciences, hospital universitari del mar, pompeu fabra university, barcelona, spain",1
4153,"general surgery service, fundación alcorcón university hospital, madrid, spain",1
4154,"gastroenterology department, hospital universitario marqués de valdecilla (santander), instituto de investigación marqués de valdecilla idival, santander, spain;",1
4155,"gastroenterology department, hospital universitario marqués de valdecilla e idival, santander, spain",1
4156,"gastroenterology department, hospital universitario marqués de valdecilla, santander, spain",1
4157,"gastroenterology department, hospital universitario marqués de valdecilla, universidad de cantabria, instituto de investigación sanitaria valdecilla (idival), 37008 santander, spain",1
4158,"gastroenterology department, hospital general universitario gregorio marañón, madrid, spain.",1
4159,"gastroenterology department, hospital gregorio marañón, madrid, spain",1
4160,"gastroenterology department, hospital parc de salut mar, barcelona, spain;",1
4161,"gastroenterology department, hospital del mar medical research institute (imim), 08003 barcelona, spain",1
4162,"gastroenterology department, hospital del mar medical research institute (imim), barcelona, spain",1
4163,"gastroenterology department, hospital del mar and institut hospital del mar investigacions mèdiques, barcelona, spain",1
4164,"gastroenterology department, hospital del mar, barcelona, spain",1
4165,"gastroenterology department, hospital del mar, hospital del mar medical research institute (imim), barcelona, spain",1
4166,"gastroenterology department, hospital del mar, institut hospital del mar d’investigacions mèdiques, 08003 barcelona, spain",1
4167,"department of infectious diseases hospital del mar, hospital del mar research institute (imim), barcelona, spain",1
4168,"department of infectious diseases service, germans trias i pujol university hospital, barcelona, spain",1
4169,"department of infectious diseases, consorci parc de salut mar de barcelona, barcelona, spain",1
4170,"department of infectious diseases, hospital clinic – idibaps, isglobal (institute for global health), university of barcelona, barcelona, spain",1
4171,"department of infectious diseases, hospital del mar, parc de salut mar, barcelona, spain",1
4172,"department of infectious diseases, hospital gregorio marañón, madrid, spain",1
4173,department of immunology hospital del mar‐institut mar d'investigacions mèdiques  barcelona spain,1
4174,department of immunology hospital del mar‐institut mar d’investigacions mèdiques  barcelona spain,1
4175,department of infectious diseases hospital del mar hospital del mar research institute (imim) barcelona spain,1
4176,"department of immunology, hospital del mar research institute, universitat pompeu fabra (upf), barcelona, spain",1
4177,department of infectious diseases hospital gregorio marañón  madrid spain,1
4178,"department of infectious diseases, hospital del mar medical research institute (imim), 08003 barcelona, spain",1
4179,"department of infectious diseases, hospital del mar – universitat autònoma de barcelona (uab), barcelona, spain",1
4180,"department of infectious diseases, hospital del mar, barcelona, spain",1
4181,"department of infectious diseases, hospital del mar, hospital del mar research institute (imim), universitat pompeu fabra (upf), barcelona, spain",1
4182,"department of infectious diseases, hospital del mar, hospital del mar research institute, barcelona, spain",1
4183,"department of infectious diseases, hospital del mar, imim (hospital del mar research institute), universitat autonoma de barcelona, 08003 barcelona, spain",1
4184,"department of infectious diseases, hospital del mar, infectious pathology and antimicrobial research group (ipar), institut hospital del mar d'investigacions mèdiques (imim), universitat autònoma de barcelona (uab), cexs-universitat pompeu fabra , barcelona , spain",1
4185,"department of infectious diseases, hospital del mar, infectious pathology and antimicrobial research group (ipar), institut hospital del mar d'investigacions mèdiques (imim), universitat autònoma de barcelona (uab), cexs-universitat pompeu fabra, barcelona, spain",1
4186,"department of infectious diseases, hospital del mar, infectious pathology and antimicrobial research group (ipar), institut hospital del mar d’investigacions mèdiques (imim), universitat autònoma de barcelona (uab), cexs-universitat pompeu fabra, 08003 barcelona, spain",1
4187,"department of infectious diseases, hospital del mar, institut hospital del mar d'investigacions mèdiques (imim), barcelona, spain",1
4188,"department of infectious diseases, hospital del mar, institut hospital del mar d'investigacions mèdiques (imim), universitat pompeu fabra, barcelona, spain",1
4189,"department of infectious diseases, hospital del mar, institut hospital del mar d'investigacions mèdiques (imim). universitat pompeu fabra, barcelona, spain",1
4190,"department of infectious diseases, hospital del mar, institut hospital del mar d'investigació mèdica (imim), barcelona, spain",1
4191,"department of infectious diseases, hospital del mar, institut hospital del mar d’investigacions mèdiques (imim), universitat autònoma de barcelona (uab), universitat pompeu fabra (upf), barcelona, spain",1
4192,"department of infectious diseases, hospital del mar, institut mar d'investigacions mediques, 08003 barcelona, spain",1
4193,"department of infectious diseases, hospital del mar. imim, passeig marítim 25, 08003 barcelona, spain, universitat pompeu fabra (upf), c/ del dr. aiguader, 88, 08003, barcelona, spain",1
4194,"department of infectious diseases, hospital del mar–imim, barcelona 08003,spain",1
4195,"department of infectious diseases, institute hospital del mar of medical research (imim), hospital del mar, 08003 barcelona, spain",1
4196,"department of infectious diseases, institute hospital del mar of medical research, hospital del mar, imim, 08003 barcelona, spain",1
4197,"department of infectious diseases, parc de salut mar, universitat autònoma de barcelona (uab), 08003 barcelona, spain",1
4198,"department of infectious diseases, hospital del mar- parc de salut mar, barcelona, spain",1
4199,"department of infectious diseases, hospital del mar institute of medical research, barcelona, spain",1
4200,"department of infectious diseases, hospital del mar institute of medical research (imim), barcelona, spain",1
4201,department of hematology hospital universitario marqués de valdecilla/idival  santander spain,1
4202,"department of geriatric psychiatry, sagrat cor hospital, martorell, barcelona, spain",1
4203,"department of geriatrics, hospital del mar , barcelona , spain",1
4204,"department of geriatrics, hospital del mar, barcelona, spain",1
4205,"department of global public health, karolinska institutet, se-171 77stockholm, sweden",1
4206,"department of global public health, karolinska institutet, sweden; isglobal, hospital clínic - universitat de barcelona, barcelona, spain",1
4207,"department of gynaecology and obstetrics, hospital del mar, barcelona, spain",1
4208,"department of haematology, hospital del mar-imim, barcelona, spain",1
4209,"department of health and clinical psychology, research unit, universitat autònoma de barcelona, bellaterra, spain.",1
4210,"department of hematology, hospital virgen de la victoria, málaga, spain;",1
4211,"department of hematology, hospital del mar, hospital del mar research institute-imim, 08003 barcelona, spain",1
4212,"department of hematology, hospital del mar, institute hospital del mar d’investigacions mediques (imim), barcelona, spain",1
4213,"department of hematology, hospital del mar, passeig maritim 23-25, 08003, barcelona, spain",1
4214,"department of hematology, hospital del mar-imim, barcelona, spain;",1
4215,"department of hematology, hospital del mar, barcelona, spain",1
4216,"department of hematology, hospital marqués de valdecilla, santander, spain;",1
4217,"department of hematology, hospital gregorio marañón, madrid, spain;",1
4218,"department of medical oncology, gregorio marañón university hospital, madrid, spain",1
4219,"department of infectious diseases. hospital universitario marques de valdecilla-idival. ciberinfec, isciii",1
4220,"department of medical oncology, hospital universitario marqués de valdecilla, idival, unican, santander, spain.",1
4221,"department of marine biology and oceanography, institut de ciències del mar (icm-csic), barcelona, spain",1
4222,"department of mathematics, universitat autònoma de barcelona, bellaterra, spain",1
4223,"department of mechanical engineering, universitat politècnica de catalunya, eduard maristany 16, 08019, barcelona, barcelona, spain",1
4224,"department of medical oncology and gastroenterology, instituto de investigación sanitaria valdecilla (idival), hospital universitario marqués de valdecilla, santander, spain",1
4225,"department of medical oncology, hospital del mar, 08036 barcelona, spain",1
4226,"department of medical oncology, hospital del mar, barcelona, spain.",1
4227,"department of medical oncology, hospital del mar, universitat autònoma de barcelona, barcelona, spain",1
4228,"department of medical oncology, hospital del mar-parc de salut mar-imim, barcelona, spain",1
4229,"department of medical research & environment, imim (hospital del mar medical research institute), barcelona, spain",1
4230,"department of medical oncology, marqués de valdecilla university hospital, idival, santander, spain",1
4231,"department of medical oncology. hospital del mar, barcelona, spain",1
4232,"department of medical pharmacy, hospital del mar, 08003 barcelona, spain",1
4233,"department of informatics, hospital del mar, barcelona, spain.",1
4234,"department of internal medicine, institute hospital del mar of medical research (imim), hospital del mar, 08003 barcelona, spain",1
4235,"department of internal medicine-infectious diseases, hospital del mar , barcelona , spain",1
4236,"department of internal medicineinstitute hospital del mar of medical research, hospital del mar, imim, 08003 barcelona, spain",1
4237,"department of international health, isglobal, barcelona centre for international health research (cresib), hospital clínic-universitat de barcelona, barcelona, spain.",1
4238,"department of internal medicine, hospital del mar institute of medical research (imim), barcelona, spain",1
4239,"department of internal medicine, hospital del mar medical research institute (imim), 08003 barcelona, spain",1
4240,"department of internal medicine, hospital del mar, institut mar d'investigacions mediques, 08003 barcelona, spain",1
4241,"department of internal medicine, hospital del mar-imim, autonomous university of barcelona and ciberfes, instituto carlos iii, barcelona, spain",1
4242,"department of internal medicine, hospital del mar-imim, universitat autònoma de barcelona, 08003 barcelona, spain",1
4243,"department of endocrinology and nutrition, instituto de investigación biomédica de málaga (ibima), hospital universitario virgen de la victoria, málaga, spain",1
4244,"department of endocrinology and nutrition, instituto de investigación biomédica de málaga – ibima, hospital universitario virgen de la vic, málaga, spain",1
4245,"department of endocrinology and nutrition, virgen de la victoria hospital, instituto de investigación biomédica de málaga y plataforma en nanomedicina-ibima plataforma bionand, university of málaga, málaga, spain.",1
4246,"department of endocrinology and nutrition, virgen de la victoria university hospital, university of malaga (ibima), 29010 malaga, spain",1
4247,"department of endocrinology and nutrition, virgen de la victoria university hospital, university of malaga (ibima), malaga, spain",1
4248,"department of endocrinology and nutrition, virgen de la victoria university hospital, the biomedical research institute of malaga and platform in nanomedicine (ibima-bionand platform), university of malaga, malaga, spain",1
4249,"department of endocrinology and nutrition, virgen de la victoria university hospital-instituto de investigación biomédica de málaga (ibima), 29010 málaga, spain",1
4250,"department of endocrinology, hospital del mar medical research institute (imim), 08003 barcelona, spain",1
4251,"department of endocrinology, hospital del mar, barcelona, spain",1
4252,"department of endocrinology, hospital del mar, e-08003 barcelona, spain",1
4253,"department of endocrinology and nutrition, virgen de la victoria hospital, institute of biomedical research in malaga (ibima), university of malaga, 29016 málaga, spain",1
4254,"department of endocrinology and nutrition, hospital del mar, 08003, barcelona, spain",1
4255,"department of endocrinology and nutrition, hospital del mar, parc de salut mar, barcelona, spain",1
4256,"department of endocrinology and nutrition, hospital del mar, passeig marítim, 25-29, e-08003 barcelona, spain",1
4257,"department of endocrinology and nutrition, hospital del mar-imim, 08003 barcelona, spain",1
4258,"department of endocrinology and nutrition, institut hospital del mar d’investigacions, mèdiques (imim), universitat autònoma de barcelona, 08003 barcelona, spain",1
4259,"department of epidemiology and evaluation, hospital del mar (hmar), barcelona, spain; hospital del mar research institute (imim), barcelona, spain; preventive medicine and public health training unit hmar-upf-aspb (hmar - pompeu fabra university - agència de salut pública de barcelona), barcelona, spain.",1
4260,"department of epidemiology and evaluation, hospital del mar (hmar), barcelona, spain; hospital del mar research institute (imim), barcelona, spain; research network on chronicity, primary care and prevention and health promotion (ricapps), madrid, spain; school of medicine, universitat autònoma de barcelona, barcelona, spain.",1
4261,"department of epidemiology and evaluation, hospital del mar institute for medical research, 08003 barcelona, spain",1
4262,"department of epidemiology and evaluation, hospital del mar research institute, barcelona, spain",1
4263,"department of epidemiology and evaluation, hospital del mar-imim, 08003 barcelona, spain",1
4264,"department of epidemiology and evaluation, imim (hospital del mar medical research institute), 08003 barcelona, spain",1
4265,"department of epidemiology and evaluation, imim (hospital del mar medical research institute), autonomous university of barcelona, barcelona, spain",1
4266,"department of epidemiology and evaluation, parc de salut mar (psmar), barcelona, spain",1
4267,"department of epidemiology and evaluation, parc de salut mar, 08003 barcelona, spain",1
4268,"department of epidemiology, hospital del mar research institute, barcelona, spain",1
4269,"department of epidemiology, hospital del mar, barcelona, spain",1
4270,"department of epidemiology, hospital del mar, universitat autònoma de barcelona, barcelona, spain",1
4271,"department of epidemiology, regional health council, imib-arrixaca, campus de ciencias de la salud, carretera buenavista, 30120 el palmar murcia, spain",1
4272,"department of endocrinology, instituto de investigación biomédica de málaga (ibima), virgen de la victoria hospital, university of malaga, malaga, spain",1
4273,"department of endocrinology, instituto de investigación biomédica de málaga-ibima, university of málaga, virgen de la victoria hospital, málaga, spain",1
4274,"department of endocrinology, virgen de la victoria hospital instituto de investigación biomédica de málaga (ibima), university of málaga, 29010, málaga, spain",1
4275,"department of endocrinology, virgen de la victoria hospital, biomedical research institute of málaga, university of málaga , málaga , spain",1
4276,"department of epidemiology and evaluation, hospital del mar (hmar), barcelona, spain; hospital del mar research institute (imim), barcelona, spain; department of medicine and life sciences, universitat pompeu fabra, barcelona, spain; research network on chronicity, primary care and prevention and health promotion (ricapps), madrid, spain. electronic address: aburon@psmar.cat.",1
4277,"department of endocrinology, virgen de la victoria hospital, instituto de investigación biomédica de málaga, university of málaga, málaga, spain",1
4278,"department of endocrinology, virgen de la victoria hospital, málaga biomedical research institute (ibima), university of málaga, málaga, spain",1
4279,"department of endocrinology, virgen de la victoria hospital, málaga biomedical research institute (ibima), university of málaga, málaga, spain;",1
4280,"department of endocrinology. biomedical research institute of malaga (ibima), virgen de la victoria hospital, university of málaga, málaga, spain",1
4281,"department of epidemiology and biostatistics, school of public health, faculty of medicine, imperial college london, st mary's campus, london, united kingdom",1
4282,"department of epidemiology and evaluation, hospital universitario del mar, hospital del mar medical research institute (imim), barcelona, spain",1
4283,"department of endocrinology, virgen de la victoria hospital, instituto de investigación biomédica de málaga (ibima), university of málaga, 29010 málaga, spain",1
4284,"department of dermatology, hospital del mar, parc de salut mar, barcelona",1
4285,"department of dermatology, hospital del mar, parc de salut mar, passeig maritim 25-29, 08003 barcelona, spain",1
4286,"department of dermatology, hospital del mar, universitat autònoma de barcelona (uab), barcelona, spain",1
4287,"department of dermatology, hospital del mar, universitat autònoma de barcelona, spain",1
4288,"department of dermatology, hospital del mar, universitat autònoma de barcelona, pg. marítim 25-29, es-08003 barce-lona, catalonia, spain.",1
4289,"department of dermatology, hospital del mar, universitat autònoma de barcelona, pg. marítim 25-29, es-08003 barcelona, catalonia, spain",1
4290,"department of dermatology, hospital del mar-institu mar d’investigacions mèdiques, barcelona, spain",1
4291,"department of dermatology, hospital del mar-institut mar d'investigacions mèdiques, barcelona, spain",1
4292,"department of dermatology, hospital del mar-institut mar d'investigacions, barcelona, spain",1
4293,"department of dermatology, hospital del mar-institut mar d’investigacions mèdiques (imim), universitat autònoma de barcelona (uab) , barcelona , spain",1
4294,"department of dermatology, hospital del mar-institut mar d’investigacions mèdiques , barcelona , spain",1
4295,"department of dermatology, hospital del mar-institut d’investigacions mèdiques universitat pompeu fabra de barcelona, barcelona, spain",1
4296,"department of dermatology, hospital del mar-parc de salut mar, departament de medicina de la uab, universitat autònoma de barcelona, barcelona, spain",1
4297,"department of dermatology, hospital del mar—institut d’investigacions mèdiques, universitat autònoma de barcelona (uab) and university pompeu fabra (upf), 08003 barcelona, spain",1
4298,"department of endocrinology and nutrition, consorci hospitalari de vic, 08500 vic, spain",1
4299,"department of dermatology, marina baixa hospital, alicante, spain",1
4300,"department of dermatology. hospital comarcal d'amposta, amposta, spain",1
4301,"department of dermatology. hospital del mar research institute. barcelona, spain. department of medicine, universitat autònoma de barcelona. barcelona, spain",1
4302,"department of dermatology. hospital del mar research institute. barcelona, spain. universitat pompeu fabra. barcelona, spain",1
4303,"department of dermatology. hospital del mar de barcelona, barcelona, spain",1
4304,"department of dermatology, institut hospital del mar d'investigacions mèdiques (imim) and universitat autònoma, barcelona, spain",1
4305,"department of dermatology, hospital del mar, parc de salut mar , barcelona , spain",1
4306,"department of dermatology, hospital del mar & research institute, universitat pompeu fabra, barcelona, spain",1
4307,"department of dermatology, hospital del mar (institut hospital del mar d'investigacions mèdiques), universitat autònoma de barcelona, spain",1
4308,"department of dermatology, hospital del mar - institut hospital del mar d'investigacions mèdiques (imim), universitat pompeu fabra (upf), barcelona, spain",1
4309,"department of dermatology, hospital del mar institut hospital del mar d’investigacions mèdiques universitat autònoma de barcelona barcelona spain",1
4310,"department of dermatology, hospital del mar research institute, department of medicine, universitat autònoma de barcelona (uab), barcelona, spain",1
4311,"department of dermatology, hospital del mar research institute, universitat autònoma de barcelona (uab), barcelona, spain",1
4312,"department of dermatology, hospital del mar research institute, universitat pompeu fabra (upf), barcelona, spain",1
4313,"department of dermatology, hospital del mar universitat autònoma de barcelona barcelona spain",1
4314,"department of dermatology, hospital del mar universitat autònoma de barcelona and universitat pompeu fabra  barcelona spain",1
4315,"department of dermatology, hospital del mar, 08003 barcelona, spain",1
4316,"department of dermatology, hospital del mar, imim universitat autònoma  barcelona spain",1
4317,"department of dermatology, hospital del mar, imim universitat pompeu fabra barcelona spain",1
4318,"department of dermatology, hospital del mar, imim, universitat pompeu fabra, barcelona, spain",1
4319,"department of dermatology, hospital del mar, institut hospital del mar d'investigacions mèdiques (imim), universitat autònoma de barcelona, barcelona, spain",1
4320,"department of electronics, university of barcelona (ub), marti i franquès 1, 08028, barcelona, spain",1
4321,"department of emergency, complejo hospitalario de navarra servicio navarro de salud-osasunbidea, pamplona, spain",1
4322,"department of emergency, vic university hospital, vic, spain",1
4323,"department of endocrinology &amp; nutrition, hospital del mar, 08003 barcelona, spain",1
4324,department of endocrinology virgen de la victoria hospital instituto de investigación biomédica de málaga (ibima)  málaga spain,1
4325,department of endocrinology and nutrition hospital del mar institut hospital del mar d'investigacions mèdiques (imim) universitat autònoma de barcelona  barcelona spain,1
4326,"department of endocrinology and nutrition instituto de investigación sanitaria hospital clínico san carlos (idissc)  calle del prof martín lagos, s/n. madrid 28040 spain",1
4327,department of endocrinology and nutrition virgen de la victoria university hospital  málaga spain,1
4328,"department of endocrinology and nutrition virgen de la victoria university hospital instituto de investigación biomédica de málaga (ibima), university of málaga  málaga spain",1
4329,department of endocrinology and nutrition virgen de la victoria university hospital malaga university. instituto de investigación biomédica de málaga (ibima)  avda. teatinos s/n. málaga 29010 spain,1
4330,"department of digestive diseases, hospital del mar, institut hospital del mar d’investigacions mèdiques (imim), barcelona, spain",1
4331,"department of ecology and coastal management, institute of marine sciences of andalusia (csic), campus río s. pedro, 11510, puerto real, cadiz, spain",1
4332,"department of electronics and biomedical engineering, university of barcelona, martí i franquès 1, 08028 barcelona, spain",1
4333,"department of economy and economic history, autonomous university of barcelona, 08193 bellaterra, spain",1
4334,department of electronic and biomedical engineering universitat de barcelona  martí i franquès 1 barcelona e‐08028 spain,1
4335,"department of electronic and biomedical engineering, university of barcelona, calle marti i fraquès 1-11, 08028 barcelona, spain",1
4336,"department of electronics [barcelona] (university of barcelona\r\ndepartament of electronics\r\nc. de martí i franquès, 1\r\n08028 barcelona - spain)",1
4337,"department of gastroenterology, imim (hospital del mar medical research institute), barcelona hospital del mar, 08003 barcelona, spain",1
4338,"department of gastroenterology, institut hospital del mar d'investigacions biomèdiques (imim), hospital del mar medical research institute, barcelona hospital del mar, barcelona",1
4339,"department of gastroenterology, liver section, hospital del mar, barcelona, spain",1
4340,"department of gastroenterology, parc de salut mar, hospital del mar, barcelona, spain",1
4341,"department of gastroenterology, https://ror.org/03a8gac78hospital del mar medical research institute barcelona, barcelona, spain",1
4342,"department of gastroenterology. hospital universitario arnau de vilanova & hospital universitario santa maría, lérida, spain",1
4343,"department of gastroenterology, hospital del mar, institut hospital del mar d’investigacions mèdiques (imim), universitat autònoma de barcelona (uab), cexs-universitat pompeu fabra, 08003 barcelona, spain",1
4344,"department of gastroenterology, hospital del mar - parc de salut mar, barcelona, spain",1
4345,"department of gastroenterology, hospital del mar medical research institute, barcelona, spain;",1
4346,"department of general, visceral and transplantation surgery, clinic and university hospital virgen de la arrixaca, imib-arrixaca, el palmar, murcia, spain",1
4347,"department of general, visceral and transplantation surgery, clinic and university hospital virgen de la arrixaca, imib-arrixaca, el palmar, murcia, spain.",1
4348,"department of general surgery, hospital comarcal del alt penedés, barcelona, spain",1
4349,"department of general surgery, hospital del mar, barcelona, spain",1
4350,"department of general surgery, hospital del mar, 08003 barcelona, spain",1
4351,"department of general surgery, hospital del mar, hospital del mar medical research institute (imim), barcelona, spain",1
4352,"department of general and digestive surgery, coloproctology unit, hospital del mar, barcelona, spain",1
4353,"department of general and digestive surgery, hospital, universitario del mar. parc de salut mar, barcelona, spain",1
4354,"department of general and digestive surgery, marqués de valdecilla university hospital, santander, spain",1
4355,"department of general and digestive surgery, coloproctology unit, gregorio marañón university hospital, madrid, spain",1
4356,"department of family medicine research unit, distrito sanitario atención primaria sevilla  sevilla spain",1
4357,"department of family medicine research unit, distrito sanitario atención primaria sevilla, edificio isla  av. de ramón y cajal, 9. sevilla 41005 spain",1
4358,"department of family medicine, atención primaria servicio navarro de salud, pamplona, spain",1
4359,"department of family medicine, distrito sanitario atención primaria sevilla, san pablo health center, sevilla, spain",1
4360,"department of family medicine, primary care division of sevilla, san pablo health center (j.l.), sevilla, spain",1
4361,"department of family medicine, research unit, distrito sanitario atención primaria , sevilla , spain",1
4362,"department of family medicine, research unit, distrito sanitario atención primaria sevilla, 41010 sevilla, spain",1
4363,"department of family medicine, research unit, distrito sanitario atención primaria sevilla, seville, spain",1
4364,"department of family medicine, research unity, distrito sanitario atención primaria sevilla, 41013 seville, spain",1
4365,"department of family medicine-research unit, distrito sanitario atención primaria sevilla , sevilla , spain",1
4366,"department of family medicine-research unit, distrito sanitario atención primaria sevilla, 41013 sevilla, spain",1
4367,"department of experimental and health sciences, hospital del mar medical research institute (imim), universitat pompeu fabra, barcelona, spain",1
4368,"department of experimental and health sciences, hospital del mar medical research institute (imim), universitat pompeu fabra, 08005 barcelona, spain",1
4369,"department of gastroenterology, endoscopy unit, hospital del mar, barcelona, spain",1
4370,"department of gastroenterology, hospital costa del sol, marbella, spain",1
4371,"department of gastroenterology, hospital general universitario gregorio marañon, madrid, spain;",1
4372,department of gastroenterology hospital universitario arnau de vilanova &amp; hospital universitario santa maría  lérida spain,1
4373,"department of gastroenterology and hepatology, hgu gregorio marañon, madrid, spain.",1
4374,"department of gastroenterology and hepatology, hospital universitario marques de valdecilla, santander, spain;",1
4375,"department of gastroenterology and hepatology, marqués de valdecilla university hospital, research institute marqués de valdecilla (idival), santander, spain",1
4376,"department of pediatrics, university hospital marqués de valdecilla-universidad de cantabria, 39008 santander, spain",1
4377,"department of pharmacology, therapeutics and toxicology, autonomous university of barcelona (uab), cerdanyola del vallès, spain",1
4378,"department of pharmacology, therapeutics and toxicology, universitat autònoma de barcelona (uab), cerdanyola del vallès, 08290 barcelona, spain",1
4379,"department of pharmacology, therapeutics and toxicology, universitat autònoma de barcelona, 08913 cerdanyola del vallès, spain",1
4380,"department of pharmacology, toxicology, and therapeutics, veterinary faculty, autonomous university of barcelona, 08193 bellaterra, spain",1
4381,"department of pharmacology, therapeutics and toxicology, universitat autònoma de barcelona (uab), 08913 cerdanyola del vallés, spain",1
4382,"department of pathology, and; group of applied clinical research in hematology, hospital del mar medical research institute (imim), barcelona, spain;",1
4383,"department of pathology, and; group of applied clinical research in hematology, hospital del mar medical research institute (imim), barcelona, spain;; pompeu fabra university, barcelona, spain;",1
4384,"department of pathology, and; group of translational research on hematological neoplasms, imim, barcelona, spain; and",1
4385,"department of pediatrics, obstetrics and gynecology, preventive medicine and public health, universitat autònoma de barcelona (uab), 08193, bellaterra, barcelona, spain",1
4386,"department of pneumology, hospital del mar-parc de salut mar, barcelona, spain",1
4387,"department of pharmacy, hospital del mar, parc de salut mar, barcelona, spain",1
4388,"department of pharmacy, hospital del mar, imim (hospital del mar research institute), universitat autonoma de barcelona, 08003 barcelona, spain",1
4389,"department of physical medicine and rehabilitation, psmar, barcelona. rehabilitation research group institut hospital del mar d'investigacions mèdiques (imim)  barcelona spain",1
4390,"department of physical medicine and rehabilitation. parc de salut mar (hospital del mar-hospital de l’esperança). rehabilitation research group, hospital del mar medical research institute (imim). universitat autònoma de barcelona, barcelona, spain",1
4391,"department of physical and rehabilitation medicine, hospital del mar, 08003, barcelona, spain",1
4392,"department of physical and rehabilitation medicine, hospital del mar, barcelona, spain",1
4393,"department of physical and rehabilitation medicine, hospitals del mar i l'esperança, 08003, barcelona, spain",1
4394,"department of physics, nanomaterials and microsystems group, gnam, universitat autònoma de barcelona, 08193 bellaterra, spain",1
4395,"department of physics, universitat autònoma de barcelona, campus uab, bellaterra, 08193 barcelona, spain",1
4396,"department of otolaryngology/head and neck surgery, hospital del mar and corachán clinic, barcelona, spain",1
4397,"department of otorhinolaryngology, hospital del mar, barcelona, spain",1
4398,"department of paediatrics, obstetrics and gynaecology and preventive medicine and public health department, universitat autònoma de barcelona (uab), bellaterra, spain",1
4399,"department of paediatrics, obstetrics and gynaecology, preventive medicine and public health, autonomous university of barcelona (uab), 08193 bellaterra, catalonia, spain",1
4400,"department of paediatrics, obstetrics and gynaecology, preventive medicine and public health, autonomous university of barcelona (uab), 08193, bellaterra, spain.",1
4401,"department of paediatrics, obstetrics and gynaecology, preventive medicine and public health, autonomous university of barcelona, bellaterra, 08193 barcelona, spain",1
4402,"department of paediatrics, obstetrics and gynaecology, and preventive medicine, universitat autònoma de barcelona, bellaterra, barcelona, spain",1
4403,department of pathology hospital gregorio marañón  madrid spain,1
4404,"department of pathology hospital del mar, universitat autònoma  barcelona spain",1
4405,"department of pathology hospital del mar‐ institut mar d'investigacions mèdiques, universitat autònoma de barcelona (uab)  barcelona spain",1
4406,"department of paediatrics, obstetrics, gynaecology and preventive medicine, universitat autònoma de barcelona, bellaterra, 08193, barcelona, spain",1
4407,"department of orthopaedic surgery, parc de salut mar, hospital de la esperanza universitat autònoma de barcelona barcelona spain",1
4408,"department of orthopaedic surgery, parc de salut mar, hospital de la esperanza, universitat autònoma de barcelona, barcelona, spain.",1
4409,"department of orthopaedic surgery, parc de salut mar, hospital de la esperanza, universitat autònoma de barcelona, sant josep de la muntanya 12, 08024, barcelona, spain",1
4410,"department of orthopaedics and trauma surgery, hospital univesitario marqués de valdecilla, universidad de cantabria, santander, spain",1
4411,"department of orthopaedics and trauma surgery, hospital de la santa creu i sant pau, universitat autònoma de barcelona, sant antoni maria claret, 167, 08025, barcelona, spain",1
4412,"department of orthopaedics and trauma surgery, hospital del mar, universitat pompeu fabra de barcelona, barcelona, spain",1
4413,"department of orthopedic surgery and traumatology, hospital del mar, universitat autonoma de barcelona (uab), barcelona, spain",1
4414,"department of orthopedic surgery and traumatology, hospital del mar, universitat autonoma de barcelona, barcelona, catalunya, spain",1
4415,"department of orthopedic surgery and traumatology, hospital del mar, universitat autonoma de barcelona, pg. marítim de la barceloneta, 25, 08003, barcelona, barcelona, spain",1
4416,"department of orthopedic surgery, parc de salut mar, hospital de l'esperança, sant josep de la muntanya 12, 08024, barcelona, spain",1
4417,"department of orthopedic surgery, parc de salut mar, hospital de l'esperança, sant josep de la muntanya, 12, 08024, barcelona, spain",1
4418,"department of orthopedics and traumatology, hospital del mar, barcelona, spain",1
4419,"department of orthopedics, hospital del mar, icatknee-dexeus, universitat autònoma de barcelona (uab), barcelona, spain",1
4420,"department of orthopedics, hospital del mar, institut hospital del mar d’investigacions mèdiques (imim), universitat autònoma de barcelona (uab), cexs-universitat pompeu fabra, 08003 barcelona, spain",1
4421,"department of orthopedics, parc de salut mar, universitat autònoma de barcelona (uab), 08003 barcelona, spain",1
4422,"department of pathology, hospital gregorio marañón, madrid, spain",1
4423,"department of pathology, hospital universitario del mar, universitat autònoma de barcelona, barcelona, spain",1
4424,"department of pathology, hospital del mar, hospital del mar research institute-imim, 08003 barcelona, spain",1
4425,"department of pathology, hospital del mar, institute hospital del mar d'investigacions mediques (imim), barcelona, spain",1
4426,"department of pathology, hospital del mar, the hospital del mar medical research institute (imim), barcelona, spain",1
4427,"department of pathology, hospital del mar-parc de salut mar, barcelona, spain",1
4428,"department of pathology, hospital del mar-parc de salut mar-imim, barcelona, spain",1
4429,"department of pathology, hospital del mar–hospital del mar medical research institute (imim), barcelona, spain;",1
4430,"department of pathology, imim (hospital del mar medical research institute), barcelona hospital del mar, 08003 barcelona, spain",1
4431,"department of pathology, institut mar d'investigacions mèdiques, ciberonc universitat autònoma de barcelona  barcelona spain",1
4432,"department of pathology, institut mar d'investigacions mèdiques, universitat autònoma de barcelona, barcelona, 08003, spain",1
4433,"department of pathology, institut mar d'investigacions mèdiques, universitat autònoma de barcelona, ciberonc, barcelona, spain",1
4434,"department of pathology, parc de salut mar, universitat pompeu fabra, barcelona, spain.",1
4435,"department of pathology, hospital universitario del mar, cancer research program, hospital del mar research institute (imim), 08003 barcelona, spain",1
4436,"department of pathology, autonomous university of barcelona, hospital del mar, centro de investigación biomédica en red de oncología (ciberonc), barcelona, spain",1
4437,"department of pathology, hospital del mar, barcelona, spain",1
4438,"department of psychiatry, inad, hospital del mar, 08003 barcelona, spain",1
4439,"department of psychiatry, university of oviedo. instituto de investigación sanitaria del principado de asturias (ispa). instituto de neurociencias del principado de asturias (ineuropa). mental health services of the principality of asturias (sespa), oviedo, spain",1
4440,"department of psychiatry, vic university hospital. francesc pla el vigatà, 1, 08500 vic, 08001 barcelona, spain",1
4441,"department of psychobiology and methodology of health sciences, institute of neurosciences, universitat autònoma de barcelona, cerdanyola del vallès, barcelona, spain",1
4442,"department of psychiatry, jimenez diaz foundation hospital, madrid, spain; fundación jimenez diaz health research institute, madrid, spain; department of psychiatry, madrid autonomous university, madrid, spain; department of psychiatry, university hospital puerta de hierro, majadahonda, spain. electronic address: marisabe@gmail.com.",1
4443,"department of psychiatry, marqués de valdecilla university hospital, idival. school of medicine, university of cantabria, 39008 santander, spain",1
4444,"department of psychiatry, marqués de valdecilla university hospital, idival. school of medicine, university of cantabria, spain",1
4445,"department of psychiatry, school of medicine, instituto de neurociencias del principado de asturias, ineuropa, servicio de salud del principado de asturias (sespa) university of oviedo  oviedo spain",1
4446,"department of psychiatry, university of oviedo, biomedical research networking center for mental health network (cibersam), instituto de investigación sanitaria del principado de asturias (ispa), instituto de neurociencias del principado de asturias (ineuropa), servicio de salud del principado de asturias (sespa), oviedo, spain",1
4447,"department of psychiatry, universidad de oviedo, instituto de investigación sanitaria del principado de asturias, servicio de salud del principado de asturias, oviedo, spain",1
4448,"department of psychiatry, university hospital marqués de valdecilla, spain",1
4449,"department of psychiatry and forensic medicine, autonomous university of barcelona, 08193 cerdanyola del vallès, spain",1
4450,"department of psychiatry and forensic medicine, autonomous university of barcelona, bellaterra, spain",1
4451,"department of psychiatry and forensic medicine, faculty of medicine, universitat autònoma de barcelona, 08193 cerdanyola del vallès, spain",1
4452,"department of psychiatry and forensic medicine, faculty of medicine, universitat autònoma de barcelona, cerdanyola del vallès, spain",1
4453,"department of psychiatry and forensic medicine, institute of neurosciences, universitat autonoma de barcelona, cerdanyola del valles, 08193, barcelona, spain",1
4454,"department of psychiatry and forensic medicine, universitat autònoma de barcelona (uab), 08193 cerdanyola del vallés, spain",1
4455,"department of psychiatry and forensic medicine, universitat autònoma de barcelona, bellaterra, spain.",1
4456,"department of psychiatry and legal medicine, universitat autònoma de barcelona (uab), 08913 cerdanyola del vallés, spain",1
4457,"department of psychiatry and legal medicine, universitat autònoma de barcelona, 08193, cerdanyola del vallès, spain; hospital del mar medical research institute (imim), dr aiguader 88, 08003, barcelona, spain.",1
4458,"department of psychiatry and legal medicine, universitat autònoma de barcelona, 08290 cerdanyola del vallès, spain",1
4459,"department of psychiatry and legal medicine, universitat autònoma de barcelona, 08913 cerdanyola del vallés, spain",1
4460,"department of psychiatry and legal medicine, universitat autònoma de barcelona, bellaterra, 08290 cerdanyola del valles, spain",1
4461,"department of psychiatry and legal medicine, universitat autònoma de barcelona, bellaterra, barcelona, spain",1
4462,"department of psychiatry and legal medicine, universitat autònoma de barcelona, cerdanyola del vallès, spain",1
4463,"department of morphological sciences (human anatomy and embriology unit), faculty of medicine, universitat autònoma de barcelona, bellaterra, barcelona, spain",1
4464,"department of neonatology service of pediatrics, hospital del mar universitat autònoma de barcelona barcelona spain",1
4465,"department of neonatology, service of pediatrics, hospital del mar barcelona, universitat pompeu fabra, passeig marítim 25-29, 08003, barcelona, catalonia, spain",1
4466,"department of neonatology, service of pediatrics, hospital del mar, passeig marítim, 25-29 08003 barcelona, spain",1
4467,"department of neonatology, service of pediatrics, hospital del mar, universitat autònoma de barcelona, barcelona, spain",1
4468,"department of neonatology, service of pediatrics, hospital del mar, universitat pompeu fabra, parc de salut mar, passeig marítim 25-29, 08003, barcelona, spain",1
4469,"department of nephrology and renal transplantation, hospital clinic – idibaps, isglobal (institute for global health), university of barcelona, barcelona, spain",1
4470,"department of microbiology and biochemistry of dairy products, instituto de productos lácteos de asturias, consejo superior de investigaciones científicas (ipla-csic), villaviciosa, asturias, spain",1
4471,"department of microbiology and infectious diseases, hospital general universitario gregorio marañón, 28009 madrid, spain",1
4472,"department of microbiology, hospital clinic – idibaps, isglobal (institute for global health), university of barcelona, barcelona, spain",1
4473,"department of microbiology, hospital clínic of barcelona, institut of global health (isglobal), barcelona, spain",1
4474,"department of microbiology, hospital clínic, university of barcelona, isglobal, barcelona, spain",1
4475,"department of nephrology, hospital del mar , barcelona ,",1
4476,"department of nephrology, hospital del mar , barcelona, spain",1
4477,"department of nephrology, hospital del mar, institut hospital del mar d’investigacions mèdiques, 08003 barcelona, spain",1
4478,"department of nephrology, hospital del mar, institut mar d'investigacions mediques, autonomous university of barcelona, 08003 barcelona, spain",1
4479,"department of nephrology, hospital del mar-institut hospital del mar d’investigacions mèdiques (imim), 08003 barcelona, spain",1
4480,"department of nephrology, hospital del mar-institut hospital del mar d’investigacions mèdiques, 08003 barcelona, spain",1
4481,"department of nephrology, hospital del mar–imim, barcelona 08003, spain",1
4482,"department of nephrology, hospital universitario gregorio marañón , madrid, spain",1
4483,"department of nephrology, hospital universitario gregorio marañón, madrid, spain",1
4484,"department of nephrology, hospital universitario marqués de valdecilla , santander, spain",1
4485,"department of nephrology, hospital universitario marqués de valdecilla, santander, spain",1
4486,"department of medicine and life sciences, research programme on biomedical informatics (grib), hospital del mar medical research institute (imim), universitat pompeu fabra, barcelona, spain",1
4487,"department of medicine, universitat pompeu fabra, campus del mar, 08003 barcelona, spain",1
4488,"department of medicine, universitat de vic - universitat central de catalunya, barcelona, spain",1
4489,"department of medicine, universitat de vic-universitat central de catalunya (uvic-ucc), 08500 vic, spain",1
4490,"department of medicine, school of medicine, autonomous university of barcelona (uab), 08193 cerdanyola del vallés, spain",1
4491,"department of medicine, universidad de salamanca, servicio de hematología, hospital universitario de salamanca, ibsal, salamanca, spain",1
4492,"department of medicine, universitat autònoma de barcelona, universitari mar, barcelona, spain",1
4493,"department of medicine, universitat autònoma de barcelona (uab), 08913 cerdanyola del vallès, spain",1
4494,"department of medicine, universitat autònoma de barcelona (uab), 08913 cerdanyola del vallés, spain",1
4495,"department of medicine, universitat autònoma de barcelona, 08193 cerdanyola del vallès, spain",1
4496,"department of medicine, universitat autònoma de barcelona, campus universitari mar. dr. aiguader, 80, e-08003 barcelona, spain",1
4497,"department of medicine, universitat autònoma de barcelona, campus universitari mar., dr. aiguader, 80, 08003 barcelona, spain",1
4498,"department of nursing, universitat autònoma de barcelona, cerdanyola del vallès 08193, spain",1
4499,"department of nuclear medicine, hospital del mar, barcelona, spain",1
4500,"department of nursing, faculty of medicine, autónoma university of madrid, gregorio marañón health research instituto (iisgm), madrid, spain",1
4501,"department of nursing, faculty of medicine, universitat autònoma de barcelona, bellaterra, spain",1
4502,"department of obstetrics and gynecology department, hospital del mar, barcelona, spain",1
4503,"department of obstetrics and gynecology, hospital del mar, 08003 barcelona, spain",1
4504,"department of obstetrics and gynecology, hospital del mar, autonomous university of barcelona, barcelona, spain.",1
4505,"department of obstetrics and gynecology, hospital del mar, barcelona, spain",1
4506,"department of obstetrics and gynecology, hospital del mar, e-08003 barcelona, spain",1
4507,"department of obstetrics and gynecology, hospital del mar, hospital del mar, barcelona, catalunya, spain",1
4508,"department of obstetrics and gynecology, hospital del mar, psmar, 08003, barcelona, spain",1
4509,"department of obstetrics and gynecology, hospital del mar, parc de salut mar, 08003 barcelona, spain",1
4510,"department of obstetrics and gynecology, hospital del mar, passeig marítim, 25-29 08003 barcelona, spain",1
4511,"department of obstetrics and gynecology, hospital del mar, universitat autònoma de barcelona, passeig marítim 25-29, e-08003 barcelona, spain",1
4512,"department of obstetrics and gynecology, hospital del mar, universitat autònoma de barcelona, passeig marítim 25-29, e-08003, barcelona, spain",1
4513,"department of occupational health, hospital del mar—institut hospital del mar d’investigacions mèdiques (imim), universitat pompeu fabra, 08003 barcelona, spain",1
4514,"department of oceanography, marine research institute,\r                    consejo superior de investigaciones científicas\r                    , 36208 vigo,\r                    spain",1
4515,"department of oncology hospital del mar‐ institut mar d'investigacions mèdiques, universitat autònoma de barcelona (uab)  barcelona spain",1
4516,"department of oncology, institut mar d'investigacions mèdiques, ciberonc, universitat pompeu fabra, barcelona, 08003, spain",1
4517,"department of oncology, university hospital marqués of valdecilla, idival santander, cantabria, spain",1
4518,"department of oncology-imim-ciberonc, hospital del mar, barcelona, spain",1
4519,"department of ophthalmology, hospital del mar, institut hospital del mar d’investigacions mèdiques, 08003 barcelona, spain",1
4520,"department of orthopaedic surgery and traumatology, parc de salut mar- hospital del mar- universitat pompeu fabra (upf), passeig marítim, 25, barcelona, spain.",1
4521,"department of orthopaedic surgery and traumatology, parc de salut mar- hospital del mar- universitat pompeu fabra (upf), passeig marítim, 25, barcelona, spain. afontanellas@psmar.cat.",1
4522,"department of oceanography, marine research institute (csic), 36208 vigo, spain;",1
4523,"department of obstetrics and gynaecology, hospital del mar, barcelona, spain",1
4524,"department of obstetrics and gynaecology, hospital del mar–mar health park, barcelona, spain",1
4525,"department of neurology, hospital del mar. hospital del mar - medical research institute and universitat pompeu fabra, barcelona 08003, spain",1
4526,"department of neurology, hospital universitario gregorio marañón , 28007 madrid ,",1
4527,"department of neurology, hospital universitario marqués de valdecilla, instituto de investigación sanitaria valdecilla (idival), santander, spain",1
4528,department of neurology and neurophysiology hospital del mar barcelona catalonia spain,1
4529,"department of neurology, hospital del mar, barcelona, spain",1
4530,"department of neurology, hospital del mar and universitat pompeu fabra, barcelona, spain",1
4531,"department of neuroradiology, hospital del mar, barcelona, spain",1
4532,"department of neuroradiology, hospital del mar, department of medicine, universitat autònoma de barcelona (uab), barcelona, spain",1
4533,"department of neurosurgery, hospital general universitario gregorio marañón, madrid, spain",1
4534,"department of neurosurgery, hospital del mar, barcelona, spain. gvillalba@psmar.cat.",1
4535,"department of neurosurgery, parc de salut mar, barcelona, spain",1
4536,"department of neurosurgery, pompeu fabra university, hospital del mar, barcelona, spain",1
4537,department of neurosurgery hospital universitario marqués de valdecilla  santander spain,1
4538,"department of neurology, hospital del mar, barcelona, catalonia, spain",1
4539,"department of neurology, hospital del mar, barcelona, spain.",1
4540,"department of neurology, imim-hospital del mar",1
4541,"department of neurology, imim-hospital del mar (institut hospital del mar d’investigacions mèdiques), universitat autònoma de barcelona i dcexs-universitat pompeu fabra, barcelona, spain",1
4542,"department of neurology, neurology neurovascular research unit hospital del mar research institute (imim), barcelona, spain",1
4543,"department of neurology, neurovascular research group, imim-hospital del mar, 08025 barcelona, spain",1
4544,"department of neurology, neurovascular research group, imim-hospital del mar, barcelona 08003, spain",1
4545,"department of neuropsychiatry and addictions, hospital del mar - imim, universitat autònoma de barcelona, barcelona, spain",1
4546,"department of neuropsychiatry and addictions, hospital del mar imim  barcelona spain",1
4547,"department of neuropsychiatry and addictions, hospital del mar, imim, barcelona, spain",1
